Wacom macOS pen probe
duration=55s globalMonitor=true localMonitor=true
READY use pen over the probe window, then bring Chrome to front
PROXIMITY t=17.0888 monitor=global type=tabletProximity subtype=0 eventTimestamp=191974.8723 eventNumber=0 entering=true deviceType=pen deviceID=19450 pointingDeviceID=0 systemTabletID=1 tabletID=849 uniqueID=79448682544951 vendorID=1386 vendorType=2114 capabilities=0x17c7
PROXIMITY t=17.0920 monitor=global type=mouseMoved subtype=2 eventTimestamp=191974.8752 eventNumber=0 entering=true deviceType=pen deviceID=19450 pointingDeviceID=0 systemTabletID=1 tabletID=849 uniqueID=79448682544951 vendorID=1386 vendorType=2114 capabilities=0x17c7
PEN t=17.0998 monitor=global type=mouseMoved subtype=1 eventTimestamp=191974.8829 eventNumber=0 absolute=(17609.0000,10220.0000,1023.0000) screen=(449.2344,-371.5078) pressure=0.0000 tangentialPressure=0.0000 tilt=(0.4531,-0.0781) rotation=0.0000 buttons=0x0 deviceID=19450
PEN t=17.1050 monitor=global type=mouseMoved subtype=1 eventTimestamp=191974.8882 eventNumber=0 absolute=(17600.0000,10221.0000,1023.0000) screen=(448.9062,-371.4336) pressure=0.0000 tangentialPressure=0.0000 tilt=(0.4531,-0.0781) rotation=0.0000 buttons=0x0 deviceID=19450
PEN t=17.1327 monitor=global type=mouseMoved subtype=1 eventTimestamp=191974.9159 eventNumber=0 absolute=(17586.0000,10228.0000,1023.0000) screen=(448.3945,-370.9258) pressure=0.0000 tangentialPressure=0.0000 tilt=(0.4531,-0.0781) rotation=0.0000 buttons=0x0 deviceID=19450
PEN t=17.1496 monitor=global type=mouseMoved subtype=1 eventTimestamp=191974.9327 eventNumber=0 absolute=(17572.0000,10236.0000,974.0000) screen=(447.8867,-370.3477) pressure=0.0000 tangentialPressure=0.0000 tilt=(0.4531,-0.0781) rotation=0.0000 buttons=0x0 deviceID=19450
PEN t=17.1580 monitor=global type=mouseMoved subtype=1 eventTimestamp=191974.9393 eventNumber=0 absolute=(17551.0000,10250.0000,886.0000) screen=(447.1211,-369.4023) pressure=0.0000 tangentialPressure=0.0000 tilt=(0.4531,-0.0781) rotation=0.0000 buttons=0x0 deviceID=19450
PEN t=17.1645 monitor=global type=mouseMoved subtype=1 eventTimestamp=191974.9476 eventNumber=0 absolute=(17533.0000,10262.0000,886.0000) screen=(446.4648,-368.6055) pressure=0.0000 tangentialPressure=0.0000 tilt=(0.4531,-0.0781) rotation=0.0000 buttons=0x0 deviceID=19450
PEN t=17.1755 monitor=global type=mouseMoved subtype=1 eventTimestamp=191974.9560 eventNumber=0 absolute=(17514.0000,10275.0000,842.0000) screen=(445.7695,-367.6992) pressure=0.0000 tangentialPressure=0.0000 tilt=(0.4531,-0.0781) rotation=0.0000 buttons=0x0 deviceID=19450
PEN t=17.1989 monitor=global type=mouseMoved subtype=1 eventTimestamp=191974.9804 eventNumber=0 absolute=(17482.0000,10291.0000,754.0000) screen=(444.6016,-366.5742) pressure=0.0000 tangentialPressure=0.0000 tilt=(0.4531,-0.0781) rotation=0.0000 buttons=0x0 deviceID=19450
PEN t=17.2070 monitor=global type=mouseMoved subtype=1 eventTimestamp=191974.9903 eventNumber=0 absolute=(17465.0000,10298.0000,710.0000) screen=(443.9844,-366.1055) pressure=0.0000 tangentialPressure=0.0000 tilt=(0.4531,-0.0781) rotation=0.0000 buttons=0x0 deviceID=19450
PEN t=17.2172 monitor=global type=mouseMoved subtype=1 eventTimestamp=191974.9991 eventNumber=0 absolute=(17458.0000,10300.0000,710.0000) screen=(443.7266,-365.9609) pressure=0.0000 tangentialPressure=0.0000 tilt=(0.4531,-0.0781) rotation=0.0000 buttons=0x0 deviceID=19450
PEN t=17.2366 monitor=global type=mouseMoved subtype=1 eventTimestamp=191975.0185 eventNumber=0 absolute=(17436.0000,10301.0000,665.0000) screen=(442.9258,-365.8867) pressure=0.0000 tangentialPressure=0.0000 tilt=(0.4531,-0.0781) rotation=0.0000 buttons=0x0 deviceID=19450
PEN t=17.2576 monitor=global type=mouseMoved subtype=1 eventTimestamp=191975.0409 eventNumber=0 absolute=(17401.0000,10310.0000,665.0000) screen=(441.6484,-365.2695) pressure=0.0000 tangentialPressure=0.0000 tilt=(0.4531,-0.0781) rotation=0.0000 buttons=0x0 deviceID=19450
PEN t=17.2681 monitor=global type=mouseMoved subtype=1 eventTimestamp=191975.0475 eventNumber=0 absolute=(17384.0000,10320.0000,621.0000) screen=(441.0273,-364.5820) pressure=0.0000 tangentialPressure=0.0000 tilt=(0.4531,-0.0781) rotation=0.0000 buttons=0x0 deviceID=19450
PEN t=17.2745 monitor=global type=mouseMoved subtype=1 eventTimestamp=191975.0559 eventNumber=0 absolute=(17363.0000,10331.0000,621.0000) screen=(440.2617,-363.8203) pressure=0.0000 tangentialPressure=0.0000 tilt=(0.4531,-0.0781) rotation=0.0000 buttons=0x0 deviceID=19450
PEN t=17.2825 monitor=global type=mouseMoved subtype=1 eventTimestamp=191975.0642 eventNumber=0 absolute=(17341.0000,10342.0000,621.0000) screen=(439.4609,-363.0234) pressure=0.0000 tangentialPressure=0.0000 tilt=(0.4375,-0.0781) rotation=0.0000 buttons=0x0 deviceID=19450
PEN t=17.2835 monitor=global type=mouseMoved subtype=1 eventTimestamp=191975.0668 eventNumber=0 absolute=(17324.0000,10349.0000,621.0000) screen=(438.8398,-362.5859) pressure=0.0000 tangentialPressure=0.0000 tilt=(0.4375,-0.0625) rotation=0.0000 buttons=0x0 deviceID=19450
PEN t=17.3190 monitor=global type=mouseMoved subtype=1 eventTimestamp=191975.1023 eventNumber=0 absolute=(17299.0000,10357.0000,665.0000) screen=(437.9297,-361.9727) pressure=0.0000 tangentialPressure=0.0000 tilt=(0.4375,-0.0625) rotation=0.0000 buttons=0x0 deviceID=19450
PEN t=17.3492 monitor=global type=mouseMoved subtype=1 eventTimestamp=191975.1305 eventNumber=0 absolute=(17269.0000,10363.0000,754.0000) screen=(436.8359,-361.6094) pressure=0.0000 tangentialPressure=0.0000 tilt=(0.4219,-0.0469) rotation=0.0000 buttons=0x0 deviceID=19450
PEN t=17.3851 monitor=global type=mouseMoved subtype=1 eventTimestamp=191975.1683 eventNumber=0 absolute=(17246.0000,10367.0000,886.0000) screen=(435.9961,-361.2812) pressure=0.0000 tangentialPressure=0.0000 tilt=(0.4219,-0.0313) rotation=0.0000 buttons=0x0 deviceID=19450
PEN t=17.4252 monitor=global type=mouseMoved subtype=1 eventTimestamp=191975.2085 eventNumber=0 absolute=(17247.0000,10371.0000,974.0000) screen=(436.0312,-361.0664) pressure=0.0000 tangentialPressure=0.0000 tilt=(0.4062,0.0000) rotation=0.0000 buttons=0x0 deviceID=19450
PEN t=17.4514 monitor=global type=mouseMoved subtype=1 eventTimestamp=191975.2347 eventNumber=0 absolute=(17282.0000,10371.0000,1023.0000) screen=(437.3086,-361.0664) pressure=0.0000 tangentialPressure=0.0000 tilt=(0.3906,0.0000) rotation=0.0000 buttons=0x0 deviceID=19450
PEN t=17.4645 monitor=global type=mouseMoved subtype=1 eventTimestamp=191975.2476 eventNumber=0 absolute=(17309.0000,10365.0000,1023.0000) screen=(438.2930,-361.4648) pressure=0.0000 tangentialPressure=0.0000 tilt=(0.3750,0.0000) rotation=0.0000 buttons=0x0 deviceID=19450
PEN t=17.4715 monitor=global type=mouseMoved subtype=1 eventTimestamp=191975.2547 eventNumber=0 absolute=(17328.0000,10353.0000,1023.0000) screen=(438.9883,-362.2617) pressure=0.0000 tangentialPressure=0.0000 tilt=(0.3594,0.0000) rotation=0.0000 buttons=0x0 deviceID=19450
PEN t=17.4754 monitor=global type=mouseMoved subtype=1 eventTimestamp=191975.2582 eventNumber=0 absolute=(17334.0000,10345.0000,1023.0000) screen=(439.2070,-362.8398) pressure=0.0000 tangentialPressure=0.0000 tilt=(0.3437,-0.0156) rotation=0.0000 buttons=0x0 deviceID=19450
PEN t=17.4853 monitor=global type=mouseMoved subtype=1 eventTimestamp=191975.2683 eventNumber=0 absolute=(17349.0000,10335.0000,1023.0000) screen=(439.7539,-363.5312) pressure=0.0000 tangentialPressure=0.0000 tilt=(0.3437,-0.0156) rotation=0.0000 buttons=0x0 deviceID=19450
PEN t=17.4921 monitor=global type=mouseMoved subtype=1 eventTimestamp=191975.2724 eventNumber=0 absolute=(17353.0000,10322.0000,1023.0000) screen=(439.8984,-364.4375) pressure=0.0000 tangentialPressure=0.0000 tilt=(0.3281,-0.0156) rotation=0.0000 buttons=0x0 deviceID=19450
PEN t=17.4998 monitor=global type=mouseMoved subtype=1 eventTimestamp=191975.2829 eventNumber=0 absolute=(17357.0000,10305.0000,1023.0000) screen=(440.0430,-365.6328) pressure=0.0000 tangentialPressure=0.0000 tilt=(0.3281,-0.0156) rotation=0.0000 buttons=0x0 deviceID=19450
PEN t=17.5048 monitor=global type=mouseMoved subtype=1 eventTimestamp=191975.2865 eventNumber=0 absolute=(17361.0000,10286.0000,1023.0000) screen=(440.1914,-366.9375) pressure=0.0000 tangentialPressure=0.0000 tilt=(0.3125,-0.0156) rotation=0.0000 buttons=0x0 deviceID=19450
PEN t=17.5085 monitor=global type=mouseMoved subtype=1 eventTimestamp=191975.2919 eventNumber=0 absolute=(17369.0000,10265.0000,1023.0000) screen=(440.4805,-368.3516) pressure=0.0000 tangentialPressure=0.0000 tilt=(0.3125,-0.0313) rotation=0.0000 buttons=0x0 deviceID=19450
PEN t=17.5163 monitor=global type=mouseMoved subtype=1 eventTimestamp=191975.2991 eventNumber=0 absolute=(17376.0000,10245.0000,1023.0000) screen=(440.7383,-369.7656) pressure=0.0000 tangentialPressure=0.0000 tilt=(0.2969,-0.0313) rotation=0.0000 buttons=0x0 deviceID=19450
PEN t=17.5190 monitor=global type=mouseMoved subtype=1 eventTimestamp=191975.3022 eventNumber=0 absolute=(17382.0000,10225.0000,1023.0000) screen=(440.9570,-371.1445) pressure=0.0000 tangentialPressure=0.0000 tilt=(0.2969,-0.0313) rotation=0.0000 buttons=0x0 deviceID=19450
PEN t=17.5253 monitor=global type=mouseMoved subtype=1 eventTimestamp=191975.3084 eventNumber=0 absolute=(17386.0000,10211.0000,1023.0000) screen=(441.1016,-372.0859) pressure=0.0000 tangentialPressure=0.0000 tilt=(0.2812,-0.0313) rotation=0.0000 buttons=0x0 deviceID=19450
PEN t=17.5357 monitor=global type=mouseMoved subtype=1 eventTimestamp=191975.3189 eventNumber=0 absolute=(17391.0000,10216.0000,1023.0000) screen=(441.2852,-371.7617) pressure=0.0000 tangentialPressure=0.0000 tilt=(0.2656,-0.0313) rotation=0.0000 buttons=0x0 deviceID=19450
PEN t=17.5499 monitor=global type=mouseMoved subtype=1 eventTimestamp=191975.3306 eventNumber=0 absolute=(17381.0000,10218.0000,1023.0000) screen=(440.9180,-371.6523) pressure=0.0000 tangentialPressure=0.0000 tilt=(0.2500,-0.0313) rotation=0.0000 buttons=0x0 deviceID=19450
PEN t=17.5532 monitor=global type=mouseMoved subtype=1 eventTimestamp=191975.3364 eventNumber=0 absolute=(17363.0000,10236.0000,1023.0000) screen=(440.2617,-370.3477) pressure=0.0000 tangentialPressure=0.0000 tilt=(0.2500,-0.0156) rotation=0.0000 buttons=0x0 deviceID=19450
PEN t=17.5633 monitor=global type=mouseMoved subtype=1 eventTimestamp=191975.3417 eventNumber=0 absolute=(17338.0000,10272.0000,1023.0000) screen=(439.3516,-367.9180) pressure=0.0000 tangentialPressure=0.0000 tilt=(0.2344,-0.0156) rotation=0.0000 buttons=0x0 deviceID=19450
PEN t=17.5667 monitor=global type=mouseMoved subtype=1 eventTimestamp=191975.3497 eventNumber=0 absolute=(17304.0000,10295.0000,1023.0000) screen=(438.1094,-366.3203) pressure=0.0000 tangentialPressure=0.0000 tilt=(0.2187,-0.0156) rotation=0.0000 buttons=0x0 deviceID=19450
PEN t=17.5682 monitor=global type=mouseMoved subtype=1 eventTimestamp=191975.3515 eventNumber=0 absolute=(17266.0000,10312.0000,1023.0000) screen=(436.7266,-365.0898) pressure=0.0000 tangentialPressure=0.0000 tilt=(0.2187,-0.0156) rotation=0.0000 buttons=0x0 deviceID=19450
PEN t=17.5757 monitor=global type=mouseMoved subtype=1 eventTimestamp=191975.3588 eventNumber=0 absolute=(17266.0000,10331.0000,1023.0000) screen=(436.7266,-363.8203) pressure=0.0000 tangentialPressure=0.0000 tilt=(0.2031,-0.0156) rotation=0.0000 buttons=0x0 deviceID=19450
PEN t=17.5809 monitor=global type=mouseMoved subtype=1 eventTimestamp=191975.3596 eventNumber=0 absolute=(17226.0000,10343.0000,1023.0000) screen=(435.2656,-362.9492) pressure=0.0000 tangentialPressure=0.0000 tilt=(0.2031,-0.0156) rotation=0.0000 buttons=0x0 deviceID=19450
PEN t=17.5848 monitor=global type=mouseMoved subtype=1 eventTimestamp=191975.3680 eventNumber=0 absolute=(17226.0000,10357.0000,1023.0000) screen=(435.2656,-361.9727) pressure=0.0000 tangentialPressure=0.0000 tilt=(0.1875,-0.0156) rotation=0.0000 buttons=0x0 deviceID=19450
PEN t=17.5993 monitor=global type=mouseMoved subtype=1 eventTimestamp=191975.3806 eventNumber=0 absolute=(17212.0000,10381.0000,974.0000) screen=(434.7539,-360.3750) pressure=0.0000 tangentialPressure=0.0000 tilt=(0.1718,0.0000) rotation=0.0000 buttons=0x0 deviceID=19450
PEN t=17.6079 monitor=global type=mouseMoved subtype=1 eventTimestamp=191975.3912 eventNumber=0 absolute=(17174.0000,10393.0000,974.0000) screen=(433.3711,-359.5430) pressure=0.0000 tangentialPressure=0.0000 tilt=(0.1562,0.0000) rotation=0.0000 buttons=0x0 deviceID=19450
PEN t=17.6160 monitor=global type=mouseMoved subtype=1 eventTimestamp=191975.3976 eventNumber=0 absolute=(17140.0000,10405.0000,974.0000) screen=(432.1289,-358.6719) pressure=0.0000 tangentialPressure=0.0000 tilt=(0.1562,0.0000) rotation=0.0000 buttons=0x0 deviceID=19450
PEN t=17.6166 monitor=global type=mouseMoved subtype=1 eventTimestamp=191975.3994 eventNumber=0 absolute=(17112.0000,10417.0000,930.0000) screen=(431.1094,-357.8750) pressure=0.0000 tangentialPressure=0.0000 tilt=(0.1406,0.0000) rotation=0.0000 buttons=0x0 deviceID=19450
PEN t=17.6253 monitor=global type=mouseMoved subtype=1 eventTimestamp=191975.4083 eventNumber=0 absolute=(17089.0000,10426.0000,886.0000) screen=(429.4297,-357.3672) pressure=0.0000 tangentialPressure=0.0000 tilt=(0.1250,0.0000) rotation=0.0000 buttons=0x0 deviceID=19450
PEN t=17.6314 monitor=global type=mouseMoved subtype=1 eventTimestamp=191975.4146 eventNumber=0 absolute=(17041.0000,10421.0000,886.0000) screen=(428.5195,-357.5859) pressure=0.0000 tangentialPressure=0.0000 tilt=(0.1093,0.0000) rotation=0.0000 buttons=0x0 deviceID=19450
PEN t=17.6324 monitor=global type=mouseMoved subtype=1 eventTimestamp=191975.4155 eventNumber=0 absolute=(17012.0000,10418.0000,886.0000) screen=(427.4609,-357.7656) pressure=0.0000 tangentialPressure=0.0000 tilt=(0.0937,0.0156) rotation=0.0000 buttons=0x0 deviceID=19450
PEN t=17.6424 monitor=global type=mouseMoved subtype=1 eventTimestamp=191975.4251 eventNumber=0 absolute=(16985.0000,10418.0000,886.0000) screen=(426.4766,-357.7656) pressure=0.0000 tangentialPressure=0.0000 tilt=(0.0937,0.0156) rotation=0.0000 buttons=0x0 deviceID=19450
PEN t=17.6493 monitor=global type=mouseMoved subtype=1 eventTimestamp=191975.4316 eventNumber=0 absolute=(16960.0000,10421.0000,886.0000) screen=(425.5664,-357.5859) pressure=0.0000 tangentialPressure=0.0000 tilt=(0.0781,0.0156) rotation=0.0000 buttons=0x0 deviceID=19450
PEN t=17.6522 monitor=global type=mouseMoved subtype=1 eventTimestamp=191975.4355 eventNumber=0 absolute=(16960.0000,10433.0000,886.0000) screen=(425.5664,-356.7148) pressure=0.0000 tangentialPressure=0.0000 tilt=(0.0625,0.0156) rotation=0.0000 buttons=0x0 deviceID=19450
PEN t=17.6593 monitor=global type=mouseMoved subtype=1 eventTimestamp=191975.4425 eventNumber=0 absolute=(16965.0000,10445.0000,886.0000) screen=(425.7461,-355.8789) pressure=0.0000 tangentialPressure=0.0000 tilt=(0.0625,0.0312) rotation=0.0000 buttons=0x0 deviceID=19450
PEN t=17.6644 monitor=global type=mouseMoved subtype=1 eventTimestamp=191975.4475 eventNumber=0 absolute=(16957.0000,10459.0000,930.0000) screen=(425.4570,-354.9375) pressure=0.0000 tangentialPressure=0.0000 tilt=(0.0468,0.0312) rotation=0.0000 buttons=0x0 deviceID=19450
PEN t=17.6678 monitor=global type=mouseMoved subtype=1 eventTimestamp=191975.4508 eventNumber=0 absolute=(16954.0000,10477.0000,974.0000) screen=(425.3477,-353.7031) pressure=0.0000 tangentialPressure=0.0000 tilt=(0.0312,0.0468) rotation=0.0000 buttons=0x0 deviceID=19450
PEN t=17.6752 monitor=global type=mouseMoved subtype=1 eventTimestamp=191975.4583 eventNumber=0 absolute=(16956.0000,10499.0000,974.0000) screen=(425.4180,-352.1445) pressure=0.0000 tangentialPressure=0.0000 tilt=(0.0312,0.0468) rotation=0.0000 buttons=0x0 deviceID=19450
PEN t=17.6805 monitor=global type=mouseMoved subtype=1 eventTimestamp=191975.4596 eventNumber=0 absolute=(16962.0000,10528.0000,974.0000) screen=(425.6367,-350.1875) pressure=0.0000 tangentialPressure=0.0000 tilt=(0.0156,0.0625) rotation=0.0000 buttons=0x0 deviceID=19450
PEN t=17.7142 monitor=global type=mouseMoved subtype=1 eventTimestamp=191975.4933 eventNumber=0 absolute=(16967.0000,10536.0000,1023.0000) screen=(425.8203,-349.6445) pressure=0.0000 tangentialPressure=0.0000 tilt=(-0.0313,0.0781) rotation=0.0000 buttons=0x0 deviceID=19450
PEN t=17.7333 monitor=global type=mouseMoved subtype=1 eventTimestamp=191975.5138 eventNumber=0 absolute=(16953.0000,10530.0000,1023.0000) screen=(425.3086,-350.0430) pressure=0.0000 tangentialPressure=0.0000 tilt=(-0.0469,0.0937) rotation=0.0000 buttons=0x0 deviceID=19450
PEN t=17.7383 monitor=global type=mouseMoved subtype=1 eventTimestamp=191975.5216 eventNumber=0 absolute=(16936.0000,10509.0000,1023.0000) screen=(424.6875,-351.4570) pressure=0.0000 tangentialPressure=0.0000 tilt=(-0.0625,0.0937) rotation=0.0000 buttons=0x0 deviceID=19450
PEN t=17.7469 monitor=global type=mouseMoved subtype=1 eventTimestamp=191975.5266 eventNumber=0 absolute=(16933.0000,10484.0000,1023.0000) screen=(424.5781,-353.2344) pressure=0.0000 tangentialPressure=0.0000 tilt=(-0.0625,0.1093) rotation=0.0000 buttons=0x0 deviceID=19450
PEN t=17.7503 monitor=global type=mouseMoved subtype=1 eventTimestamp=191975.5335 eventNumber=0 absolute=(16925.0000,10449.0000,1023.0000) screen=(424.2891,-355.6250) pressure=0.0000 tangentialPressure=0.0000 tilt=(-0.0781,0.1093) rotation=0.0000 buttons=0x0 deviceID=19450
PEN t=17.7587 monitor=global type=mouseMoved subtype=1 eventTimestamp=191975.5418 eventNumber=0 absolute=(16913.0000,10459.0000,1023.0000) screen=(423.8516,-354.9375) pressure=0.0000 tangentialPressure=0.0000 tilt=(-0.0938,0.1093) rotation=0.0000 buttons=0x0 deviceID=19450
PEN t=17.7745 monitor=global type=mouseMoved subtype=1 eventTimestamp=191975.5557 eventNumber=0 absolute=(16880.0000,10455.0000,1023.0000) screen=(422.6484,-355.2266) pressure=0.0000 tangentialPressure=0.0000 tilt=(-0.1250,0.1250) rotation=0.0000 buttons=0x0 deviceID=19450
PEN t=17.7915 monitor=global type=mouseMoved subtype=1 eventTimestamp=191975.5746 eventNumber=0 absolute=(16856.0000,10441.0000,1023.0000) screen=(421.7734,-356.1719) pressure=0.0000 tangentialPressure=0.0000 tilt=(-0.1406,0.1250) rotation=0.0000 buttons=0x0 deviceID=19450
PEN t=17.7997 monitor=global type=mouseMoved subtype=1 eventTimestamp=191975.5829 eventNumber=0 absolute=(16816.0000,10419.0000,1023.0000) screen=(420.3125,-357.6914) pressure=0.0000 tangentialPressure=0.0000 tilt=(-0.1719,0.1406) rotation=0.0000 buttons=0x0 deviceID=19450
PEN t=17.8028 monitor=global type=mouseMoved subtype=1 eventTimestamp=191975.5860 eventNumber=0 absolute=(16801.0000,10410.0000,1023.0000) screen=(419.7656,-358.3086) pressure=0.0000 tangentialPressure=0.0000 tilt=(-0.1719,0.1406) rotation=0.0000 buttons=0x0 deviceID=19450
PEN t=17.8168 monitor=global type=mouseMoved subtype=1 eventTimestamp=191975.5971 eventNumber=0 absolute=(16754.0000,10400.0000,1023.0000) screen=(418.0508,-359.0352) pressure=0.0000 tangentialPressure=0.0000 tilt=(-0.1875,0.1406) rotation=0.0000 buttons=0x0 deviceID=19450
PEN t=17.8301 monitor=global type=mouseMoved subtype=1 eventTimestamp=191975.6081 eventNumber=0 absolute=(16715.0000,10397.0000,1023.0000) screen=(416.6289,-359.2148) pressure=0.0000 tangentialPressure=0.0000 tilt=(-0.2031,0.1406) rotation=0.0000 buttons=0x0 deviceID=19450
PEN t=17.8330 monitor=global type=mouseMoved subtype=1 eventTimestamp=191975.6162 eventNumber=0 absolute=(16659.0000,10393.0000,1023.0000) screen=(414.5859,-359.5039) pressure=0.0000 tangentialPressure=0.0000 tilt=(-0.2031,0.1406) rotation=0.0000 buttons=0x0 deviceID=19450
PEN t=17.8337 monitor=global type=mouseMoved subtype=1 eventTimestamp=191975.6171 eventNumber=0 absolute=(16580.0000,10388.0000,1023.0000) screen=(411.7070,-359.8320) pressure=0.0000 tangentialPressure=0.0000 tilt=(-0.2188,0.1250) rotation=0.0000 buttons=0x0 deviceID=19450
PEN t=17.8374 monitor=global type=mouseMoved subtype=1 eventTimestamp=191975.6206 eventNumber=0 absolute=(16476.0000,10382.0000,1023.0000) screen=(407.9141,-360.3047) pressure=0.0000 tangentialPressure=0.0000 tilt=(-0.2188,0.1250) rotation=0.0000 buttons=0x0 deviceID=19450
PEN t=17.8484 monitor=global type=mouseMoved subtype=1 eventTimestamp=191975.6311 eventNumber=0 absolute=(16352.0000,10372.0000,1023.0000) screen=(403.3906,-360.9570) pressure=0.0000 tangentialPressure=0.0000 tilt=(-0.2344,0.1250) rotation=0.0000 buttons=0x0 deviceID=19450
PEN t=17.8497 monitor=global type=mouseMoved subtype=1 eventTimestamp=191975.6330 eventNumber=0 absolute=(16221.0000,10360.0000,1023.0000) screen=(398.6133,-361.8242) pressure=0.0000 tangentialPressure=0.0000 tilt=(-0.2344,0.1250) rotation=0.0000 buttons=0x0 deviceID=19450
PEN t=17.8526 monitor=global type=mouseMoved subtype=1 eventTimestamp=191975.6359 eventNumber=0 absolute=(16100.0000,10343.0000,1023.0000) screen=(394.2344,-362.9883) pressure=0.0000 tangentialPressure=0.0000 tilt=(-0.2500,0.1093) rotation=0.0000 buttons=0x0 deviceID=19450
PEN t=17.8587 monitor=global type=mouseMoved subtype=1 eventTimestamp=191975.6416 eventNumber=0 absolute=(16042.0000,10320.0000,1023.0000) screen=(392.0820,-364.5469) pressure=0.0000 tangentialPressure=0.0000 tilt=(-0.2500,0.1093) rotation=0.0000 buttons=0x0 deviceID=19450
PEN t=17.8666 monitor=global type=mouseMoved subtype=1 eventTimestamp=191975.6498 eventNumber=0 absolute=(15992.0000,10291.0000,1023.0000) screen=(390.2969,-366.5391) pressure=0.0000 tangentialPressure=0.0000 tilt=(-0.2656,0.1093) rotation=0.0000 buttons=0x0 deviceID=19450
PEN t=17.8723 monitor=global type=mouseMoved subtype=1 eventTimestamp=191975.6551 eventNumber=0 absolute=(15952.0000,10262.0000,1023.0000) screen=(388.8359,-368.5703) pressure=0.0000 tangentialPressure=0.0000 tilt=(-0.2656,0.1093) rotation=0.0000 buttons=0x0 deviceID=19450
PEN t=17.8755 monitor=global type=mouseMoved subtype=1 eventTimestamp=191975.6588 eventNumber=0 absolute=(15910.0000,10263.0000,1023.0000) screen=(387.2695,-368.5352) pressure=0.0000 tangentialPressure=0.0000 tilt=(-0.2813,0.1093) rotation=0.0000 buttons=0x0 deviceID=19450
PEN t=17.8812 monitor=global type=mouseMoved subtype=1 eventTimestamp=191975.6643 eventNumber=0 absolute=(15876.0000,10239.0000,1023.0000) screen=(386.0273,-370.1641) pressure=0.0000 tangentialPressure=0.0000 tilt=(-0.2813,0.1093) rotation=0.0000 buttons=0x0 deviceID=19450
PEN t=17.8826 monitor=global type=mouseMoved subtype=1 eventTimestamp=191975.6660 eventNumber=0 absolute=(15841.0000,10240.0000,1023.0000) screen=(384.7891,-370.0938) pressure=0.0000 tangentialPressure=0.0000 tilt=(-0.2969,0.0937) rotation=0.0000 buttons=0x0 deviceID=19450
PEN t=17.8926 monitor=global type=mouseMoved subtype=1 eventTimestamp=191975.6755 eventNumber=0 absolute=(15809.0000,10244.0000,1023.0000) screen=(383.5859,-369.8398) pressure=0.0000 tangentialPressure=0.0000 tilt=(-0.2969,0.0937) rotation=0.0000 buttons=0x0 deviceID=19450
PEN t=17.9001 monitor=global type=mouseMoved subtype=1 eventTimestamp=191975.6834 eventNumber=0 absolute=(15778.0000,10240.0000,1023.0000) screen=(382.4531,-370.0938) pressure=0.0000 tangentialPressure=0.0000 tilt=(-0.3125,0.0937) rotation=0.0000 buttons=0x0 deviceID=19450
PEN t=17.9095 monitor=global type=mouseMoved subtype=1 eventTimestamp=191975.6892 eventNumber=0 absolute=(15736.0000,10216.0000,1023.0000) screen=(380.9219,-371.7617) pressure=0.0000 tangentialPressure=0.0000 tilt=(-0.3281,0.0937) rotation=0.0000 buttons=0x0 deviceID=19450
PEN t=17.9170 monitor=global type=mouseMoved subtype=1 eventTimestamp=191975.6997 eventNumber=0 absolute=(15619.0000,10173.0000,1023.0000) screen=(376.6562,-374.7344) pressure=0.0000 tangentialPressure=0.0000 tilt=(-0.3438,0.0937) rotation=0.0000 buttons=0x0 deviceID=19450
PEN t=17.9199 monitor=global type=mouseMoved subtype=1 eventTimestamp=191975.7030 eventNumber=0 absolute=(15556.0000,10147.0000,1023.0000) screen=(374.3945,-376.5117) pressure=0.0000 tangentialPressure=0.0000 tilt=(-0.3438,0.0937) rotation=0.0000 buttons=0x0 deviceID=19450
PEN t=17.9302 monitor=global type=mouseMoved subtype=1 eventTimestamp=191975.7083 eventNumber=0 absolute=(15501.0000,10120.0000,1023.0000) screen=(372.3516,-378.3945) pressure=0.0000 tangentialPressure=0.0000 tilt=(-0.3594,0.0937) rotation=0.0000 buttons=0x0 deviceID=19450
PEN t=17.9318 monitor=global type=mouseMoved subtype=1 eventTimestamp=191975.7149 eventNumber=0 absolute=(15448.0000,10086.0000,1023.0000) screen=(370.4570,-380.7891) pressure=0.0000 tangentialPressure=0.0000 tilt=(-0.3594,0.0937) rotation=0.0000 buttons=0x0 deviceID=19450
PEN t=17.9328 monitor=global type=mouseMoved subtype=1 eventTimestamp=191975.7161 eventNumber=0 absolute=(15405.0000,10047.0000,1023.0000) screen=(368.8867,-383.4727) pressure=0.0000 tangentialPressure=0.0000 tilt=(-0.3750,0.0937) rotation=0.0000 buttons=0x0 deviceID=19450
PEN t=17.9361 monitor=global type=mouseMoved subtype=1 eventTimestamp=191975.7193 eventNumber=0 absolute=(15366.0000,10011.0000,1023.0000) screen=(367.4648,-385.9375) pressure=0.0000 tangentialPressure=0.0000 tilt=(-0.3750,0.0937) rotation=0.0000 buttons=0x0 deviceID=19450
PEN t=17.9422 monitor=global type=mouseMoved subtype=1 eventTimestamp=191975.7255 eventNumber=0 absolute=(15336.0000,9989.0000,1023.0000) screen=(366.3320,-387.4961) pressure=0.0000 tangentialPressure=0.0000 tilt=(-0.3750,0.0937) rotation=0.0000 buttons=0x0 deviceID=19450
PEN t=17.9499 monitor=global type=mouseMoved subtype=1 eventTimestamp=191975.7330 eventNumber=0 absolute=(15310.0000,9990.0000,1023.0000) screen=(365.3867,-387.3867) pressure=0.0000 tangentialPressure=0.0000 tilt=(-0.3750,0.0937) rotation=0.0000 buttons=0x0 deviceID=19450
PEN t=17.9583 monitor=global type=mouseMoved subtype=1 eventTimestamp=191975.7416 eventNumber=0 absolute=(15290.0000,9994.0000,1023.0000) screen=(364.6562,-387.0977) pressure=0.0000 tangentialPressure=0.0000 tilt=(-0.3906,0.0937) rotation=0.0000 buttons=0x0 deviceID=19450
PEN t=17.9654 monitor=global type=mouseMoved subtype=1 eventTimestamp=191975.7487 eventNumber=0 absolute=(15277.0000,10000.0000,1023.0000) screen=(364.1836,-386.6992) pressure=0.0000 tangentialPressure=0.0000 tilt=(-0.3906,0.0937) rotation=0.0000 buttons=0x0 deviceID=19450
PEN t=17.9747 monitor=global type=mouseMoved subtype=1 eventTimestamp=191975.7553 eventNumber=0 absolute=(15264.0000,10008.0000,1023.0000) screen=(363.7070,-386.1914) pressure=0.0000 tangentialPressure=0.0000 tilt=(-0.3906,0.0937) rotation=0.0000 buttons=0x0 deviceID=19450
PEN t=17.9815 monitor=global type=mouseMoved subtype=1 eventTimestamp=191975.7647 eventNumber=0 absolute=(15230.0000,10002.0000,1023.0000) screen=(362.5039,-386.5547) pressure=0.0000 tangentialPressure=0.0000 tilt=(-0.4063,0.0937) rotation=0.0000 buttons=0x0 deviceID=19450
PEN t=17.9843 monitor=global type=mouseMoved subtype=1 eventTimestamp=191975.7677 eventNumber=0 absolute=(15202.0000,9983.0000,1023.0000) screen=(361.4844,-387.8945) pressure=0.0000 tangentialPressure=0.0000 tilt=(-0.4063,0.0937) rotation=0.0000 buttons=0x0 deviceID=19450
PEN t=17.9889 monitor=global type=mouseMoved subtype=1 eventTimestamp=191975.7713 eventNumber=0 absolute=(15165.0000,9970.0000,1023.0000) screen=(360.0977,-388.7656) pressure=0.0000 tangentialPressure=0.0000 tilt=(-0.4063,0.0937) rotation=0.0000 buttons=0x0 deviceID=19450
PEN t=17.9926 monitor=global type=mouseMoved subtype=1 eventTimestamp=191975.7759 eventNumber=0 absolute=(15118.0000,9960.0000,1023.0000) screen=(358.3828,-389.4531) pressure=0.0000 tangentialPressure=0.0000 tilt=(-0.4219,0.0937) rotation=0.0000 buttons=0x0 deviceID=19450
PEN t=18.0001 monitor=global type=mouseMoved subtype=1 eventTimestamp=191975.7832 eventNumber=0 absolute=(15063.0000,9952.0000,1023.0000) screen=(356.3789,-390.0352) pressure=0.0000 tangentialPressure=0.0000 tilt=(-0.4219,0.0937) rotation=0.0000 buttons=0x0 deviceID=19450
PEN t=18.0061 monitor=global type=mouseMoved subtype=1 eventTimestamp=191975.7893 eventNumber=0 absolute=(15000.0000,9941.0000,1023.0000) screen=(354.0781,-390.8320) pressure=0.0000 tangentialPressure=0.0000 tilt=(-0.4219,0.0937) rotation=0.0000 buttons=0x0 deviceID=19450
PEN t=18.0156 monitor=global type=mouseMoved subtype=1 eventTimestamp=191975.7973 eventNumber=0 absolute=(14927.0000,9925.0000,1023.0000) screen=(351.4180,-391.9180) pressure=0.0000 tangentialPressure=0.0000 tilt=(-0.4375,0.0937) rotation=0.0000 buttons=0x0 deviceID=19450
PEN t=18.0176 monitor=global type=mouseMoved subtype=1 eventTimestamp=191975.8008 eventNumber=0 absolute=(14856.0000,9905.0000,1023.0000) screen=(348.8281,-393.2969) pressure=0.0000 tangentialPressure=0.0000 tilt=(-0.4375,0.0937) rotation=0.0000 buttons=0x0 deviceID=19450
PEN t=18.0250 monitor=global type=mouseMoved subtype=1 eventTimestamp=191975.8083 eventNumber=0 absolute=(14789.0000,9882.0000,1023.0000) screen=(346.3828,-394.8945) pressure=0.0000 tangentialPressure=0.0000 tilt=(-0.4375,0.0937) rotation=0.0000 buttons=0x0 deviceID=19450
PEN t=18.0344 monitor=global type=mouseMoved subtype=1 eventTimestamp=191975.8175 eventNumber=0 absolute=(14737.0000,9861.0000,1023.0000) screen=(344.4883,-396.3438) pressure=0.0000 tangentialPressure=0.0000 tilt=(-0.4375,0.0937) rotation=0.0000 buttons=0x0 deviceID=19450
PEN t=18.0388 monitor=global type=mouseMoved subtype=1 eventTimestamp=191975.8221 eventNumber=0 absolute=(14703.0000,9861.0000,1023.0000) screen=(343.2461,-396.3086) pressure=0.0000 tangentialPressure=0.0000 tilt=(-0.4375,0.0937) rotation=0.0000 buttons=0x0 deviceID=19450
PEN t=18.0428 monitor=global type=mouseMoved subtype=1 eventTimestamp=191975.8261 eventNumber=0 absolute=(14664.0000,9863.0000,1023.0000) screen=(341.8242,-396.1992) pressure=0.0000 tangentialPressure=0.0000 tilt=(-0.4375,0.0937) rotation=0.0000 buttons=0x0 deviceID=19450
PEN t=18.0493 monitor=global type=mouseMoved subtype=1 eventTimestamp=191975.8307 eventNumber=0 absolute=(14635.0000,9846.0000,1023.0000) screen=(340.7656,-397.3945) pressure=0.0000 tangentialPressure=0.0000 tilt=(-0.4375,0.0937) rotation=0.0000 buttons=0x0 deviceID=19450
PEN t=18.0524 monitor=global type=mouseMoved subtype=1 eventTimestamp=191975.8353 eventNumber=0 absolute=(14607.0000,9846.0000,1023.0000) screen=(339.7461,-397.3945) pressure=0.0000 tangentialPressure=0.0000 tilt=(-0.4375,0.0937) rotation=0.0000 buttons=0x0 deviceID=19450
PEN t=18.0584 monitor=global type=mouseMoved subtype=1 eventTimestamp=191975.8414 eventNumber=0 absolute=(14579.0000,9849.0000,1023.0000) screen=(338.7227,-397.1758) pressure=0.0000 tangentialPressure=0.0000 tilt=(-0.4375,0.0937) rotation=0.0000 buttons=0x0 deviceID=19450
PEN t=18.0745 monitor=global type=mouseMoved subtype=1 eventTimestamp=191975.8553 eventNumber=0 absolute=(14547.0000,9843.0000,1023.0000) screen=(337.5586,-397.5742) pressure=0.0000 tangentialPressure=0.0000 tilt=(-0.4375,0.0937) rotation=0.0000 buttons=0x0 deviceID=19450
PEN t=18.0826 monitor=global type=mouseMoved subtype=1 eventTimestamp=191975.8642 eventNumber=0 absolute=(14517.0000,9837.0000,1023.0000) screen=(336.4648,-398.0117) pressure=0.0000 tangentialPressure=0.0000 tilt=(-0.4375,0.0937) rotation=0.0000 buttons=0x0 deviceID=19450
PEN t=18.0862 monitor=global type=mouseMoved subtype=1 eventTimestamp=191975.8695 eventNumber=0 absolute=(14493.0000,9828.0000,1023.0000) screen=(335.6250,-398.6289) pressure=0.0000 tangentialPressure=0.0000 tilt=(-0.4375,0.0937) rotation=0.0000 buttons=0x0 deviceID=19450
PEN t=18.0918 monitor=global type=mouseMoved subtype=1 eventTimestamp=191975.8750 eventNumber=0 absolute=(14471.0000,9815.0000,1023.0000) screen=(334.7852,-399.4961) pressure=0.0000 tangentialPressure=0.0000 tilt=(-0.4375,0.0937) rotation=0.0000 buttons=0x0 deviceID=19450
PEN t=18.1004 monitor=global type=mouseMoved subtype=1 eventTimestamp=191975.8835 eventNumber=0 absolute=(14445.0000,9813.0000,1023.0000) screen=(333.8359,-399.6797) pressure=0.0000 tangentialPressure=0.0000 tilt=(-0.4375,0.0937) rotation=0.0000 buttons=0x0 deviceID=19450
PEN t=18.1018 monitor=global type=mouseMoved subtype=1 eventTimestamp=191975.8851 eventNumber=0 absolute=(14411.0000,9805.0000,1023.0000) screen=(332.6328,-400.1875) pressure=0.0000 tangentialPressure=0.0000 tilt=(-0.4375,0.0937) rotation=0.0000 buttons=0x0 deviceID=19450
PEN t=18.1093 monitor=global type=mouseMoved subtype=1 eventTimestamp=191975.8924 eventNumber=0 absolute=(14378.0000,9796.0000,1023.0000) screen=(331.3945,-400.8398) pressure=0.0000 tangentialPressure=0.0000 tilt=(-0.4375,0.0937) rotation=0.0000 buttons=0x0 deviceID=19450
PEN t=18.1146 monitor=global type=mouseMoved subtype=1 eventTimestamp=191975.8979 eventNumber=0 absolute=(14344.0000,9787.0000,1023.0000) screen=(330.1914,-401.4922) pressure=0.0000 tangentialPressure=0.0000 tilt=(-0.4219,0.0937) rotation=0.0000 buttons=0x0 deviceID=19450
PEN t=18.1177 monitor=global type=mouseMoved subtype=1 eventTimestamp=191975.9010 eventNumber=0 absolute=(14314.0000,9783.0000,1023.0000) screen=(329.0586,-401.7109) pressure=0.0000 tangentialPressure=0.0000 tilt=(-0.4219,0.0937) rotation=0.0000 buttons=0x0 deviceID=19450
PEN t=18.1213 monitor=global type=mouseMoved subtype=1 eventTimestamp=191975.9045 eventNumber=0 absolute=(14286.0000,9780.0000,1023.0000) screen=(328.0391,-401.9258) pressure=0.0000 tangentialPressure=0.0000 tilt=(-0.4219,0.0937) rotation=0.0000 buttons=0x0 deviceID=19450
PEN t=18.1307 monitor=global type=mouseMoved subtype=1 eventTimestamp=191975.9139 eventNumber=0 absolute=(14261.0000,9772.0000,1023.0000) screen=(327.1250,-402.4688) pressure=0.0000 tangentialPressure=0.0000 tilt=(-0.4219,0.0937) rotation=0.0000 buttons=0x0 deviceID=19450
PEN t=18.1388 monitor=global type=mouseMoved subtype=1 eventTimestamp=191975.9219 eventNumber=0 absolute=(14233.0000,9763.0000,1023.0000) screen=(326.1055,-403.1250) pressure=0.0000 tangentialPressure=0.0000 tilt=(-0.4219,0.0937) rotation=0.0000 buttons=0x0 deviceID=19450
PEN t=18.1420 monitor=global type=mouseMoved subtype=1 eventTimestamp=191975.9252 eventNumber=0 absolute=(14202.0000,9754.0000,1023.0000) screen=(324.9727,-403.7773) pressure=0.0000 tangentialPressure=0.0000 tilt=(-0.4219,0.0937) rotation=0.0000 buttons=0x0 deviceID=19450
PEN t=18.1488 monitor=global type=mouseMoved subtype=1 eventTimestamp=191975.9318 eventNumber=0 absolute=(14172.0000,9743.0000,1023.0000) screen=(323.8789,-404.5391) pressure=0.0000 tangentialPressure=0.0000 tilt=(-0.4219,0.0937) rotation=0.0000 buttons=0x0 deviceID=19450
PEN t=18.1503 monitor=global type=mouseMoved subtype=1 eventTimestamp=191975.9334 eventNumber=0 absolute=(14143.0000,9731.0000,1023.0000) screen=(322.8242,-405.3711) pressure=0.0000 tangentialPressure=0.0000 tilt=(-0.4219,0.0781) rotation=0.0000 buttons=0x0 deviceID=19450
PEN t=18.1552 monitor=global type=mouseMoved subtype=1 eventTimestamp=191975.9382 eventNumber=0 absolute=(14117.0000,9720.0000,1023.0000) screen=(321.8750,-406.1328) pressure=0.0000 tangentialPressure=0.0000 tilt=(-0.4219,0.0781) rotation=0.0000 buttons=0x0 deviceID=19450
PEN t=18.1691 monitor=global type=mouseMoved subtype=1 eventTimestamp=191975.9523 eventNumber=0 absolute=(14073.0000,9716.0000,1023.0000) screen=(320.2695,-406.3516) pressure=0.0000 tangentialPressure=0.0000 tilt=(-0.4219,0.0781) rotation=0.0000 buttons=0x0 deviceID=19450
PEN t=18.1738 monitor=global type=mouseMoved subtype=1 eventTimestamp=191975.9571 eventNumber=0 absolute=(14055.0000,9713.0000,1023.0000) screen=(319.6133,-406.5664) pressure=0.0000 tangentialPressure=0.0000 tilt=(-0.4219,0.0781) rotation=0.0000 buttons=0x0 deviceID=19450
PEN t=18.1830 monitor=global type=mouseMoved subtype=1 eventTimestamp=191975.9662 eventNumber=0 absolute=(14026.0000,9707.0000,1023.0000) screen=(318.5547,-406.9648) pressure=0.0000 tangentialPressure=0.0000 tilt=(-0.4219,0.0781) rotation=0.0000 buttons=0x0 deviceID=19450
PEN t=18.1875 monitor=global type=mouseMoved subtype=1 eventTimestamp=191975.9707 eventNumber=0 absolute=(14026.0000,9701.0000,1023.0000) screen=(318.5547,-407.4375) pressure=0.0000 tangentialPressure=0.0000 tilt=(-0.4219,0.0781) rotation=0.0000 buttons=0x0 deviceID=19450
PEN t=18.2000 monitor=global type=mouseMoved subtype=1 eventTimestamp=191975.9832 eventNumber=0 absolute=(14007.0000,9688.0000,1023.0000) screen=(317.8633,-408.3086) pressure=0.0000 tangentialPressure=0.0000 tilt=(-0.4219,0.0781) rotation=0.0000 buttons=0x0 deviceID=19450
PEN t=18.2159 monitor=global type=mouseMoved subtype=1 eventTimestamp=191975.9974 eventNumber=0 absolute=(13988.0000,9676.0000,1023.0000) screen=(317.1680,-409.1406) pressure=0.0000 tangentialPressure=0.0000 tilt=(-0.4219,0.0781) rotation=0.0000 buttons=0x0 deviceID=19450
PEN t=18.2177 monitor=global type=mouseMoved subtype=1 eventTimestamp=191976.0009 eventNumber=0 absolute=(13969.0000,9670.0000,1023.0000) screen=(316.4766,-409.5391) pressure=0.0000 tangentialPressure=0.0000 tilt=(-0.4219,0.0781) rotation=0.0000 buttons=0x0 deviceID=19450
PEN t=18.2329 monitor=global type=mouseMoved subtype=1 eventTimestamp=191976.0162 eventNumber=0 absolute=(13948.0000,9665.0000,1023.0000) screen=(314.9805,-410.3008) pressure=0.0000 tangentialPressure=0.0000 tilt=(-0.4219,0.0781) rotation=0.0000 buttons=0x0 deviceID=19450
PEN t=18.2466 monitor=global type=mouseMoved subtype=1 eventTimestamp=191976.0250 eventNumber=0 absolute=(13887.0000,9648.0000,1023.0000) screen=(313.4844,-411.0625) pressure=0.0000 tangentialPressure=0.0000 tilt=(-0.4219,0.0781) rotation=0.0000 buttons=0x0 deviceID=19450
PEN t=18.2499 monitor=global type=mouseMoved subtype=1 eventTimestamp=191976.0331 eventNumber=0 absolute=(13872.0000,9644.0000,1023.0000) screen=(312.9375,-411.3906) pressure=0.0000 tangentialPressure=0.0000 tilt=(-0.4219,0.0781) rotation=0.0000 buttons=0x0 deviceID=19450
PEN t=18.2593 monitor=global type=mouseMoved subtype=1 eventTimestamp=191976.0420 eventNumber=0 absolute=(13872.0000,9635.0000,1023.0000) screen=(312.9375,-412.0078) pressure=0.0000 tangentialPressure=0.0000 tilt=(-0.4063,0.0625) rotation=0.0000 buttons=0x0 deviceID=19450
PEN t=18.2649 monitor=global type=mouseMoved subtype=1 eventTimestamp=191976.0479 eventNumber=0 absolute=(13875.0000,9630.0000,1023.0000) screen=(313.0469,-412.2969) pressure=0.0000 tangentialPressure=0.0000 tilt=(-0.4063,0.0625) rotation=0.0000 buttons=0x0 deviceID=19450
PEN t=18.2844 monitor=global type=mouseMoved subtype=1 eventTimestamp=191976.0661 eventNumber=0 absolute=(13877.0000,9620.0000,1023.0000) screen=(313.1211,-413.0234) pressure=0.0000 tangentialPressure=0.0000 tilt=(-0.4063,0.0625) rotation=0.0000 buttons=0x0 deviceID=19450
PEN t=18.2990 monitor=global type=mouseMoved subtype=1 eventTimestamp=191976.0765 eventNumber=0 absolute=(13872.0000,9614.0000,1023.0000) screen=(312.9375,-413.4219) pressure=0.0000 tangentialPressure=0.0000 tilt=(-0.4063,0.0625) rotation=0.0000 buttons=0x0 deviceID=19450
PEN t=18.3072 monitor=global type=mouseMoved subtype=1 eventTimestamp=191976.0905 eventNumber=0 absolute=(13850.0000,9604.0000,1023.0000) screen=(312.1367,-414.1445) pressure=0.0000 tangentialPressure=0.0000 tilt=(-0.3750,0.0468) rotation=0.0000 buttons=0x0 deviceID=19450
PEN t=18.3171 monitor=global type=mouseMoved subtype=1 eventTimestamp=191976.0998 eventNumber=0 absolute=(13837.0000,9599.0000,1023.0000) screen=(311.6641,-414.4727) pressure=0.0000 tangentialPressure=0.0000 tilt=(-0.3750,0.0468) rotation=0.0000 buttons=0x0 deviceID=19450
PEN t=18.3241 monitor=global type=mouseMoved subtype=1 eventTimestamp=191976.1055 eventNumber=0 absolute=(13816.0000,9588.0000,1023.0000) screen=(310.8945,-415.2344) pressure=0.0000 tangentialPressure=0.0000 tilt=(-0.3594,0.0468) rotation=0.0000 buttons=0x0 deviceID=19450
PEN t=18.3338 monitor=global type=mouseMoved subtype=1 eventTimestamp=191976.1171 eventNumber=0 absolute=(13779.0000,9567.0000,1023.0000) screen=(309.5469,-416.7188) pressure=0.0000 tangentialPressure=0.0000 tilt=(-0.3281,0.0468) rotation=0.0000 buttons=0x0 deviceID=19450
PEN t=18.3395 monitor=global type=mouseMoved subtype=1 eventTimestamp=191976.1225 eventNumber=0 absolute=(13749.0000,9551.0000,1023.0000) screen=(308.4531,-417.8086) pressure=0.0000 tangentialPressure=0.0000 tilt=(-0.3281,0.0468) rotation=0.0000 buttons=0x0 deviceID=19450
PEN t=18.3498 monitor=global type=mouseMoved subtype=1 eventTimestamp=191976.1264 eventNumber=0 absolute=(13712.0000,9533.0000,1023.0000) screen=(307.1016,-419.0781) pressure=0.0000 tangentialPressure=0.0000 tilt=(-0.3125,0.0468) rotation=0.0000 buttons=0x0 deviceID=19450
PEN t=18.3582 monitor=global type=mouseMoved subtype=1 eventTimestamp=191976.1412 eventNumber=0 absolute=(13669.0000,9514.0000,1023.0000) screen=(305.5352,-420.3438) pressure=0.0000 tangentialPressure=0.0000 tilt=(-0.2969,0.0468) rotation=0.0000 buttons=0x0 deviceID=19450
PEN t=18.3674 monitor=global type=mouseMoved subtype=1 eventTimestamp=191976.1488 eventNumber=0 absolute=(13628.0000,9495.0000,1023.0000) screen=(304.0391,-421.6875) pressure=0.0000 tangentialPressure=0.0000 tilt=(-0.2969,0.0468) rotation=0.0000 buttons=0x0 deviceID=19450
PEN t=18.3710 monitor=global type=mouseMoved subtype=1 eventTimestamp=191976.1541 eventNumber=0 absolute=(13586.0000,9482.0000,1023.0000) screen=(302.5078,-422.5938) pressure=0.0000 tangentialPressure=0.0000 tilt=(-0.2813,0.0312) rotation=0.0000 buttons=0x0 deviceID=19450
PEN t=18.3751 monitor=global type=mouseMoved subtype=1 eventTimestamp=191976.1582 eventNumber=0 absolute=(13562.0000,9471.0000,1023.0000) screen=(301.6328,-423.3555) pressure=0.0000 tangentialPressure=0.0000 tilt=(-0.2656,0.0312) rotation=0.0000 buttons=0x0 deviceID=19450
PEN t=18.3838 monitor=global type=mouseMoved subtype=1 eventTimestamp=191976.1663 eventNumber=0 absolute=(13560.0000,9459.0000,1023.0000) screen=(301.5586,-424.1523) pressure=0.0000 tangentialPressure=0.0000 tilt=(-0.2500,0.0312) rotation=0.0000 buttons=0x0 deviceID=19450
PEN t=18.3920 monitor=global type=mouseMoved subtype=1 eventTimestamp=191976.1750 eventNumber=0 absolute=(13535.0000,9447.0000,1023.0000) screen=(300.6484,-424.9883) pressure=0.0000 tangentialPressure=0.0000 tilt=(-0.2344,0.0312) rotation=0.0000 buttons=0x0 deviceID=19450
PROXIMITY t=18.3921 monitor=global type=tabletProximity subtype=0 eventTimestamp=191976.1758 eventNumber=0 entering=false deviceType=pen deviceID=19450 pointingDeviceID=0 systemTabletID=1 tabletID=849 uniqueID=79448682544951 vendorID=1386 vendorType=2114 capabilities=0x17c7
PROXIMITY t=18.3968 monitor=global type=mouseMoved subtype=2 eventTimestamp=191976.1766 eventNumber=0 entering=false deviceType=pen deviceID=19450 pointingDeviceID=0 systemTabletID=1 tabletID=849 uniqueID=79448682544951 vendorID=1386 vendorType=2114 capabilities=0x17c7
PROXIMITY t=18.9096 monitor=global type=tabletProximity subtype=0 eventTimestamp=191976.6930 eventNumber=0 entering=true deviceType=pen deviceID=19450 pointingDeviceID=0 systemTabletID=1 tabletID=849 uniqueID=79448682544951 vendorID=1386 vendorType=2114 capabilities=0x17c7
PROXIMITY t=18.9158 monitor=global type=mouseMoved subtype=2 eventTimestamp=191976.6974 eventNumber=0 entering=true deviceType=pen deviceID=19450 pointingDeviceID=0 systemTabletID=1 tabletID=849 uniqueID=79448682544951 vendorID=1386 vendorType=2114 capabilities=0x17c7
PEN t=18.9162 monitor=global type=mouseMoved subtype=1 eventTimestamp=191976.6992 eventNumber=0 absolute=(16020.0000,9790.0000,1023.0000) screen=(391.3164,-401.2383) pressure=0.0000 tangentialPressure=0.0000 tilt=(0.7031,0.1718) rotation=0.0000 buttons=0x0 deviceID=19450
PEN t=18.9185 monitor=global type=mouseMoved subtype=1 eventTimestamp=191976.7016 eventNumber=0 absolute=(16024.0000,9794.0000,1023.0000) screen=(391.4258,-400.9844) pressure=0.0000 tangentialPressure=0.0000 tilt=(0.6875,0.1718) rotation=0.0000 buttons=0x0 deviceID=19450
PROXIMITY t=18.9971 monitor=global type=tabletProximity subtype=0 eventTimestamp=191976.7806 eventNumber=0 entering=false deviceType=pen deviceID=19450 pointingDeviceID=0 systemTabletID=1 tabletID=849 uniqueID=79448682544951 vendorID=1386 vendorType=2114 capabilities=0x17c7
PROXIMITY t=18.9993 monitor=global type=mouseMoved subtype=2 eventTimestamp=191976.7809 eventNumber=0 entering=false deviceType=pen deviceID=19450 pointingDeviceID=0 systemTabletID=1 tabletID=849 uniqueID=79448682544951 vendorID=1386 vendorType=2114 capabilities=0x17c7
PROXIMITY t=21.4158 monitor=global type=tabletProximity subtype=0 eventTimestamp=191979.1993 eventNumber=0 entering=true deviceType=pen deviceID=19450 pointingDeviceID=0 systemTabletID=1 tabletID=849 uniqueID=79448682544951 vendorID=1386 vendorType=2114 capabilities=0x17c7
PEN t=21.4171 monitor=global type=mouseMoved subtype=1 eventTimestamp=191979.2004 eventNumber=0 absolute=(16453.0000,11186.0000,1023.0000) screen=(407.0742,-304.6484) pressure=0.0000 tangentialPressure=0.0000 tilt=(0.5312,-0.1875) rotation=0.0000 buttons=0x0 deviceID=19450
PEN t=21.4343 monitor=global type=mouseMoved subtype=1 eventTimestamp=191979.2174 eventNumber=0 absolute=(16457.0000,11180.0000,1023.0000) screen=(407.2188,-305.0469) pressure=0.0000 tangentialPressure=0.0000 tilt=(0.5000,-0.1875) rotation=0.0000 buttons=0x0 deviceID=19450
PEN t=21.4823 monitor=global type=mouseMoved subtype=1 eventTimestamp=191979.2600 eventNumber=0 absolute=(16467.0000,11166.0000,1023.0000) screen=(407.5820,-306.0273) pressure=0.0000 tangentialPressure=0.0000 tilt=(0.4687,-0.1875) rotation=0.0000 buttons=0x0 deviceID=19450
PEN t=21.5259 monitor=global type=mouseMoved subtype=1 eventTimestamp=191979.3092 eventNumber=0 absolute=(16480.0000,11150.0000,1023.0000) screen=(408.0586,-307.0781) pressure=0.0000 tangentialPressure=0.0000 tilt=(0.4687,-0.1875) rotation=0.0000 buttons=0x0 deviceID=19450
PEN t=21.6042 monitor=global type=mouseMoved subtype=1 eventTimestamp=191979.3874 eventNumber=0 absolute=(16486.0000,11152.0000,974.0000) screen=(408.2773,-306.9688) pressure=0.0000 tangentialPressure=0.0000 tilt=(0.4687,-0.1875) rotation=0.0000 buttons=0x0 deviceID=19450
PEN t=21.6330 monitor=global type=mouseMoved subtype=1 eventTimestamp=191979.4162 eventNumber=0 absolute=(16496.0000,11167.0000,930.0000) screen=(408.6406,-305.9180) pressure=0.0000 tangentialPressure=0.0000 tilt=(0.4687,-0.1719) rotation=0.0000 buttons=0x0 deviceID=19450
PEN t=21.6390 monitor=global type=mouseMoved subtype=1 eventTimestamp=191979.4223 eventNumber=0 absolute=(16508.0000,11172.0000,930.0000) screen=(409.0781,-305.5547) pressure=0.0000 tangentialPressure=0.0000 tilt=(0.4687,-0.1719) rotation=0.0000 buttons=0x0 deviceID=19450
PEN t=21.6732 monitor=global type=mouseMoved subtype=1 eventTimestamp=191979.4564 eventNumber=0 absolute=(16538.0000,11181.0000,886.0000) screen=(410.1719,-304.9727) pressure=0.0000 tangentialPressure=0.0000 tilt=(0.4687,-0.1719) rotation=0.0000 buttons=0x0 deviceID=19450
PEN t=21.7095 monitor=global type=mouseMoved subtype=1 eventTimestamp=191979.4894 eventNumber=0 absolute=(16562.0000,11183.0000,886.0000) screen=(411.0469,-304.7930) pressure=0.0000 tangentialPressure=0.0000 tilt=(0.4687,-0.1719) rotation=0.0000 buttons=0x0 deviceID=19450
PEN t=21.7244 monitor=global type=mouseMoved subtype=1 eventTimestamp=191979.5075 eventNumber=0 absolute=(16563.0000,11180.0000,886.0000) screen=(411.0859,-305.0117) pressure=0.0000 tangentialPressure=0.0000 tilt=(0.4687,-0.1719) rotation=0.0000 buttons=0x0 deviceID=19450
PEN t=21.7493 monitor=global type=mouseMoved subtype=1 eventTimestamp=191979.5288 eventNumber=0 absolute=(16559.0000,11171.0000,886.0000) screen=(410.9375,-305.6641) pressure=0.0000 tangentialPressure=0.0000 tilt=(0.4687,-0.1719) rotation=0.0000 buttons=0x0 deviceID=19450
PEN t=21.7658 monitor=global type=mouseMoved subtype=1 eventTimestamp=191979.5431 eventNumber=0 absolute=(16556.0000,11165.0000,886.0000) screen=(410.8281,-306.0977) pressure=0.0000 tangentialPressure=0.0000 tilt=(0.4687,-0.1719) rotation=0.0000 buttons=0x0 deviceID=19450
PEN t=21.7874 monitor=global type=mouseMoved subtype=1 eventTimestamp=191979.5703 eventNumber=0 absolute=(16554.0000,11149.0000,930.0000) screen=(410.7578,-307.1875) pressure=0.0000 tangentialPressure=0.0000 tilt=(0.4687,-0.1719) rotation=0.0000 buttons=0x0 deviceID=19450
PEN t=21.8302 monitor=global type=mouseMoved subtype=1 eventTimestamp=191979.6064 eventNumber=0 absolute=(16540.0000,11135.0000,1023.0000) screen=(410.2461,-308.1289) pressure=0.0000 tangentialPressure=0.0000 tilt=(0.4687,-0.1875) rotation=0.0000 buttons=0x0 deviceID=19450
PEN t=21.8376 monitor=global type=mouseMoved subtype=1 eventTimestamp=191979.6206 eventNumber=0 absolute=(16532.0000,11131.0000,1023.0000) screen=(409.9531,-308.4570) pressure=0.0000 tangentialPressure=0.0000 tilt=(0.4687,-0.1875) rotation=0.0000 buttons=0x0 deviceID=19450
PEN t=21.8662 monitor=global type=mouseMoved subtype=1 eventTimestamp=191979.6494 eventNumber=0 absolute=(16505.0000,11122.0000,1023.0000) screen=(408.9688,-309.0352) pressure=0.0000 tangentialPressure=0.0000 tilt=(0.4687,-0.1875) rotation=0.0000 buttons=0x0 deviceID=19450
PEN t=21.9241 monitor=global type=mouseMoved subtype=1 eventTimestamp=191979.7053 eventNumber=0 absolute=(16485.0000,11107.0000,1023.0000) screen=(408.2422,-310.0859) pressure=0.0000 tangentialPressure=0.0000 tilt=(0.4687,-0.1875) rotation=0.0000 buttons=0x0 deviceID=19450
PEN t=21.9552 monitor=global type=mouseMoved subtype=1 eventTimestamp=191979.7374 eventNumber=0 absolute=(16509.0000,11095.0000,1023.0000) screen=(409.1172,-310.8828) pressure=0.0000 tangentialPressure=0.0000 tilt=(0.4687,-0.1875) rotation=0.0000 buttons=0x0 deviceID=19450
PEN t=21.9803 monitor=global type=mouseMoved subtype=1 eventTimestamp=191979.7560 eventNumber=0 absolute=(16520.0000,11092.0000,1023.0000) screen=(409.5156,-311.1016) pressure=0.0000 tangentialPressure=0.0000 tilt=(0.4687,-0.1875) rotation=0.0000 buttons=0x0 deviceID=19450
PEN t=21.9914 monitor=global type=mouseMoved subtype=1 eventTimestamp=191979.7746 eventNumber=0 absolute=(16536.0000,11088.0000,1023.0000) screen=(410.1016,-311.4297) pressure=0.0000 tangentialPressure=0.0000 tilt=(0.4687,-0.1875) rotation=0.0000 buttons=0x0 deviceID=19450
PEN t=22.0165 monitor=global type=mouseMoved subtype=1 eventTimestamp=191979.7995 eventNumber=0 absolute=(16562.0000,11084.0000,1023.0000) screen=(411.0469,-311.6445) pressure=0.0000 tangentialPressure=0.0000 tilt=(0.4687,-0.1875) rotation=0.0000 buttons=0x0 deviceID=19450
PEN t=22.0588 monitor=global type=mouseMoved subtype=1 eventTimestamp=191979.8392 eventNumber=0 absolute=(16589.0000,11091.0000,1023.0000) screen=(412.0352,-311.2109) pressure=0.0000 tangentialPressure=0.0000 tilt=(0.4687,-0.1875) rotation=0.0000 buttons=0x0 deviceID=19450
PEN t=22.0669 monitor=global type=mouseMoved subtype=1 eventTimestamp=191979.8500 eventNumber=0 absolute=(16594.0000,11096.0000,1023.0000) screen=(412.2148,-310.8125) pressure=0.0000 tangentialPressure=0.0000 tilt=(0.4687,-0.1875) rotation=0.0000 buttons=0x0 deviceID=19450
PEN t=22.0888 monitor=global type=mouseMoved subtype=1 eventTimestamp=191979.8720 eventNumber=0 absolute=(16604.0000,11111.0000,1023.0000) screen=(412.5820,-309.7969) pressure=0.0000 tangentialPressure=0.0000 tilt=(0.4687,-0.1875) rotation=0.0000 buttons=0x0 deviceID=19450
PEN t=22.1264 monitor=global type=mouseMoved subtype=1 eventTimestamp=191979.9049 eventNumber=0 absolute=(16615.0000,11124.0000,974.0000) screen=(412.9805,-308.8906) pressure=0.0000 tangentialPressure=0.0000 tilt=(0.4687,-0.1875) rotation=0.0000 buttons=0x0 deviceID=19450
PEN t=22.1338 monitor=global type=mouseMoved subtype=1 eventTimestamp=191979.9165 eventNumber=0 absolute=(16617.0000,11126.0000,974.0000) screen=(413.0547,-308.7812) pressure=0.0000 tangentialPressure=0.0000 tilt=(0.4687,-0.1875) rotation=0.0000 buttons=0x0 deviceID=19450
PEN t=22.2090 monitor=global type=mouseMoved subtype=1 eventTimestamp=191979.9922 eventNumber=0 absolute=(16634.0000,11123.0000,665.0000) screen=(413.6758,-310.0000) pressure=0.0000 tangentialPressure=0.0000 tilt=(0.4687,-0.1875) rotation=0.0000 buttons=0x0 deviceID=19450
PEN t=22.2375 monitor=global type=mouseMoved subtype=1 eventTimestamp=191980.0208 eventNumber=0 absolute=(16646.0000,11116.0000,621.0000) screen=(414.1133,-309.4688) pressure=0.0000 tangentialPressure=0.0000 tilt=(0.4687,-0.1875) rotation=0.0000 buttons=0x0 deviceID=19450
PEN t=22.2588 monitor=global type=mouseMoved subtype=1 eventTimestamp=191980.0420 eventNumber=0 absolute=(16664.0000,11108.0000,621.0000) screen=(414.7695,-310.0156) pressure=0.0000 tangentialPressure=0.0000 tilt=(0.4687,-0.1875) rotation=0.0000 buttons=0x0 deviceID=19450
PEN t=22.2666 monitor=global type=mouseMoved subtype=1 eventTimestamp=191980.0497 eventNumber=0 absolute=(16675.0000,11103.0000,621.0000) screen=(415.1719,-310.3398) pressure=0.0000 tangentialPressure=0.0000 tilt=(0.4687,-0.1875) rotation=0.0000 buttons=0x0 deviceID=19450
PEN t=22.2928 monitor=global type=mouseMoved subtype=1 eventTimestamp=191980.0760 eventNumber=0 absolute=(16696.0000,11092.0000,665.0000) screen=(415.9375,-311.1367) pressure=0.0000 tangentialPressure=0.0000 tilt=(0.4687,-0.1875) rotation=0.0000 buttons=0x0 deviceID=19450
PEN t=22.3059 monitor=global type=mouseMoved subtype=1 eventTimestamp=191980.0846 eventNumber=0 absolute=(16699.0000,11090.0000,665.0000) screen=(416.0469,-311.2852) pressure=0.0000 tangentialPressure=0.0000 tilt=(0.4687,-0.1875) rotation=0.0000 buttons=0x0 deviceID=19450
PEN t=22.3544 monitor=global type=mouseMoved subtype=1 eventTimestamp=191980.1377 eventNumber=0 absolute=(16696.0000,11089.0000,621.0000) screen=(415.9375,-311.3203) pressure=0.0000 tangentialPressure=0.0000 tilt=(0.4687,-0.1875) rotation=0.0000 buttons=0x0 deviceID=19450
PEN t=22.3741 monitor=global type=mouseMoved subtype=1 eventTimestamp=191980.1573 eventNumber=0 absolute=(16686.0000,11096.0000,621.0000) screen=(415.5703,-310.8125) pressure=0.0000 tangentialPressure=0.0000 tilt=(0.4687,-0.1875) rotation=0.0000 buttons=0x0 deviceID=19450
PEN t=22.3995 monitor=global type=mouseMoved subtype=1 eventTimestamp=191980.1791 eventNumber=0 absolute=(16667.0000,11109.0000,621.0000) screen=(414.8789,-309.9414) pressure=0.0000 tangentialPressure=0.0000 tilt=(0.4687,-0.1875) rotation=0.0000 buttons=0x0 deviceID=19450
PEN t=22.4310 monitor=global type=mouseMoved subtype=1 eventTimestamp=191980.2067 eventNumber=0 absolute=(16642.0000,11124.0000,577.0000) screen=(413.9648,-308.9258) pressure=0.0000 tangentialPressure=0.0000 tilt=(0.4687,-0.1875) rotation=0.0000 buttons=0x0 deviceID=19450
PEN t=22.4584 monitor=global type=mouseMoved subtype=1 eventTimestamp=191980.2417 eventNumber=0 absolute=(16615.0000,11137.0000,577.0000) screen=(412.9805,-308.0195) pressure=0.0000 tangentialPressure=0.0000 tilt=(0.4687,-0.1875) rotation=0.0000 buttons=0x0 deviceID=19450
PEN t=22.4677 monitor=global type=mouseMoved subtype=1 eventTimestamp=191980.2499 eventNumber=0 absolute=(16611.0000,11139.0000,577.0000) screen=(412.8359,-307.8750) pressure=0.0000 tangentialPressure=0.0000 tilt=(0.4687,-0.1875) rotation=0.0000 buttons=0x0 deviceID=19450
PEN t=22.5003 monitor=global type=mouseMoved subtype=1 eventTimestamp=191980.2835 eventNumber=0 absolute=(16585.0000,11143.0000,577.0000) screen=(411.8867,-307.5859) pressure=0.0000 tangentialPressure=0.0000 tilt=(0.4687,-0.1875) rotation=0.0000 buttons=0x0 deviceID=19450
PEN t=22.5165 monitor=global type=mouseMoved subtype=1 eventTimestamp=191980.2995 eventNumber=0 absolute=(16560.0000,11144.0000,621.0000) screen=(410.9766,-307.5469) pressure=0.0000 tangentialPressure=0.0000 tilt=(0.4687,-0.1875) rotation=0.0000 buttons=0x0 deviceID=19450
PEN t=22.5425 monitor=global type=mouseMoved subtype=1 eventTimestamp=191980.3226 eventNumber=0 absolute=(16531.0000,11142.0000,621.0000) screen=(409.9180,-307.6562) pressure=0.0000 tangentialPressure=0.0000 tilt=(0.4687,-0.1875) rotation=0.0000 buttons=0x0 deviceID=19450
PEN t=22.5503 monitor=global type=mouseMoved subtype=1 eventTimestamp=191980.3330 eventNumber=0 absolute=(16505.0000,11140.0000,621.0000) screen=(408.9688,-307.8008) pressure=0.0000 tangentialPressure=0.0000 tilt=(0.4687,-0.1875) rotation=0.0000 buttons=0x0 deviceID=19450
PEN t=22.5579 monitor=global type=mouseMoved subtype=1 eventTimestamp=191980.3411 eventNumber=0 absolute=(16471.0000,11137.0000,665.0000) screen=(407.7305,-307.9844) pressure=0.0000 tangentialPressure=0.0000 tilt=(0.4687,-0.1875) rotation=0.0000 buttons=0x0 deviceID=19450
PEN t=22.5666 monitor=global type=mouseMoved subtype=1 eventTimestamp=191980.3497 eventNumber=0 absolute=(16450.0000,11136.0000,665.0000) screen=(406.9648,-308.0938) pressure=0.0000 tangentialPressure=0.0000 tilt=(0.4687,-0.1875) rotation=0.0000 buttons=0x0 deviceID=19450
PEN t=22.5726 monitor=global type=mouseMoved subtype=1 eventTimestamp=191980.3558 eventNumber=0 absolute=(16415.0000,11132.0000,665.0000) screen=(405.6875,-308.3828) pressure=0.0000 tangentialPressure=0.0000 tilt=(0.4687,-0.1875) rotation=0.0000 buttons=0x0 deviceID=19450
PEN t=22.5882 monitor=global type=mouseMoved subtype=1 eventTimestamp=191980.3713 eventNumber=0 absolute=(16391.0000,11127.0000,665.0000) screen=(404.8125,-308.6719) pressure=0.0000 tangentialPressure=0.0000 tilt=(0.4687,-0.2031) rotation=0.0000 buttons=0x0 deviceID=19450
PEN t=22.6003 monitor=global type=mouseMoved subtype=1 eventTimestamp=191980.3833 eventNumber=0 absolute=(16373.0000,11122.0000,710.0000) screen=(404.1914,-309.0352) pressure=0.0000 tangentialPressure=0.0000 tilt=(0.4687,-0.2031) rotation=0.0000 buttons=0x0 deviceID=19450
PEN t=22.6036 monitor=global type=mouseMoved subtype=1 eventTimestamp=191980.3867 eventNumber=0 absolute=(16359.0000,11117.0000,710.0000) screen=(403.6797,-309.3633) pressure=0.0000 tangentialPressure=0.0000 tilt=(0.4687,-0.2031) rotation=0.0000 buttons=0x0 deviceID=19450
PEN t=22.6261 monitor=global type=mouseMoved subtype=1 eventTimestamp=191980.4046 eventNumber=0 absolute=(16333.0000,11108.0000,754.0000) screen=(402.7344,-310.0156) pressure=0.0000 tangentialPressure=0.0000 tilt=(0.4687,-0.2031) rotation=0.0000 buttons=0x0 deviceID=19450
PEN t=22.6497 monitor=global type=mouseMoved subtype=1 eventTimestamp=191980.4327 eventNumber=0 absolute=(16302.0000,11092.0000,798.0000) screen=(401.5664,-311.1016) pressure=0.0000 tangentialPressure=0.0000 tilt=(0.4531,-0.2031) rotation=0.0000 buttons=0x0 deviceID=19450
PEN t=22.6559 monitor=global type=mouseMoved subtype=1 eventTimestamp=191980.4391 eventNumber=0 absolute=(16271.0000,11086.0000,798.0000) screen=(400.4336,-311.5352) pressure=0.0000 tangentialPressure=0.0000 tilt=(0.4531,-0.2031) rotation=0.0000 buttons=0x0 deviceID=19450
PEN t=22.6666 monitor=global type=mouseMoved subtype=1 eventTimestamp=191980.4497 eventNumber=0 absolute=(16251.0000,11079.0000,754.0000) screen=(399.7422,-312.0430) pressure=0.0000 tangentialPressure=0.0000 tilt=(0.4531,-0.2031) rotation=0.0000 buttons=0x0 deviceID=19450
PEN t=22.6912 monitor=global type=mouseMoved subtype=1 eventTimestamp=191980.4745 eventNumber=0 absolute=(16218.0000,11072.0000,754.0000) screen=(398.5039,-312.4805) pressure=0.0000 tangentialPressure=0.0000 tilt=(0.4531,-0.2031) rotation=0.0000 buttons=0x0 deviceID=19450
PEN t=22.7063 monitor=global type=mouseMoved subtype=1 eventTimestamp=191980.4895 eventNumber=0 absolute=(16202.0000,11066.0000,665.0000) screen=(397.9180,-312.9492) pressure=0.0000 tangentialPressure=0.0000 tilt=(0.4531,-0.2188) rotation=0.0000 buttons=0x0 deviceID=19450
PEN t=22.7159 monitor=global type=mouseMoved subtype=1 eventTimestamp=191980.4954 eventNumber=0 absolute=(16193.0000,11064.0000,665.0000) screen=(397.5898,-313.0586) pressure=0.0000 tangentialPressure=0.0000 tilt=(0.4531,-0.2188) rotation=0.0000 buttons=0x0 deviceID=19450
PEN t=22.7345 monitor=global type=mouseMoved subtype=1 eventTimestamp=191980.5167 eventNumber=0 absolute=(16172.0000,11060.0000,665.0000) screen=(396.8242,-313.3125) pressure=0.0000 tangentialPressure=0.0000 tilt=(0.4531,-0.2188) rotation=0.0000 buttons=0x0 deviceID=19450
PEN t=22.7534 monitor=global type=mouseMoved subtype=1 eventTimestamp=191980.5348 eventNumber=0 absolute=(16149.0000,11055.0000,665.0000) screen=(395.9844,-313.6758) pressure=0.0000 tangentialPressure=0.0000 tilt=(0.4531,-0.2188) rotation=0.0000 buttons=0x0 deviceID=19450
PEN t=22.7913 monitor=global type=mouseMoved subtype=1 eventTimestamp=191980.5719 eventNumber=0 absolute=(16124.0000,11050.0000,621.0000) screen=(395.0742,-314.0039) pressure=0.0000 tangentialPressure=0.0000 tilt=(0.4531,-0.2188) rotation=0.0000 buttons=0x0 deviceID=19450
PEN t=22.8012 monitor=global type=mouseMoved subtype=1 eventTimestamp=191980.5833 eventNumber=0 absolute=(16121.0000,11050.0000,621.0000) screen=(394.9648,-314.0391) pressure=0.0000 tangentialPressure=0.0000 tilt=(0.4531,-0.2188) rotation=0.0000 buttons=0x0 deviceID=19450
PEN t=22.8482 monitor=global type=mouseMoved subtype=1 eventTimestamp=191980.6258 eventNumber=0 absolute=(16123.0000,11044.0000,710.0000) screen=(395.0391,-314.4375) pressure=0.0000 tangentialPressure=0.0000 tilt=(0.4531,-0.2188) rotation=0.0000 buttons=0x0 deviceID=19450
PEN t=22.8678 monitor=global type=mouseMoved subtype=1 eventTimestamp=191980.6511 eventNumber=0 absolute=(16125.0000,11036.0000,798.0000) screen=(395.1094,-315.0195) pressure=0.0000 tangentialPressure=0.0000 tilt=(0.4531,-0.2188) rotation=0.0000 buttons=0x0 deviceID=19450
PEN t=22.9157 monitor=global type=mouseMoved subtype=1 eventTimestamp=191980.6952 eventNumber=0 absolute=(16128.0000,11021.0000,842.0000) screen=(395.2188,-316.0703) pressure=0.0000 tangentialPressure=0.0000 tilt=(0.4687,-0.2031) rotation=0.0000 buttons=0x0 deviceID=19450
PEN t=22.9385 monitor=global type=mouseMoved subtype=1 eventTimestamp=191980.7216 eventNumber=0 absolute=(16137.0000,11023.0000,842.0000) screen=(395.5469,-315.8867) pressure=0.0000 tangentialPressure=0.0000 tilt=(0.4844,-0.1875) rotation=0.0000 buttons=0x0 deviceID=19450
PEN t=22.9698 monitor=global type=mouseMoved subtype=1 eventTimestamp=191980.7494 eventNumber=0 absolute=(16137.0000,11040.0000,798.0000) screen=(395.5469,-314.7266) pressure=0.0000 tangentialPressure=0.0000 tilt=(0.5000,-0.1719) rotation=0.0000 buttons=0x0 deviceID=19450
PEN t=22.9827 monitor=global type=mouseMoved subtype=1 eventTimestamp=191980.7659 eventNumber=0 absolute=(16120.0000,11052.0000,754.0000) screen=(394.9297,-313.8945) pressure=0.0000 tangentialPressure=0.0000 tilt=(0.5156,-0.1563) rotation=0.0000 buttons=0x0 deviceID=19450
PEN t=22.9999 monitor=global type=mouseMoved subtype=1 eventTimestamp=191980.7831 eventNumber=0 absolute=(16095.0000,11065.0000,754.0000) screen=(394.0156,-312.9883) pressure=0.0000 tangentialPressure=0.0000 tilt=(0.5156,-0.1563) rotation=0.0000 buttons=0x0 deviceID=19450
PEN t=23.0005 monitor=global type=mouseMoved subtype=1 eventTimestamp=191980.7834 eventNumber=0 absolute=(16080.0000,11068.0000,754.0000) screen=(393.4688,-312.7695) pressure=0.0000 tangentialPressure=0.0000 tilt=(0.5312,-0.1406) rotation=0.0000 buttons=0x0 deviceID=19450
PEN t=23.0085 monitor=global type=mouseMoved subtype=1 eventTimestamp=191980.7915 eventNumber=0 absolute=(16063.0000,11071.0000,754.0000) screen=(392.8477,-312.5898) pressure=0.0000 tangentialPressure=0.0000 tilt=(0.5312,-0.1406) rotation=0.0000 buttons=0x0 deviceID=19450
PEN t=23.0262 monitor=global type=mouseMoved subtype=1 eventTimestamp=191980.8082 eventNumber=0 absolute=(16023.0000,11074.0000,798.0000) screen=(391.3906,-312.3359) pressure=0.0000 tangentialPressure=0.0000 tilt=(0.5469,-0.1406) rotation=0.0000 buttons=0x0 deviceID=19450
PEN t=23.0364 monitor=global type=mouseMoved subtype=1 eventTimestamp=191980.8175 eventNumber=0 absolute=(16002.0000,11075.0000,798.0000) screen=(390.6250,-312.2969) pressure=0.0000 tangentialPressure=0.0000 tilt=(0.5469,-0.1406) rotation=0.0000 buttons=0x0 deviceID=19450
PEN t=23.0708 monitor=global type=mouseMoved subtype=1 eventTimestamp=191980.8540 eventNumber=0 absolute=(15981.0000,11065.0000,798.0000) screen=(389.8594,-313.0234) pressure=0.0000 tangentialPressure=0.0000 tilt=(0.5781,-0.1250) rotation=0.0000 buttons=0x0 deviceID=19450
PEN t=23.0913 monitor=global type=mouseMoved subtype=1 eventTimestamp=191980.8745 eventNumber=0 absolute=(15972.0000,11050.0000,798.0000) screen=(389.5312,-314.0039) pressure=0.0000 tangentialPressure=0.0000 tilt=(0.5781,-0.1250) rotation=0.0000 buttons=0x0 deviceID=19450
PEN t=23.1097 monitor=global type=mouseMoved subtype=1 eventTimestamp=191980.8928 eventNumber=0 absolute=(15971.0000,11034.0000,798.0000) screen=(389.4922,-315.1250) pressure=0.0000 tangentialPressure=0.0000 tilt=(0.5781,-0.1250) rotation=0.0000 buttons=0x0 deviceID=19450
PEN t=23.1369 monitor=global type=mouseMoved subtype=1 eventTimestamp=191980.9163 eventNumber=0 absolute=(15971.0000,11020.0000,754.0000) screen=(389.4922,-316.1055) pressure=0.0000 tangentialPressure=0.0000 tilt=(0.5781,-0.1250) rotation=0.0000 buttons=0x0 deviceID=19450
PEN t=23.1497 monitor=global type=mouseMoved subtype=1 eventTimestamp=191980.9329 eventNumber=0 absolute=(15983.0000,11004.0000,710.0000) screen=(389.9297,-317.2305) pressure=0.0000 tangentialPressure=0.0000 tilt=(0.5781,-0.1250) rotation=0.0000 buttons=0x0 deviceID=19450
PEN t=23.1568 monitor=global type=mouseMoved subtype=1 eventTimestamp=191980.9400 eventNumber=0 absolute=(15993.0000,11000.0000,710.0000) screen=(390.3320,-317.4844) pressure=0.0000 tangentialPressure=0.0000 tilt=(0.5781,-0.1250) rotation=0.0000 buttons=0x0 deviceID=19450
PEN t=23.1667 monitor=global type=mouseMoved subtype=1 eventTimestamp=191980.9498 eventNumber=0 absolute=(16025.0000,10991.0000,665.0000) screen=(391.4648,-318.1016) pressure=0.0000 tangentialPressure=0.0000 tilt=(0.5781,-0.1094) rotation=0.0000 buttons=0x0 deviceID=19450
PEN t=23.1749 monitor=global type=mouseMoved subtype=1 eventTimestamp=191980.9581 eventNumber=0 absolute=(16043.0000,10989.0000,665.0000) screen=(392.1211,-318.2812) pressure=0.0000 tangentialPressure=0.0000 tilt=(0.5781,-0.1094) rotation=0.0000 buttons=0x0 deviceID=19450
PEN t=23.1881 monitor=global type=mouseMoved subtype=1 eventTimestamp=191980.9705 eventNumber=0 absolute=(16073.0000,10984.0000,621.0000) screen=(393.2500,-318.6055) pressure=0.0000 tangentialPressure=0.0000 tilt=(0.5781,-0.1094) rotation=0.0000 buttons=0x0 deviceID=19450
PEN t=23.2163 monitor=global type=mouseMoved subtype=1 eventTimestamp=191980.9994 eventNumber=0 absolute=(16067.0000,10985.0000,621.0000) screen=(392.9961,-318.5352) pressure=0.0000 tangentialPressure=0.0000 tilt=(0.5781,-0.1094) rotation=0.0000 buttons=0x0 deviceID=19450
PEN t=23.2250 monitor=global type=mouseMoved subtype=1 eventTimestamp=191981.0082 eventNumber=0 absolute=(16067.0000,11001.0000,577.0000) screen=(392.9961,-317.4102) pressure=0.0000 tangentialPressure=0.0000 tilt=(0.5781,-0.1094) rotation=0.0000 buttons=0x0 deviceID=19450
PEN t=23.2337 monitor=global type=mouseMoved subtype=1 eventTimestamp=191981.0164 eventNumber=0 absolute=(16065.0000,11011.0000,577.0000) screen=(392.9219,-316.7227) pressure=0.0000 tangentialPressure=0.0000 tilt=(0.5781,-0.0938) rotation=0.0000 buttons=0x0 deviceID=19450
PEN t=23.2377 monitor=global type=mouseMoved subtype=1 eventTimestamp=191981.0209 eventNumber=0 absolute=(16061.0000,11022.0000,577.0000) screen=(392.8125,-315.9961) pressure=0.0000 tangentialPressure=0.0000 tilt=(0.5781,-0.0938) rotation=0.0000 buttons=0x0 deviceID=19450
PEN t=23.2575 monitor=global type=mouseMoved subtype=1 eventTimestamp=191981.0406 eventNumber=0 absolute=(16059.0000,11038.0000,485.0000) screen=(392.7031,-314.8359) pressure=0.0000 tangentialPressure=0.0000 tilt=(0.5781,-0.0938) rotation=0.0000 buttons=0x0 deviceID=19450
PEN t=23.2670 monitor=global type=mouseMoved subtype=1 eventTimestamp=191981.0502 eventNumber=0 absolute=(16064.0000,11052.0000,485.0000) screen=(392.8867,-313.8945) pressure=0.0000 tangentialPressure=0.0000 tilt=(0.5781,-0.0938) rotation=0.0000 buttons=0x0 deviceID=19450
PEN t=23.2730 monitor=global type=mouseMoved subtype=1 eventTimestamp=191981.0562 eventNumber=0 absolute=(16069.0000,11059.0000,441.0000) screen=(393.0664,-313.4219) pressure=0.0000 tangentialPressure=0.0000 tilt=(0.5781,-0.0938) rotation=0.0000 buttons=0x0 deviceID=19450
PEN t=23.2830 monitor=global type=mouseMoved subtype=1 eventTimestamp=191981.0601 eventNumber=0 absolute=(16073.0000,11066.0000,441.0000) screen=(393.2148,-312.9492) pressure=0.0000 tangentialPressure=0.0000 tilt=(0.5781,-0.0938) rotation=0.0000 buttons=0x0 deviceID=19450
PEN t=23.3059 monitor=global type=mouseMoved subtype=1 eventTimestamp=191981.0891 eventNumber=0 absolute=(16102.0000,11079.0000,397.0000) screen=(394.3086,-312.0430) pressure=0.0000 tangentialPressure=0.0000 tilt=(0.5781,-0.0938) rotation=0.0000 buttons=0x0 deviceID=19450
PEN t=23.3164 monitor=global type=mouseMoved subtype=1 eventTimestamp=191981.0993 eventNumber=0 absolute=(16132.0000,11080.0000,353.0000) screen=(395.3672,-311.9375) pressure=0.0000 tangentialPressure=0.0000 tilt=(0.5781,-0.0938) rotation=0.0000 buttons=0x0 deviceID=19450
PEN t=23.3244 monitor=global type=mouseMoved subtype=1 eventTimestamp=191981.1074 eventNumber=0 absolute=(16154.0000,11084.0000,308.0000) screen=(396.1680,-311.6836) pressure=0.0000 tangentialPressure=0.0000 tilt=(0.5781,-0.0938) rotation=0.0000 buttons=0x0 deviceID=19450
PEN t=23.3486 monitor=global type=mouseMoved subtype=1 eventTimestamp=191981.1312 eventNumber=0 absolute=(16186.0000,11087.0000,264.0000) screen=(397.3359,-311.4648) pressure=0.0000 tangentialPressure=0.0000 tilt=(0.5781,-0.0781) rotation=0.0000 buttons=0x0 deviceID=19450
PEN t=23.3568 monitor=global type=mouseMoved subtype=1 eventTimestamp=191981.1401 eventNumber=0 absolute=(16206.0000,11092.0000,220.0000) screen=(398.0664,-311.1367) pressure=0.0000 tangentialPressure=0.0000 tilt=(0.5781,-0.0781) rotation=0.0000 buttons=0x0 deviceID=19450
PEN t=23.3677 monitor=global type=mouseMoved subtype=1 eventTimestamp=191981.1507 eventNumber=0 absolute=(16223.0000,11097.0000,132.0000) screen=(398.7227,-310.7773) pressure=0.0000 tangentialPressure=0.0000 tilt=(0.5781,-0.0781) rotation=0.0000 buttons=0x0 deviceID=19450
PEN t=23.3732 monitor=global type=mouseMoved subtype=1 eventTimestamp=191981.1564 eventNumber=0 absolute=(16237.0000,11103.0000,88.0000) screen=(399.2305,-310.3398) pressure=0.0000 tangentialPressure=0.0000 tilt=(0.5781,-0.0781) rotation=0.0000 buttons=0x0 deviceID=19450
PEN t=23.3995 monitor=global type=mouseMoved subtype=1 eventTimestamp=191981.1826 eventNumber=0 absolute=(16252.0000,11110.0000,88.0000) screen=(399.7773,-309.9062) pressure=0.0000 tangentialPressure=0.0000 tilt=(0.5781,-0.0781) rotation=0.0000 buttons=0x0 deviceID=19450
PEN t=23.4069 monitor=global type=mouseMoved subtype=1 eventTimestamp=191981.1899 eventNumber=0 absolute=(16263.0000,11112.0000,132.0000) screen=(400.1445,-309.7617) pressure=0.0000 tangentialPressure=0.0000 tilt=(0.5781,-0.0781) rotation=0.0000 buttons=0x0 deviceID=19450
PEN t=23.4543 monitor=global type=mouseMoved subtype=1 eventTimestamp=191981.2376 eventNumber=0 absolute=(16277.0000,11107.0000,397.0000) screen=(400.6523,-310.0859) pressure=0.0000 tangentialPressure=0.0000 tilt=(0.5781,-0.0781) rotation=0.0000 buttons=0x0 deviceID=19450
PEN t=23.5205 monitor=global type=mouseMoved subtype=1 eventTimestamp=191981.2997 eventNumber=0 absolute=(16281.0000,11093.0000,621.0000) screen=(400.8008,-311.0312) pressure=0.0000 tangentialPressure=0.0000 tilt=(0.5781,-0.0781) rotation=0.0000 buttons=0x0 deviceID=19450
PEN t=23.5506 monitor=global type=mouseMoved subtype=1 eventTimestamp=191981.3330 eventNumber=0 absolute=(16281.0000,11079.0000,710.0000) screen=(400.8008,-312.0078) pressure=0.0000 tangentialPressure=0.0000 tilt=(0.5781,-0.0781) rotation=0.0000 buttons=0x0 deviceID=19450
PEN t=23.5888 monitor=global type=mouseMoved subtype=1 eventTimestamp=191981.3721 eventNumber=0 absolute=(16287.0000,11070.0000,754.0000) screen=(401.0195,-312.6250) pressure=0.0000 tangentialPressure=0.0000 tilt=(0.5625,-0.0469) rotation=0.0000 buttons=0x0 deviceID=19450
PEN t=23.6373 monitor=global type=mouseMoved subtype=1 eventTimestamp=191981.4202 eventNumber=0 absolute=(16286.0000,11073.0000,710.0000) screen=(400.9844,-312.4453) pressure=0.0000 tangentialPressure=0.0000 tilt=(0.5625,-0.0469) rotation=0.0000 buttons=0x0 deviceID=19450
PEN t=23.6752 monitor=global type=mouseMoved subtype=1 eventTimestamp=191981.4575 eventNumber=0 absolute=(16282.0000,11064.0000,621.0000) screen=(400.8359,-313.0586) pressure=0.0000 tangentialPressure=0.0000 tilt=(0.5625,-0.0469) rotation=0.0000 buttons=0x0 deviceID=19450
PEN t=23.7282 monitor=global type=mouseMoved subtype=1 eventTimestamp=191981.5063 eventNumber=0 absolute=(16258.0000,11059.0000,577.0000) screen=(399.9609,-313.3867) pressure=0.0000 tangentialPressure=0.0000 tilt=(0.5625,-0.0469) rotation=0.0000 buttons=0x0 deviceID=19450
PEN t=23.7422 monitor=global type=mouseMoved subtype=1 eventTimestamp=191981.5254 eventNumber=0 absolute=(16236.0000,11066.0000,577.0000) screen=(399.1602,-312.9141) pressure=0.0000 tangentialPressure=0.0000 tilt=(0.5625,-0.0469) rotation=0.0000 buttons=0x0 deviceID=19450
PEN t=23.7499 monitor=global type=mouseMoved subtype=1 eventTimestamp=191981.5328 eventNumber=0 absolute=(16230.0000,11069.0000,577.0000) screen=(398.9414,-312.7344) pressure=0.0000 tangentialPressure=0.0000 tilt=(0.5625,-0.0469) rotation=0.0000 buttons=0x0 deviceID=19450
PEN t=23.7817 monitor=global type=mouseMoved subtype=1 eventTimestamp=191981.5645 eventNumber=0 absolute=(16196.0000,11079.0000,577.0000) screen=(397.7383,-312.0078) pressure=0.0000 tangentialPressure=0.0000 tilt=(0.5625,-0.0469) rotation=0.0000 buttons=0x0 deviceID=19450
PEN t=23.7833 monitor=global type=mouseMoved subtype=1 eventTimestamp=191981.5666 eventNumber=0 absolute=(16193.0000,11081.0000,577.0000) screen=(397.5898,-311.8984) pressure=0.0000 tangentialPressure=0.0000 tilt=(0.5625,-0.0469) rotation=0.0000 buttons=0x0 deviceID=19450
PEN t=23.8056 monitor=global type=mouseMoved subtype=1 eventTimestamp=191981.5888 eventNumber=0 absolute=(16172.0000,11085.0000,577.0000) screen=(396.8242,-311.6094) pressure=0.0000 tangentialPressure=0.0000 tilt=(0.5625,-0.0313) rotation=0.0000 buttons=0x0 deviceID=19450
PEN t=23.8331 monitor=global type=mouseMoved subtype=1 eventTimestamp=191981.6163 eventNumber=0 absolute=(16149.0000,11088.0000,577.0000) screen=(395.9844,-311.3906) pressure=0.0000 tangentialPressure=0.0000 tilt=(0.5625,-0.0313) rotation=0.0000 buttons=0x0 deviceID=19450
PEN t=23.8595 monitor=global type=mouseMoved subtype=1 eventTimestamp=191981.6417 eventNumber=0 absolute=(16126.0000,11094.0000,621.0000) screen=(395.1484,-310.9570) pressure=0.0000 tangentialPressure=0.0000 tilt=(0.5625,-0.0313) rotation=0.0000 buttons=0x0 deviceID=19450
PEN t=23.8671 monitor=global type=mouseMoved subtype=1 eventTimestamp=191981.6503 eventNumber=0 absolute=(16120.0000,11097.0000,621.0000) screen=(394.9297,-310.7773) pressure=0.0000 tangentialPressure=0.0000 tilt=(0.5625,-0.0313) rotation=0.0000 buttons=0x0 deviceID=19450
PEN t=23.8922 monitor=global type=mouseMoved subtype=1 eventTimestamp=191981.6755 eventNumber=0 absolute=(16092.0000,11107.0000,665.0000) screen=(393.9062,-310.0859) pressure=0.0000 tangentialPressure=0.0000 tilt=(0.5625,-0.0313) rotation=0.0000 buttons=0x0 deviceID=19450
PEN t=23.8991 monitor=global type=mouseMoved subtype=1 eventTimestamp=191981.6822 eventNumber=0 absolute=(16087.0000,11109.0000,665.0000) screen=(393.7227,-309.9766) pressure=0.0000 tangentialPressure=0.0000 tilt=(0.5625,-0.0313) rotation=0.0000 buttons=0x0 deviceID=19450
PEN t=23.9309 monitor=global type=mouseMoved subtype=1 eventTimestamp=191981.7086 eventNumber=0 absolute=(16064.0000,11113.0000,665.0000) screen=(392.8867,-309.6523) pressure=0.0000 tangentialPressure=0.0000 tilt=(0.5625,-0.0313) rotation=0.0000 buttons=0x0 deviceID=19450
PEN t=23.9685 monitor=global type=mouseMoved subtype=1 eventTimestamp=191981.7513 eventNumber=0 absolute=(16042.0000,11124.0000,621.0000) screen=(392.0820,-308.8906) pressure=0.0000 tangentialPressure=0.0000 tilt=(0.5625,-0.0313) rotation=0.0000 buttons=0x0 deviceID=19450
PEN t=23.9856 monitor=global type=mouseMoved subtype=1 eventTimestamp=191981.7687 eventNumber=0 absolute=(16039.0000,11131.0000,577.0000) screen=(391.9727,-308.4180) pressure=0.0000 tangentialPressure=0.0000 tilt=(0.5625,-0.0156) rotation=0.0000 buttons=0x0 deviceID=19450
PEN t=23.9980 monitor=global type=mouseMoved subtype=1 eventTimestamp=191981.7812 eventNumber=0 absolute=(16039.0000,11144.0000,533.0000) screen=(391.9727,-307.5469) pressure=0.0000 tangentialPressure=0.0000 tilt=(0.5625,-0.0156) rotation=0.0000 buttons=0x0 deviceID=19450
PEN t=24.0023 monitor=global type=mouseMoved subtype=1 eventTimestamp=191981.7853 eventNumber=0 absolute=(16039.0000,11153.0000,533.0000) screen=(391.9727,-306.9336) pressure=0.0000 tangentialPressure=0.0000 tilt=(0.5625,-0.0156) rotation=0.0000 buttons=0x0 deviceID=19450
PEN t=24.0140 monitor=global type=mouseMoved subtype=1 eventTimestamp=191981.7929 eventNumber=0 absolute=(16039.0000,11167.0000,533.0000) screen=(391.9727,-305.9531) pressure=0.0000 tangentialPressure=0.0000 tilt=(0.5625,-0.0156) rotation=0.0000 buttons=0x0 deviceID=19450
PEN t=24.0395 monitor=global type=mouseMoved subtype=1 eventTimestamp=191981.8162 eventNumber=0 absolute=(16039.0000,11182.0000,533.0000) screen=(391.9727,-304.9023) pressure=0.0000 tangentialPressure=0.0000 tilt=(0.5625,-0.0156) rotation=0.0000 buttons=0x0 deviceID=19450
PEN t=24.0512 monitor=global type=mouseMoved subtype=1 eventTimestamp=191981.8342 eventNumber=0 absolute=(16039.0000,11195.0000,533.0000) screen=(391.9727,-303.9961) pressure=0.0000 tangentialPressure=0.0000 tilt=(0.5781,-0.0156) rotation=0.0000 buttons=0x0 deviceID=19450
PEN t=24.0751 monitor=global type=mouseMoved subtype=1 eventTimestamp=191981.8582 eventNumber=0 absolute=(16042.0000,11202.0000,533.0000) screen=(392.0820,-303.5234) pressure=0.0000 tangentialPressure=0.0000 tilt=(0.5781,-0.0156) rotation=0.0000 buttons=0x0 deviceID=19450
PEN t=24.1013 monitor=global type=mouseMoved subtype=1 eventTimestamp=191981.8835 eventNumber=0 absolute=(16077.0000,11206.0000,533.0000) screen=(393.3594,-303.2344) pressure=0.0000 tangentialPressure=0.0000 tilt=(0.5625,-0.0156) rotation=0.0000 buttons=0x0 deviceID=19450
PEN t=24.1169 monitor=global type=mouseMoved subtype=1 eventTimestamp=191981.8981 eventNumber=0 absolute=(16110.0000,11206.0000,533.0000) screen=(394.5625,-303.2344) pressure=0.0000 tangentialPressure=0.0000 tilt=(0.5625,-0.0156) rotation=0.0000 buttons=0x0 deviceID=19450
PEN t=24.1191 monitor=global type=mouseMoved subtype=1 eventTimestamp=191981.9024 eventNumber=0 absolute=(16132.0000,11206.0000,533.0000) screen=(395.3672,-303.2344) pressure=0.0000 tangentialPressure=0.0000 tilt=(0.5625,-0.0156) rotation=0.0000 buttons=0x0 deviceID=19450
PEN t=24.1330 monitor=global type=mouseMoved subtype=1 eventTimestamp=191981.9160 eventNumber=0 absolute=(16158.0000,11205.0000,533.0000) screen=(396.3125,-303.2695) pressure=0.0000 tangentialPressure=0.0000 tilt=(0.5625,-0.0156) rotation=0.0000 buttons=0x0 deviceID=19450
PEN t=24.1418 monitor=global type=mouseMoved subtype=1 eventTimestamp=191981.9249 eventNumber=0 absolute=(16184.0000,11203.0000,533.0000) screen=(397.2969,-303.4531) pressure=0.0000 tangentialPressure=0.0000 tilt=(0.5625,-0.0156) rotation=0.0000 buttons=0x0 deviceID=19450
PEN t=24.1515 monitor=global type=mouseMoved subtype=1 eventTimestamp=191981.9348 eventNumber=0 absolute=(16211.0000,11200.0000,533.0000) screen=(398.2852,-303.6680) pressure=0.0000 tangentialPressure=0.0000 tilt=(0.5625,-0.0156) rotation=0.0000 buttons=0x0 deviceID=19450
PEN t=24.1660 monitor=global type=mouseMoved subtype=1 eventTimestamp=191981.9493 eventNumber=0 absolute=(16237.0000,11192.0000,533.0000) screen=(399.1953,-304.2148) pressure=0.0000 tangentialPressure=0.0000 tilt=(0.5625,-0.0156) rotation=0.0000 buttons=0x0 deviceID=19450
PEN t=24.1751 monitor=global type=mouseMoved subtype=1 eventTimestamp=191981.9580 eventNumber=0 absolute=(16260.0000,11179.0000,577.0000) screen=(400.0352,-305.0820) pressure=0.0000 tangentialPressure=0.0000 tilt=(0.5625,-0.0156) rotation=0.0000 buttons=0x0 deviceID=19450
PEN t=24.2156 monitor=global type=mouseMoved subtype=1 eventTimestamp=191981.9989 eventNumber=0 absolute=(16282.0000,11165.0000,533.0000) screen=(400.8359,-306.0977) pressure=0.0000 tangentialPressure=0.0000 tilt=(0.5625,-0.0156) rotation=0.0000 buttons=0x0 deviceID=19450
PEN t=24.2264 monitor=global type=mouseMoved subtype=1 eventTimestamp=191982.0096 eventNumber=0 absolute=(16288.0000,11164.0000,533.0000) screen=(401.0547,-306.1719) pressure=0.0000 tangentialPressure=0.0000 tilt=(0.5625,-0.0156) rotation=0.0000 buttons=0x0 deviceID=19450
PEN t=24.2523 monitor=global type=mouseMoved subtype=1 eventTimestamp=191982.0355 eventNumber=0 absolute=(16295.0000,11167.0000,441.0000) screen=(401.3125,-305.9531) pressure=0.0000 tangentialPressure=0.0000 tilt=(0.5625,-0.0156) rotation=0.0000 buttons=0x0 deviceID=19450
PEN t=24.3046 monitor=global type=mouseMoved subtype=1 eventTimestamp=191982.0845 eventNumber=0 absolute=(16309.0000,11183.0000,308.0000) screen=(401.8203,-304.8281) pressure=0.0000 tangentialPressure=0.0000 tilt=(0.5781,-0.0156) rotation=0.0000 buttons=0x0 deviceID=19450
PEN t=24.3166 monitor=global type=mouseMoved subtype=1 eventTimestamp=191982.0999 eventNumber=0 absolute=(16304.0000,11198.0000,264.0000) screen=(401.6406,-303.8125) pressure=0.0000 tangentialPressure=0.0000 tilt=(0.5781,-0.0156) rotation=0.0000 buttons=0x0 deviceID=19450
PEN t=24.3340 monitor=global type=mouseMoved subtype=1 eventTimestamp=191982.1172 eventNumber=0 absolute=(16299.0000,11210.0000,220.0000) screen=(401.4570,-302.9805) pressure=0.0000 tangentialPressure=0.0000 tilt=(0.5781,-0.0156) rotation=0.0000 buttons=0x0 deviceID=19450
PEN t=24.3413 monitor=global type=mouseMoved subtype=1 eventTimestamp=191982.1245 eventNumber=0 absolute=(16299.0000,11226.0000,176.0000) screen=(401.4570,-301.8555) pressure=0.0000 tangentialPressure=0.0000 tilt=(0.5781,-0.0156) rotation=0.0000 buttons=0x0 deviceID=19450
PEN t=24.3666 monitor=global type=mouseMoved subtype=1 eventTimestamp=191982.1498 eventNumber=0 absolute=(16300.0000,11242.0000,132.0000) screen=(401.4922,-300.7305) pressure=0.0000 tangentialPressure=0.0000 tilt=(0.5781,-0.0156) rotation=0.0000 buttons=0x0 deviceID=19450
PEN t=24.3858 monitor=global type=mouseMoved subtype=1 eventTimestamp=191982.1664 eventNumber=0 absolute=(16295.0000,11254.0000,88.0000) screen=(401.3125,-299.8984) pressure=0.0000 tangentialPressure=0.0000 tilt=(0.5781,-0.0156) rotation=0.0000 buttons=0x0 deviceID=19450
PEN t=24.4002 monitor=global type=mouseMoved subtype=1 eventTimestamp=191982.1833 eventNumber=0 absolute=(16282.0000,11265.0000,88.0000) screen=(400.8359,-299.1367) pressure=0.0000 tangentialPressure=0.0000 tilt=(0.5781,-0.0156) rotation=0.0000 buttons=0x0 deviceID=19450
PEN t=24.4070 monitor=global type=mouseMoved subtype=1 eventTimestamp=191982.1900 eventNumber=0 absolute=(16276.0000,11269.0000,88.0000) screen=(400.6172,-298.8477) pressure=0.0000 tangentialPressure=0.0000 tilt=(0.5781,-0.0156) rotation=0.0000 buttons=0x0 deviceID=19450
PEN t=24.4207 monitor=global type=mouseMoved subtype=1 eventTimestamp=191982.2039 eventNumber=0 absolute=(16251.0000,11283.0000,88.0000) screen=(399.7422,-297.8672) pressure=0.0000 tangentialPressure=0.0000 tilt=(0.5781,0.0000) rotation=0.0000 buttons=0x0 deviceID=19450
PEN t=24.4372 monitor=global type=mouseMoved subtype=1 eventTimestamp=191982.2182 eventNumber=0 absolute=(16230.0000,11298.0000,88.0000) screen=(398.9414,-296.8516) pressure=0.0000 tangentialPressure=0.0000 tilt=(0.5781,0.0000) rotation=0.0000 buttons=0x0 deviceID=19450
PEN t=24.5161 monitor=global type=mouseMoved subtype=1 eventTimestamp=191982.2993 eventNumber=0 absolute=(16207.0000,11293.0000,88.0000) screen=(398.1016,-297.1797) pressure=0.0000 tangentialPressure=0.0000 tilt=(0.5781,0.0000) rotation=0.0000 buttons=0x0 deviceID=19450
PEN t=24.5402 monitor=global type=mouseMoved subtype=1 eventTimestamp=191982.3233 eventNumber=0 absolute=(16208.0000,11279.0000,88.0000) screen=(398.1367,-298.1562) pressure=0.0000 tangentialPressure=0.0000 tilt=(0.5781,0.0000) rotation=0.0000 buttons=0x0 deviceID=19450
PEN t=24.5429 monitor=global type=mouseMoved subtype=1 eventTimestamp=191982.3262 eventNumber=0 absolute=(16203.0000,11278.0000,88.0000) screen=(397.9570,-298.2656) pressure=0.0000 tangentialPressure=0.0000 tilt=(0.5781,0.0000) rotation=0.0000 buttons=0x0 deviceID=19450
PEN t=24.5760 monitor=global type=mouseMoved subtype=1 eventTimestamp=191982.3592 eventNumber=0 absolute=(16190.0000,11264.0000,88.0000) screen=(397.4805,-299.2109) pressure=0.0000 tangentialPressure=0.0000 tilt=(0.5781,0.0000) rotation=0.0000 buttons=0x0 deviceID=19450
PEN t=24.6032 monitor=global type=mouseMoved subtype=1 eventTimestamp=191982.3845 eventNumber=0 absolute=(16189.0000,11250.0000,88.0000) screen=(397.4453,-300.1523) pressure=0.0000 tangentialPressure=0.0000 tilt=(0.5781,0.0000) rotation=0.0000 buttons=0x0 deviceID=19450
PEN t=24.6252 monitor=global type=mouseMoved subtype=1 eventTimestamp=191982.4082 eventNumber=0 absolute=(16176.0000,11238.0000,44.0000) screen=(396.9688,-300.9844) pressure=0.0000 tangentialPressure=0.0000 tilt=(0.5781,0.0000) rotation=0.0000 buttons=0x0 deviceID=19450
PEN t=24.6330 monitor=global type=mouseMoved subtype=1 eventTimestamp=191982.4162 eventNumber=0 absolute=(16172.0000,11237.0000,44.0000) screen=(396.8242,-301.0938) pressure=0.0000 tangentialPressure=0.0000 tilt=(0.5781,0.0000) rotation=0.0000 buttons=0x0 deviceID=19450
PEN t=24.6543 monitor=global type=mouseMoved subtype=1 eventTimestamp=191982.4376 eventNumber=0 absolute=(16146.0000,11235.0000,88.0000) screen=(395.8750,-301.2031) pressure=0.0000 tangentialPressure=0.0000 tilt=(0.5781,0.0000) rotation=0.0000 buttons=0x0 deviceID=19450
PEN t=24.6747 monitor=global type=mouseMoved subtype=1 eventTimestamp=191982.4579 eventNumber=0 absolute=(16120.0000,11235.0000,88.0000) screen=(394.9297,-301.2031) pressure=0.0000 tangentialPressure=0.0000 tilt=(0.5781,0.0000) rotation=0.0000 buttons=0x0 deviceID=19450
PEN t=24.6904 monitor=global type=mouseMoved subtype=1 eventTimestamp=191982.4735 eventNumber=0 absolute=(16090.0000,11235.0000,88.0000) screen=(393.8320,-301.2031) pressure=0.0000 tangentialPressure=0.0000 tilt=(0.5781,0.0000) rotation=0.0000 buttons=0x0 deviceID=19450
PEN t=24.7082 monitor=global type=mouseMoved subtype=1 eventTimestamp=191982.4915 eventNumber=0 absolute=(16057.0000,11237.0000,44.0000) screen=(392.6289,-301.0586) pressure=0.0000 tangentialPressure=0.0000 tilt=(0.5781,0.0000) rotation=0.0000 buttons=0x0 deviceID=19450
PEN t=24.7164 monitor=global type=mouseMoved subtype=1 eventTimestamp=191982.4992 eventNumber=0 absolute=(16046.0000,11239.0000,44.0000) screen=(392.2305,-300.9492) pressure=0.0000 tangentialPressure=0.0000 tilt=(0.5781,0.0000) rotation=0.0000 buttons=0x0 deviceID=19450
PEN t=24.7168 monitor=global type=mouseMoved subtype=1 eventTimestamp=191982.5001 eventNumber=0 absolute=(16033.0000,11239.0000,44.0000) screen=(391.7930,-300.9141) pressure=0.0000 tangentialPressure=0.0000 tilt=(0.5781,0.0000) rotation=0.0000 buttons=0x0 deviceID=19450
PEN t=24.7243 monitor=global type=mouseMoved subtype=1 eventTimestamp=191982.5075 eventNumber=0 absolute=(16009.0000,11243.0000,0.0000) screen=(390.8789,-300.6602) pressure=0.0000 tangentialPressure=0.0000 tilt=(0.5781,0.0000) rotation=0.0000 buttons=0x0 deviceID=19450
PEN t=24.7379 monitor=global type=mouseMoved subtype=1 eventTimestamp=191982.5207 eventNumber=0 absolute=(15983.0000,11248.0000,0.0000) screen=(389.9297,-300.3320) pressure=0.0000 tangentialPressure=0.0000 tilt=(0.5781,0.0000) rotation=0.0000 buttons=0x0 deviceID=19450
PEN t=24.7500 monitor=global type=mouseMoved subtype=1 eventTimestamp=191982.5331 eventNumber=0 absolute=(15957.0000,11253.0000,0.0000) screen=(388.9844,-299.9727) pressure=0.0000 tangentialPressure=0.0000 tilt=(0.5781,0.0000) rotation=0.0000 buttons=0x0 deviceID=19450
PEN t=24.7698 monitor=global type=mouseMoved subtype=1 eventTimestamp=191982.5498 eventNumber=0 absolute=(15919.0000,11263.0000,0.0000) screen=(387.5977,-299.3164) pressure=0.0000 tangentialPressure=0.0000 tilt=(0.5781,0.0000) rotation=0.0000 buttons=0x0 deviceID=19450
PEN t=24.7832 monitor=global type=mouseMoved subtype=1 eventTimestamp=191982.5663 eventNumber=0 absolute=(15892.0000,11267.0000,0.0000) screen=(386.0273,-298.9180) pressure=0.0000 tangentialPressure=0.0000 tilt=(0.5781,0.0000) rotation=0.0000 buttons=0x0 deviceID=19450
PEN t=24.7874 monitor=global type=mouseMoved subtype=1 eventTimestamp=191982.5706 eventNumber=0 absolute=(15861.0000,11269.0000,40.0000) screen=(385.4805,-298.8828) pressure=0.0000 tangentialPressure=0.0000 tilt=(0.5781,0.0000) rotation=0.0000 buttons=0x0 deviceID=19450
PEN t=24.7907 monitor=global type=mouseMoved subtype=1 eventTimestamp=191982.5739 eventNumber=0 absolute=(15843.0000,11270.0000,40.0000) screen=(384.8633,-298.8125) pressure=0.0000 tangentialPressure=0.0000 tilt=(0.5781,0.0000) rotation=0.0000 buttons=0x0 deviceID=19450
PEN t=24.8013 monitor=global type=mouseMoved subtype=1 eventTimestamp=191982.5845 eventNumber=0 absolute=(15813.0000,11272.0000,40.0000) screen=(383.7305,-298.6641) pressure=0.0000 tangentialPressure=0.0000 tilt=(0.5781,0.0000) rotation=0.0000 buttons=0x0 deviceID=19450
PEN t=24.8188 monitor=global type=mouseMoved subtype=1 eventTimestamp=191982.5995 eventNumber=0 absolute=(15782.0000,11274.0000,84.0000) screen=(382.6016,-298.5195) pressure=0.0000 tangentialPressure=0.0000 tilt=(0.5781,0.0000) rotation=0.0000 buttons=0x0 deviceID=19450
PEN t=24.8240 monitor=global type=mouseMoved subtype=1 eventTimestamp=191982.6072 eventNumber=0 absolute=(15753.0000,11275.0000,124.0000) screen=(381.5430,-298.4844) pressure=0.0000 tangentialPressure=0.0000 tilt=(0.5781,0.0000) rotation=0.0000 buttons=0x0 deviceID=19450
PEN t=24.8334 monitor=global type=mouseMoved subtype=1 eventTimestamp=191982.6166 eventNumber=0 absolute=(15724.0000,11275.0000,168.0000) screen=(380.4844,-298.4844) pressure=0.0000 tangentialPressure=0.0000 tilt=(0.5781,0.0000) rotation=0.0000 buttons=0x0 deviceID=19450
PEN t=24.8425 monitor=global type=mouseMoved subtype=1 eventTimestamp=191982.6258 eventNumber=0 absolute=(15697.0000,11271.0000,212.0000) screen=(379.5000,-298.7031) pressure=0.0000 tangentialPressure=0.0000 tilt=(0.5781,0.0000) rotation=0.0000 buttons=0x0 deviceID=19450
PEN t=24.8576 monitor=global type=mouseMoved subtype=1 eventTimestamp=191982.6408 eventNumber=0 absolute=(15677.0000,11264.0000,252.0000) screen=(378.7695,-299.2461) pressure=0.0000 tangentialPressure=0.0000 tilt=(0.5781,0.0000) rotation=0.0000 buttons=0x0 deviceID=19450
PEN t=24.8740 monitor=global type=mouseMoved subtype=1 eventTimestamp=191982.6572 eventNumber=0 absolute=(15698.0000,11242.0000,212.0000) screen=(379.5352,-300.7305) pressure=0.0000 tangentialPressure=0.0000 tilt=(0.5781,0.0000) rotation=0.0000 buttons=0x0 deviceID=19450
PEN t=24.8826 monitor=global type=mouseMoved subtype=1 eventTimestamp=191982.6621 eventNumber=0 absolute=(15737.0000,11219.0000,168.0000) screen=(380.9609,-302.3633) pressure=0.0000 tangentialPressure=0.0000 tilt=(0.5781,0.0000) rotation=0.0000 buttons=0x0 deviceID=19450
PEN t=24.8839 monitor=global type=mouseMoved subtype=1 eventTimestamp=191982.6670 eventNumber=0 absolute=(15769.0000,11188.0000,168.0000) screen=(382.1250,-304.5039) pressure=0.0000 tangentialPressure=0.0000 tilt=(0.5781,0.0000) rotation=0.0000 buttons=0x0 deviceID=19450
PEN t=24.8890 monitor=global type=mouseMoved subtype=1 eventTimestamp=191982.6714 eventNumber=0 absolute=(15788.0000,11159.0000,212.0000) screen=(382.8555,-306.4609) pressure=0.0000 tangentialPressure=0.0000 tilt=(0.5781,0.0000) rotation=0.0000 buttons=0x0 deviceID=19450
PEN t=24.8920 monitor=global type=mouseMoved subtype=1 eventTimestamp=191982.6734 eventNumber=0 absolute=(15784.0000,11136.0000,252.0000) screen=(382.6719,-308.0547) pressure=0.0000 tangentialPressure=0.0000 tilt=(0.5781,0.0000) rotation=0.0000 buttons=0x0 deviceID=19450
PEN t=24.9092 monitor=global type=mouseMoved subtype=1 eventTimestamp=191982.6849 eventNumber=0 absolute=(15753.0000,11126.0000,341.0000) screen=(381.5430,-308.7812) pressure=0.0000 tangentialPressure=0.0000 tilt=(0.5781,0.0000) rotation=0.0000 buttons=0x0 deviceID=19450
PEN t=24.9153 monitor=global type=mouseMoved subtype=1 eventTimestamp=191982.6982 eventNumber=0 absolute=(15725.0000,11125.0000,425.0000) screen=(380.5234,-308.8555) pressure=0.0000 tangentialPressure=0.0000 tilt=(0.5781,0.0000) rotation=0.0000 buttons=0x0 deviceID=19450
PEN t=24.9174 monitor=global type=mouseMoved subtype=1 eventTimestamp=191982.7006 eventNumber=0 absolute=(15707.0000,11133.0000,509.0000) screen=(379.9023,-308.2734) pressure=0.0000 tangentialPressure=0.0000 tilt=(0.5781,0.0000) rotation=0.0000 buttons=0x0 deviceID=19450
PEN t=24.9210 monitor=global type=mouseMoved subtype=1 eventTimestamp=191982.7041 eventNumber=0 absolute=(15707.0000,11143.0000,509.0000) screen=(379.9023,-307.6211) pressure=0.0000 tangentialPressure=0.0000 tilt=(0.5781,0.0000) rotation=0.0000 buttons=0x0 deviceID=19450
PEN t=24.9239 monitor=global type=mouseMoved subtype=1 eventTimestamp=191982.7071 eventNumber=0 absolute=(15717.0000,11151.0000,509.0000) screen=(380.2305,-307.0430) pressure=0.0000 tangentialPressure=0.0000 tilt=(0.5781,0.0000) rotation=0.0000 buttons=0x0 deviceID=19450
PEN t=24.9263 monitor=global type=mouseMoved subtype=1 eventTimestamp=191982.7096 eventNumber=0 absolute=(15725.0000,11157.0000,509.0000) screen=(380.5234,-306.6406) pressure=0.0000 tangentialPressure=0.0000 tilt=(0.5781,0.0000) rotation=0.0000 buttons=0x0 deviceID=19450
PEN t=24.9513 monitor=global type=mouseMoved subtype=1 eventTimestamp=191982.7345 eventNumber=0 absolute=(15731.0000,11151.0000,509.0000) screen=(380.7422,-307.0430) pressure=0.0000 tangentialPressure=0.0000 tilt=(0.5781,0.0000) rotation=0.0000 buttons=0x0 deviceID=19450
PEN t=24.9591 monitor=global type=mouseMoved subtype=1 eventTimestamp=191982.7424 eventNumber=0 absolute=(15741.0000,11151.0000,509.0000) screen=(381.1055,-307.0430) pressure=0.0000 tangentialPressure=0.0000 tilt=(0.5781,0.0000) rotation=0.0000 buttons=0x0 deviceID=19450
PEN t=24.9911 monitor=global type=mouseMoved subtype=1 eventTimestamp=191982.7742 eventNumber=0 absolute=(15770.0000,11148.0000,509.0000) screen=(382.1641,-307.2578) pressure=0.0000 tangentialPressure=0.0000 tilt=(0.5781,0.0000) rotation=0.0000 buttons=0x0 deviceID=19450
PEN t=25.0337 monitor=global type=mouseMoved subtype=1 eventTimestamp=191982.8169 eventNumber=0 absolute=(15788.0000,11153.0000,553.0000) screen=(382.8555,-306.8945) pressure=0.0000 tangentialPressure=0.0000 tilt=(0.5781,0.0156) rotation=0.0000 buttons=0x0 deviceID=19450
PEN t=25.0413 monitor=global type=mouseMoved subtype=1 eventTimestamp=191982.8245 eventNumber=0 absolute=(15796.0000,11160.0000,553.0000) screen=(383.1094,-306.4258) pressure=0.0000 tangentialPressure=0.0000 tilt=(0.5781,0.0156) rotation=0.0000 buttons=0x0 deviceID=19450
PEN t=25.0542 monitor=global type=mouseMoved subtype=1 eventTimestamp=191982.8371 eventNumber=0 absolute=(15810.0000,11167.0000,553.0000) screen=(383.6211,-305.9531) pressure=0.0000 tangentialPressure=0.0000 tilt=(0.5781,0.0312) rotation=0.0000 buttons=0x0 deviceID=19450
PEN t=25.0674 monitor=global type=mouseMoved subtype=1 eventTimestamp=191982.8495 eventNumber=0 absolute=(15821.0000,11172.0000,553.0000) screen=(384.0234,-305.5547) pressure=0.0000 tangentialPressure=0.0000 tilt=(0.5781,0.0312) rotation=0.0000 buttons=0x0 deviceID=19450
PEN t=25.0888 monitor=global type=mouseMoved subtype=1 eventTimestamp=191982.8720 eventNumber=0 absolute=(15852.0000,11181.0000,553.0000) screen=(385.1523,-304.9727) pressure=0.0000 tangentialPressure=0.0000 tilt=(0.5781,0.0312) rotation=0.0000 buttons=0x0 deviceID=19450
PEN t=25.1165 monitor=global type=mouseMoved subtype=1 eventTimestamp=191982.8996 eventNumber=0 absolute=(15877.0000,11186.0000,637.0000) screen=(386.0664,-304.6484) pressure=0.0000 tangentialPressure=0.0000 tilt=(0.5781,0.0312) rotation=0.0000 buttons=0x0 deviceID=19450
PEN t=25.1582 monitor=global type=mouseMoved subtype=1 eventTimestamp=191982.9414 eventNumber=0 absolute=(15900.0000,11195.0000,682.0000) screen=(386.9023,-303.9609) pressure=0.0000 tangentialPressure=0.0000 tilt=(0.5781,0.0312) rotation=0.0000 buttons=0x0 deviceID=19450
PEN t=25.2233 monitor=global type=mouseMoved subtype=1 eventTimestamp=191983.0065 eventNumber=0 absolute=(15897.0000,11210.0000,722.0000) screen=(386.8320,-302.9805) pressure=0.0000 tangentialPressure=0.0000 tilt=(0.5781,0.0312) rotation=0.0000 buttons=0x0 deviceID=19450
PEN t=25.2500 monitor=global type=mouseMoved subtype=1 eventTimestamp=191983.0331 eventNumber=0 absolute=(15896.0000,11209.0000,766.0000) screen=(386.7578,-303.0547) pressure=0.0000 tangentialPressure=0.0000 tilt=(0.5781,0.0312) rotation=0.0000 buttons=0x0 deviceID=19450
PEN t=25.2836 monitor=global type=mouseMoved subtype=1 eventTimestamp=191983.0664 eventNumber=0 absolute=(15898.0000,11192.0000,806.0000) screen=(386.8672,-304.1758) pressure=0.0000 tangentialPressure=0.0000 tilt=(0.5781,0.0312) rotation=0.0000 buttons=0x0 deviceID=19450
PEN t=25.3029 monitor=global type=mouseMoved subtype=1 eventTimestamp=191983.0825 eventNumber=0 absolute=(15909.0000,11178.0000,850.0000) screen=(387.2344,-305.1914) pressure=0.0000 tangentialPressure=0.0000 tilt=(0.5781,0.0312) rotation=0.0000 buttons=0x0 deviceID=19450
PEN t=25.3163 monitor=global type=mouseMoved subtype=1 eventTimestamp=191983.0995 eventNumber=0 absolute=(15920.0000,11160.0000,894.0000) screen=(387.6328,-306.3867) pressure=0.0000 tangentialPressure=0.0000 tilt=(0.5781,0.0312) rotation=0.0000 buttons=0x0 deviceID=19450
PEN t=25.3230 monitor=global type=mouseMoved subtype=1 eventTimestamp=191983.1063 eventNumber=0 absolute=(15931.0000,11145.0000,934.0000) screen=(388.0352,-307.4414) pressure=0.0000 tangentialPressure=0.0000 tilt=(0.5781,0.0312) rotation=0.0000 buttons=0x0 deviceID=19450
PEN t=25.3498 monitor=global type=mouseMoved subtype=1 eventTimestamp=191983.1331 eventNumber=0 absolute=(15955.0000,11134.0000,978.0000) screen=(389.3125,-308.3828) pressure=0.0000 tangentialPressure=0.0000 tilt=(0.5781,0.0312) rotation=0.0000 buttons=0x0 deviceID=19450
PEN t=25.3731 monitor=global type=mouseMoved subtype=1 eventTimestamp=191983.1543 eventNumber=0 absolute=(15984.0000,11121.0000,978.0000) screen=(389.9688,-309.1445) pressure=0.0000 tangentialPressure=0.0000 tilt=(0.5625,0.0312) rotation=0.0000 buttons=0x0 deviceID=19450
PEN t=25.3755 monitor=global type=mouseMoved subtype=1 eventTimestamp=191983.1588 eventNumber=0 absolute=(16000.0000,11112.0000,978.0000) screen=(390.5508,-309.7227) pressure=0.0000 tangentialPressure=0.0000 tilt=(0.5625,0.0312) rotation=0.0000 buttons=0x0 deviceID=19450
PEN t=25.3834 monitor=global type=mouseMoved subtype=1 eventTimestamp=191983.1662 eventNumber=0 absolute=(16017.0000,11103.0000,978.0000) screen=(391.9375,-311.0664) pressure=0.0000 tangentialPressure=0.0000 tilt=(0.5625,0.0312) rotation=0.0000 buttons=0x0 deviceID=19450
PEN t=25.3876 monitor=global type=mouseMoved subtype=1 eventTimestamp=191983.1705 eventNumber=0 absolute=(16064.0000,11082.0000,978.0000) screen=(392.8867,-311.8281) pressure=0.0000 tangentialPressure=0.0000 tilt=(0.5625,0.0312) rotation=0.0000 buttons=0x0 deviceID=19450
PEN t=25.3885 monitor=global type=mouseMoved subtype=1 eventTimestamp=191983.1719 eventNumber=0 absolute=(16094.0000,11070.0000,978.0000) screen=(393.9805,-312.6602) pressure=0.0000 tangentialPressure=0.0000 tilt=(0.5625,0.0312) rotation=0.0000 buttons=0x0 deviceID=19450
PEN t=25.3996 monitor=global type=mouseMoved subtype=1 eventTimestamp=191983.1788 eventNumber=0 absolute=(16129.0000,11055.0000,978.0000) screen=(395.2930,-313.6758) pressure=0.0000 tangentialPressure=0.0000 tilt=(0.5625,0.0312) rotation=0.0000 buttons=0x0 deviceID=19450
PEN t=25.4008 monitor=global type=mouseMoved subtype=1 eventTimestamp=191983.1834 eventNumber=0 absolute=(16172.0000,11039.0000,978.0000) screen=(396.8242,-314.8008) pressure=0.0000 tangentialPressure=0.0000 tilt=(0.5625,0.0312) rotation=0.0000 buttons=0x0 deviceID=19450
PEN t=25.4079 monitor=global type=mouseMoved subtype=1 eventTimestamp=191983.1910 eventNumber=0 absolute=(16223.0000,11020.0000,978.0000) screen=(398.7227,-316.1055) pressure=0.0000 tangentialPressure=0.0000 tilt=(0.5625,0.0312) rotation=0.0000 buttons=0x0 deviceID=19450
PEN t=25.4164 monitor=global type=mouseMoved subtype=1 eventTimestamp=191983.1995 eventNumber=0 absolute=(16279.0000,11000.0000,978.0000) screen=(400.7617,-317.4844) pressure=0.0000 tangentialPressure=0.0000 tilt=(0.5625,0.0312) rotation=0.0000 buttons=0x0 deviceID=19450
PEN t=25.4208 monitor=global type=mouseMoved subtype=1 eventTimestamp=191983.2001 eventNumber=0 absolute=(16347.0000,10977.0000,978.0000) screen=(403.2422,-319.0781) pressure=0.0000 tangentialPressure=0.0000 tilt=(0.5625,0.0312) rotation=0.0000 buttons=0x0 deviceID=19450
PEN t=25.4261 monitor=global type=mouseMoved subtype=1 eventTimestamp=191983.2092 eventNumber=0 absolute=(16404.0000,10960.0000,978.0000) screen=(405.2852,-320.2734) pressure=0.0000 tangentialPressure=0.0000 tilt=(0.5781,0.0312) rotation=0.0000 buttons=0x0 deviceID=19450
PEN t=25.4335 monitor=global type=mouseMoved subtype=1 eventTimestamp=191983.2165 eventNumber=0 absolute=(16450.0000,10945.0000,978.0000) screen=(406.9648,-321.2891) pressure=0.0000 tangentialPressure=0.0000 tilt=(0.5781,0.0312) rotation=0.0000 buttons=0x0 deviceID=19450
PEN t=25.4394 monitor=global type=mouseMoved subtype=1 eventTimestamp=191983.2226 eventNumber=0 absolute=(16487.0000,10932.0000,978.0000) screen=(408.3125,-322.1953) pressure=0.0000 tangentialPressure=0.0000 tilt=(0.5781,0.0312) rotation=0.0000 buttons=0x0 deviceID=19450
PEN t=25.4409 monitor=global type=mouseMoved subtype=1 eventTimestamp=191983.2241 eventNumber=0 absolute=(16516.0000,10923.0000,1023.0000) screen=(409.3711,-322.8477) pressure=0.0000 tangentialPressure=0.0000 tilt=(0.5781,0.0312) rotation=0.0000 buttons=0x0 deviceID=19450
PEN t=25.4502 monitor=global type=mouseMoved subtype=1 eventTimestamp=191983.2331 eventNumber=0 absolute=(16544.0000,10912.0000,1023.0000) screen=(410.3906,-323.5742) pressure=0.0000 tangentialPressure=0.0000 tilt=(0.5625,0.0312) rotation=0.0000 buttons=0x0 deviceID=19450
PEN t=25.4536 monitor=global type=mouseMoved subtype=1 eventTimestamp=191983.2350 eventNumber=0 absolute=(16580.0000,10898.0000,1023.0000) screen=(411.7070,-324.5547) pressure=0.0000 tangentialPressure=0.0000 tilt=(0.5625,0.0312) rotation=0.0000 buttons=0x0 deviceID=19450
PEN t=25.4556 monitor=global type=mouseMoved subtype=1 eventTimestamp=191983.2390 eventNumber=0 absolute=(16626.0000,10881.0000,1023.0000) screen=(413.3828,-325.7148) pressure=0.0000 tangentialPressure=0.0000 tilt=(0.5625,0.0312) rotation=0.0000 buttons=0x0 deviceID=19450
PEN t=25.4673 monitor=global type=mouseMoved subtype=1 eventTimestamp=191983.2498 eventNumber=0 absolute=(16684.0000,10860.0000,1023.0000) screen=(415.5000,-327.1992) pressure=0.0000 tangentialPressure=0.0000 tilt=(0.5625,0.0312) rotation=0.0000 buttons=0x0 deviceID=19450
PEN t=25.4702 monitor=global type=mouseMoved subtype=1 eventTimestamp=191983.2513 eventNumber=0 absolute=(16744.0000,10837.0000,1023.0000) screen=(417.6875,-328.7578) pressure=0.0000 tangentialPressure=0.0000 tilt=(0.5625,0.0312) rotation=0.0000 buttons=0x0 deviceID=19450
PEN t=25.4759 monitor=global type=mouseMoved subtype=1 eventTimestamp=191983.2561 eventNumber=0 absolute=(16805.0000,10814.0000,1023.0000) screen=(419.9102,-330.3555) pressure=0.0000 tangentialPressure=0.0000 tilt=(0.5469,0.0312) rotation=0.0000 buttons=0x0 deviceID=19450
PEN t=25.4834 monitor=global type=mouseMoved subtype=1 eventTimestamp=191983.2661 eventNumber=0 absolute=(16864.0000,10791.0000,1023.0000) screen=(422.0625,-331.9492) pressure=0.0000 tangentialPressure=0.0000 tilt=(0.5469,0.0312) rotation=0.0000 buttons=0x0 deviceID=19450
PEN t=25.4875 monitor=global type=mouseMoved subtype=1 eventTimestamp=191983.2707 eventNumber=0 absolute=(16916.0000,10770.0000,1023.0000) screen=(423.9609,-333.3984) pressure=0.0000 tangentialPressure=0.0000 tilt=(0.5469,0.0312) rotation=0.0000 buttons=0x0 deviceID=19450
PEN t=25.4898 monitor=global type=mouseMoved subtype=1 eventTimestamp=191983.2731 eventNumber=0 absolute=(16967.0000,10750.0000,1023.0000) screen=(425.8203,-334.7773) pressure=0.0000 tangentialPressure=0.0000 tilt=(0.5312,0.0312) rotation=0.0000 buttons=0x0 deviceID=19450
PEN t=25.5013 monitor=global type=mouseMoved subtype=1 eventTimestamp=191983.2830 eventNumber=0 absolute=(17020.0000,10727.0000,1023.0000) screen=(427.7539,-336.4102) pressure=0.0000 tangentialPressure=0.0000 tilt=(0.5312,0.0312) rotation=0.0000 buttons=0x0 deviceID=19450
PEN t=25.5068 monitor=global type=mouseMoved subtype=1 eventTimestamp=191983.2899 eventNumber=0 absolute=(17076.0000,10701.0000,1023.0000) screen=(429.7969,-338.1875) pressure=0.0000 tangentialPressure=0.0000 tilt=(0.5312,0.0312) rotation=0.0000 buttons=0x0 deviceID=19450
PEN t=25.5083 monitor=global type=mouseMoved subtype=1 eventTimestamp=191983.2913 eventNumber=0 absolute=(17139.0000,10671.0000,1023.0000) screen=(432.0938,-340.2891) pressure=0.0000 tangentialPressure=0.0000 tilt=(0.5312,0.0156) rotation=0.0000 buttons=0x0 deviceID=19450
PEN t=25.5199 monitor=global type=mouseMoved subtype=1 eventTimestamp=191983.2994 eventNumber=0 absolute=(17204.0000,10636.0000,1023.0000) screen=(434.4648,-342.7188) pressure=0.0000 tangentialPressure=0.0000 tilt=(0.5312,0.0312) rotation=0.0000 buttons=0x0 deviceID=19450
PROXIMITY t=25.5202 monitor=global type=tabletProximity subtype=0 eventTimestamp=191983.3037 eventNumber=0 entering=false deviceType=pen deviceID=19450 pointingDeviceID=0 systemTabletID=1 tabletID=849 uniqueID=79448682544951 vendorID=1386 vendorType=2114 capabilities=0x17c7
PROXIMITY t=25.5208 monitor=global type=mouseMoved subtype=2 eventTimestamp=191983.3040 eventNumber=0 entering=false deviceType=pen deviceID=19450 pointingDeviceID=0 systemTabletID=1 tabletID=849 uniqueID=79448682544951 vendorID=1386 vendorType=2114 capabilities=0x17c7
PROXIMITY t=28.8837 monitor=global type=tabletProximity subtype=0 eventTimestamp=191986.6666 eventNumber=0 entering=true deviceType=pen deviceID=19450 pointingDeviceID=0 systemTabletID=1 tabletID=849 uniqueID=79448682544951 vendorID=1386 vendorType=2114 capabilities=0x17c7
PROXIMITY t=28.8843 monitor=global type=mouseMoved subtype=2 eventTimestamp=191986.6676 eventNumber=0 entering=true deviceType=pen deviceID=19450 pointingDeviceID=0 systemTabletID=1 tabletID=849 uniqueID=79448682544951 vendorID=1386 vendorType=2114 capabilities=0x17c7
PEN t=28.8867 monitor=global type=mouseMoved subtype=1 eventTimestamp=191986.6683 eventNumber=0 absolute=(16427.0000,11051.0000,1023.0000) screen=(406.1250,-313.9648) pressure=0.0000 tangentialPressure=0.0000 tilt=(0.5469,-0.0938) rotation=0.0000 buttons=0x0 deviceID=19450
PEN t=28.9010 monitor=global type=mouseMoved subtype=1 eventTimestamp=191986.6842 eventNumber=0 absolute=(16421.0000,11056.0000,978.0000) screen=(405.9062,-313.6406) pressure=0.0000 tangentialPressure=0.0000 tilt=(0.5469,-0.0781) rotation=0.0000 buttons=0x0 deviceID=19450
PEN t=28.9316 monitor=global type=mouseMoved subtype=1 eventTimestamp=191986.7148 eventNumber=0 absolute=(16405.0000,11070.0000,894.0000) screen=(405.3242,-312.6250) pressure=0.0000 tangentialPressure=0.0000 tilt=(0.5312,-0.0781) rotation=0.0000 buttons=0x0 deviceID=19450
PEN t=28.9340 monitor=global type=mouseMoved subtype=1 eventTimestamp=191986.7174 eventNumber=0 absolute=(16396.0000,11074.0000,850.0000) screen=(404.9961,-312.3711) pressure=0.0000 tangentialPressure=0.0000 tilt=(0.5312,-0.0781) rotation=0.0000 buttons=0x0 deviceID=19450
PEN t=28.9409 monitor=global type=mouseMoved subtype=1 eventTimestamp=191986.7242 eventNumber=0 absolute=(16387.0000,11088.0000,766.0000) screen=(404.6680,-311.3906) pressure=0.0000 tangentialPressure=0.0000 tilt=(0.5312,-0.0781) rotation=0.0000 buttons=0x0 deviceID=19450
PEN t=28.9497 monitor=global type=mouseMoved subtype=1 eventTimestamp=191986.7328 eventNumber=0 absolute=(16371.0000,11101.0000,722.0000) screen=(404.0820,-310.4844) pressure=0.0000 tangentialPressure=0.0000 tilt=(0.5312,-0.0781) rotation=0.0000 buttons=0x0 deviceID=19450
PEN t=28.9504 monitor=global type=mouseMoved subtype=1 eventTimestamp=191986.7329 eventNumber=0 absolute=(16353.0000,11115.0000,682.0000) screen=(403.4258,-309.5430) pressure=0.0000 tangentialPressure=0.0000 tilt=(0.5312,-0.0781) rotation=0.0000 buttons=0x0 deviceID=19450
PEN t=28.9542 monitor=global type=mouseMoved subtype=1 eventTimestamp=191986.7374 eventNumber=0 absolute=(16353.0000,11127.0000,682.0000) screen=(403.4258,-308.7109) pressure=0.0000 tangentialPressure=0.0000 tilt=(0.5312,-0.0781) rotation=0.0000 buttons=0x0 deviceID=19450
PEN t=28.9578 monitor=global type=mouseMoved subtype=1 eventTimestamp=191986.7412 eventNumber=0 absolute=(16334.0000,11137.0000,637.0000) screen=(402.7695,-308.0195) pressure=0.0000 tangentialPressure=0.0000 tilt=(0.5156,-0.0781) rotation=0.0000 buttons=0x0 deviceID=19450
PEN t=28.9663 monitor=global type=mouseMoved subtype=1 eventTimestamp=191986.7495 eventNumber=0 absolute=(16318.0000,11146.0000,593.0000) screen=(402.1484,-307.4023) pressure=0.0000 tangentialPressure=0.0000 tilt=(0.5156,-0.0781) rotation=0.0000 buttons=0x0 deviceID=19450
PEN t=28.9708 monitor=global type=mouseMoved subtype=1 eventTimestamp=191986.7539 eventNumber=0 absolute=(16302.0000,11155.0000,593.0000) screen=(401.5664,-306.7891) pressure=0.0000 tangentialPressure=0.0000 tilt=(0.5156,-0.0781) rotation=0.0000 buttons=0x0 deviceID=19450
PEN t=28.9834 monitor=global type=mouseMoved subtype=1 eventTimestamp=191986.7656 eventNumber=0 absolute=(16289.0000,11173.0000,553.0000) screen=(401.0938,-305.5195) pressure=0.0000 tangentialPressure=0.0000 tilt=(0.5156,-0.0625) rotation=0.0000 buttons=0x0 deviceID=19450
PEN t=28.9879 monitor=global type=mouseMoved subtype=1 eventTimestamp=191986.7711 eventNumber=0 absolute=(16287.0000,11183.0000,509.0000) screen=(401.0195,-304.8281) pressure=0.0000 tangentialPressure=0.0000 tilt=(0.5156,-0.0625) rotation=0.0000 buttons=0x0 deviceID=19450
PEN t=28.9910 monitor=global type=mouseMoved subtype=1 eventTimestamp=191986.7743 eventNumber=0 absolute=(16285.0000,11192.0000,509.0000) screen=(400.9453,-304.2148) pressure=0.0000 tangentialPressure=0.0000 tilt=(0.5156,-0.0625) rotation=0.0000 buttons=0x0 deviceID=19450
PEN t=28.9999 monitor=global type=mouseMoved subtype=1 eventTimestamp=191986.7828 eventNumber=0 absolute=(16279.0000,11201.0000,465.0000) screen=(400.7617,-303.5977) pressure=0.0000 tangentialPressure=0.0000 tilt=(0.5156,-0.0625) rotation=0.0000 buttons=0x0 deviceID=19450
PEN t=29.0080 monitor=global type=mouseMoved subtype=1 eventTimestamp=191986.7913 eventNumber=0 absolute=(16272.0000,11217.0000,465.0000) screen=(400.4727,-302.4727) pressure=0.0000 tangentialPressure=0.0000 tilt=(0.5156,-0.0625) rotation=0.0000 buttons=0x0 deviceID=19450
PEN t=29.0178 monitor=global type=mouseMoved subtype=1 eventTimestamp=191986.7993 eventNumber=0 absolute=(16269.0000,11224.0000,425.0000) screen=(400.3633,-301.9648) pressure=0.0000 tangentialPressure=0.0000 tilt=(0.5156,-0.0625) rotation=0.0000 buttons=0x0 deviceID=19450
PEN t=29.0341 monitor=global type=mouseMoved subtype=1 eventTimestamp=191986.8161 eventNumber=0 absolute=(16273.0000,11243.0000,381.0000) screen=(400.5078,-300.6602) pressure=0.0000 tangentialPressure=0.0000 tilt=(0.5156,-0.0625) rotation=0.0000 buttons=0x0 deviceID=19450
PEN t=29.0428 monitor=global type=mouseMoved subtype=1 eventTimestamp=191986.8260 eventNumber=0 absolute=(16283.0000,11253.0000,341.0000) screen=(400.8711,-299.9727) pressure=0.0000 tangentialPressure=0.0000 tilt=(0.5156,-0.0625) rotation=0.0000 buttons=0x0 deviceID=19450
PEN t=29.0540 monitor=global type=mouseMoved subtype=1 eventTimestamp=191986.8372 eventNumber=0 absolute=(16293.0000,11257.0000,296.0000) screen=(401.2734,-299.6797) pressure=0.0000 tangentialPressure=0.0000 tilt=(0.5156,-0.0625) rotation=0.0000 buttons=0x0 deviceID=19450
PEN t=29.0656 monitor=global type=mouseMoved subtype=1 eventTimestamp=191986.8432 eventNumber=0 absolute=(16324.0000,11268.0000,252.0000) screen=(402.3672,-298.9570) pressure=0.0000 tangentialPressure=0.0000 tilt=(0.5156,-0.0625) rotation=0.0000 buttons=0x0 deviceID=19450
PEN t=29.0707 monitor=global type=mouseMoved subtype=1 eventTimestamp=191986.8539 eventNumber=0 absolute=(16343.0000,11278.0000,252.0000) screen=(403.0625,-298.2656) pressure=0.0000 tangentialPressure=0.0000 tilt=(0.5156,-0.0625) rotation=0.0000 buttons=0x0 deviceID=19450
PEN t=29.0834 monitor=global type=mouseMoved subtype=1 eventTimestamp=191986.8663 eventNumber=0 absolute=(16346.0000,11287.0000,252.0000) screen=(403.2070,-297.6523) pressure=0.0000 tangentialPressure=0.0000 tilt=(0.5156,-0.0625) rotation=0.0000 buttons=0x0 deviceID=19450
PEN t=29.0906 monitor=global type=mouseMoved subtype=1 eventTimestamp=191986.8735 eventNumber=0 absolute=(16352.0000,11297.0000,252.0000) screen=(403.3906,-296.9258) pressure=0.0000 tangentialPressure=0.0000 tilt=(0.5156,-0.0625) rotation=0.0000 buttons=0x0 deviceID=19450
PEN t=29.1217 monitor=global type=mouseMoved subtype=1 eventTimestamp=191986.9011 eventNumber=0 absolute=(16341.0000,11304.0000,341.0000) screen=(402.9883,-296.4531) pressure=0.0000 tangentialPressure=0.0000 tilt=(0.5156,-0.0625) rotation=0.0000 buttons=0x0 deviceID=19450
PEN t=29.1826 monitor=global type=mouseMoved subtype=1 eventTimestamp=191986.9656 eventNumber=0 absolute=(16312.0000,11299.0000,766.0000) screen=(401.9297,-296.8164) pressure=0.0000 tangentialPressure=0.0000 tilt=(0.5000,-0.0625) rotation=0.0000 buttons=0x0 deviceID=19450
PEN t=29.1919 monitor=global type=mouseMoved subtype=1 eventTimestamp=191986.9752 eventNumber=0 absolute=(16308.0000,11293.0000,850.0000) screen=(401.7852,-297.2148) pressure=0.0000 tangentialPressure=0.0000 tilt=(0.5000,-0.0625) rotation=0.0000 buttons=0x0 deviceID=19450
PEN t=29.2070 monitor=global type=mouseMoved subtype=1 eventTimestamp=191986.9900 eventNumber=0 absolute=(16298.0000,11281.0000,978.0000) screen=(401.4219,-298.0508) pressure=0.0000 tangentialPressure=0.0000 tilt=(0.5000,-0.0625) rotation=0.0000 buttons=0x0 deviceID=19450
PEN t=29.2326 monitor=global type=mouseMoved subtype=1 eventTimestamp=191987.0157 eventNumber=0 absolute=(16289.0000,11266.0000,1023.0000) screen=(400.9453,-299.2812) pressure=0.0000 tangentialPressure=0.0000 tilt=(0.4844,-0.0625) rotation=0.0000 buttons=0x0 deviceID=19450
PEN t=29.2397 monitor=global type=mouseMoved subtype=1 eventTimestamp=191987.0229 eventNumber=0 absolute=(16277.0000,11253.0000,1023.0000) screen=(400.6523,-300.0078) pressure=0.0000 tangentialPressure=0.0000 tilt=(0.4844,-0.0625) rotation=0.0000 buttons=0x0 deviceID=19450
PEN t=29.2658 monitor=global type=mouseMoved subtype=1 eventTimestamp=191987.0431 eventNumber=0 absolute=(16264.0000,11233.0000,1023.0000) screen=(400.1797,-301.3477) pressure=0.0000 tangentialPressure=0.0000 tilt=(0.4687,-0.0625) rotation=0.0000 buttons=0x0 deviceID=19450
PEN t=29.2702 monitor=global type=mouseMoved subtype=1 eventTimestamp=191987.0514 eventNumber=0 absolute=(16256.0000,11222.0000,1023.0000) screen=(399.8867,-302.1445) pressure=0.0000 tangentialPressure=0.0000 tilt=(0.4687,-0.0625) rotation=0.0000 buttons=0x0 deviceID=19450
PROXIMITY t=29.2734 monitor=global type=tabletProximity subtype=0 eventTimestamp=191987.0569 eventNumber=0 entering=false deviceType=pen deviceID=19450 pointingDeviceID=0 systemTabletID=1 tabletID=849 uniqueID=79448682544951 vendorID=1386 vendorType=2114 capabilities=0x17c7
PROXIMITY t=29.2740 monitor=global type=mouseMoved subtype=2 eventTimestamp=191987.0573 eventNumber=0 entering=false deviceType=pen deviceID=19450 pointingDeviceID=0 systemTabletID=1 tabletID=849 uniqueID=79448682544951 vendorID=1386 vendorType=2114 capabilities=0x17c7
PROXIMITY t=34.2491 monitor=global type=tabletProximity subtype=0 eventTimestamp=191992.0289 eventNumber=0 entering=true deviceType=pen deviceID=19450 pointingDeviceID=0 systemTabletID=1 tabletID=849 uniqueID=79448682544951 vendorID=1386 vendorType=2114 capabilities=0x17c7
PROXIMITY t=34.2497 monitor=global type=mouseMoved subtype=2 eventTimestamp=191992.0329 eventNumber=0 entering=true deviceType=pen deviceID=19450 pointingDeviceID=0 systemTabletID=1 tabletID=849 uniqueID=79448682544951 vendorID=1386 vendorType=2114 capabilities=0x17c7
PEN t=34.2541 monitor=global type=mouseMoved subtype=1 eventTimestamp=191992.0373 eventNumber=0 absolute=(16287.0000,10587.0000,1023.0000) screen=(401.0195,-346.0898) pressure=0.0000 tangentialPressure=0.0000 tilt=(0.5312,-0.0625) rotation=0.0000 buttons=0x0 deviceID=19450
PEN t=34.2755 monitor=global type=mouseMoved subtype=1 eventTimestamp=191992.0587 eventNumber=0 absolute=(16332.0000,10568.0000,722.0000) screen=(402.6602,-347.3945) pressure=0.0000 tangentialPressure=0.0000 tilt=(0.5312,-0.0625) rotation=0.0000 buttons=0x0 deviceID=19450
PEN t=34.2836 monitor=global type=mouseMoved subtype=1 eventTimestamp=191992.0668 eventNumber=0 absolute=(16359.0000,10556.0000,637.0000) screen=(403.6797,-348.2305) pressure=0.0000 tangentialPressure=0.0000 tilt=(0.5312,-0.0625) rotation=0.0000 buttons=0x0 deviceID=19450
PEN t=34.2895 monitor=global type=mouseMoved subtype=1 eventTimestamp=191992.0727 eventNumber=0 absolute=(16396.0000,10540.0000,509.0000) screen=(404.9961,-349.3555) pressure=0.0000 tangentialPressure=0.0000 tilt=(0.5312,-0.0625) rotation=0.0000 buttons=0x0 deviceID=19450
PEN t=34.2918 monitor=global type=mouseMoved subtype=1 eventTimestamp=191992.0751 eventNumber=0 absolute=(16439.0000,10519.0000,341.0000) screen=(406.5625,-350.8047) pressure=0.0000 tangentialPressure=0.0000 tilt=(0.5312,-0.0625) rotation=0.0000 buttons=0x0 deviceID=19450
PEN t=34.3002 monitor=global type=mouseMoved subtype=1 eventTimestamp=191992.0828 eventNumber=0 absolute=(16484.0000,10495.0000,212.0000) screen=(408.2031,-352.4727) pressure=0.0000 tangentialPressure=0.0000 tilt=(0.5156,-0.0625) rotation=0.0000 buttons=0x0 deviceID=19450
PEN t=34.3051 monitor=global type=mouseMoved subtype=1 eventTimestamp=191992.0881 eventNumber=0 absolute=(16539.0000,10466.0000,84.0000) screen=(410.2109,-354.4648) pressure=0.0000 tangentialPressure=0.0000 tilt=(0.5156,-0.0625) rotation=0.0000 buttons=0x0 deviceID=19450
PEN t=34.3070 monitor=global type=mouseMoved subtype=1 eventTimestamp=191992.0903 eventNumber=0 absolute=(16594.0000,10437.0000,0.0000) screen=(412.2148,-356.4961) pressure=0.0000 tangentialPressure=0.0000 tilt=(0.5156,-0.0625) rotation=0.0000 buttons=0x0 deviceID=19450
PEN t=34.3173 monitor=global type=mouseMoved subtype=1 eventTimestamp=191992.0994 eventNumber=0 absolute=(16650.0000,10407.0000,0.0000) screen=(414.2578,-358.5625) pressure=0.0000 tangentialPressure=0.0000 tilt=(0.5156,-0.0625) rotation=0.0000 buttons=0x0 deviceID=19450
PEN t=34.3205 monitor=global type=mouseMoved subtype=1 eventTimestamp=191992.1037 eventNumber=0 absolute=(16697.0000,10377.0000,0.0000) screen=(415.9727,-360.6289) pressure=0.0000 tangentialPressure=0.0000 tilt=(0.5156,-0.0625) rotation=0.0000 buttons=0x0 deviceID=19450
PEN t=34.3241 monitor=global type=mouseMoved subtype=1 eventTimestamp=191992.1073 eventNumber=0 absolute=(16732.0000,10349.0000,0.0000) screen=(417.2500,-362.5859) pressure=0.0000 tangentialPressure=0.0000 tilt=(0.5156,-0.0625) rotation=0.0000 buttons=0x0 deviceID=19450
PEN t=34.3343 monitor=global type=mouseMoved subtype=1 eventTimestamp=191992.1167 eventNumber=0 absolute=(16758.0000,10323.0000,0.0000) screen=(418.1953,-364.3633) pressure=0.0000 tangentialPressure=0.0000 tilt=(0.5156,-0.0625) rotation=0.0000 buttons=0x0 deviceID=19450
PEN t=34.3374 monitor=global type=mouseMoved subtype=1 eventTimestamp=191992.1206 eventNumber=0 absolute=(16784.0000,10292.0000,0.0000) screen=(419.1445,-366.5039) pressure=0.0000 tangentialPressure=0.0000 tilt=(0.5156,-0.0625) rotation=0.0000 buttons=0x0 deviceID=19450
PEN t=34.3549 monitor=global type=leftMouseDown subtype=1 eventTimestamp=191992.1209 eventNumber=187 absolute=(16784.0000,10292.0000,0.0000) screen=(419.1445,-366.5039) pressure=0.1647 tangentialPressure=0.0000 tilt=(0.5156,-0.0625) rotation=0.0000 buttons=0x1 deviceID=19450
PEN t=34.3550 monitor=global type=leftMouseDragged subtype=1 eventTimestamp=191992.1261 eventNumber=0 absolute=(16811.0000,10262.0000,0.0000) screen=(420.1289,-368.6055) pressure=0.1961 tangentialPressure=0.0000 tilt=(0.5156,-0.0625) rotation=0.0000 buttons=0x1 deviceID=19450
PEN t=34.3557 monitor=global type=leftMouseDragged subtype=1 eventTimestamp=191992.1336 eventNumber=0 absolute=(16844.0000,10232.0000,0.0000) screen=(421.3320,-370.6719) pressure=0.2118 tangentialPressure=0.0000 tilt=(0.5156,-0.0625) rotation=0.0000 buttons=0x1 deviceID=19450
PEN t=34.3587 monitor=global type=leftMouseDragged subtype=1 eventTimestamp=191992.1422 eventNumber=0 absolute=(16887.0000,10198.0000,0.0000) screen=(422.9023,-373.0312) pressure=0.2353 tangentialPressure=0.0000 tilt=(0.5156,-0.0625) rotation=0.0000 buttons=0x1 deviceID=19450
PEN t=34.3666 monitor=global type=leftMouseDragged subtype=1 eventTimestamp=191992.1499 eventNumber=0 absolute=(16934.0000,10168.0000,0.0000) screen=(424.6172,-375.0977) pressure=0.2549 tangentialPressure=0.0000 tilt=(0.5156,-0.0781) rotation=0.0000 buttons=0x1 deviceID=19450
PEN t=34.3666 monitor=global type=leftMouseDragged subtype=1 eventTimestamp=191992.1501 eventNumber=0 absolute=(16985.0000,10135.0000,0.0000) screen=(426.4766,-377.3438) pressure=0.2667 tangentialPressure=0.0000 tilt=(0.5156,-0.0781) rotation=0.0000 buttons=0x1 deviceID=19450
PEN t=34.3712 monitor=global type=leftMouseDragged subtype=1 eventTimestamp=191992.1548 eventNumber=0 absolute=(17041.0000,10101.0000,0.0000) screen=(428.5195,-379.6992) pressure=0.2824 tangentialPressure=0.0000 tilt=(0.5156,-0.0781) rotation=0.0000 buttons=0x1 deviceID=19450
PEN t=34.3758 monitor=global type=leftMouseDragged subtype=1 eventTimestamp=191992.1592 eventNumber=0 absolute=(17102.0000,10066.0000,0.0000) screen=(430.7422,-382.1289) pressure=0.2863 tangentialPressure=0.0000 tilt=(0.5156,-0.0781) rotation=0.0000 buttons=0x1 deviceID=19450
PEN t=34.3838 monitor=global type=leftMouseDragged subtype=1 eventTimestamp=191992.1673 eventNumber=0 absolute=(17167.0000,10030.0000,0.0000) screen=(433.1133,-384.6328) pressure=0.2941 tangentialPressure=0.0000 tilt=(0.5156,-0.0781) rotation=0.0000 buttons=0x1 deviceID=19450
PEN t=34.3865 monitor=global type=leftMouseDragged subtype=1 eventTimestamp=191992.1682 eventNumber=0 absolute=(17235.0000,9994.0000,0.0000) screen=(435.5938,-387.0977) pressure=0.3020 tangentialPressure=0.0000 tilt=(0.5156,-0.0781) rotation=0.0000 buttons=0x1 deviceID=19450
PEN t=34.3905 monitor=global type=leftMouseDragged subtype=1 eventTimestamp=191992.1739 eventNumber=0 absolute=(17304.0000,9961.0000,0.0000) screen=(438.1094,-389.3828) pressure=0.3020 tangentialPressure=0.0000 tilt=(0.5156,-0.0781) rotation=0.0000 buttons=0x1 deviceID=19450
PEN t=34.4099 monitor=global type=leftMouseDragged subtype=1 eventTimestamp=191992.1933 eventNumber=0 absolute=(17375.0000,9929.0000,0.0000) screen=(440.6992,-391.6289) pressure=0.3020 tangentialPressure=0.0000 tilt=(0.5156,-0.0781) rotation=0.0000 buttons=0x1 deviceID=19450
PEN t=34.4240 monitor=global type=leftMouseDragged subtype=1 eventTimestamp=191992.2067 eventNumber=0 absolute=(17443.0000,9900.0000,0.0000) screen=(443.1797,-393.6602) pressure=0.2980 tangentialPressure=0.0000 tilt=(0.5156,-0.0781) rotation=0.0000 buttons=0x1 deviceID=19450
PEN t=34.4243 monitor=global type=leftMouseDragged subtype=1 eventTimestamp=191992.2078 eventNumber=0 absolute=(17508.0000,9874.0000,0.0000) screen=(445.5508,-395.4375) pressure=0.2941 tangentialPressure=0.0000 tilt=(0.5000,-0.0781) rotation=0.0000 buttons=0x1 deviceID=19450
PEN t=34.4251 monitor=global type=leftMouseDragged subtype=1 eventTimestamp=191992.2086 eventNumber=0 absolute=(17572.0000,9852.0000,0.0000) screen=(447.8867,-396.9609) pressure=0.2941 tangentialPressure=0.0000 tilt=(0.5000,-0.0781) rotation=0.0000 buttons=0x1 deviceID=19450
PEN t=34.4258 monitor=global type=leftMouseDragged subtype=1 eventTimestamp=191992.2093 eventNumber=0 absolute=(17630.0000,9836.0000,0.0000) screen=(450.0000,-398.0820) pressure=0.2824 tangentialPressure=0.0000 tilt=(0.5000,-0.0781) rotation=0.0000 buttons=0x1 deviceID=19450
PEN t=34.4346 monitor=global type=leftMouseDragged subtype=1 eventTimestamp=191992.2180 eventNumber=0 absolute=(17688.0000,9824.0000,0.0000) screen=(454.1211,-399.3516) pressure=0.2706 tangentialPressure=0.0000 tilt=(0.5000,-0.0781) rotation=0.0000 buttons=0x1 deviceID=19450
PEN t=34.4364 monitor=global type=leftMouseDragged subtype=1 eventTimestamp=191992.2199 eventNumber=0 absolute=(17792.0000,9815.0000,0.0000) screen=(455.9102,-399.4961) pressure=0.2431 tangentialPressure=0.0000 tilt=(0.5000,-0.0781) rotation=0.0000 buttons=0x1 deviceID=19450
PEN t=34.4423 monitor=global type=leftMouseDragged subtype=1 eventTimestamp=191992.2256 eventNumber=0 absolute=(17841.0000,9815.0000,0.0000) screen=(457.6953,-399.4961) pressure=0.2353 tangentialPressure=0.0000 tilt=(0.5000,-0.0781) rotation=0.0000 buttons=0x1 deviceID=19450
PEN t=34.4534 monitor=global type=leftMouseDragged subtype=1 eventTimestamp=191992.2369 eventNumber=0 absolute=(17883.0000,9821.0000,0.0000) screen=(459.2266,-399.1367) pressure=0.2314 tangentialPressure=0.0000 tilt=(0.5000,-0.0781) rotation=0.0000 buttons=0x1 deviceID=19450
PEN t=34.4546 monitor=global type=leftMouseDragged subtype=1 eventTimestamp=191992.2381 eventNumber=0 absolute=(17922.0000,9830.0000,0.0000) screen=(460.6523,-398.4805) pressure=0.2235 tangentialPressure=0.0000 tilt=(0.5000,-0.0781) rotation=0.0000 buttons=0x1 deviceID=19450
PEN t=34.4562 monitor=global type=leftMouseDragged subtype=1 eventTimestamp=191992.2398 eventNumber=0 absolute=(17957.0000,9843.0000,0.0000) screen=(461.9258,-397.6133) pressure=0.2235 tangentialPressure=0.0000 tilt=(0.5000,-0.0781) rotation=0.0000 buttons=0x1 deviceID=19450
PEN t=34.4669 monitor=global type=leftMouseDragged subtype=1 eventTimestamp=191992.2504 eventNumber=0 absolute=(17989.0000,9859.0000,0.0000) screen=(463.0938,-396.4531) pressure=0.2235 tangentialPressure=0.0000 tilt=(0.5000,-0.0781) rotation=0.0000 buttons=0x1 deviceID=19450
PEN t=34.4675 monitor=global type=leftMouseDragged subtype=1 eventTimestamp=191992.2510 eventNumber=0 absolute=(18015.0000,9879.0000,0.0000) screen=(464.0430,-395.1094) pressure=0.2275 tangentialPressure=0.0000 tilt=(0.5000,-0.0781) rotation=0.0000 buttons=0x1 deviceID=19450
PEN t=34.4710 monitor=global type=leftMouseDragged subtype=1 eventTimestamp=191992.2544 eventNumber=0 absolute=(18036.0000,9903.0000,0.0000) screen=(464.8086,-393.4414) pressure=0.2353 tangentialPressure=0.0000 tilt=(0.5000,-0.0781) rotation=0.0000 buttons=0x1 deviceID=19450
PEN t=34.4770 monitor=global type=leftMouseDragged subtype=1 eventTimestamp=191992.2604 eventNumber=0 absolute=(18053.0000,9930.0000,0.0000) screen=(465.4297,-391.5938) pressure=0.2431 tangentialPressure=0.0000 tilt=(0.5000,-0.0781) rotation=0.0000 buttons=0x1 deviceID=19450
PEN t=34.4838 monitor=global type=leftMouseDragged subtype=1 eventTimestamp=191992.2673 eventNumber=0 absolute=(18063.0000,9960.0000,0.0000) screen=(465.7930,-389.4531) pressure=0.2667 tangentialPressure=0.0000 tilt=(0.5000,-0.0781) rotation=0.0000 buttons=0x1 deviceID=19450
PEN t=34.4917 monitor=global type=leftMouseDragged subtype=1 eventTimestamp=191992.2752 eventNumber=0 absolute=(18068.0000,9994.0000,0.0000) screen=(465.9766,-387.0977) pressure=0.2784 tangentialPressure=0.0000 tilt=(0.5000,-0.0781) rotation=0.0000 buttons=0x1 deviceID=19450
PEN t=34.5007 monitor=global type=leftMouseDragged subtype=1 eventTimestamp=191992.2841 eventNumber=0 absolute=(18068.0000,10033.0000,0.0000) screen=(465.9766,-384.4141) pressure=0.2863 tangentialPressure=0.0000 tilt=(0.5000,-0.0781) rotation=0.0000 buttons=0x1 deviceID=19450
PEN t=34.5018 monitor=global type=leftMouseDragged subtype=1 eventTimestamp=191992.2854 eventNumber=0 absolute=(18063.0000,10076.0000,0.0000) screen=(465.7930,-381.4766) pressure=0.3059 tangentialPressure=0.0000 tilt=(0.5000,-0.0938) rotation=0.0000 buttons=0x1 deviceID=19450
PEN t=34.5088 monitor=global type=leftMouseDragged subtype=1 eventTimestamp=191992.2923 eventNumber=0 absolute=(18049.0000,10123.0000,0.0000) screen=(465.2812,-378.2148) pressure=0.3137 tangentialPressure=0.0000 tilt=(0.5000,-0.0938) rotation=0.0000 buttons=0x1 deviceID=19450
PEN t=34.5147 monitor=global type=leftMouseDragged subtype=1 eventTimestamp=191992.2981 eventNumber=0 absolute=(18030.0000,10175.0000,0.0000) screen=(464.5898,-374.5898) pressure=0.3216 tangentialPressure=0.0000 tilt=(0.5000,-0.0938) rotation=0.0000 buttons=0x1 deviceID=19450
PEN t=34.5187 monitor=global type=leftMouseDragged subtype=1 eventTimestamp=191992.3023 eventNumber=0 absolute=(18005.0000,10233.0000,0.0000) screen=(463.6797,-370.6016) pressure=0.3333 tangentialPressure=0.0000 tilt=(0.5000,-0.0938) rotation=0.0000 buttons=0x1 deviceID=19450
PEN t=34.5247 monitor=global type=leftMouseDragged subtype=1 eventTimestamp=191992.3082 eventNumber=0 absolute=(17975.0000,10297.0000,0.0000) screen=(462.5820,-366.1406) pressure=0.3412 tangentialPressure=0.0000 tilt=(0.5000,-0.0938) rotation=0.0000 buttons=0x1 deviceID=19450
PEN t=34.5265 monitor=global type=leftMouseDragged subtype=1 eventTimestamp=191992.3100 eventNumber=0 absolute=(17939.0000,10369.0000,0.0000) screen=(461.2695,-361.1719) pressure=0.3451 tangentialPressure=0.0000 tilt=(0.5000,-0.0938) rotation=0.0000 buttons=0x1 deviceID=19450
PEN t=34.5388 monitor=global type=leftMouseDragged subtype=1 eventTimestamp=191992.3222 eventNumber=0 absolute=(17898.0000,10445.0000,0.0000) screen=(459.7773,-355.8789) pressure=0.3451 tangentialPressure=0.0000 tilt=(0.5000,-0.0938) rotation=0.0000 buttons=0x1 deviceID=19450
PEN t=34.5503 monitor=global type=leftMouseDragged subtype=1 eventTimestamp=191992.3338 eventNumber=0 absolute=(17854.0000,10525.0000,0.0000) screen=(458.1719,-350.4062) pressure=0.3490 tangentialPressure=0.0000 tilt=(0.5000,-0.0938) rotation=0.0000 buttons=0x1 deviceID=19450
PEN t=34.5508 monitor=global type=leftMouseDragged subtype=1 eventTimestamp=191992.3343 eventNumber=0 absolute=(17807.0000,10607.0000,0.0000) screen=(456.4570,-344.6758) pressure=0.3490 tangentialPressure=0.0000 tilt=(0.5000,-0.0938) rotation=0.0000 buttons=0x1 deviceID=19450
PEN t=34.5552 monitor=global type=leftMouseDragged subtype=1 eventTimestamp=191992.3387 eventNumber=0 absolute=(17760.0000,10692.0000,0.0000) screen=(454.7422,-338.8398) pressure=0.3490 tangentialPressure=0.0000 tilt=(0.5000,-0.0938) rotation=0.0000 buttons=0x1 deviceID=19450
PEN t=34.5649 monitor=global type=leftMouseDragged subtype=1 eventTimestamp=191992.3484 eventNumber=0 absolute=(17713.0000,10778.0000,0.0000) screen=(453.0273,-332.8555) pressure=0.3529 tangentialPressure=0.0000 tilt=(0.5000,-0.0938) rotation=0.0000 buttons=0x1 deviceID=19450
PEN t=34.5671 monitor=global type=leftMouseDragged subtype=1 eventTimestamp=191992.3506 eventNumber=0 absolute=(17667.0000,10869.0000,0.0000) screen=(451.3516,-326.5820) pressure=0.3569 tangentialPressure=0.0000 tilt=(0.5000,-0.0781) rotation=0.0000 buttons=0x1 deviceID=19450
PEN t=34.5748 monitor=global type=leftMouseDragged subtype=1 eventTimestamp=191992.3583 eventNumber=0 absolute=(17623.0000,10959.0000,0.0000) screen=(449.7461,-320.3477) pressure=0.3608 tangentialPressure=0.0000 tilt=(0.5000,-0.0781) rotation=0.0000 buttons=0x1 deviceID=19450
PEN t=34.5859 monitor=global type=leftMouseDragged subtype=1 eventTimestamp=191992.3694 eventNumber=0 absolute=(17583.0000,11050.0000,0.0000) screen=(448.2852,-314.0391) pressure=0.3647 tangentialPressure=0.0000 tilt=(0.5000,-0.0781) rotation=0.0000 buttons=0x1 deviceID=19450
PEN t=34.5874 monitor=global type=leftMouseDragged subtype=1 eventTimestamp=191992.3709 eventNumber=0 absolute=(17545.0000,11143.0000,0.0000) screen=(446.9023,-307.5859) pressure=0.3686 tangentialPressure=0.0000 tilt=(0.5000,-0.0781) rotation=0.0000 buttons=0x1 deviceID=19450
PEN t=34.5898 monitor=global type=leftMouseDragged subtype=1 eventTimestamp=191992.3733 eventNumber=0 absolute=(17513.0000,11238.0000,0.0000) screen=(445.7344,-300.9844) pressure=0.3725 tangentialPressure=0.0000 tilt=(0.5000,-0.0625) rotation=0.0000 buttons=0x1 deviceID=19450
PEN t=34.6011 monitor=global type=leftMouseDragged subtype=1 eventTimestamp=191992.3845 eventNumber=0 absolute=(17484.0000,11337.0000,0.0000) screen=(444.6758,-294.1328) pressure=0.3765 tangentialPressure=0.0000 tilt=(0.5000,-0.0625) rotation=0.0000 buttons=0x1 deviceID=19450
PEN t=34.6041 monitor=global type=leftMouseDragged subtype=1 eventTimestamp=191992.3876 eventNumber=0 absolute=(17460.0000,11438.0000,0.0000) screen=(443.8008,-287.1719) pressure=0.3804 tangentialPressure=0.0000 tilt=(0.5000,-0.0625) rotation=0.0000 buttons=0x1 deviceID=19450
PEN t=34.6073 monitor=global type=leftMouseDragged subtype=1 eventTimestamp=191992.3908 eventNumber=0 absolute=(17441.0000,11538.0000,0.0000) screen=(443.1094,-280.2812) pressure=0.3804 tangentialPressure=0.0000 tilt=(0.5000,-0.0469) rotation=0.0000 buttons=0x1 deviceID=19450
PEN t=34.6163 monitor=global type=leftMouseDragged subtype=1 eventTimestamp=191992.3998 eventNumber=0 absolute=(17426.0000,11634.0000,0.0000) screen=(442.5625,-273.5742) pressure=0.3843 tangentialPressure=0.0000 tilt=(0.5000,-0.0469) rotation=0.0000 buttons=0x1 deviceID=19450
PEN t=34.6165 monitor=global type=leftMouseDragged subtype=1 eventTimestamp=191992.4001 eventNumber=0 absolute=(17418.0000,11727.0000,0.0000) screen=(442.2695,-267.1562) pressure=0.3882 tangentialPressure=0.0000 tilt=(0.5000,-0.0313) rotation=0.0000 buttons=0x1 deviceID=19450
PEN t=34.6204 monitor=global type=leftMouseDragged subtype=1 eventTimestamp=191992.4038 eventNumber=0 absolute=(17418.0000,11813.0000,0.0000) screen=(442.2695,-261.2109) pressure=0.3882 tangentialPressure=0.0000 tilt=(0.5156,-0.0313) rotation=0.0000 buttons=0x1 deviceID=19450
PEN t=34.6244 monitor=global type=leftMouseDragged subtype=1 eventTimestamp=191992.4079 eventNumber=0 absolute=(17422.0000,11893.0000,0.0000) screen=(442.4141,-255.6992) pressure=0.3961 tangentialPressure=0.0000 tilt=(0.5156,-0.0156) rotation=0.0000 buttons=0x1 deviceID=19450
PEN t=34.6353 monitor=global type=leftMouseDragged subtype=1 eventTimestamp=191992.4188 eventNumber=0 absolute=(17439.0000,11962.0000,0.0000) screen=(443.0352,-250.8789) pressure=0.4039 tangentialPressure=0.0000 tilt=(0.5156,-0.0156) rotation=0.0000 buttons=0x1 deviceID=19450
PEN t=34.6372 monitor=global type=leftMouseDragged subtype=1 eventTimestamp=191992.4207 eventNumber=0 absolute=(17464.0000,12020.0000,0.0000) screen=(443.9453,-246.8906) pressure=0.4118 tangentialPressure=0.0000 tilt=(0.5156,-0.0156) rotation=0.0000 buttons=0x1 deviceID=19450
PEN t=34.6495 monitor=global type=leftMouseDragged subtype=1 eventTimestamp=191992.4329 eventNumber=0 absolute=(17498.0000,12067.0000,0.0000) screen=(445.1875,-243.6250) pressure=0.4235 tangentialPressure=0.0000 tilt=(0.5156,-0.0156) rotation=0.0000 buttons=0x1 deviceID=19450
PEN t=34.6501 monitor=global type=leftMouseDragged subtype=1 eventTimestamp=191992.4336 eventNumber=0 absolute=(17539.0000,12104.0000,0.0000) screen=(446.6836,-241.0508) pressure=0.4275 tangentialPressure=0.0000 tilt=(0.5156,0.0000) rotation=0.0000 buttons=0x1 deviceID=19450
PEN t=34.6544 monitor=global type=leftMouseDragged subtype=1 eventTimestamp=191992.4379 eventNumber=0 absolute=(17591.0000,12133.0000,0.0000) screen=(448.5781,-239.0586) pressure=0.4275 tangentialPressure=0.0000 tilt=(0.5156,0.0000) rotation=0.0000 buttons=0x1 deviceID=19450
PEN t=34.6573 monitor=global type=leftMouseDragged subtype=1 eventTimestamp=191992.4408 eventNumber=0 absolute=(17651.0000,12155.0000,0.0000) screen=(450.7656,-237.5352) pressure=0.4353 tangentialPressure=0.0000 tilt=(0.5156,0.0000) rotation=0.0000 buttons=0x1 deviceID=19450
PEN t=34.6660 monitor=global type=leftMouseDragged subtype=1 eventTimestamp=191992.4495 eventNumber=0 absolute=(17720.0000,12170.0000,0.0000) screen=(453.2852,-236.5195) pressure=0.4353 tangentialPressure=0.0000 tilt=(0.5156,0.0000) rotation=0.0000 buttons=0x1 deviceID=19450
PEN t=34.6721 monitor=global type=leftMouseDragged subtype=1 eventTimestamp=191992.4556 eventNumber=0 absolute=(17795.0000,12178.0000,0.0000) screen=(456.0195,-235.9414) pressure=0.4353 tangentialPressure=0.0000 tilt=(0.5156,0.0000) rotation=0.0000 buttons=0x1 deviceID=19450
PEN t=34.6826 monitor=global type=leftMouseDragged subtype=1 eventTimestamp=191992.4661 eventNumber=0 absolute=(17877.0000,12182.0000,0.0000) screen=(459.0078,-235.6875) pressure=0.4353 tangentialPressure=0.0000 tilt=(0.5156,0.0000) rotation=0.0000 buttons=0x1 deviceID=19450
PEN t=34.6829 monitor=global type=leftMouseDragged subtype=1 eventTimestamp=191992.4664 eventNumber=0 absolute=(17961.0000,12182.0000,0.0000) screen=(462.0742,-235.6875) pressure=0.4353 tangentialPressure=0.0000 tilt=(0.5156,0.0000) rotation=0.0000 buttons=0x1 deviceID=19450
PEN t=34.6873 monitor=global type=leftMouseDragged subtype=1 eventTimestamp=191992.4708 eventNumber=0 absolute=(18049.0000,12175.0000,0.0000) screen=(465.2812,-236.1562) pressure=0.4314 tangentialPressure=0.0000 tilt=(0.5000,0.0000) rotation=0.0000 buttons=0x1 deviceID=19450
PEN t=34.6919 monitor=global type=leftMouseDragged subtype=1 eventTimestamp=191992.4754 eventNumber=0 absolute=(18142.0000,12164.0000,0.0000) screen=(468.6758,-236.9180) pressure=0.4314 tangentialPressure=0.0000 tilt=(0.5000,0.0000) rotation=0.0000 buttons=0x1 deviceID=19450
PEN t=34.6995 monitor=global type=leftMouseDragged subtype=1 eventTimestamp=191992.4829 eventNumber=0 absolute=(18235.0000,12148.0000,0.0000) screen=(472.0664,-238.0078) pressure=0.4314 tangentialPressure=0.0000 tilt=(0.5000,-0.0156) rotation=0.0000 buttons=0x1 deviceID=19450
PEN t=34.7037 monitor=global type=leftMouseDragged subtype=1 eventTimestamp=191992.4871 eventNumber=0 absolute=(18328.0000,12128.0000,0.0000) screen=(475.4570,-239.3867) pressure=0.4275 tangentialPressure=0.0000 tilt=(0.5000,-0.0156) rotation=0.0000 buttons=0x1 deviceID=19450
PEN t=34.7067 monitor=global type=leftMouseDragged subtype=1 eventTimestamp=191992.4903 eventNumber=0 absolute=(18422.0000,12105.0000,0.0000) screen=(478.8867,-240.9805) pressure=0.4275 tangentialPressure=0.0000 tilt=(0.5000,-0.0156) rotation=0.0000 buttons=0x1 deviceID=19450
PEN t=34.7159 monitor=global type=leftMouseDragged subtype=1 eventTimestamp=191992.4993 eventNumber=0 absolute=(18512.0000,12080.0000,0.0000) screen=(482.1680,-242.7578) pressure=0.4275 tangentialPressure=0.0000 tilt=(0.5000,-0.0156) rotation=0.0000 buttons=0x1 deviceID=19450
PEN t=34.7227 monitor=global type=leftMouseDragged subtype=1 eventTimestamp=191992.5062 eventNumber=0 absolute=(18597.0000,12051.0000,0.0000) screen=(485.2695,-244.7148) pressure=0.4196 tangentialPressure=0.0000 tilt=(0.4844,-0.0313) rotation=0.0000 buttons=0x1 deviceID=19450
PEN t=34.7255 monitor=global type=leftMouseDragged subtype=1 eventTimestamp=191992.5090 eventNumber=0 absolute=(18681.0000,12021.0000,0.0000) screen=(488.3320,-246.8164) pressure=0.4196 tangentialPressure=0.0000 tilt=(0.4844,-0.0313) rotation=0.0000 buttons=0x1 deviceID=19450
PEN t=34.7326 monitor=global type=leftMouseDragged subtype=1 eventTimestamp=191992.5160 eventNumber=0 absolute=(18761.0000,11987.0000,0.0000) screen=(491.2500,-249.1367) pressure=0.4157 tangentialPressure=0.0000 tilt=(0.4844,-0.0313) rotation=0.0000 buttons=0x1 deviceID=19450
PEN t=34.7394 monitor=global type=leftMouseDragged subtype=1 eventTimestamp=191992.5229 eventNumber=0 absolute=(18836.0000,11951.0000,0.0000) screen=(493.9844,-251.6758) pressure=0.4039 tangentialPressure=0.0000 tilt=(0.4844,-0.0313) rotation=0.0000 buttons=0x1 deviceID=19450
PEN t=34.7500 monitor=global type=leftMouseDragged subtype=1 eventTimestamp=191992.5334 eventNumber=0 absolute=(18909.0000,11911.0000,0.0000) screen=(496.6484,-254.4297) pressure=0.4039 tangentialPressure=0.0000 tilt=(0.4844,-0.0313) rotation=0.0000 buttons=0x1 deviceID=19450
PEN t=34.7556 monitor=global type=leftMouseDragged subtype=1 eventTimestamp=191992.5391 eventNumber=0 absolute=(18977.0000,11869.0000,0.0000) screen=(499.1289,-257.3672) pressure=0.4000 tangentialPressure=0.0000 tilt=(0.4844,-0.0469) rotation=0.0000 buttons=0x1 deviceID=19450
PEN t=34.7585 monitor=global type=leftMouseDragged subtype=1 eventTimestamp=191992.5420 eventNumber=0 absolute=(19041.0000,11825.0000,0.0000) screen=(501.4648,-260.4141) pressure=0.3922 tangentialPressure=0.0000 tilt=(0.4844,-0.0469) rotation=0.0000 buttons=0x1 deviceID=19450
PEN t=34.7664 monitor=global type=leftMouseDragged subtype=1 eventTimestamp=191992.5498 eventNumber=0 absolute=(19098.0000,11778.0000,0.0000) screen=(503.5430,-263.6055) pressure=0.3922 tangentialPressure=0.0000 tilt=(0.4844,-0.0469) rotation=0.0000 buttons=0x1 deviceID=19450
PEN t=34.7666 monitor=global type=leftMouseDragged subtype=1 eventTimestamp=191992.5502 eventNumber=0 absolute=(19152.0000,11730.0000,0.0000) screen=(505.5117,-266.9414) pressure=0.3922 tangentialPressure=0.0000 tilt=(0.4844,-0.0469) rotation=0.0000 buttons=0x1 deviceID=19450
PEN t=34.7713 monitor=global type=leftMouseDragged subtype=1 eventTimestamp=191992.5547 eventNumber=0 absolute=(19196.0000,11680.0000,0.0000) screen=(507.1172,-270.4219) pressure=0.3961 tangentialPressure=0.0000 tilt=(0.4844,-0.0469) rotation=0.0000 buttons=0x1 deviceID=19450
PEN t=34.7750 monitor=global type=leftMouseDragged subtype=1 eventTimestamp=191992.5586 eventNumber=0 absolute=(19235.0000,11630.0000,0.0000) screen=(508.5391,-273.9023) pressure=0.4000 tangentialPressure=0.0000 tilt=(0.4844,-0.0625) rotation=0.0000 buttons=0x1 deviceID=19450
PEN t=34.7828 monitor=global type=leftMouseDragged subtype=1 eventTimestamp=191992.5663 eventNumber=0 absolute=(19267.0000,11579.0000,0.0000) screen=(509.7070,-277.3828) pressure=0.4000 tangentialPressure=0.0000 tilt=(0.4844,-0.0625) rotation=0.0000 buttons=0x1 deviceID=19450
PEN t=34.7885 monitor=global type=leftMouseDragged subtype=1 eventTimestamp=191992.5721 eventNumber=0 absolute=(19294.0000,11528.0000,0.0000) screen=(510.6914,-280.9375) pressure=0.4000 tangentialPressure=0.0000 tilt=(0.4844,-0.0625) rotation=0.0000 buttons=0x1 deviceID=19450
PEN t=34.7912 monitor=global type=leftMouseDragged subtype=1 eventTimestamp=191992.5747 eventNumber=0 absolute=(19313.0000,11476.0000,0.0000) screen=(511.3828,-284.5625) pressure=0.4039 tangentialPressure=0.0000 tilt=(0.4844,-0.0625) rotation=0.0000 buttons=0x1 deviceID=19450
PEN t=34.8016 monitor=global type=leftMouseDragged subtype=1 eventTimestamp=191992.5851 eventNumber=0 absolute=(19325.0000,11423.0000,0.0000) screen=(511.8203,-288.1875) pressure=0.4039 tangentialPressure=0.0000 tilt=(0.4844,-0.0625) rotation=0.0000 buttons=0x1 deviceID=19450
PEN t=34.8023 monitor=global type=leftMouseDragged subtype=1 eventTimestamp=191992.5859 eventNumber=0 absolute=(19329.0000,11371.0000,0.0000) screen=(511.9688,-291.8125) pressure=0.4078 tangentialPressure=0.0000 tilt=(0.4844,-0.0781) rotation=0.0000 buttons=0x1 deviceID=19450
PEN t=34.8090 monitor=global type=leftMouseDragged subtype=1 eventTimestamp=191992.5924 eventNumber=0 absolute=(19329.0000,11319.0000,0.0000) screen=(511.9688,-295.4375) pressure=0.4118 tangentialPressure=0.0000 tilt=(0.4844,-0.0781) rotation=0.0000 buttons=0x1 deviceID=19450
PEN t=34.8164 monitor=global type=leftMouseDragged subtype=1 eventTimestamp=191992.5999 eventNumber=0 absolute=(19320.0000,11267.0000,0.0000) screen=(511.6406,-299.0273) pressure=0.4118 tangentialPressure=0.0000 tilt=(0.4844,-0.0781) rotation=0.0000 buttons=0x1 deviceID=19450
PEN t=34.8207 monitor=global type=leftMouseDragged subtype=1 eventTimestamp=191992.6043 eventNumber=0 absolute=(19302.0000,11215.0000,0.0000) screen=(510.9805,-302.6172) pressure=0.4118 tangentialPressure=0.0000 tilt=(0.4844,-0.0781) rotation=0.0000 buttons=0x1 deviceID=19450
PEN t=34.8240 monitor=global type=leftMouseDragged subtype=1 eventTimestamp=191992.6074 eventNumber=0 absolute=(19277.0000,11162.0000,0.0000) screen=(510.0703,-306.2422) pressure=0.4157 tangentialPressure=0.0000 tilt=(0.4844,-0.0938) rotation=0.0000 buttons=0x1 deviceID=19450
PEN t=34.8327 monitor=global type=leftMouseDragged subtype=1 eventTimestamp=191992.6162 eventNumber=0 absolute=(19247.0000,11111.0000,0.0000) screen=(508.9766,-309.8320) pressure=0.4157 tangentialPressure=0.0000 tilt=(0.4844,-0.0938) rotation=0.0000 buttons=0x1 deviceID=19450
PEN t=34.8371 monitor=global type=leftMouseDragged subtype=1 eventTimestamp=191992.6205 eventNumber=0 absolute=(19209.0000,11058.0000,0.0000) screen=(507.5898,-313.4570) pressure=0.4157 tangentialPressure=0.0000 tilt=(0.4844,-0.0938) rotation=0.0000 buttons=0x1 deviceID=19450
PEN t=34.8396 monitor=global type=leftMouseDragged subtype=1 eventTimestamp=191992.6230 eventNumber=0 absolute=(19164.0000,11004.0000,0.0000) screen=(505.9492,-317.1914) pressure=0.4157 tangentialPressure=0.0000 tilt=(0.4844,-0.0938) rotation=0.0000 buttons=0x1 deviceID=19450
PEN t=34.8428 monitor=global type=leftMouseDragged subtype=1 eventTimestamp=191992.6263 eventNumber=0 absolute=(19114.0000,10951.0000,0.0000) screen=(504.1250,-320.8906) pressure=0.4157 tangentialPressure=0.0000 tilt=(0.4844,-0.0938) rotation=0.0000 buttons=0x1 deviceID=19450
PEN t=34.8516 monitor=global type=leftMouseDragged subtype=1 eventTimestamp=191992.6351 eventNumber=0 absolute=(19059.0000,10896.0000,0.0000) screen=(502.1211,-324.6641) pressure=0.4118 tangentialPressure=0.0000 tilt=(0.4844,-0.1094) rotation=0.0000 buttons=0x1 deviceID=19450
PEN t=34.8581 monitor=global type=leftMouseDragged subtype=1 eventTimestamp=191992.6415 eventNumber=0 absolute=(18998.0000,10842.0000,0.0000) screen=(499.8945,-328.3984) pressure=0.4118 tangentialPressure=0.0000 tilt=(0.4844,-0.1094) rotation=0.0000 buttons=0x1 deviceID=19450
PEN t=34.8663 monitor=global type=leftMouseDragged subtype=1 eventTimestamp=191992.6498 eventNumber=0 absolute=(18935.0000,10789.0000,0.0000) screen=(497.5977,-332.0938) pressure=0.4118 tangentialPressure=0.0000 tilt=(0.4844,-0.1094) rotation=0.0000 buttons=0x1 deviceID=19450
PEN t=34.8717 monitor=global type=leftMouseDragged subtype=1 eventTimestamp=191992.6552 eventNumber=0 absolute=(18867.0000,10737.0000,0.0000) screen=(495.1172,-335.6836) pressure=0.4118 tangentialPressure=0.0000 tilt=(0.5000,-0.1094) rotation=0.0000 buttons=0x1 deviceID=19450
PEN t=34.8750 monitor=global type=leftMouseDragged subtype=1 eventTimestamp=191992.6585 eventNumber=0 absolute=(18795.0000,10689.0000,0.0000) screen=(492.4922,-339.0195) pressure=0.4118 tangentialPressure=0.0000 tilt=(0.5000,-0.1094) rotation=0.0000 buttons=0x1 deviceID=19450
PEN t=34.8827 monitor=global type=leftMouseDragged subtype=1 eventTimestamp=191992.6661 eventNumber=0 absolute=(18720.0000,10645.0000,0.0000) screen=(489.7539,-342.0664) pressure=0.4118 tangentialPressure=0.0000 tilt=(0.5000,-0.1250) rotation=0.0000 buttons=0x1 deviceID=19450
PEN t=34.8891 monitor=global type=leftMouseDragged subtype=1 eventTimestamp=191992.6725 eventNumber=0 absolute=(18642.0000,10606.0000,0.0000) screen=(486.9102,-344.7852) pressure=0.4078 tangentialPressure=0.0000 tilt=(0.5000,-0.1250) rotation=0.0000 buttons=0x1 deviceID=19450
PEN t=34.8915 monitor=global type=leftMouseDragged subtype=1 eventTimestamp=191992.6750 eventNumber=0 absolute=(18559.0000,10570.0000,0.0000) screen=(483.8828,-347.2500) pressure=0.4078 tangentialPressure=0.0000 tilt=(0.5000,-0.1250) rotation=0.0000 buttons=0x1 deviceID=19450
PEN t=34.9014 monitor=global type=leftMouseDragged subtype=1 eventTimestamp=191992.6849 eventNumber=0 absolute=(18473.0000,10539.0000,0.0000) screen=(480.7461,-349.3906) pressure=0.4078 tangentialPressure=0.0000 tilt=(0.5000,-0.1250) rotation=0.0000 buttons=0x1 deviceID=19450
PEN t=34.9060 monitor=global type=leftMouseDragged subtype=1 eventTimestamp=191992.6895 eventNumber=0 absolute=(18385.0000,10512.0000,0.0000) screen=(477.5391,-351.2383) pressure=0.4078 tangentialPressure=0.0000 tilt=(0.5000,-0.1250) rotation=0.0000 buttons=0x1 deviceID=19450
PEN t=34.9165 monitor=global type=leftMouseDragged subtype=1 eventTimestamp=191992.7000 eventNumber=0 absolute=(18293.0000,10490.0000,0.0000) screen=(474.1836,-352.7969) pressure=0.4078 tangentialPressure=0.0000 tilt=(0.5000,-0.1250) rotation=0.0000 buttons=0x1 deviceID=19450
PEN t=34.9167 monitor=global type=leftMouseDragged subtype=1 eventTimestamp=191992.7003 eventNumber=0 absolute=(18198.0000,10473.0000,0.0000) screen=(470.7188,-353.9961) pressure=0.4078 tangentialPressure=0.0000 tilt=(0.5000,-0.1250) rotation=0.0000 buttons=0x1 deviceID=19450
PEN t=34.9232 monitor=global type=leftMouseDragged subtype=1 eventTimestamp=191992.7066 eventNumber=0 absolute=(18104.0000,10461.0000,0.0000) screen=(467.2891,-354.8281) pressure=0.4078 tangentialPressure=0.0000 tilt=(0.5000,-0.1250) rotation=0.0000 buttons=0x1 deviceID=19450
PEN t=34.9329 monitor=global type=leftMouseDragged subtype=1 eventTimestamp=191992.7164 eventNumber=0 absolute=(18009.0000,10454.0000,0.0000) screen=(460.3594,-355.4453) pressure=0.4118 tangentialPressure=0.0000 tilt=(0.5000,-0.1250) rotation=0.0000 buttons=0x1 deviceID=19450
PEN t=34.9373 monitor=global type=leftMouseDragged subtype=1 eventTimestamp=191992.7206 eventNumber=0 absolute=(17821.0000,10452.0000,0.0000) screen=(456.9688,-355.4102) pressure=0.4118 tangentialPressure=0.0000 tilt=(0.5000,-0.1250) rotation=0.0000 buttons=0x1 deviceID=19450
PEN t=34.9403 monitor=global type=leftMouseDragged subtype=1 eventTimestamp=191992.7238 eventNumber=0 absolute=(17730.0000,10459.0000,0.0000) screen=(453.6484,-354.9375) pressure=0.4118 tangentialPressure=0.0000 tilt=(0.5000,-0.1250) rotation=0.0000 buttons=0x1 deviceID=19450
PEN t=34.9495 monitor=global type=leftMouseDragged subtype=1 eventTimestamp=191992.7329 eventNumber=0 absolute=(17643.0000,10469.0000,0.0000) screen=(450.4766,-354.2500) pressure=0.4118 tangentialPressure=0.0000 tilt=(0.5000,-0.1250) rotation=0.0000 buttons=0x1 deviceID=19450
PEN t=34.9542 monitor=global type=leftMouseDragged subtype=1 eventTimestamp=191992.7377 eventNumber=0 absolute=(17562.0000,10482.0000,0.0000) screen=(447.5195,-353.3438) pressure=0.4157 tangentialPressure=0.0000 tilt=(0.5000,-0.1250) rotation=0.0000 buttons=0x1 deviceID=19450
PEN t=34.9561 monitor=global type=leftMouseDragged subtype=1 eventTimestamp=191992.7396 eventNumber=0 absolute=(17487.0000,10497.0000,0.0000) screen=(444.7852,-352.2891) pressure=0.4157 tangentialPressure=0.0000 tilt=(0.5156,-0.1250) rotation=0.0000 buttons=0x1 deviceID=19450
PEN t=34.9656 monitor=global type=leftMouseDragged subtype=1 eventTimestamp=191992.7433 eventNumber=0 absolute=(17419.0000,10515.0000,0.0000) screen=(442.3047,-351.0938) pressure=0.4157 tangentialPressure=0.0000 tilt=(0.5156,-0.1250) rotation=0.0000 buttons=0x1 deviceID=19450
PEN t=34.9703 monitor=global type=leftMouseDragged subtype=1 eventTimestamp=191992.7538 eventNumber=0 absolute=(17359.0000,10534.0000,0.0000) screen=(440.1172,-349.7148) pressure=0.4157 tangentialPressure=0.0000 tilt=(0.5156,-0.1250) rotation=0.0000 buttons=0x1 deviceID=19450
PEN t=34.9738 monitor=global type=leftMouseDragged subtype=1 eventTimestamp=191992.7572 eventNumber=0 absolute=(17303.0000,10558.0000,0.0000) screen=(438.0742,-348.1211) pressure=0.4196 tangentialPressure=0.0000 tilt=(0.5156,-0.1094) rotation=0.0000 buttons=0x1 deviceID=19450
PEN t=34.9826 monitor=global type=leftMouseDragged subtype=1 eventTimestamp=191992.7662 eventNumber=0 absolute=(17257.0000,10582.0000,0.0000) screen=(436.3984,-346.4180) pressure=0.4196 tangentialPressure=0.0000 tilt=(0.5156,-0.1094) rotation=0.0000 buttons=0x1 deviceID=19450
PEN t=34.9872 monitor=global type=leftMouseDragged subtype=1 eventTimestamp=191992.7706 eventNumber=0 absolute=(17217.0000,10611.0000,0.0000) screen=(434.9375,-344.4219) pressure=0.4196 tangentialPressure=0.0000 tilt=(0.5156,-0.1094) rotation=0.0000 buttons=0x1 deviceID=19450
PEN t=34.9912 monitor=global type=leftMouseDragged subtype=1 eventTimestamp=191992.7747 eventNumber=0 absolute=(17184.0000,10643.0000,0.0000) screen=(433.7344,-342.1758) pressure=0.4196 tangentialPressure=0.0000 tilt=(0.5156,-0.1094) rotation=0.0000 buttons=0x1 deviceID=19450
PEN t=34.9995 monitor=global type=leftMouseDragged subtype=1 eventTimestamp=191992.7830 eventNumber=0 absolute=(17156.0000,10679.0000,0.0000) screen=(432.7148,-339.7109) pressure=0.4196 tangentialPressure=0.0000 tilt=(0.5156,-0.1094) rotation=0.0000 buttons=0x1 deviceID=19450
PEN t=35.0038 monitor=global type=leftMouseDragged subtype=1 eventTimestamp=191992.7873 eventNumber=0 absolute=(17137.0000,10718.0000,0.0000) screen=(432.0195,-336.9883) pressure=0.4157 tangentialPressure=0.0000 tilt=(0.5156,-0.1094) rotation=0.0000 buttons=0x1 deviceID=19450
PEN t=35.0075 monitor=global type=leftMouseDragged subtype=1 eventTimestamp=191992.7909 eventNumber=0 absolute=(17124.0000,10760.0000,0.0000) screen=(431.5469,-334.1250) pressure=0.4157 tangentialPressure=0.0000 tilt=(0.5156,-0.0938) rotation=0.0000 buttons=0x1 deviceID=19450
PEN t=35.0184 monitor=global type=leftMouseDragged subtype=1 eventTimestamp=191992.8018 eventNumber=0 absolute=(17118.0000,10802.0000,0.0000) screen=(431.3281,-331.1875) pressure=0.4157 tangentialPressure=0.0000 tilt=(0.5156,-0.0938) rotation=0.0000 buttons=0x1 deviceID=19450
PEN t=35.0239 monitor=global type=leftMouseDragged subtype=1 eventTimestamp=191992.8073 eventNumber=0 absolute=(17118.0000,10847.0000,0.0000) screen=(431.3281,-328.1055) pressure=0.4118 tangentialPressure=0.0000 tilt=(0.5156,-0.0938) rotation=0.0000 buttons=0x1 deviceID=19450
PEN t=35.0334 monitor=global type=leftMouseDragged subtype=1 eventTimestamp=191992.8169 eventNumber=0 absolute=(17124.0000,10892.0000,0.0000) screen=(432.0938,-321.7617) pressure=0.4118 tangentialPressure=0.0000 tilt=(0.5156,-0.0938) rotation=0.0000 buttons=0x1 deviceID=19450
PEN t=35.0384 monitor=global type=leftMouseDragged subtype=1 eventTimestamp=191992.8219 eventNumber=0 absolute=(17161.0000,10985.0000,0.0000) screen=(432.8945,-318.5000) pressure=0.4078 tangentialPressure=0.0000 tilt=(0.5156,-0.0781) rotation=0.0000 buttons=0x1 deviceID=19450
PEN t=35.0411 monitor=global type=leftMouseDragged subtype=1 eventTimestamp=191992.8246 eventNumber=0 absolute=(17189.0000,11030.0000,0.0000) screen=(433.9180,-315.4180) pressure=0.4078 tangentialPressure=0.0000 tilt=(0.5156,-0.0781) rotation=0.0000 buttons=0x1 deviceID=19450
PEN t=35.0491 monitor=global type=leftMouseDragged subtype=1 eventTimestamp=191992.8288 eventNumber=0 absolute=(17222.0000,11073.0000,0.0000) screen=(435.1211,-312.4453) pressure=0.4078 tangentialPressure=0.0000 tilt=(0.5156,-0.0781) rotation=0.0000 buttons=0x1 deviceID=19450
PEN t=35.0538 monitor=global type=leftMouseDragged subtype=1 eventTimestamp=191992.8372 eventNumber=0 absolute=(17261.0000,11112.0000,0.0000) screen=(436.5430,-309.7227) pressure=0.4039 tangentialPressure=0.0000 tilt=(0.5156,-0.0625) rotation=0.0000 buttons=0x1 deviceID=19450
PEN t=35.0579 monitor=global type=leftMouseDragged subtype=1 eventTimestamp=191992.8414 eventNumber=0 absolute=(17305.0000,11150.0000,0.0000) screen=(438.1484,-307.0781) pressure=0.4039 tangentialPressure=0.0000 tilt=(0.5156,-0.0625) rotation=0.0000 buttons=0x1 deviceID=19450
PEN t=35.0660 monitor=global type=leftMouseDragged subtype=1 eventTimestamp=191992.8495 eventNumber=0 absolute=(17355.0000,11186.0000,0.0000) screen=(439.9727,-304.6133) pressure=0.4039 tangentialPressure=0.0000 tilt=(0.5156,-0.0625) rotation=0.0000 buttons=0x1 deviceID=19450
PEN t=35.0752 monitor=global type=leftMouseDragged subtype=1 eventTimestamp=191992.8587 eventNumber=0 absolute=(17407.0000,11220.0000,0.0000) screen=(441.8672,-302.2930) pressure=0.4039 tangentialPressure=0.0000 tilt=(0.5156,-0.0625) rotation=0.0000 buttons=0x1 deviceID=19450
PEN t=35.0827 monitor=global type=leftMouseDragged subtype=1 eventTimestamp=191992.8663 eventNumber=0 absolute=(17464.0000,11250.0000,0.0000) screen=(443.9453,-300.1523) pressure=0.4039 tangentialPressure=0.0000 tilt=(0.5156,-0.0469) rotation=0.0000 buttons=0x1 deviceID=19450
PEN t=35.0836 monitor=global type=leftMouseDragged subtype=1 eventTimestamp=191992.8672 eventNumber=0 absolute=(17523.0000,11279.0000,0.0000) screen=(446.0977,-298.1953) pressure=0.4039 tangentialPressure=0.0000 tilt=(0.5156,-0.0469) rotation=0.0000 buttons=0x1 deviceID=19450
PEN t=35.0894 monitor=global type=leftMouseDragged subtype=1 eventTimestamp=191992.8729 eventNumber=0 absolute=(17587.0000,11305.0000,0.0000) screen=(448.4336,-296.3828) pressure=0.4039 tangentialPressure=0.0000 tilt=(0.5156,-0.0469) rotation=0.0000 buttons=0x1 deviceID=19450
PEN t=35.0929 monitor=global type=leftMouseDragged subtype=1 eventTimestamp=191992.8763 eventNumber=0 absolute=(17653.0000,11329.0000,0.0000) screen=(450.8398,-294.7500) pressure=0.4039 tangentialPressure=0.0000 tilt=(0.5156,-0.0469) rotation=0.0000 buttons=0x1 deviceID=19450
PEN t=35.0992 monitor=global type=leftMouseDragged subtype=1 eventTimestamp=191992.8827 eventNumber=0 absolute=(17722.0000,11351.0000,0.0000) screen=(453.3555,-293.2266) pressure=0.4078 tangentialPressure=0.0000 tilt=(0.5156,-0.0469) rotation=0.0000 buttons=0x1 deviceID=19450
PEN t=35.0994 monitor=global type=leftMouseDragged subtype=1 eventTimestamp=191992.8830 eventNumber=0 absolute=(17793.0000,11369.0000,0.0000) screen=(455.9453,-291.9219) pressure=0.4078 tangentialPressure=0.0000 tilt=(0.5156,-0.0469) rotation=0.0000 buttons=0x1 deviceID=19450
PEN t=35.1066 monitor=global type=leftMouseDragged subtype=1 eventTimestamp=191992.8899 eventNumber=0 absolute=(17865.0000,11384.0000,0.0000) screen=(458.5703,-290.9062) pressure=0.4118 tangentialPressure=0.0000 tilt=(0.5156,-0.0469) rotation=0.0000 buttons=0x1 deviceID=19450
PEN t=35.1117 monitor=global type=leftMouseDragged subtype=1 eventTimestamp=191992.8932 eventNumber=0 absolute=(17934.0000,11396.0000,0.0000) screen=(461.0898,-290.0742) pressure=0.4157 tangentialPressure=0.0000 tilt=(0.5156,-0.0469) rotation=0.0000 buttons=0x1 deviceID=19450
PEN t=35.1201 monitor=global type=leftMouseDragged subtype=1 eventTimestamp=191992.9035 eventNumber=0 absolute=(18004.0000,11403.0000,0.0000) screen=(463.6406,-289.5664) pressure=0.4157 tangentialPressure=0.0000 tilt=(0.5156,-0.0469) rotation=0.0000 buttons=0x1 deviceID=19450
PEN t=35.1329 monitor=global type=leftMouseDragged subtype=1 eventTimestamp=191992.9164 eventNumber=0 absolute=(18072.0000,11408.0000,0.0000) screen=(468.6367,-289.1680) pressure=0.4196 tangentialPressure=0.0000 tilt=(0.5156,-0.0469) rotation=0.0000 buttons=0x1 deviceID=19450
PEN t=35.1372 monitor=global type=leftMouseDragged subtype=1 eventTimestamp=191992.9206 eventNumber=0 absolute=(18209.0000,11409.0000,0.0000) screen=(471.1172,-289.2031) pressure=0.4235 tangentialPressure=0.0000 tilt=(0.5156,-0.0469) rotation=0.0000 buttons=0x1 deviceID=19450
PEN t=35.1418 monitor=global type=leftMouseDragged subtype=1 eventTimestamp=191992.9253 eventNumber=0 absolute=(18277.0000,11402.0000,0.0000) screen=(473.5977,-289.6367) pressure=0.4235 tangentialPressure=0.0000 tilt=(0.5156,-0.0469) rotation=0.0000 buttons=0x1 deviceID=19450
PEN t=35.1494 monitor=global type=leftMouseDragged subtype=1 eventTimestamp=191992.9329 eventNumber=0 absolute=(18343.0000,11394.0000,0.0000) screen=(476.0039,-290.2188) pressure=0.4235 tangentialPressure=0.0000 tilt=(0.5156,-0.0469) rotation=0.0000 buttons=0x1 deviceID=19450
PEN t=35.1541 monitor=global type=leftMouseDragged subtype=1 eventTimestamp=191992.9376 eventNumber=0 absolute=(18406.0000,11382.0000,0.0000) screen=(478.3047,-291.0156) pressure=0.4275 tangentialPressure=0.0000 tilt=(0.5156,-0.0469) rotation=0.0000 buttons=0x1 deviceID=19450
PEN t=35.1574 monitor=global type=leftMouseDragged subtype=1 eventTimestamp=191992.9408 eventNumber=0 absolute=(18464.0000,11368.0000,0.0000) screen=(480.4180,-291.9961) pressure=0.4275 tangentialPressure=0.0000 tilt=(0.5156,-0.0469) rotation=0.0000 buttons=0x1 deviceID=19450
PEN t=35.1660 monitor=global type=leftMouseDragged subtype=1 eventTimestamp=191992.9495 eventNumber=0 absolute=(18519.0000,11352.0000,0.0000) screen=(482.4258,-293.1562) pressure=0.4275 tangentialPressure=0.0000 tilt=(0.5156,-0.0469) rotation=0.0000 buttons=0x1 deviceID=19450
PEN t=35.1742 monitor=global type=leftMouseDragged subtype=1 eventTimestamp=191992.9576 eventNumber=0 absolute=(18564.0000,11333.0000,0.0000) screen=(484.0664,-294.4609) pressure=0.4275 tangentialPressure=0.0000 tilt=(0.5156,-0.0469) rotation=0.0000 buttons=0x1 deviceID=19450
PEN t=35.1756 monitor=global type=leftMouseDragged subtype=1 eventTimestamp=191992.9591 eventNumber=0 absolute=(18604.0000,11312.0000,0.0000) screen=(485.5234,-295.9102) pressure=0.4275 tangentialPressure=0.0000 tilt=(0.5156,-0.0469) rotation=0.0000 buttons=0x1 deviceID=19450
PEN t=35.1826 monitor=global type=leftMouseDragged subtype=1 eventTimestamp=191992.9661 eventNumber=0 absolute=(18638.0000,11289.0000,0.0000) screen=(486.7656,-297.5039) pressure=0.4275 tangentialPressure=0.0000 tilt=(0.5156,-0.0469) rotation=0.0000 buttons=0x1 deviceID=19450
PEN t=35.1844 monitor=global type=leftMouseDragged subtype=1 eventTimestamp=191992.9679 eventNumber=0 absolute=(18663.0000,11265.0000,0.0000) screen=(487.6758,-299.1367) pressure=0.4275 tangentialPressure=0.0000 tilt=(0.5156,-0.0469) rotation=0.0000 buttons=0x1 deviceID=19450
PEN t=35.1915 monitor=global type=leftMouseDragged subtype=1 eventTimestamp=191992.9750 eventNumber=0 absolute=(18681.0000,11238.0000,0.0000) screen=(488.3320,-300.9844) pressure=0.4314 tangentialPressure=0.0000 tilt=(0.5156,-0.0469) rotation=0.0000 buttons=0x1 deviceID=19450
PEN t=35.1997 monitor=global type=leftMouseDragged subtype=1 eventTimestamp=191992.9832 eventNumber=0 absolute=(18693.0000,11211.0000,0.0000) screen=(488.7695,-302.9062) pressure=0.4314 tangentialPressure=0.0000 tilt=(0.5156,-0.0469) rotation=0.0000 buttons=0x1 deviceID=19450
PEN t=35.2009 monitor=global type=leftMouseDragged subtype=1 eventTimestamp=191992.9844 eventNumber=0 absolute=(18698.0000,11182.0000,0.0000) screen=(488.9531,-304.8672) pressure=0.4314 tangentialPressure=0.0000 tilt=(0.5156,-0.0469) rotation=0.0000 buttons=0x1 deviceID=19450
PEN t=35.2082 monitor=global type=leftMouseDragged subtype=1 eventTimestamp=191992.9916 eventNumber=0 absolute=(18698.0000,11153.0000,0.0000) screen=(488.9531,-306.8945) pressure=0.4353 tangentialPressure=0.0000 tilt=(0.5156,-0.0625) rotation=0.0000 buttons=0x1 deviceID=19450
PEN t=35.2185 monitor=global type=leftMouseDragged subtype=1 eventTimestamp=191993.0020 eventNumber=0 absolute=(18695.0000,11124.0000,0.0000) screen=(488.8438,-308.8906) pressure=0.4353 tangentialPressure=0.0000 tilt=(0.5156,-0.0625) rotation=0.0000 buttons=0x1 deviceID=19450
PEN t=35.2244 monitor=global type=leftMouseDragged subtype=1 eventTimestamp=191993.0079 eventNumber=0 absolute=(18683.0000,11097.0000,0.0000) screen=(488.4062,-310.7773) pressure=0.4353 tangentialPressure=0.0000 tilt=(0.5156,-0.0625) rotation=0.0000 buttons=0x1 deviceID=19450
PEN t=35.2329 monitor=global type=leftMouseDragged subtype=1 eventTimestamp=191993.0165 eventNumber=0 absolute=(18666.0000,11069.0000,0.0000) screen=(486.9453,-314.6172) pressure=0.4392 tangentialPressure=0.0000 tilt=(0.5156,-0.0625) rotation=0.0000 buttons=0x1 deviceID=19450
PEN t=35.2371 monitor=global type=leftMouseDragged subtype=1 eventTimestamp=191993.0206 eventNumber=0 absolute=(18612.0000,11015.0000,0.0000) screen=(485.8164,-316.4688) pressure=0.4392 tangentialPressure=0.0000 tilt=(0.5156,-0.0625) rotation=0.0000 buttons=0x1 deviceID=19450
PEN t=35.2401 monitor=global type=leftMouseDragged subtype=1 eventTimestamp=191993.0237 eventNumber=0 absolute=(18577.0000,10988.0000,0.0000) screen=(484.5391,-318.3516) pressure=0.4392 tangentialPressure=0.0000 tilt=(0.5156,-0.0625) rotation=0.0000 buttons=0x1 deviceID=19450
PEN t=35.2512 monitor=global type=leftMouseDragged subtype=1 eventTimestamp=191993.0346 eventNumber=0 absolute=(18535.0000,10961.0000,0.0000) screen=(483.0078,-320.2031) pressure=0.4392 tangentialPressure=0.0000 tilt=(0.5156,-0.0625) rotation=0.0000 buttons=0x1 deviceID=19450
PEN t=35.2539 monitor=global type=leftMouseDragged subtype=1 eventTimestamp=191993.0373 eventNumber=0 absolute=(18487.0000,10936.0000,0.0000) screen=(481.2578,-321.9414) pressure=0.4392 tangentialPressure=0.0000 tilt=(0.5156,-0.0625) rotation=0.0000 buttons=0x1 deviceID=19450
PEN t=35.2563 monitor=global type=leftMouseDragged subtype=1 eventTimestamp=191993.0398 eventNumber=0 absolute=(18434.0000,10912.0000,0.0000) screen=(479.3242,-323.5742) pressure=0.4392 tangentialPressure=0.0000 tilt=(0.5156,-0.0625) rotation=0.0000 buttons=0x1 deviceID=19450
PEN t=35.2664 monitor=global type=leftMouseDragged subtype=1 eventTimestamp=191993.0499 eventNumber=0 absolute=(18375.0000,10890.0000,0.0000) screen=(477.1719,-325.0977) pressure=0.4392 tangentialPressure=0.0000 tilt=(0.5156,-0.0625) rotation=0.0000 buttons=0x1 deviceID=19450
PEN t=35.2725 monitor=global type=leftMouseDragged subtype=1 eventTimestamp=191993.0560 eventNumber=0 absolute=(18311.0000,10872.0000,0.0000) screen=(474.8398,-326.3672) pressure=0.4392 tangentialPressure=0.0000 tilt=(0.5156,-0.0625) rotation=0.0000 buttons=0x1 deviceID=19450
PEN t=35.2746 monitor=global type=leftMouseDragged subtype=1 eventTimestamp=191993.0581 eventNumber=0 absolute=(18244.0000,10855.0000,0.0000) screen=(472.3945,-327.5273) pressure=0.4392 tangentialPressure=0.0000 tilt=(0.5156,-0.0625) rotation=0.0000 buttons=0x1 deviceID=19450
PEN t=35.2827 monitor=global type=leftMouseDragged subtype=1 eventTimestamp=191993.0662 eventNumber=0 absolute=(18173.0000,10841.0000,0.0000) screen=(469.8047,-328.5039) pressure=0.4392 tangentialPressure=0.0000 tilt=(0.5156,-0.0625) rotation=0.0000 buttons=0x1 deviceID=19450
PEN t=35.2872 monitor=global type=leftMouseDragged subtype=1 eventTimestamp=191993.0706 eventNumber=0 absolute=(18103.0000,10830.0000,0.0000) screen=(467.2539,-329.2656) pressure=0.4353 tangentialPressure=0.0000 tilt=(0.5156,-0.0625) rotation=0.0000 buttons=0x1 deviceID=19450
PEN t=35.2921 monitor=global type=leftMouseDragged subtype=1 eventTimestamp=191993.0756 eventNumber=0 absolute=(18033.0000,10820.0000,0.0000) screen=(464.6992,-329.9570) pressure=0.4353 tangentialPressure=0.0000 tilt=(0.5156,-0.0625) rotation=0.0000 buttons=0x1 deviceID=19450
PEN t=35.2993 monitor=global type=leftMouseDragged subtype=1 eventTimestamp=191993.0827 eventNumber=0 absolute=(17963.0000,10813.0000,0.0000) screen=(462.1445,-330.4648) pressure=0.4353 tangentialPressure=0.0000 tilt=(0.5312,-0.0625) rotation=0.0000 buttons=0x1 deviceID=19450
PEN t=35.3044 monitor=global type=leftMouseDragged subtype=1 eventTimestamp=191993.0879 eventNumber=0 absolute=(17896.0000,10808.0000,0.0000) screen=(459.7031,-330.7891) pressure=0.4235 tangentialPressure=0.0000 tilt=(0.5312,-0.0625) rotation=0.0000 buttons=0x1 deviceID=19450
PEN t=35.3075 monitor=global type=leftMouseDragged subtype=1 eventTimestamp=191993.0910 eventNumber=0 absolute=(17828.0000,10804.0000,0.0000) screen=(457.2227,-331.0781) pressure=0.4196 tangentialPressure=0.0000 tilt=(0.5312,-0.0625) rotation=0.0000 buttons=0x1 deviceID=19450
PEN t=35.3157 monitor=global type=leftMouseDragged subtype=1 eventTimestamp=191993.0992 eventNumber=0 absolute=(17764.0000,10800.0000,0.0000) screen=(454.8867,-331.3320) pressure=0.4118 tangentialPressure=0.0000 tilt=(0.5312,-0.0625) rotation=0.0000 buttons=0x1 deviceID=19450
PEN t=35.3235 monitor=global type=leftMouseDragged subtype=1 eventTimestamp=191993.1070 eventNumber=0 absolute=(17704.0000,10797.0000,0.0000) screen=(452.6992,-331.5156) pressure=0.3882 tangentialPressure=0.0000 tilt=(0.5312,-0.0625) rotation=0.0000 buttons=0x1 deviceID=19450
PEN t=35.3283 monitor=global type=leftMouseDragged subtype=1 eventTimestamp=191993.1098 eventNumber=0 absolute=(17648.0000,10794.0000,0.0000) screen=(450.6562,-331.7344) pressure=0.3765 tangentialPressure=0.0000 tilt=(0.5312,-0.0625) rotation=0.0000 buttons=0x1 deviceID=19450
PEN t=35.3327 monitor=global type=leftMouseDragged subtype=1 eventTimestamp=191993.1162 eventNumber=0 absolute=(17599.0000,10790.0000,0.0000) screen=(448.8711,-332.0234) pressure=0.3569 tangentialPressure=0.0000 tilt=(0.5312,-0.0625) rotation=0.0000 buttons=0x1 deviceID=19450
PEN t=35.3369 monitor=global type=leftMouseDragged subtype=1 eventTimestamp=191993.1204 eventNumber=0 absolute=(17555.0000,10784.0000,0.0000) screen=(447.2656,-332.4219) pressure=0.2980 tangentialPressure=0.0000 tilt=(0.5156,-0.0625) rotation=0.0000 buttons=0x1 deviceID=19450
PEN t=35.3410 monitor=global type=leftMouseDragged subtype=1 eventTimestamp=191993.1245 eventNumber=0 absolute=(17525.0000,10779.0000,0.0000) screen=(446.1719,-332.7852) pressure=0.2275 tangentialPressure=0.0000 tilt=(0.5156,-0.0625) rotation=0.0000 buttons=0x1 deviceID=19450
PEN t=35.3491 monitor=global type=leftMouseDragged subtype=1 eventTimestamp=191993.1326 eventNumber=0 absolute=(17495.0000,10771.0000,0.0000) screen=(445.0781,-333.3281) pressure=0.1059 tangentialPressure=0.0000 tilt=(0.5156,-0.0625) rotation=0.0000 buttons=0x1 deviceID=19450
PEN t=35.3540 monitor=global type=leftMouseUp subtype=1 eventTimestamp=191993.1371 eventNumber=187 absolute=(17495.0000,10771.0000,0.0000) screen=(445.0781,-333.3281) pressure=0.0000 tangentialPressure=0.0000 tilt=(0.5156,-0.0625) rotation=0.0000 buttons=0x0 deviceID=19450
PEN t=35.3581 monitor=global type=mouseMoved subtype=1 eventTimestamp=191993.1414 eventNumber=0 absolute=(17429.0000,10746.0000,68.0000) screen=(442.6719,-335.0664) pressure=0.0000 tangentialPressure=0.0000 tilt=(0.5156,-0.0625) rotation=0.0000 buttons=0x0 deviceID=19450
PEN t=35.3677 monitor=global type=mouseMoved subtype=1 eventTimestamp=191993.1498 eventNumber=0 absolute=(17321.0000,10692.0000,316.0000) screen=(438.7305,-338.8008) pressure=0.0000 tangentialPressure=0.0000 tilt=(0.5000,-0.0625) rotation=0.0000 buttons=0x0 deviceID=19450
PEN t=35.3737 monitor=global type=mouseMoved subtype=1 eventTimestamp=191993.1563 eventNumber=0 absolute=(17263.0000,10657.0000,493.0000) screen=(436.6172,-341.2305) pressure=0.0000 tangentialPressure=0.0000 tilt=(0.5000,-0.0781) rotation=0.0000 buttons=0x0 deviceID=19450
PEN t=35.3825 monitor=global type=mouseMoved subtype=1 eventTimestamp=191993.1596 eventNumber=0 absolute=(17214.0000,10619.0000,669.0000) screen=(434.8281,-343.8438) pressure=0.0000 tangentialPressure=0.0000 tilt=(0.5000,-0.0781) rotation=0.0000 buttons=0x0 deviceID=19450
PEN t=35.3840 monitor=global type=mouseMoved subtype=1 eventTimestamp=191993.1670 eventNumber=0 absolute=(17178.0000,10584.0000,774.0000) screen=(433.5156,-346.2734) pressure=0.0000 tangentialPressure=0.0000 tilt=(0.4844,-0.0781) rotation=0.0000 buttons=0x0 deviceID=19450
PEN t=35.3889 monitor=global type=mouseMoved subtype=1 eventTimestamp=191993.1721 eventNumber=0 absolute=(17184.0000,10546.0000,914.0000) screen=(433.7344,-348.9180) pressure=0.0000 tangentialPressure=0.0000 tilt=(0.4844,-0.0781) rotation=0.0000 buttons=0x0 deviceID=19450
PEN t=35.4054 monitor=global type=mouseMoved subtype=1 eventTimestamp=191993.1830 eventNumber=0 absolute=(17196.0000,10509.0000,950.0000) screen=(434.1719,-351.4922) pressure=0.0000 tangentialPressure=0.0000 tilt=(0.4844,-0.0781) rotation=0.0000 buttons=0x0 deviceID=19450
PEN t=35.4083 monitor=global type=mouseMoved subtype=1 eventTimestamp=191993.1915 eventNumber=0 absolute=(17211.0000,10472.0000,986.0000) screen=(434.7188,-354.0664) pressure=0.0000 tangentialPressure=0.0000 tilt=(0.4687,-0.0781) rotation=0.0000 buttons=0x0 deviceID=19450
PROXIMITY t=35.4165 monitor=global type=tabletProximity subtype=0 eventTimestamp=191993.1954 eventNumber=0 entering=false deviceType=pen deviceID=19450 pointingDeviceID=0 systemTabletID=1 tabletID=849 uniqueID=79448682544951 vendorID=1386 vendorType=2114 capabilities=0x17c7
PROXIMITY t=35.4173 monitor=global type=mouseMoved subtype=2 eventTimestamp=191993.2005 eventNumber=0 entering=false deviceType=pen deviceID=19450 pointingDeviceID=0 systemTabletID=1 tabletID=849 uniqueID=79448682544951 vendorID=1386 vendorType=2114 capabilities=0x17c7
SUMMARY local=0 global=628 point=609 proximity=19 tabletSubtype=618 queueDropped=0
