Wacom macOS touch probe
apiVersion=4 duration=25s mode=observer
INITIALIZE result=success code=0
DEVICES reported=1 readable=1
CAPABILITIES device=0 result=success type=1 logical=(-193,-1080,1920,1080) physicalMm=(522.4,293.9) reported=(26640,14988) scan=(1,1) fingerMax=10 flags=0x0
REGISTER device=0 mode=observer result=success code=0
READY touch the Cintiq now; press Ctrl+C to stop
TOUCH t=1.917 device=0 frame=1 count=1 [id=0 state=down xy=(421.559,-456.629) size=(16.613,16.610) sensitivity=0 orientation=0.000 confidence=true]
TOUCH t=1.923 device=0 frame=2 count=1 [id=0 state=hold xy=(421.559,-456.629) size=(16.613,16.610) sensitivity=0 orientation=0.000 confidence=true]
TOUCH t=1.927 device=0 frame=3 count=2 [id=0 state=hold xy=(421.559,-456.629) size=(16.613,16.610) sensitivity=0 orientation=0.000 confidence=true] [id=1 state=down xy=(323.252,-485.669) size=(16.613,16.610) sensitivity=0 orientation=0.000 confidence=true]
TOUCH t=1.932 device=0 frame=4 count=2 [id=0 state=hold xy=(421.631,-456.629) size=(33.225,33.219) sensitivity=0 orientation=0.000 confidence=true] [id=1 state=hold xy=(323.252,-485.741) size=(16.613,16.610) sensitivity=0 orientation=0.000 confidence=true]
TOUCH t=1.938 device=0 frame=5 count=2 [id=0 state=hold xy=(421.631,-456.629) size=(33.225,33.219) sensitivity=0 orientation=0.000 confidence=true] [id=1 state=hold xy=(323.252,-485.741) size=(33.225,33.219) sensitivity=0 orientation=0.000 confidence=true]
TOUCH t=1.943 device=0 frame=6 count=2 [id=0 state=hold xy=(421.703,-456.629) size=(33.225,33.219) sensitivity=0 orientation=0.000 confidence=true] [id=1 state=hold xy=(323.252,-485.669) size=(33.225,33.219) sensitivity=0 orientation=0.000 confidence=true]
TOUCH t=1.947 device=0 frame=7 count=2 [id=0 state=hold xy=(421.775,-456.629) size=(33.225,33.219) sensitivity=0 orientation=0.000 confidence=true] [id=1 state=hold xy=(323.252,-485.669) size=(33.225,33.219) sensitivity=0 orientation=0.000 confidence=true]
TOUCH t=1.955 device=0 frame=8 count=2 [id=0 state=hold xy=(421.775,-456.629) size=(33.225,33.219) sensitivity=0 orientation=0.000 confidence=true] [id=1 state=hold xy=(323.324,-485.596) size=(33.225,33.219) sensitivity=0 orientation=0.000 confidence=true]
TOUCH t=1.959 device=0 frame=9 count=2 [id=0 state=hold xy=(421.847,-456.629) size=(33.225,33.219) sensitivity=0 orientation=0.000 confidence=true] [id=1 state=hold xy=(323.324,-485.596) size=(33.225,33.219) sensitivity=0 orientation=0.000 confidence=true]
TOUCH t=1.964 device=0 frame=10 count=2 [id=0 state=hold xy=(421.919,-456.629) size=(33.225,33.219) sensitivity=0 orientation=0.000 confidence=true] [id=1 state=hold xy=(323.324,-485.524) size=(33.225,33.219) sensitivity=0 orientation=0.000 confidence=true]
TOUCH t=1.969 device=0 frame=11 count=2 [id=0 state=hold xy=(421.991,-456.629) size=(33.225,33.219) sensitivity=0 orientation=0.000 confidence=true] [id=1 state=hold xy=(323.396,-485.452) size=(33.225,33.219) sensitivity=0 orientation=0.000 confidence=true]
TOUCH t=1.973 device=0 frame=12 count=2 [id=0 state=hold xy=(422.063,-456.629) size=(33.225,33.219) sensitivity=0 orientation=0.000 confidence=true] [id=1 state=hold xy=(323.396,-485.308) size=(33.225,33.219) sensitivity=0 orientation=0.000 confidence=true]
TOUCH t=1.979 device=0 frame=13 count=2 [id=0 state=hold xy=(422.135,-456.557) size=(33.225,33.219) sensitivity=0 orientation=0.000 confidence=true] [id=1 state=hold xy=(323.396,-485.236) size=(33.225,33.219) sensitivity=0 orientation=0.000 confidence=true]
TOUCH t=1.985 device=0 frame=14 count=2 [id=0 state=hold xy=(422.207,-456.557) size=(33.225,33.219) sensitivity=0 orientation=0.000 confidence=true] [id=1 state=hold xy=(323.396,-485.164) size=(33.225,33.219) sensitivity=0 orientation=0.000 confidence=true]
TOUCH t=1.990 device=0 frame=15 count=2 [id=0 state=hold xy=(422.207,-456.485) size=(33.225,33.219) sensitivity=0 orientation=0.000 confidence=true] [id=1 state=hold xy=(323.396,-485.092) size=(33.225,33.219) sensitivity=0 orientation=0.000 confidence=true]
TOUCH t=1.995 device=0 frame=16 count=2 [id=0 state=hold xy=(422.279,-456.413) size=(33.225,33.219) sensitivity=0 orientation=0.000 confidence=true] [id=1 state=hold xy=(323.396,-484.948) size=(33.225,33.219) sensitivity=0 orientation=0.000 confidence=true]
TOUCH t=2.000 device=0 frame=17 count=2 [id=0 state=hold xy=(422.279,-456.341) size=(33.225,33.219) sensitivity=0 orientation=0.000 confidence=true] [id=1 state=hold xy=(323.396,-484.876) size=(33.225,33.219) sensitivity=0 orientation=0.000 confidence=true]
TOUCH t=2.005 device=0 frame=18 count=2 [id=0 state=hold xy=(422.351,-456.269) size=(33.225,33.219) sensitivity=0 orientation=0.000 confidence=true] [id=1 state=hold xy=(323.396,-484.732) size=(33.225,33.219) sensitivity=0 orientation=0.000 confidence=true]
TOUCH t=2.010 device=0 frame=19 count=2 [id=0 state=hold xy=(422.351,-456.197) size=(33.225,33.219) sensitivity=0 orientation=0.000 confidence=true] [id=1 state=hold xy=(323.324,-484.588) size=(33.225,33.219) sensitivity=0 orientation=0.000 confidence=true]
TOUCH t=2.016 device=0 frame=20 count=2 [id=0 state=hold xy=(422.423,-456.125) size=(33.225,33.219) sensitivity=0 orientation=0.000 confidence=true] [id=1 state=hold xy=(323.252,-484.371) size=(33.225,33.219) sensitivity=0 orientation=0.000 confidence=true]
TOUCH t=2.021 device=0 frame=21 count=2 [id=0 state=hold xy=(422.423,-456.053) size=(33.225,33.219) sensitivity=0 orientation=0.000 confidence=true] [id=1 state=hold xy=(323.180,-484.227) size=(33.225,33.219) sensitivity=0 orientation=0.000 confidence=true]
TOUCH t=2.026 device=0 frame=22 count=2 [id=0 state=hold xy=(422.423,-455.909) size=(33.225,33.219) sensitivity=0 orientation=0.000 confidence=true] [id=1 state=hold xy=(322.964,-483.795) size=(33.225,33.219) sensitivity=0 orientation=0.000 confidence=true]
TOUCH t=2.031 device=0 frame=23 count=2 [id=0 state=hold xy=(422.495,-455.765) size=(33.225,33.219) sensitivity=0 orientation=0.000 confidence=true] [id=1 state=hold xy=(322.748,-483.435) size=(33.225,33.219) sensitivity=0 orientation=0.000 confidence=true]
TOUCH t=2.036 device=0 frame=24 count=2 [id=0 state=hold xy=(422.568,-455.548) size=(33.225,33.219) sensitivity=0 orientation=0.000 confidence=true] [id=1 state=hold xy=(322.532,-483.074) size=(33.225,33.219) sensitivity=0 orientation=0.000 confidence=true]
TOUCH t=2.040 device=0 frame=25 count=2 [id=0 state=hold xy=(422.568,-455.332) size=(33.225,33.219) sensitivity=0 orientation=0.000 confidence=true] [id=1 state=hold xy=(322.315,-482.786) size=(33.225,33.219) sensitivity=0 orientation=0.000 confidence=true]
TOUCH t=2.046 device=0 frame=26 count=2 [id=0 state=hold xy=(422.712,-454.684) size=(33.225,33.219) sensitivity=0 orientation=0.000 confidence=true] [id=1 state=hold xy=(322.099,-482.498) size=(33.225,33.219) sensitivity=0 orientation=0.000 confidence=true]
TOUCH t=2.052 device=0 frame=27 count=2 [id=0 state=hold xy=(422.856,-453.963) size=(33.225,33.219) sensitivity=0 orientation=0.000 confidence=true] [id=1 state=hold xy=(321.955,-482.210) size=(33.225,33.219) sensitivity=0 orientation=0.000 confidence=true]
TOUCH t=2.057 device=0 frame=28 count=2 [id=0 state=hold xy=(423.072,-453.171) size=(33.225,33.219) sensitivity=0 orientation=0.000 confidence=true] [id=1 state=hold xy=(321.739,-481.922) size=(33.225,33.219) sensitivity=0 orientation=0.000 confidence=true]
TOUCH t=2.062 device=0 frame=29 count=2 [id=0 state=hold xy=(423.144,-452.306) size=(33.225,33.219) sensitivity=0 orientation=0.000 confidence=true] [id=1 state=hold xy=(321.595,-481.561) size=(33.225,33.219) sensitivity=0 orientation=0.000 confidence=true]
TOUCH t=2.067 device=0 frame=30 count=2 [id=0 state=hold xy=(423.288,-451.369) size=(33.225,33.219) sensitivity=0 orientation=0.000 confidence=true] [id=1 state=hold xy=(321.450,-481.129) size=(33.225,33.219) sensitivity=0 orientation=0.000 confidence=true]
TOUCH t=2.073 device=0 frame=31 count=2 [id=0 state=hold xy=(423.432,-450.432) size=(33.225,33.219) sensitivity=0 orientation=0.000 confidence=true] [id=1 state=hold xy=(321.234,-480.697) size=(33.225,33.219) sensitivity=0 orientation=0.000 confidence=true]
TOUCH t=2.078 device=0 frame=32 count=2 [id=0 state=hold xy=(423.505,-449.424) size=(33.225,33.219) sensitivity=0 orientation=0.000 confidence=true] [id=1 state=hold xy=(321.018,-480.192) size=(33.225,33.219) sensitivity=0 orientation=0.000 confidence=true]
TOUCH t=2.082 device=0 frame=33 count=2 [id=0 state=hold xy=(423.649,-448.487) size=(33.225,33.219) sensitivity=0 orientation=0.000 confidence=true] [id=1 state=hold xy=(320.802,-479.616) size=(33.225,33.219) sensitivity=0 orientation=0.000 confidence=true]
TOUCH t=2.089 device=0 frame=34 count=2 [id=0 state=hold xy=(423.793,-447.478) size=(33.225,33.219) sensitivity=0 orientation=0.000 confidence=true] [id=1 state=hold xy=(320.586,-478.967) size=(33.225,33.219) sensitivity=0 orientation=0.000 confidence=true]
TOUCH t=2.093 device=0 frame=35 count=2 [id=0 state=hold xy=(423.865,-446.469) size=(33.225,33.219) sensitivity=0 orientation=0.000 confidence=true] [id=1 state=hold xy=(320.441,-478.319) size=(33.225,33.219) sensitivity=0 orientation=0.000 confidence=true]
TOUCH t=2.098 device=0 frame=36 count=2 [id=0 state=hold xy=(423.937,-445.532) size=(33.225,33.219) sensitivity=0 orientation=0.000 confidence=true] [id=1 state=hold xy=(320.225,-477.598) size=(33.225,33.219) sensitivity=0 orientation=0.000 confidence=true]
TOUCH t=2.103 device=0 frame=37 count=2 [id=0 state=hold xy=(424.081,-444.524) size=(33.225,33.219) sensitivity=0 orientation=0.000 confidence=true] [id=1 state=hold xy=(320.081,-476.805) size=(33.225,33.219) sensitivity=0 orientation=0.000 confidence=true]
TOUCH t=2.108 device=0 frame=38 count=2 [id=0 state=hold xy=(424.153,-443.515) size=(33.225,33.219) sensitivity=0 orientation=0.000 confidence=true] [id=1 state=hold xy=(319.865,-476.013) size=(33.225,33.219) sensitivity=0 orientation=0.000 confidence=true]
TOUCH t=2.114 device=0 frame=39 count=2 [id=0 state=hold xy=(424.225,-442.506) size=(33.225,33.219) sensitivity=0 orientation=0.000 confidence=true] [id=1 state=hold xy=(319.649,-475.220) size=(33.225,33.219) sensitivity=0 orientation=0.000 confidence=true]
TOUCH t=2.119 device=0 frame=40 count=2 [id=0 state=hold xy=(424.297,-441.425) size=(33.225,33.219) sensitivity=0 orientation=0.000 confidence=true] [id=1 state=hold xy=(319.505,-474.355) size=(33.225,33.219) sensitivity=0 orientation=0.000 confidence=true]
TOUCH t=2.124 device=0 frame=41 count=2 [id=0 state=hold xy=(424.369,-440.416) size=(33.225,33.219) sensitivity=0 orientation=0.000 confidence=true] [id=1 state=hold xy=(319.360,-473.491) size=(33.225,33.219) sensitivity=0 orientation=0.000 confidence=true]
TOUCH t=2.130 device=0 frame=42 count=2 [id=0 state=hold xy=(424.441,-439.408) size=(33.225,33.219) sensitivity=0 orientation=0.000 confidence=true] [id=1 state=hold xy=(319.216,-472.698) size=(33.225,33.219) sensitivity=0 orientation=0.000 confidence=true]
TOUCH t=2.134 device=0 frame=43 count=2 [id=0 state=hold xy=(424.514,-438.327) size=(33.225,33.219) sensitivity=0 orientation=0.000 confidence=true] [id=1 state=hold xy=(319.144,-471.833) size=(33.225,33.219) sensitivity=0 orientation=0.000 confidence=true]
TOUCH t=2.139 device=0 frame=44 count=2 [id=0 state=hold xy=(424.586,-437.318) size=(33.225,33.219) sensitivity=0 orientation=0.000 confidence=true] [id=1 state=hold xy=(319.072,-470.897) size=(33.225,33.219) sensitivity=0 orientation=0.000 confidence=true]
TOUCH t=2.146 device=0 frame=45 count=2 [id=0 state=hold xy=(424.586,-436.237) size=(33.225,33.219) sensitivity=0 orientation=0.000 confidence=true] [id=1 state=hold xy=(319.000,-470.032) size=(33.225,33.219) sensitivity=0 orientation=0.000 confidence=true]
TOUCH t=2.150 device=0 frame=46 count=2 [id=0 state=hold xy=(424.658,-435.228) size=(33.225,33.219) sensitivity=0 orientation=0.000 confidence=true] [id=1 state=hold xy=(318.928,-469.095) size=(33.225,33.219) sensitivity=0 orientation=0.000 confidence=true]
TOUCH t=2.156 device=0 frame=47 count=2 [id=0 state=hold xy=(424.730,-434.291) size=(33.225,33.219) sensitivity=0 orientation=0.000 confidence=true] [id=1 state=hold xy=(318.928,-468.086) size=(33.225,33.219) sensitivity=0 orientation=0.000 confidence=true]
TOUCH t=2.160 device=0 frame=48 count=2 [id=0 state=hold xy=(424.802,-433.283) size=(33.225,33.219) sensitivity=0 orientation=0.000 confidence=true] [id=1 state=hold xy=(318.928,-467.078) size=(33.225,33.219) sensitivity=0 orientation=0.000 confidence=true]
TOUCH t=2.165 device=0 frame=49 count=2 [id=0 state=hold xy=(424.802,-432.346) size=(33.225,33.219) sensitivity=0 orientation=0.000 confidence=true] [id=1 state=hold xy=(318.928,-466.141) size=(33.225,33.219) sensitivity=0 orientation=0.000 confidence=true]
TOUCH t=2.169 device=0 frame=50 count=2 [id=0 state=hold xy=(424.874,-431.409) size=(33.225,33.219) sensitivity=0 orientation=0.000 confidence=true] [id=1 state=hold xy=(318.928,-465.204) size=(33.225,33.219) sensitivity=0 orientation=0.000 confidence=true]
TOUCH t=2.176 device=0 frame=51 count=2 [id=0 state=hold xy=(424.946,-430.472) size=(33.225,33.219) sensitivity=0 orientation=0.000 confidence=true] [id=1 state=hold xy=(319.000,-464.195) size=(33.225,33.219) sensitivity=0 orientation=0.000 confidence=true]
TOUCH t=2.180 device=0 frame=52 count=2 [id=0 state=hold xy=(425.018,-429.608) size=(33.225,33.219) sensitivity=0 orientation=0.000 confidence=true] [id=1 state=hold xy=(319.000,-463.259) size=(33.225,33.219) sensitivity=0 orientation=0.000 confidence=true]
TOUCH t=2.185 device=0 frame=53 count=2 [id=0 state=hold xy=(425.162,-428.743) size=(33.225,33.219) sensitivity=0 orientation=0.000 confidence=true] [id=1 state=hold xy=(319.072,-462.394) size=(33.225,33.219) sensitivity=0 orientation=0.000 confidence=true]
TOUCH t=2.190 device=0 frame=54 count=2 [id=0 state=hold xy=(425.234,-427.878) size=(33.225,33.219) sensitivity=0 orientation=0.000 confidence=true] [id=1 state=hold xy=(319.216,-461.529) size=(33.225,33.219) sensitivity=0 orientation=0.000 confidence=true]
TOUCH t=2.195 device=0 frame=55 count=2 [id=0 state=hold xy=(425.306,-427.014) size=(33.225,33.219) sensitivity=0 orientation=0.000 confidence=true] [id=1 state=hold xy=(319.288,-460.665) size=(33.225,33.219) sensitivity=0 orientation=0.000 confidence=true]
TOUCH t=2.201 device=0 frame=56 count=2 [id=0 state=hold xy=(425.450,-426.221) size=(33.225,33.219) sensitivity=0 orientation=0.000 confidence=true] [id=1 state=hold xy=(319.432,-459.872) size=(33.225,33.219) sensitivity=0 orientation=0.000 confidence=true]
TOUCH t=2.207 device=0 frame=57 count=2 [id=0 state=hold xy=(425.523,-425.356) size=(33.225,33.219) sensitivity=0 orientation=0.000 confidence=true] [id=1 state=hold xy=(319.649,-459.079) size=(33.225,33.219) sensitivity=0 orientation=0.000 confidence=true]
TOUCH t=2.211 device=0 frame=58 count=2 [id=0 state=hold xy=(425.667,-424.492) size=(33.225,33.219) sensitivity=0 orientation=0.000 confidence=true] [id=1 state=hold xy=(319.793,-458.287) size=(33.225,33.219) sensitivity=0 orientation=0.000 confidence=true]
TOUCH t=2.216 device=0 frame=59 count=2 [id=0 state=hold xy=(425.739,-423.627) size=(33.225,33.219) sensitivity=0 orientation=0.000 confidence=true] [id=1 state=hold xy=(320.009,-457.422) size=(33.225,33.219) sensitivity=0 orientation=0.000 confidence=true]
TOUCH t=2.222 device=0 frame=60 count=2 [id=0 state=hold xy=(425.883,-422.762) size=(33.225,33.219) sensitivity=0 orientation=0.000 confidence=true] [id=1 state=hold xy=(320.225,-456.557) size=(33.225,33.219) sensitivity=0 orientation=0.000 confidence=true]
TOUCH t=2.229 device=0 frame=61 count=2 [id=0 state=hold xy=(426.027,-421.898) size=(33.225,33.219) sensitivity=0 orientation=0.000 confidence=true] [id=1 state=hold xy=(320.441,-455.693) size=(33.225,33.219) sensitivity=0 orientation=0.000 confidence=true]
TOUCH t=2.232 device=0 frame=62 count=2 [id=0 state=hold xy=(426.243,-420.961) size=(33.225,33.219) sensitivity=0 orientation=0.000 confidence=true] [id=1 state=hold xy=(320.730,-454.828) size=(33.225,33.219) sensitivity=0 orientation=0.000 confidence=true]
TOUCH t=2.237 device=0 frame=63 count=2 [id=0 state=hold xy=(426.387,-420.024) size=(33.225,33.219) sensitivity=0 orientation=0.000 confidence=true] [id=1 state=hold xy=(321.090,-453.963) size=(33.225,33.219) sensitivity=0 orientation=0.000 confidence=true]
TOUCH t=2.243 device=0 frame=64 count=2 [id=0 state=hold xy=(426.676,-419.015) size=(33.225,33.219) sensitivity=0 orientation=0.000 confidence=true] [id=1 state=hold xy=(321.450,-453.026) size=(33.225,33.219) sensitivity=0 orientation=0.000 confidence=true]
TOUCH t=2.247 device=0 frame=65 count=2 [id=0 state=hold xy=(426.964,-417.934) size=(33.225,33.219) sensitivity=0 orientation=0.000 confidence=true] [id=1 state=hold xy=(321.811,-452.090) size=(33.225,33.219) sensitivity=0 orientation=0.000 confidence=true]
TOUCH t=2.252 device=0 frame=66 count=2 [id=0 state=hold xy=(427.252,-416.853) size=(33.225,33.219) sensitivity=0 orientation=0.000 confidence=true] [id=1 state=hold xy=(322.243,-451.225) size=(33.225,33.219) sensitivity=0 orientation=0.000 confidence=true]
TOUCH t=2.258 device=0 frame=67 count=2 [id=0 state=hold xy=(427.541,-415.701) size=(33.225,33.219) sensitivity=0 orientation=0.000 confidence=true] [id=1 state=hold xy=(322.748,-450.360) size=(33.225,33.219) sensitivity=0 orientation=0.000 confidence=true]
TOUCH t=2.262 device=0 frame=68 count=2 [id=0 state=hold xy=(427.973,-414.548) size=(33.225,33.219) sensitivity=0 orientation=0.000 confidence=true] [id=1 state=hold xy=(323.180,-449.496) size=(33.225,33.219) sensitivity=0 orientation=0.000 confidence=true]
TOUCH t=2.267 device=0 frame=69 count=2 [id=0 state=hold xy=(428.333,-413.395) size=(33.225,33.219) sensitivity=0 orientation=0.000 confidence=true] [id=1 state=hold xy=(323.685,-448.631) size=(33.225,33.219) sensitivity=0 orientation=0.000 confidence=true]
TOUCH t=2.274 device=0 frame=70 count=2 [id=0 state=hold xy=(428.766,-412.242) size=(33.225,33.219) sensitivity=0 orientation=0.000 confidence=true] [id=1 state=hold xy=(324.189,-447.694) size=(33.225,33.219) sensitivity=0 orientation=0.000 confidence=true]
TOUCH t=2.278 device=0 frame=71 count=2 [id=0 state=hold xy=(429.270,-411.017) size=(33.225,33.219) sensitivity=0 orientation=0.000 confidence=true] [id=1 state=hold xy=(324.694,-446.685) size=(33.225,33.219) sensitivity=0 orientation=0.000 confidence=true]
TOUCH t=2.283 device=0 frame=72 count=2 [id=0 state=hold xy=(429.703,-409.864) size=(33.225,33.219) sensitivity=0 orientation=0.000 confidence=true] [id=1 state=hold xy=(325.270,-445.749) size=(33.225,33.219) sensitivity=0 orientation=0.000 confidence=true]
TOUCH t=2.289 device=0 frame=73 count=2 [id=0 state=hold xy=(430.207,-408.783) size=(33.225,33.219) sensitivity=0 orientation=0.000 confidence=true] [id=1 state=hold xy=(325.847,-444.740) size=(33.225,33.219) sensitivity=0 orientation=0.000 confidence=true]
TOUCH t=2.295 device=0 frame=74 count=2 [id=0 state=hold xy=(430.712,-407.630) size=(33.225,33.219) sensitivity=0 orientation=0.000 confidence=true] [id=1 state=hold xy=(326.495,-443.803) size=(33.225,33.219) sensitivity=0 orientation=0.000 confidence=true]
TOUCH t=2.299 device=0 frame=75 count=2 [id=0 state=hold xy=(431.288,-406.477) size=(33.225,33.219) sensitivity=0 orientation=0.000 confidence=true] [id=1 state=hold xy=(327.216,-442.794) size=(33.225,33.219) sensitivity=0 orientation=0.000 confidence=true]
TOUCH t=2.305 device=0 frame=76 count=2 [id=0 state=hold xy=(432.009,-405.252) size=(33.225,33.219) sensitivity=0 orientation=0.000 confidence=true] [id=1 state=hold xy=(327.937,-441.713) size=(33.225,33.219) sensitivity=0 orientation=0.000 confidence=true]
TOUCH t=2.313 device=0 frame=77 count=2 [id=0 state=hold xy=(432.802,-404.099) size=(33.225,33.219) sensitivity=0 orientation=0.000 confidence=true] [id=1 state=hold xy=(328.802,-440.633) size=(33.225,33.219) sensitivity=0 orientation=0.000 confidence=true]
TOUCH t=2.316 device=0 frame=78 count=2 [id=0 state=hold xy=(433.595,-402.946) size=(33.225,33.219) sensitivity=0 orientation=0.000 confidence=true] [id=1 state=hold xy=(330.027,-439.263) size=(33.225,33.219) sensitivity=0 orientation=0.000 confidence=true]
TOUCH t=2.320 device=0 frame=79 count=2 [id=0 state=hold xy=(434.459,-401.865) size=(33.225,33.219) sensitivity=0 orientation=0.000 confidence=true] [id=1 state=hold xy=(331.324,-438.038) size=(33.225,33.219) sensitivity=0 orientation=0.000 confidence=true]
TOUCH t=2.325 device=0 frame=80 count=2 [id=0 state=hold xy=(435.468,-400.713) size=(33.225,33.219) sensitivity=0 orientation=0.000 confidence=true] [id=1 state=hold xy=(332.622,-436.813) size=(33.225,33.219) sensitivity=0 orientation=0.000 confidence=true]
TOUCH t=2.330 device=0 frame=81 count=2 [id=0 state=hold xy=(436.550,-399.560) size=(33.225,33.219) sensitivity=0 orientation=0.000 confidence=true] [id=1 state=hold xy=(333.991,-435.588) size=(33.225,33.219) sensitivity=0 orientation=0.000 confidence=true]
TOUCH t=2.336 device=0 frame=82 count=2 [id=0 state=hold xy=(437.631,-398.407) size=(33.225,33.219) sensitivity=0 orientation=0.000 confidence=true] [id=1 state=hold xy=(335.432,-434.436) size=(33.225,33.219) sensitivity=0 orientation=0.000 confidence=true]
TOUCH t=2.341 device=0 frame=83 count=2 [id=0 state=hold xy=(438.928,-397.110) size=(33.225,33.219) sensitivity=0 orientation=0.000 confidence=true] [id=1 state=hold xy=(336.946,-433.355) size=(33.225,33.219) sensitivity=0 orientation=0.000 confidence=true]
TOUCH t=2.346 device=0 frame=84 count=2 [id=0 state=hold xy=(440.297,-395.741) size=(33.225,33.219) sensitivity=0 orientation=0.000 confidence=true] [id=1 state=hold xy=(338.532,-432.274) size=(33.225,33.219) sensitivity=0 orientation=0.000 confidence=true]
TOUCH t=2.351 device=0 frame=85 count=2 [id=0 state=hold xy=(441.739,-394.299) size=(33.225,33.219) sensitivity=0 orientation=0.000 confidence=true] [id=1 state=hold xy=(340.189,-431.265) size=(33.225,33.219) sensitivity=0 orientation=0.000 confidence=true]
TOUCH t=2.357 device=0 frame=86 count=2 [id=0 state=hold xy=(443.396,-392.858) size=(33.225,33.219) sensitivity=0 orientation=0.000 confidence=true] [id=1 state=hold xy=(341.919,-430.328) size=(33.225,33.219) sensitivity=0 orientation=0.000 confidence=true]
TOUCH t=2.360 device=0 frame=87 count=2 [id=0 state=hold xy=(445.126,-391.417) size=(33.225,33.219) sensitivity=0 orientation=0.000 confidence=true] [id=1 state=hold xy=(343.721,-429.536) size=(33.225,33.219) sensitivity=0 orientation=0.000 confidence=true]
TOUCH t=2.366 device=0 frame=88 count=2 [id=0 state=hold xy=(446.928,-389.904) size=(33.225,33.219) sensitivity=0 orientation=0.000 confidence=true] [id=1 state=hold xy=(345.595,-428.743) size=(33.225,33.219) sensitivity=0 orientation=0.000 confidence=true]
TOUCH t=2.373 device=0 frame=89 count=2 [id=0 state=hold xy=(448.730,-388.463) size=(33.225,33.219) sensitivity=0 orientation=0.000 confidence=true] [id=1 state=hold xy=(347.468,-427.878) size=(33.225,33.219) sensitivity=0 orientation=0.000 confidence=true]
TOUCH t=2.377 device=0 frame=90 count=2 [id=0 state=hold xy=(450.459,-387.094) size=(33.225,33.219) sensitivity=0 orientation=0.000 confidence=true] [id=1 state=hold xy=(349.342,-426.870) size=(33.225,33.219) sensitivity=0 orientation=0.000 confidence=true]
TOUCH t=2.382 device=0 frame=91 count=2 [id=0 state=hold xy=(452.333,-385.725) size=(33.225,33.219) sensitivity=0 orientation=0.000 confidence=true] [id=1 state=hold xy=(351.144,-425.789) size=(33.225,33.219) sensitivity=0 orientation=0.000 confidence=true]
TOUCH t=2.387 device=0 frame=92 count=2 [id=0 state=hold xy=(454.135,-384.572) size=(33.225,33.219) sensitivity=0 orientation=0.000 confidence=true] [id=1 state=hold xy=(352.874,-424.708) size=(33.225,33.219) sensitivity=0 orientation=0.000 confidence=true]
TOUCH t=2.392 device=0 frame=93 count=2 [id=0 state=hold xy=(455.937,-383.563) size=(33.225,33.219) sensitivity=0 orientation=0.000 confidence=true] [id=1 state=hold xy=(354.532,-423.771) size=(33.225,33.219) sensitivity=0 orientation=0.000 confidence=true]
TOUCH t=2.397 device=0 frame=94 count=2 [id=0 state=hold xy=(457.595,-382.554) size=(33.225,33.219) sensitivity=0 orientation=0.000 confidence=true] [id=1 state=hold xy=(356.117,-423.050) size=(33.225,33.219) sensitivity=0 orientation=0.000 confidence=true]
TOUCH t=2.402 device=0 frame=95 count=2 [id=0 state=hold xy=(459.108,-381.689) size=(33.225,33.219) sensitivity=0 orientation=0.000 confidence=true] [id=1 state=hold xy=(357.559,-422.402) size=(33.225,33.219) sensitivity=0 orientation=0.000 confidence=true]
TOUCH t=2.408 device=0 frame=96 count=2 [id=0 state=hold xy=(460.477,-380.825) size=(33.225,33.219) sensitivity=0 orientation=0.000 confidence=true] [id=1 state=hold xy=(358.928,-421.898) size=(33.225,33.219) sensitivity=0 orientation=0.000 confidence=true]
TOUCH t=2.413 device=0 frame=97 count=2 [id=0 state=hold xy=(461.703,-380.032) size=(33.225,33.219) sensitivity=0 orientation=0.000 confidence=true] [id=1 state=hold xy=(360.225,-421.321) size=(33.225,33.219) sensitivity=0 orientation=0.000 confidence=true]
TOUCH t=2.417 device=0 frame=98 count=2 [id=0 state=hold xy=(462.928,-379.239) size=(33.225,33.219) sensitivity=0 orientation=0.000 confidence=true] [id=1 state=hold xy=(361.523,-420.745) size=(33.225,33.219) sensitivity=0 orientation=0.000 confidence=true]
TOUCH t=2.422 device=0 frame=99 count=2 [id=0 state=hold xy=(464.081,-378.447) size=(33.225,33.219) sensitivity=0 orientation=0.000 confidence=true] [id=1 state=hold xy=(362.820,-420.168) size=(33.225,33.219) sensitivity=0 orientation=0.000 confidence=true]
TOUCH t=2.427 device=0 frame=100 count=2 [id=0 state=hold xy=(465.162,-377.726) size=(33.225,33.219) sensitivity=0 orientation=0.000 confidence=true] [id=1 state=hold xy=(364.117,-419.664) size=(33.225,33.219) sensitivity=0 orientation=0.000 confidence=true]
TOUCH t=2.433 device=0 frame=101 count=2 [id=0 state=hold xy=(466.243,-377.078) size=(33.225,33.219) sensitivity=0 orientation=0.000 confidence=true] [id=1 state=hold xy=(365.342,-419.231) size=(33.225,33.219) sensitivity=0 orientation=0.000 confidence=true]
TOUCH t=2.439 device=0 frame=102 count=2 [id=0 state=hold xy=(467.396,-376.429) size=(33.225,33.219) sensitivity=0 orientation=0.000 confidence=true] [id=1 state=hold xy=(366.640,-418.799) size=(33.225,33.219) sensitivity=0 orientation=0.000 confidence=true]
TOUCH t=2.443 device=0 frame=103 count=2 [id=0 state=hold xy=(468.477,-375.853) size=(33.225,33.219) sensitivity=0 orientation=0.000 confidence=true] [id=1 state=hold xy=(367.937,-418.439) size=(33.225,33.219) sensitivity=0 orientation=0.000 confidence=true]
TOUCH t=2.449 device=0 frame=104 count=2 [id=0 state=hold xy=(469.559,-375.348) size=(33.225,33.219) sensitivity=0 orientation=0.000 confidence=true] [id=1 state=hold xy=(369.234,-418.151) size=(33.225,33.219) sensitivity=0 orientation=0.000 confidence=true]
TOUCH t=2.454 device=0 frame=105 count=2 [id=0 state=hold xy=(470.640,-374.772) size=(33.225,33.219) sensitivity=0 orientation=0.000 confidence=true] [id=1 state=hold xy=(370.532,-417.790) size=(33.225,33.219) sensitivity=0 orientation=0.000 confidence=true]
TOUCH t=2.459 device=0 frame=106 count=2 [id=0 state=hold xy=(471.793,-374.267) size=(33.225,33.219) sensitivity=0 orientation=0.000 confidence=true] [id=1 state=hold xy=(371.829,-417.430) size=(33.225,33.219) sensitivity=0 orientation=0.000 confidence=true]
TOUCH t=2.465 device=0 frame=107 count=2 [id=0 state=hold xy=(472.874,-373.835) size=(33.225,33.219) sensitivity=0 orientation=0.000 confidence=true] [id=1 state=hold xy=(373.054,-417.142) size=(33.225,33.219) sensitivity=0 orientation=0.000 confidence=true]
TOUCH t=2.469 device=0 frame=108 count=2 [id=0 state=hold xy=(474.027,-373.403) size=(33.225,33.219) sensitivity=0 orientation=0.000 confidence=true] [id=1 state=hold xy=(374.279,-416.926) size=(33.225,33.219) sensitivity=0 orientation=0.000 confidence=true]
TOUCH t=2.475 device=0 frame=109 count=2 [id=0 state=hold xy=(475.180,-373.115) size=(33.225,33.219) sensitivity=0 orientation=0.000 confidence=true] [id=1 state=hold xy=(375.432,-416.781) size=(33.225,33.219) sensitivity=0 orientation=0.000 confidence=true]
TOUCH t=2.479 device=0 frame=110 count=2 [id=0 state=hold xy=(476.261,-372.826) size=(33.225,33.219) sensitivity=0 orientation=0.000 confidence=true] [id=1 state=hold xy=(376.586,-416.709) size=(33.225,33.219) sensitivity=0 orientation=0.000 confidence=true]
TOUCH t=2.484 device=0 frame=111 count=2 [id=0 state=hold xy=(477.270,-372.610) size=(33.225,33.219) sensitivity=0 orientation=0.000 confidence=true] [id=1 state=hold xy=(377.595,-416.709) size=(33.225,33.219) sensitivity=0 orientation=0.000 confidence=true]
TOUCH t=2.490 device=0 frame=112 count=2 [id=0 state=hold xy=(478.135,-372.538) size=(33.225,33.219) sensitivity=0 orientation=0.000 confidence=true] [id=1 state=hold xy=(378.532,-416.926) size=(33.225,33.219) sensitivity=0 orientation=0.000 confidence=true]
TOUCH t=2.495 device=0 frame=113 count=2 [id=0 state=hold xy=(479.000,-372.538) size=(33.225,33.219) sensitivity=0 orientation=0.000 confidence=true] [id=1 state=hold xy=(379.396,-417.070) size=(33.225,33.219) sensitivity=0 orientation=0.000 confidence=true]
TOUCH t=2.501 device=0 frame=114 count=2 [id=0 state=hold xy=(479.793,-372.466) size=(33.225,33.219) sensitivity=0 orientation=0.000 confidence=true] [id=1 state=hold xy=(380.261,-417.286) size=(33.225,33.219) sensitivity=0 orientation=0.000 confidence=true]
TOUCH t=2.506 device=0 frame=115 count=2 [id=0 state=hold xy=(480.586,-372.394) size=(33.225,33.219) sensitivity=0 orientation=0.000 confidence=true] [id=1 state=hold xy=(381.054,-417.502) size=(33.225,33.219) sensitivity=0 orientation=0.000 confidence=true]
TOUCH t=2.510 device=0 frame=116 count=2 [id=0 state=hold xy=(481.306,-372.466) size=(33.225,33.219) sensitivity=0 orientation=0.000 confidence=true] [id=1 state=hold xy=(381.847,-417.718) size=(33.225,33.219) sensitivity=0 orientation=0.000 confidence=true]
TOUCH t=2.515 device=0 frame=117 count=2 [id=0 state=hold xy=(481.955,-372.682) size=(33.225,33.219) sensitivity=0 orientation=0.000 confidence=true] [id=1 state=hold xy=(382.640,-417.934) size=(33.225,33.219) sensitivity=0 orientation=0.000 confidence=true]
TOUCH t=2.521 device=0 frame=118 count=2 [id=0 state=hold xy=(482.604,-372.826) size=(33.225,33.219) sensitivity=0 orientation=0.000 confidence=true] [id=1 state=hold xy=(383.432,-418.223) size=(33.225,33.219) sensitivity=0 orientation=0.000 confidence=true]
TOUCH t=2.527 device=0 frame=119 count=2 [id=0 state=hold xy=(483.180,-373.042) size=(33.225,33.219) sensitivity=0 orientation=0.000 confidence=true] [id=1 state=hold xy=(384.153,-418.439) size=(33.225,33.219) sensitivity=0 orientation=0.000 confidence=true]
TOUCH t=2.532 device=0 frame=120 count=2 [id=0 state=hold xy=(483.757,-373.259) size=(33.225,33.219) sensitivity=0 orientation=0.000 confidence=true] [id=1 state=hold xy=(384.874,-418.727) size=(33.225,33.219) sensitivity=0 orientation=0.000 confidence=true]
TOUCH t=2.537 device=0 frame=121 count=2 [id=0 state=hold xy=(484.261,-373.547) size=(33.225,33.219) sensitivity=0 orientation=0.000 confidence=true] [id=1 state=hold xy=(385.523,-419.015) size=(33.225,33.219) sensitivity=0 orientation=0.000 confidence=true]
TOUCH t=2.542 device=0 frame=122 count=2 [id=0 state=hold xy=(484.766,-373.907) size=(33.225,33.219) sensitivity=0 orientation=0.000 confidence=true] [id=1 state=hold xy=(386.171,-419.375) size=(33.225,33.219) sensitivity=0 orientation=0.000 confidence=true]
TOUCH t=2.547 device=0 frame=123 count=2 [id=0 state=hold xy=(485.270,-374.267) size=(33.225,33.219) sensitivity=0 orientation=0.000 confidence=true] [id=1 state=hold xy=(386.748,-419.664) size=(33.225,33.219) sensitivity=0 orientation=0.000 confidence=true]
TOUCH t=2.552 device=0 frame=124 count=2 [id=0 state=hold xy=(485.703,-374.700) size=(33.225,33.219) sensitivity=0 orientation=0.000 confidence=true] [id=1 state=hold xy=(387.324,-420.096) size=(33.225,33.219) sensitivity=0 orientation=0.000 confidence=true]
TOUCH t=2.557 device=0 frame=125 count=2 [id=0 state=hold xy=(486.135,-375.132) size=(33.225,33.219) sensitivity=0 orientation=0.000 confidence=true] [id=1 state=hold xy=(387.901,-420.528) size=(33.225,33.219) sensitivity=0 orientation=0.000 confidence=true]
TOUCH t=2.563 device=0 frame=126 count=2 [id=0 state=hold xy=(486.568,-375.564) size=(33.225,33.219) sensitivity=0 orientation=0.000 confidence=true] [id=1 state=hold xy=(388.477,-420.961) size=(33.225,33.219) sensitivity=0 orientation=0.000 confidence=true]
TOUCH t=2.568 device=0 frame=127 count=2 [id=0 state=hold xy=(487.000,-375.997) size=(33.225,33.219) sensitivity=0 orientation=0.000 confidence=true] [id=1 state=hold xy=(389.054,-421.465) size=(33.225,33.219) sensitivity=0 orientation=0.000 confidence=true]
TOUCH t=2.573 device=0 frame=128 count=2 [id=0 state=hold xy=(487.505,-376.573) size=(33.225,33.219) sensitivity=0 orientation=0.000 confidence=true] [id=1 state=hold xy=(389.775,-422.042) size=(33.225,33.219) sensitivity=0 orientation=0.000 confidence=true]
TOUCH t=2.578 device=0 frame=129 count=2 [id=0 state=hold xy=(488.009,-377.222) size=(33.225,33.219) sensitivity=0 orientation=0.000 confidence=true] [id=1 state=hold xy=(390.423,-422.618) size=(33.225,33.219) sensitivity=0 orientation=0.000 confidence=true]
TOUCH t=2.583 device=0 frame=130 count=2 [id=0 state=hold xy=(488.586,-377.942) size=(33.225,33.219) sensitivity=0 orientation=0.000 confidence=true] [id=1 state=hold xy=(391.072,-423.339) size=(33.225,33.219) sensitivity=0 orientation=0.000 confidence=true]
TOUCH t=2.588 device=0 frame=131 count=2 [id=0 state=hold xy=(489.090,-378.663) size=(33.225,33.219) sensitivity=0 orientation=0.000 confidence=true] [id=1 state=hold xy=(391.793,-424.059) size=(33.225,33.219) sensitivity=0 orientation=0.000 confidence=true]
TOUCH t=2.594 device=0 frame=132 count=2 [id=0 state=hold xy=(489.667,-379.456) size=(33.225,33.219) sensitivity=0 orientation=0.000 confidence=true] [id=1 state=hold xy=(392.441,-424.780) size=(33.225,33.219) sensitivity=0 orientation=0.000 confidence=true]
TOUCH t=2.599 device=0 frame=133 count=2 [id=0 state=hold xy=(490.243,-380.248) size=(33.225,33.219) sensitivity=0 orientation=0.000 confidence=true] [id=1 state=hold xy=(393.090,-425.645) size=(33.225,33.219) sensitivity=0 orientation=0.000 confidence=true]
TOUCH t=2.604 device=0 frame=134 count=2 [id=0 state=hold xy=(490.820,-381.041) size=(33.225,33.219) sensitivity=0 orientation=0.000 confidence=true] [id=1 state=hold xy=(393.739,-426.509) size=(33.225,33.219) sensitivity=0 orientation=0.000 confidence=true]
TOUCH t=2.609 device=0 frame=135 count=2 [id=0 state=hold xy=(491.396,-381.833) size=(33.225,33.219) sensitivity=0 orientation=0.000 confidence=true] [id=1 state=hold xy=(394.315,-427.302) size=(33.225,33.219) sensitivity=0 orientation=0.000 confidence=true]
TOUCH t=2.613 device=0 frame=136 count=2 [id=0 state=hold xy=(491.973,-382.698) size=(33.225,33.219) sensitivity=0 orientation=0.000 confidence=true] [id=1 state=hold xy=(394.820,-428.167) size=(33.225,33.219) sensitivity=0 orientation=0.000 confidence=true]
TOUCH t=2.618 device=0 frame=137 count=2 [id=0 state=hold xy=(492.550,-383.491) size=(33.225,33.219) sensitivity=0 orientation=0.000 confidence=true] [id=1 state=hold xy=(395.324,-429.031) size=(33.225,33.219) sensitivity=0 orientation=0.000 confidence=true]
TOUCH t=2.625 device=0 frame=138 count=2 [id=0 state=hold xy=(493.126,-384.355) size=(33.225,33.219) sensitivity=0 orientation=0.000 confidence=true] [id=1 state=hold xy=(395.757,-429.896) size=(33.225,33.219) sensitivity=0 orientation=0.000 confidence=true]
TOUCH t=2.630 device=0 frame=139 count=2 [id=0 state=hold xy=(493.631,-385.220) size=(33.225,33.219) sensitivity=0 orientation=0.000 confidence=true] [id=1 state=hold xy=(396.189,-430.689) size=(33.225,33.219) sensitivity=0 orientation=0.000 confidence=true]
TOUCH t=2.634 device=0 frame=140 count=2 [id=0 state=hold xy=(494.207,-386.085) size=(33.225,33.219) sensitivity=0 orientation=0.000 confidence=true] [id=1 state=hold xy=(396.550,-431.553) size=(33.225,33.219) sensitivity=0 orientation=0.000 confidence=true]
TOUCH t=2.639 device=0 frame=141 count=2 [id=0 state=hold xy=(494.712,-386.950) size=(33.225,33.219) sensitivity=0 orientation=0.000 confidence=true] [id=1 state=hold xy=(396.910,-432.346) size=(33.225,33.219) sensitivity=0 orientation=0.000 confidence=true]
TOUCH t=2.644 device=0 frame=142 count=2 [id=0 state=hold xy=(495.216,-387.742) size=(33.225,33.219) sensitivity=0 orientation=0.000 confidence=true] [id=1 state=hold xy=(397.270,-433.139) size=(33.225,33.219) sensitivity=0 orientation=0.000 confidence=true]
TOUCH t=2.650 device=0 frame=143 count=2 [id=0 state=hold xy=(495.649,-388.607) size=(33.225,33.219) sensitivity=0 orientation=0.000 confidence=true] [id=1 state=hold xy=(397.631,-433.859) size=(33.225,33.219) sensitivity=0 orientation=0.000 confidence=true]
TOUCH t=2.655 device=0 frame=144 count=2 [id=0 state=hold xy=(496.081,-389.472) size=(33.225,33.219) sensitivity=0 orientation=0.000 confidence=true] [id=1 state=hold xy=(397.919,-434.580) size=(33.225,33.219) sensitivity=0 orientation=0.000 confidence=true]
TOUCH t=2.660 device=0 frame=145 count=2 [id=0 state=hold xy=(496.369,-390.336) size=(33.225,33.219) sensitivity=0 orientation=0.000 confidence=true] [id=1 state=hold xy=(398.207,-435.228) size=(33.225,33.219) sensitivity=0 orientation=0.000 confidence=true]
TOUCH t=2.665 device=0 frame=146 count=2 [id=0 state=hold xy=(496.658,-391.201) size=(33.225,33.219) sensitivity=0 orientation=0.000 confidence=true] [id=1 state=hold xy=(398.495,-435.877) size=(33.225,33.219) sensitivity=0 orientation=0.000 confidence=true]
TOUCH t=2.671 device=0 frame=147 count=2 [id=0 state=hold xy=(496.874,-391.994) size=(33.225,33.219) sensitivity=0 orientation=0.000 confidence=true] [id=1 state=hold xy=(398.712,-436.525) size=(33.225,33.219) sensitivity=0 orientation=0.000 confidence=true]
TOUCH t=2.676 device=0 frame=148 count=2 [id=0 state=hold xy=(497.162,-392.714) size=(33.225,33.219) sensitivity=0 orientation=0.000 confidence=true] [id=1 state=hold xy=(399.000,-437.246) size=(33.225,33.219) sensitivity=0 orientation=0.000 confidence=true]
TOUCH t=2.680 device=0 frame=149 count=2 [id=0 state=hold xy=(497.450,-393.363) size=(33.225,33.219) sensitivity=0 orientation=0.000 confidence=true] [id=1 state=hold xy=(399.216,-437.966) size=(33.225,33.219) sensitivity=0 orientation=0.000 confidence=true]
TOUCH t=2.685 device=0 frame=150 count=2 [id=0 state=hold xy=(497.739,-394.155) size=(33.225,33.219) sensitivity=0 orientation=0.000 confidence=true] [id=1 state=hold xy=(399.432,-438.831) size=(33.225,33.219) sensitivity=0 orientation=0.000 confidence=true]
TOUCH t=2.692 device=0 frame=151 count=2 [id=0 state=hold xy=(497.955,-394.804) size=(33.225,33.219) sensitivity=0 orientation=0.000 confidence=true] [id=1 state=hold xy=(399.577,-439.624) size=(33.225,33.219) sensitivity=0 orientation=0.000 confidence=true]
TOUCH t=2.697 device=0 frame=152 count=2 [id=0 state=hold xy=(498.243,-395.524) size=(33.225,33.219) sensitivity=0 orientation=0.000 confidence=true] [id=1 state=hold xy=(399.793,-440.560) size=(33.225,33.219) sensitivity=0 orientation=0.000 confidence=true]
TOUCH t=2.702 device=0 frame=153 count=2 [id=0 state=hold xy=(498.532,-396.173) size=(33.225,33.219) sensitivity=0 orientation=0.000 confidence=true] [id=1 state=hold xy=(399.937,-441.497) size=(33.225,33.219) sensitivity=0 orientation=0.000 confidence=true]
TOUCH t=2.707 device=0 frame=154 count=2 [id=0 state=hold xy=(498.820,-396.821) size=(33.225,33.219) sensitivity=0 orientation=0.000 confidence=true] [id=1 state=hold xy=(400.009,-442.434) size=(33.225,33.219) sensitivity=0 orientation=0.000 confidence=true]
TOUCH t=2.712 device=0 frame=155 count=2 [id=0 state=hold xy=(499.036,-397.470) size=(33.225,33.219) sensitivity=0 orientation=0.000 confidence=true] [id=1 state=hold xy=(400.081,-443.443) size=(33.225,33.219) sensitivity=0 orientation=0.000 confidence=true]
TOUCH t=2.716 device=0 frame=156 count=2 [id=0 state=hold xy=(499.252,-398.118) size=(33.225,33.219) sensitivity=0 orientation=0.000 confidence=true] [id=1 state=hold xy=(400.081,-444.524) size=(33.225,33.219) sensitivity=0 orientation=0.000 confidence=true]
TOUCH t=2.723 device=0 frame=157 count=2 [id=0 state=hold xy=(499.468,-398.839) size=(33.225,33.219) sensitivity=0 orientation=0.000 confidence=true] [id=1 state=hold xy=(400.081,-445.677) size=(33.225,33.219) sensitivity=0 orientation=0.000 confidence=true]
TOUCH t=2.728 device=0 frame=158 count=2 [id=0 state=hold xy=(499.685,-399.560) size=(33.225,33.219) sensitivity=0 orientation=0.000 confidence=true] [id=1 state=hold xy=(400.009,-446.902) size=(33.225,33.219) sensitivity=0 orientation=0.000 confidence=true]
TOUCH t=2.732 device=0 frame=159 count=2 [id=0 state=hold xy=(499.829,-400.208) size=(33.225,33.219) sensitivity=0 orientation=0.000 confidence=true] [id=1 state=hold xy=(399.865,-448.199) size=(33.225,33.219) sensitivity=0 orientation=0.000 confidence=true]
TOUCH t=2.738 device=0 frame=160 count=2 [id=0 state=hold xy=(499.901,-400.929) size=(33.225,33.219) sensitivity=0 orientation=0.000 confidence=true] [id=1 state=hold xy=(399.360,-449.928) size=(33.225,33.219) sensitivity=0 orientation=0.000 confidence=true]
TOUCH t=2.743 device=0 frame=161 count=2 [id=0 state=hold xy=(500.045,-401.721) size=(33.225,33.219) sensitivity=0 orientation=0.000 confidence=true] [id=1 state=hold xy=(398.856,-451.657) size=(33.225,33.219) sensitivity=0 orientation=0.000 confidence=true]
TOUCH t=2.747 device=0 frame=162 count=2 [id=0 state=hold xy=(500.117,-402.514) size=(33.225,33.219) sensitivity=0 orientation=0.000 confidence=true] [id=1 state=hold xy=(398.351,-453.315) size=(33.225,33.219) sensitivity=0 orientation=0.000 confidence=true]
TOUCH t=2.753 device=0 frame=163 count=2 [id=0 state=hold xy=(500.189,-403.379) size=(33.225,33.219) sensitivity=0 orientation=0.000 confidence=true] [id=1 state=hold xy=(397.919,-454.900) size=(33.225,33.219) sensitivity=0 orientation=0.000 confidence=true]
TOUCH t=2.759 device=0 frame=164 count=2 [id=0 state=hold xy=(500.261,-404.243) size=(33.225,33.219) sensitivity=0 orientation=0.000 confidence=true] [id=1 state=hold xy=(397.486,-456.413) size=(33.225,33.219) sensitivity=0 orientation=0.000 confidence=true]
TOUCH t=2.763 device=0 frame=165 count=2 [id=0 state=hold xy=(500.333,-405.180) size=(33.225,33.219) sensitivity=0 orientation=0.000 confidence=true] [id=1 state=hold xy=(397.054,-457.854) size=(33.225,33.219) sensitivity=0 orientation=0.000 confidence=true]
TOUCH t=2.769 device=0 frame=166 count=2 [id=0 state=hold xy=(500.189,-406.117) size=(33.225,33.219) sensitivity=0 orientation=0.000 confidence=true] [id=1 state=hold xy=(396.622,-459.223) size=(33.225,33.219) sensitivity=0 orientation=0.000 confidence=true]
TOUCH t=2.774 device=0 frame=167 count=2 [id=0 state=hold xy=(499.973,-407.198) size=(33.225,33.219) sensitivity=0 orientation=0.000 confidence=true] [id=1 state=hold xy=(396.189,-460.448) size=(33.225,33.219) sensitivity=0 orientation=0.000 confidence=true]
TOUCH t=2.779 device=0 frame=168 count=2 [id=0 state=hold xy=(499.757,-408.279) size=(33.225,33.219) sensitivity=0 orientation=0.000 confidence=true] [id=1 state=hold xy=(395.757,-461.601) size=(33.225,33.219) sensitivity=0 orientation=0.000 confidence=true]
TOUCH t=2.785 device=0 frame=169 count=2 [id=0 state=hold xy=(499.468,-409.432) size=(33.225,33.219) sensitivity=0 orientation=0.000 confidence=true] [id=1 state=hold xy=(395.396,-462.682) size=(33.225,33.219) sensitivity=0 orientation=0.000 confidence=true]
TOUCH t=2.790 device=0 frame=170 count=2 [id=0 state=hold xy=(499.180,-410.584) size=(33.225,33.219) sensitivity=0 orientation=0.000 confidence=true] [id=1 state=hold xy=(395.108,-463.691) size=(33.225,33.219) sensitivity=0 orientation=0.000 confidence=true]
TOUCH t=2.795 device=0 frame=171 count=2 [id=0 state=hold xy=(498.820,-411.665) size=(33.225,33.219) sensitivity=0 orientation=0.000 confidence=true] [id=1 state=hold xy=(394.820,-464.700) size=(33.225,33.219) sensitivity=0 orientation=0.000 confidence=true]
TOUCH t=2.800 device=0 frame=172 count=2 [id=0 state=hold xy=(498.532,-412.674) size=(33.225,33.219) sensitivity=0 orientation=0.000 confidence=true] [id=1 state=hold xy=(394.459,-465.637) size=(33.225,33.219) sensitivity=0 orientation=0.000 confidence=true]
TOUCH t=2.805 device=0 frame=173 count=2 [id=0 state=hold xy=(498.243,-413.683) size=(33.225,33.219) sensitivity=0 orientation=0.000 confidence=true] [id=1 state=hold xy=(394.243,-466.501) size=(33.225,33.219) sensitivity=0 orientation=0.000 confidence=true]
TOUCH t=2.810 device=0 frame=174 count=2 [id=0 state=hold xy=(497.955,-414.620) size=(33.225,33.219) sensitivity=0 orientation=0.000 confidence=true] [id=1 state=hold xy=(393.955,-467.366) size=(33.225,33.219) sensitivity=0 orientation=0.000 confidence=true]
TOUCH t=2.814 device=0 frame=175 count=2 [id=0 state=hold xy=(497.739,-415.556) size=(33.225,33.219) sensitivity=0 orientation=0.000 confidence=true] [id=1 state=hold xy=(393.667,-468.159) size=(33.225,33.219) sensitivity=0 orientation=0.000 confidence=true]
TOUCH t=2.821 device=0 frame=176 count=2 [id=0 state=hold xy=(497.523,-416.421) size=(33.225,33.219) sensitivity=0 orientation=0.000 confidence=true] [id=1 state=hold xy=(393.450,-468.951) size=(33.225,33.219) sensitivity=0 orientation=0.000 confidence=true]
TOUCH t=2.826 device=0 frame=177 count=2 [id=0 state=hold xy=(497.306,-417.214) size=(33.225,33.219) sensitivity=0 orientation=0.000 confidence=true] [id=1 state=hold xy=(393.162,-469.744) size=(33.225,33.219) sensitivity=0 orientation=0.000 confidence=true]
TOUCH t=2.830 device=0 frame=178 count=2 [id=0 state=hold xy=(497.090,-418.006) size=(33.225,33.219) sensitivity=0 orientation=0.000 confidence=true] [id=1 state=hold xy=(392.874,-470.536) size=(33.225,33.219) sensitivity=0 orientation=0.000 confidence=true]
TOUCH t=2.835 device=0 frame=179 count=2 [id=0 state=hold xy=(496.874,-418.727) size=(16.613,16.610) sensitivity=0 orientation=0.000 confidence=true] [id=1 state=hold xy=(392.514,-471.329) size=(33.225,33.219) sensitivity=0 orientation=0.000 confidence=true]
TOUCH t=2.841 device=0 frame=180 count=2 [id=0 state=hold xy=(496.730,-419.448) size=(16.613,16.610) sensitivity=0 orientation=0.000 confidence=true] [id=1 state=hold xy=(392.225,-472.050) size=(33.225,33.219) sensitivity=0 orientation=0.000 confidence=true]
TOUCH t=2.845 device=0 frame=181 count=2 [id=0 state=hold xy=(496.514,-420.096) size=(16.613,16.610) sensitivity=0 orientation=0.000 confidence=true] [id=1 state=hold xy=(391.865,-472.770) size=(33.225,33.219) sensitivity=0 orientation=0.000 confidence=true]
TOUCH t=2.852 device=0 frame=182 count=2 [id=0 state=hold xy=(496.297,-420.817) size=(16.613,16.610) sensitivity=0 orientation=0.000 confidence=true] [id=1 state=hold xy=(391.505,-473.563) size=(33.225,33.219) sensitivity=0 orientation=0.000 confidence=true]
TOUCH t=2.857 device=0 frame=183 count=2 [id=0 state=hold xy=(496.081,-421.465) size=(16.613,16.610) sensitivity=0 orientation=0.000 confidence=true] [id=1 state=hold xy=(391.072,-474.355) size=(33.225,33.219) sensitivity=0 orientation=0.000 confidence=true]
TOUCH t=2.861 device=0 frame=184 count=2 [id=0 state=hold xy=(495.865,-422.114) size=(16.613,16.610) sensitivity=0 orientation=0.000 confidence=true] [id=1 state=hold xy=(390.640,-475.148) size=(33.225,33.219) sensitivity=0 orientation=0.000 confidence=true]
TOUCH t=2.866 device=0 frame=185 count=2 [id=0 state=hold xy=(495.577,-422.762) size=(16.613,16.610) sensitivity=0 orientation=0.000 confidence=true] [id=1 state=hold xy=(390.207,-475.941) size=(33.225,33.219) sensitivity=0 orientation=0.000 confidence=true]
TOUCH t=2.872 device=0 frame=186 count=2 [id=0 state=hold xy=(495.216,-423.411) size=(33.225,33.219) sensitivity=0 orientation=0.000 confidence=true] [id=1 state=hold xy=(389.703,-476.661) size=(33.225,33.219) sensitivity=0 orientation=0.000 confidence=true]
TOUCH t=2.877 device=0 frame=187 count=2 [id=0 state=hold xy=(494.928,-424.059) size=(33.225,33.219) sensitivity=0 orientation=0.000 confidence=true] [id=1 state=hold xy=(389.198,-477.382) size=(33.225,33.219) sensitivity=0 orientation=0.000 confidence=true]
TOUCH t=2.883 device=0 frame=188 count=2 [id=0 state=hold xy=(494.495,-424.708) size=(33.225,33.219) sensitivity=0 orientation=0.000 confidence=true] [id=1 state=hold xy=(388.622,-478.102) size=(33.225,33.219) sensitivity=0 orientation=0.000 confidence=true]
TOUCH t=2.888 device=0 frame=189 count=2 [id=0 state=hold xy=(494.063,-425.356) size=(33.225,33.219) sensitivity=0 orientation=0.000 confidence=true] [id=1 state=hold xy=(388.117,-478.751) size=(33.225,33.219) sensitivity=0 orientation=0.000 confidence=true]
TOUCH t=2.893 device=0 frame=190 count=2 [id=0 state=hold xy=(493.631,-425.933) size=(33.225,33.219) sensitivity=0 orientation=0.000 confidence=true] [id=1 state=hold xy=(387.613,-479.327) size=(33.225,33.219) sensitivity=0 orientation=0.000 confidence=true]
TOUCH t=2.897 device=0 frame=191 count=2 [id=0 state=hold xy=(493.270,-426.437) size=(33.225,33.219) sensitivity=0 orientation=0.000 confidence=true] [id=1 state=hold xy=(387.108,-479.832) size=(33.225,33.219) sensitivity=0 orientation=0.000 confidence=true]
TOUCH t=2.903 device=0 frame=192 count=2 [id=0 state=hold xy=(492.910,-426.942) size=(16.613,16.610) sensitivity=0 orientation=0.000 confidence=true] [id=1 state=hold xy=(386.676,-480.192) size=(33.225,33.219) sensitivity=0 orientation=0.000 confidence=true]
TOUCH t=2.908 device=0 frame=193 count=2 [id=0 state=hold xy=(492.622,-427.302) size=(33.225,33.219) sensitivity=0 orientation=0.000 confidence=true] [id=1 state=hold xy=(386.243,-480.552) size=(33.225,33.219) sensitivity=0 orientation=0.000 confidence=true]
TOUCH t=2.913 device=0 frame=194 count=2 [id=0 state=hold xy=(492.405,-427.590) size=(16.613,16.610) sensitivity=0 orientation=0.000 confidence=true] [id=1 state=hold xy=(385.955,-480.913) size=(33.225,33.219) sensitivity=0 orientation=0.000 confidence=true]
TOUCH t=2.919 device=0 frame=195 count=2 [id=0 state=hold xy=(492.189,-427.806) size=(33.225,33.219) sensitivity=0 orientation=0.000 confidence=true] [id=1 state=hold xy=(385.595,-481.201) size=(33.225,33.219) sensitivity=0 orientation=0.000 confidence=true]
TOUCH t=2.924 device=0 frame=196 count=2 [id=0 state=hold xy=(492.045,-427.950) size=(33.225,33.219) sensitivity=0 orientation=0.000 confidence=true] [id=1 state=hold xy=(385.378,-481.417) size=(33.225,33.219) sensitivity=0 orientation=0.000 confidence=true]
TOUCH t=2.928 device=0 frame=197 count=2 [id=0 state=hold xy=(491.901,-428.022) size=(33.225,33.219) sensitivity=0 orientation=0.000 confidence=true] [id=1 state=hold xy=(385.090,-481.633) size=(33.225,33.219) sensitivity=0 orientation=0.000 confidence=true]
TOUCH t=2.933 device=0 frame=198 count=2 [id=0 state=hold xy=(491.757,-428.094) size=(33.225,33.219) sensitivity=0 orientation=0.000 confidence=true] [id=1 state=hold xy=(384.874,-481.777) size=(33.225,33.219) sensitivity=0 orientation=0.000 confidence=true]
TOUCH t=2.939 device=0 frame=199 count=2 [id=0 state=hold xy=(491.685,-428.094) size=(33.225,33.219) sensitivity=0 orientation=0.000 confidence=true] [id=1 state=hold xy=(384.730,-481.849) size=(33.225,33.219) sensitivity=0 orientation=0.000 confidence=true]
TOUCH t=2.944 device=0 frame=200 count=2 [id=0 state=hold xy=(491.613,-428.094) size=(33.225,33.219) sensitivity=0 orientation=0.000 confidence=true] [id=1 state=hold xy=(384.514,-481.994) size=(33.225,33.219) sensitivity=0 orientation=0.000 confidence=true]
TOUCH t=2.949 device=0 frame=201 count=2 [id=0 state=hold xy=(491.685,-427.230) size=(33.225,33.219) sensitivity=0 orientation=0.000 confidence=true] [id=1 state=hold xy=(384.297,-482.066) size=(33.225,33.219) sensitivity=0 orientation=0.000 confidence=true]
TOUCH t=2.955 device=0 frame=202 count=2 [id=0 state=hold xy=(491.541,-427.446) size=(33.225,33.219) sensitivity=0 orientation=0.000 confidence=true] [id=1 state=hold xy=(384.153,-482.066) size=(33.225,33.219) sensitivity=0 orientation=0.000 confidence=true]
TOUCH t=2.959 device=0 frame=203 count=2 [id=0 state=hold xy=(491.468,-427.590) size=(33.225,33.219) sensitivity=0 orientation=0.000 confidence=true] [id=1 state=hold xy=(383.865,-482.138) size=(33.225,33.219) sensitivity=0 orientation=0.000 confidence=true]
TOUCH t=2.965 device=0 frame=204 count=2 [id=0 state=hold xy=(491.396,-427.734) size=(33.225,33.219) sensitivity=0 orientation=0.000 confidence=true] [id=1 state=hold xy=(383.577,-482.210) size=(33.225,33.219) sensitivity=0 orientation=0.000 confidence=true]
TOUCH t=2.969 device=0 frame=205 count=2 [id=0 state=hold xy=(491.252,-427.806) size=(33.225,33.219) sensitivity=0 orientation=0.000 confidence=true] [id=1 state=hold xy=(383.144,-482.354) size=(33.225,33.219) sensitivity=0 orientation=0.000 confidence=true]
TOUCH t=2.975 device=0 frame=206 count=2 [id=0 state=hold xy=(491.180,-427.806) size=(33.225,33.219) sensitivity=0 orientation=0.000 confidence=true] [id=1 state=hold xy=(382.712,-482.570) size=(33.225,33.219) sensitivity=0 orientation=0.000 confidence=true]
TOUCH t=2.980 device=0 frame=207 count=2 [id=0 state=hold xy=(491.108,-427.878) size=(33.225,33.219) sensitivity=0 orientation=0.000 confidence=true] [id=1 state=hold xy=(382.135,-482.714) size=(33.225,33.219) sensitivity=0 orientation=0.000 confidence=true]
TOUCH t=2.985 device=0 frame=208 count=2 [id=0 state=hold xy=(490.964,-427.950) size=(33.225,33.219) sensitivity=0 orientation=0.000 confidence=true] [id=1 state=hold xy=(381.559,-482.930) size=(33.225,33.219) sensitivity=0 orientation=0.000 confidence=true]
TOUCH t=2.990 device=0 frame=209 count=2 [id=0 state=hold xy=(490.748,-428.094) size=(16.613,16.610) sensitivity=0 orientation=0.000 confidence=true] [id=1 state=hold xy=(380.982,-483.074) size=(33.225,33.219) sensitivity=0 orientation=0.000 confidence=true]
TOUCH t=2.995 device=0 frame=210 count=2 [id=0 state=hold xy=(490.459,-428.239) size=(33.225,33.219) sensitivity=0 orientation=0.000 confidence=true] [id=1 state=hold xy=(380.333,-483.291) size=(33.225,33.219) sensitivity=0 orientation=0.000 confidence=true]
TOUCH t=3.000 device=0 frame=211 count=2 [id=0 state=hold xy=(490.171,-428.383) size=(16.613,16.610) sensitivity=0 orientation=0.000 confidence=true] [id=1 state=hold xy=(379.685,-483.435) size=(33.225,33.219) sensitivity=0 orientation=0.000 confidence=true]
TOUCH t=3.007 device=0 frame=212 count=2 [id=0 state=hold xy=(489.811,-428.599) size=(16.613,16.610) sensitivity=0 orientation=0.000 confidence=true] [id=1 state=hold xy=(378.964,-483.651) size=(33.225,33.219) sensitivity=0 orientation=0.000 confidence=true]
TOUCH t=3.011 device=0 frame=213 count=2 [id=0 state=hold xy=(489.378,-428.815) size=(16.613,16.610) sensitivity=0 orientation=0.000 confidence=true] [id=1 state=hold xy=(378.315,-483.795) size=(33.225,33.219) sensitivity=0 orientation=0.000 confidence=true]
TOUCH t=3.016 device=0 frame=214 count=2 [id=0 state=hold xy=(489.018,-429.031) size=(16.613,16.610) sensitivity=0 orientation=0.000 confidence=true] [id=1 state=hold xy=(377.667,-484.011) size=(33.225,33.219) sensitivity=0 orientation=0.000 confidence=true]
TOUCH t=3.022 device=0 frame=215 count=2 [id=0 state=hold xy=(488.586,-429.247) size=(16.613,16.610) sensitivity=0 orientation=0.000 confidence=true] [id=1 state=hold xy=(377.090,-484.227) size=(33.225,33.219) sensitivity=0 orientation=0.000 confidence=true]
TOUCH t=3.026 device=0 frame=216 count=2 [id=0 state=hold xy=(488.153,-429.464) size=(16.613,16.610) sensitivity=0 orientation=0.000 confidence=true] [id=1 state=hold xy=(376.514,-484.371) size=(33.225,33.219) sensitivity=0 orientation=0.000 confidence=true]
TOUCH t=3.031 device=0 frame=217 count=2 [id=0 state=hold xy=(487.649,-429.680) size=(16.613,16.610) sensitivity=0 orientation=0.000 confidence=true] [id=1 state=hold xy=(375.865,-484.516) size=(33.225,33.219) sensitivity=0 orientation=0.000 confidence=true]
TOUCH t=3.036 device=0 frame=218 count=2 [id=0 state=hold xy=(487.072,-429.824) size=(16.613,16.610) sensitivity=0 orientation=0.000 confidence=true] [id=1 state=hold xy=(375.288,-484.660) size=(33.225,33.219) sensitivity=0 orientation=0.000 confidence=true]
TOUCH t=3.043 device=0 frame=219 count=2 [id=0 state=hold xy=(486.495,-430.040) size=(33.225,33.219) sensitivity=0 orientation=0.000 confidence=true] [id=1 state=hold xy=(374.712,-484.804) size=(33.225,33.219) sensitivity=0 orientation=0.000 confidence=true]
TOUCH t=3.048 device=0 frame=220 count=2 [id=0 state=hold xy=(485.919,-430.256) size=(33.225,33.219) sensitivity=0 orientation=0.000 confidence=true] [id=1 state=hold xy=(374.135,-484.948) size=(33.225,33.219) sensitivity=0 orientation=0.000 confidence=true]
TOUCH t=3.052 device=0 frame=221 count=2 [id=0 state=hold xy=(485.270,-430.472) size=(33.225,33.219) sensitivity=0 orientation=0.000 confidence=true] [id=1 state=hold xy=(373.559,-485.164) size=(33.225,33.219) sensitivity=0 orientation=0.000 confidence=true]
TOUCH t=3.058 device=0 frame=222 count=2 [id=0 state=hold xy=(484.622,-430.689) size=(33.225,33.219) sensitivity=0 orientation=0.000 confidence=true] [id=1 state=hold xy=(372.982,-485.380) size=(33.225,33.219) sensitivity=0 orientation=0.000 confidence=true]
TOUCH t=3.063 device=0 frame=223 count=2 [id=0 state=hold xy=(483.901,-430.977) size=(33.225,33.219) sensitivity=0 orientation=0.000 confidence=true] [id=1 state=hold xy=(372.405,-485.524) size=(33.225,33.219) sensitivity=0 orientation=0.000 confidence=true]
TOUCH t=3.068 device=0 frame=224 count=2 [id=0 state=hold xy=(483.180,-431.265) size=(33.225,33.219) sensitivity=0 orientation=0.000 confidence=true] [id=1 state=hold xy=(371.829,-485.669) size=(33.225,33.219) sensitivity=0 orientation=0.000 confidence=true]
TOUCH t=3.073 device=0 frame=225 count=2 [id=0 state=hold xy=(482.532,-431.553) size=(33.225,33.219) sensitivity=0 orientation=0.000 confidence=true] [id=1 state=hold xy=(371.324,-485.885) size=(33.225,33.219) sensitivity=0 orientation=0.000 confidence=true]
TOUCH t=3.078 device=0 frame=226 count=2 [id=0 state=hold xy=(481.811,-431.769) size=(33.225,33.219) sensitivity=0 orientation=0.000 confidence=true] [id=1 state=hold xy=(370.748,-486.029) size=(33.225,33.219) sensitivity=0 orientation=0.000 confidence=true]
TOUCH t=3.083 device=0 frame=227 count=2 [id=0 state=hold xy=(481.162,-431.986) size=(33.225,33.219) sensitivity=0 orientation=0.000 confidence=true] [id=1 state=hold xy=(370.171,-486.173) size=(33.225,33.219) sensitivity=0 orientation=0.000 confidence=true]
TOUCH t=3.089 device=0 frame=228 count=2 [id=0 state=hold xy=(480.514,-432.130) size=(33.225,33.219) sensitivity=0 orientation=0.000 confidence=true] [id=1 state=hold xy=(369.667,-486.245) size=(33.225,33.219) sensitivity=0 orientation=0.000 confidence=true]
TOUCH t=3.094 device=0 frame=229 count=2 [id=0 state=hold xy=(479.937,-432.274) size=(33.225,33.219) sensitivity=0 orientation=0.000 confidence=true] [id=1 state=hold xy=(369.090,-486.389) size=(33.225,33.219) sensitivity=0 orientation=0.000 confidence=true]
TOUCH t=3.099 device=0 frame=230 count=2 [id=0 state=hold xy=(479.432,-432.418) size=(33.225,33.219) sensitivity=0 orientation=0.000 confidence=true] [id=1 state=hold xy=(368.586,-486.533) size=(33.225,33.219) sensitivity=0 orientation=0.000 confidence=true]
TOUCH t=3.104 device=0 frame=231 count=2 [id=0 state=hold xy=(478.928,-432.490) size=(33.225,33.219) sensitivity=0 orientation=0.000 confidence=true] [id=1 state=hold xy=(368.081,-486.605) size=(33.225,33.219) sensitivity=0 orientation=0.000 confidence=true]
TOUCH t=3.110 device=0 frame=232 count=2 [id=0 state=hold xy=(478.495,-432.562) size=(33.225,33.219) sensitivity=0 orientation=0.000 confidence=true] [id=1 state=hold xy=(367.649,-486.677) size=(33.225,33.219) sensitivity=0 orientation=0.000 confidence=true]
TOUCH t=3.114 device=0 frame=233 count=2 [id=0 state=hold xy=(478.207,-432.634) size=(33.225,33.219) sensitivity=0 orientation=0.000 confidence=true] [id=1 state=hold xy=(367.288,-486.677) size=(33.225,33.219) sensitivity=0 orientation=0.000 confidence=true]
TOUCH t=3.120 device=0 frame=234 count=2 [id=0 state=hold xy=(477.919,-432.634) size=(33.225,33.219) sensitivity=0 orientation=0.000 confidence=true] [id=1 state=hold xy=(366.928,-486.677) size=(33.225,33.219) sensitivity=0 orientation=0.000 confidence=true]
TOUCH t=3.125 device=0 frame=235 count=2 [id=0 state=hold xy=(477.631,-432.634) size=(33.225,33.219) sensitivity=0 orientation=0.000 confidence=true] [id=1 state=hold xy=(366.640,-486.677) size=(33.225,33.219) sensitivity=0 orientation=0.000 confidence=true]
TOUCH t=3.130 device=0 frame=236 count=2 [id=0 state=hold xy=(477.486,-432.562) size=(33.225,33.219) sensitivity=0 orientation=0.000 confidence=true] [id=1 state=hold xy=(366.351,-486.677) size=(33.225,33.219) sensitivity=0 orientation=0.000 confidence=true]
TOUCH t=3.135 device=0 frame=237 count=2 [id=0 state=hold xy=(477.342,-432.562) size=(33.225,33.219) sensitivity=0 orientation=0.000 confidence=true] [id=1 state=hold xy=(366.135,-486.605) size=(33.225,33.219) sensitivity=0 orientation=0.000 confidence=true]
TOUCH t=3.141 device=0 frame=238 count=2 [id=0 state=hold xy=(477.198,-432.490) size=(33.225,33.219) sensitivity=0 orientation=0.000 confidence=true] [id=1 state=hold xy=(365.991,-486.533) size=(33.225,33.219) sensitivity=0 orientation=0.000 confidence=true]
TOUCH t=3.145 device=0 frame=239 count=2 [id=0 state=hold xy=(477.126,-432.418) size=(33.225,33.219) sensitivity=0 orientation=0.000 confidence=true] [id=1 state=hold xy=(365.847,-486.461) size=(33.225,33.219) sensitivity=0 orientation=0.000 confidence=true]
TOUCH t=3.151 device=0 frame=240 count=2 [id=0 state=hold xy=(477.054,-432.346) size=(33.225,33.219) sensitivity=0 orientation=0.000 confidence=true] [id=1 state=hold xy=(365.703,-486.317) size=(33.225,33.219) sensitivity=0 orientation=0.000 confidence=true]
TOUCH t=3.156 device=0 frame=241 count=2 [id=0 state=hold xy=(476.982,-432.274) size=(33.225,33.219) sensitivity=0 orientation=0.000 confidence=true] [id=1 state=hold xy=(365.631,-486.245) size=(33.225,33.219) sensitivity=0 orientation=0.000 confidence=true]
TOUCH t=3.160 device=0 frame=242 count=2 [id=0 state=hold xy=(476.910,-432.130) size=(33.225,33.219) sensitivity=0 orientation=0.000 confidence=true] [id=1 state=hold xy=(365.559,-486.101) size=(33.225,33.219) sensitivity=0 orientation=0.000 confidence=true]
TOUCH t=3.166 device=0 frame=243 count=2 [id=0 state=hold xy=(476.910,-431.986) size=(33.225,33.219) sensitivity=0 orientation=0.000 confidence=true] [id=1 state=hold xy=(365.559,-485.885) size=(33.225,33.219) sensitivity=0 orientation=0.000 confidence=true]
TOUCH t=3.172 device=0 frame=244 count=2 [id=0 state=hold xy=(476.910,-431.841) size=(33.225,33.219) sensitivity=0 orientation=0.000 confidence=true] [id=1 state=hold xy=(365.559,-485.669) size=(33.225,33.219) sensitivity=0 orientation=0.000 confidence=true]
TOUCH t=3.177 device=0 frame=245 count=2 [id=0 state=hold xy=(476.982,-431.697) size=(33.225,33.219) sensitivity=0 orientation=0.000 confidence=true] [id=1 state=hold xy=(365.559,-485.524) size=(33.225,33.219) sensitivity=0 orientation=0.000 confidence=true]
TOUCH t=3.182 device=0 frame=246 count=2 [id=0 state=hold xy=(476.982,-431.553) size=(33.225,33.219) sensitivity=0 orientation=0.000 confidence=true] [id=1 state=hold xy=(365.559,-485.308) size=(33.225,33.219) sensitivity=0 orientation=0.000 confidence=true]
TOUCH t=3.187 device=0 frame=247 count=2 [id=0 state=hold xy=(476.982,-431.337) size=(33.225,33.219) sensitivity=0 orientation=0.000 confidence=true] [id=1 state=hold xy=(365.631,-485.092) size=(33.225,33.219) sensitivity=0 orientation=0.000 confidence=true]
TOUCH t=3.192 device=0 frame=248 count=2 [id=0 state=hold xy=(477.054,-431.121) size=(33.225,33.219) sensitivity=0 orientation=0.000 confidence=true] [id=1 state=hold xy=(365.631,-484.948) size=(33.225,33.219) sensitivity=0 orientation=0.000 confidence=true]
TOUCH t=3.196 device=0 frame=249 count=2 [id=0 state=hold xy=(477.054,-430.977) size=(33.225,33.219) sensitivity=0 orientation=0.000 confidence=true] [id=1 state=hold xy=(365.703,-484.804) size=(33.225,33.219) sensitivity=0 orientation=0.000 confidence=true]
TOUCH t=3.201 device=0 frame=250 count=2 [id=0 state=hold xy=(477.054,-430.761) size=(33.225,33.219) sensitivity=0 orientation=0.000 confidence=true] [id=1 state=hold xy=(365.775,-484.588) size=(33.225,33.219) sensitivity=0 orientation=0.000 confidence=true]
TOUCH t=3.208 device=0 frame=251 count=2 [id=0 state=hold xy=(477.054,-430.616) size=(33.225,33.219) sensitivity=0 orientation=0.000 confidence=true] [id=1 state=hold xy=(365.847,-484.371) size=(33.225,33.219) sensitivity=0 orientation=0.000 confidence=true]
TOUCH t=3.213 device=0 frame=252 count=2 [id=0 state=hold xy=(477.054,-430.472) size=(33.225,33.219) sensitivity=0 orientation=0.000 confidence=true] [id=1 state=hold xy=(365.919,-484.227) size=(33.225,33.219) sensitivity=0 orientation=0.000 confidence=true]
TOUCH t=3.218 device=0 frame=253 count=2 [id=0 state=hold xy=(477.054,-430.328) size=(33.225,33.219) sensitivity=0 orientation=0.000 confidence=true] [id=1 state=hold xy=(365.991,-484.011) size=(33.225,33.219) sensitivity=0 orientation=0.000 confidence=true]
TOUCH t=3.223 device=0 frame=254 count=2 [id=0 state=hold xy=(477.054,-430.256) size=(33.225,33.219) sensitivity=0 orientation=0.000 confidence=true] [id=1 state=hold xy=(366.063,-483.867) size=(33.225,33.219) sensitivity=0 orientation=0.000 confidence=true]
TOUCH t=3.227 device=0 frame=255 count=2 [id=0 state=hold xy=(476.982,-430.112) size=(33.225,33.219) sensitivity=0 orientation=0.000 confidence=true] [id=1 state=hold xy=(366.135,-483.723) size=(33.225,33.219) sensitivity=0 orientation=0.000 confidence=true]
TOUCH t=3.233 device=0 frame=256 count=2 [id=0 state=hold xy=(476.982,-429.968) size=(33.225,33.219) sensitivity=0 orientation=0.000 confidence=true] [id=1 state=hold xy=(366.207,-483.579) size=(33.225,33.219) sensitivity=0 orientation=0.000 confidence=true]
TOUCH t=3.239 device=0 frame=257 count=2 [id=0 state=hold xy=(476.910,-429.824) size=(33.225,33.219) sensitivity=0 orientation=0.000 confidence=true] [id=1 state=hold xy=(366.279,-483.435) size=(33.225,33.219) sensitivity=0 orientation=0.000 confidence=true]
TOUCH t=3.243 device=0 frame=258 count=2 [id=0 state=hold xy=(476.910,-429.752) size=(33.225,33.219) sensitivity=0 orientation=0.000 confidence=true] [id=1 state=hold xy=(366.351,-483.291) size=(33.225,33.219) sensitivity=0 orientation=0.000 confidence=true]
TOUCH t=3.250 device=0 frame=259 count=2 [id=0 state=hold xy=(476.838,-429.608) size=(33.225,33.219) sensitivity=0 orientation=0.000 confidence=true] [id=1 state=hold xy=(366.423,-483.147) size=(33.225,33.219) sensitivity=0 orientation=0.000 confidence=true]
TOUCH t=3.254 device=0 frame=260 count=2 [id=0 state=hold xy=(476.838,-429.608) size=(33.225,33.219) sensitivity=0 orientation=0.000 confidence=true] [id=1 state=hold xy=(366.495,-483.002) size=(33.225,33.219) sensitivity=0 orientation=0.000 confidence=true]
TOUCH t=3.259 device=0 frame=261 count=2 [id=0 state=hold xy=(476.838,-429.536) size=(33.225,33.219) sensitivity=0 orientation=0.000 confidence=true] [id=1 state=hold xy=(366.568,-482.786) size=(33.225,33.219) sensitivity=0 orientation=0.000 confidence=true]
TOUCH t=3.264 device=0 frame=262 count=2 [id=0 state=hold xy=(476.766,-429.464) size=(33.225,33.219) sensitivity=0 orientation=0.000 confidence=true] [id=1 state=hold xy=(366.640,-482.714) size=(33.225,33.219) sensitivity=0 orientation=0.000 confidence=true]
TOUCH t=3.270 device=0 frame=263 count=2 [id=0 state=hold xy=(476.766,-429.392) size=(33.225,33.219) sensitivity=0 orientation=0.000 confidence=true] [id=1 state=hold xy=(366.712,-482.570) size=(33.225,33.219) sensitivity=0 orientation=0.000 confidence=true]
TOUCH t=3.275 device=0 frame=264 count=2 [id=0 state=hold xy=(476.766,-429.247) size=(33.225,33.219) sensitivity=0 orientation=0.000 confidence=true] [id=1 state=hold xy=(366.784,-482.498) size=(33.225,33.219) sensitivity=0 orientation=0.000 confidence=true]
TOUCH t=3.280 device=0 frame=265 count=2 [id=0 state=hold xy=(476.766,-429.175) size=(33.225,33.219) sensitivity=0 orientation=0.000 confidence=true] [id=1 state=hold xy=(366.856,-482.498) size=(33.225,33.219) sensitivity=0 orientation=0.000 confidence=true]
TOUCH t=3.285 device=0 frame=266 count=2 [id=0 state=hold xy=(476.766,-429.103) size=(33.225,33.219) sensitivity=0 orientation=0.000 confidence=true] [id=1 state=hold xy=(366.856,-482.426) size=(33.225,33.219) sensitivity=0 orientation=0.000 confidence=true]
TOUCH t=3.290 device=0 frame=267 count=2 [id=0 state=hold xy=(476.766,-429.031) size=(33.225,33.219) sensitivity=0 orientation=0.000 confidence=true] [id=1 state=hold xy=(366.928,-482.354) size=(33.225,33.219) sensitivity=0 orientation=0.000 confidence=true]
TOUCH t=3.295 device=0 frame=268 count=2 [id=0 state=hold xy=(476.766,-428.959) size=(33.225,33.219) sensitivity=0 orientation=0.000 confidence=true] [id=1 state=hold xy=(367.000,-482.354) size=(33.225,33.219) sensitivity=0 orientation=0.000 confidence=true]
TOUCH t=3.301 device=0 frame=269 count=2 [id=0 state=hold xy=(476.766,-428.887) size=(33.225,33.219) sensitivity=0 orientation=0.000 confidence=true] [id=1 state=hold xy=(367.000,-482.282) size=(33.225,33.219) sensitivity=0 orientation=0.000 confidence=true]
TOUCH t=3.306 device=0 frame=270 count=2 [id=0 state=hold xy=(476.694,-428.887) size=(33.225,33.219) sensitivity=0 orientation=0.000 confidence=true] [id=1 state=hold xy=(366.928,-482.210) size=(33.225,33.219) sensitivity=0 orientation=0.000 confidence=true]
TOUCH t=3.310 device=0 frame=271 count=2 [id=0 state=hold xy=(476.622,-428.887) size=(33.225,33.219) sensitivity=0 orientation=0.000 confidence=true] [id=1 state=hold xy=(366.856,-482.210) size=(33.225,33.219) sensitivity=0 orientation=0.000 confidence=true]
TOUCH t=3.316 device=0 frame=272 count=2 [id=0 state=hold xy=(476.550,-428.887) size=(33.225,33.219) sensitivity=0 orientation=0.000 confidence=true] [id=1 state=hold xy=(366.856,-482.138) size=(33.225,33.219) sensitivity=0 orientation=0.000 confidence=true]
TOUCH t=3.321 device=0 frame=273 count=2 [id=0 state=hold xy=(476.477,-428.887) size=(33.225,33.219) sensitivity=0 orientation=0.000 confidence=true] [id=1 state=hold xy=(366.784,-482.138) size=(33.225,33.219) sensitivity=0 orientation=0.000 confidence=true]
TOUCH t=3.326 device=0 frame=274 count=2 [id=0 state=hold xy=(476.477,-428.815) size=(33.225,33.219) sensitivity=0 orientation=0.000 confidence=true] [id=1 state=hold xy=(366.784,-482.066) size=(33.225,33.219) sensitivity=0 orientation=0.000 confidence=true]
TOUCH t=3.332 device=0 frame=275 count=2 [id=0 state=hold xy=(476.405,-428.815) size=(33.225,33.219) sensitivity=0 orientation=0.000 confidence=true] [id=1 state=hold xy=(366.784,-481.994) size=(33.225,33.219) sensitivity=0 orientation=0.000 confidence=true]
TOUCH t=3.337 device=0 frame=276 count=2 [id=0 state=hold xy=(476.333,-428.743) size=(33.225,33.219) sensitivity=0 orientation=0.000 confidence=true] [id=1 state=hold xy=(366.784,-481.922) size=(33.225,33.219) sensitivity=0 orientation=0.000 confidence=true]
TOUCH t=3.342 device=0 frame=277 count=2 [id=0 state=hold xy=(476.333,-428.743) size=(33.225,33.219) sensitivity=0 orientation=0.000 confidence=true] [id=1 state=hold xy=(367.000,-481.705) size=(33.225,33.219) sensitivity=0 orientation=0.000 confidence=true]
TOUCH t=3.346 device=0 frame=278 count=2 [id=0 state=hold xy=(476.261,-428.671) size=(33.225,33.219) sensitivity=0 orientation=0.000 confidence=true] [id=1 state=hold xy=(367.216,-481.417) size=(33.225,33.219) sensitivity=0 orientation=0.000 confidence=true]
TOUCH t=3.351 device=0 frame=279 count=2 [id=0 state=hold xy=(476.189,-428.599) size=(33.225,33.219) sensitivity=0 orientation=0.000 confidence=true] [id=1 state=hold xy=(367.432,-481.129) size=(16.613,16.610) sensitivity=0 orientation=0.000 confidence=true]
TOUCH t=3.357 device=0 frame=280 count=2 [id=0 state=hold xy=(476.189,-428.527) size=(33.225,33.219) sensitivity=0 orientation=0.000 confidence=true] [id=1 state=hold xy=(367.577,-480.769) size=(16.613,16.610) sensitivity=0 orientation=0.000 confidence=true]
TOUCH t=3.362 device=0 frame=281 count=2 [id=0 state=hold xy=(476.189,-428.239) size=(33.225,33.219) sensitivity=0 orientation=0.000 confidence=true] [id=1 state=hold xy=(367.649,-480.408) size=(16.613,16.610) sensitivity=0 orientation=0.000 confidence=true]
TOUCH t=3.368 device=0 frame=282 count=2 [id=0 state=hold xy=(476.117,-427.878) size=(33.225,33.219) sensitivity=0 orientation=0.000 confidence=true] [id=1 state=hold xy=(367.721,-479.976) size=(16.613,16.610) sensitivity=0 orientation=0.000 confidence=true]
TOUCH t=3.376 device=0 frame=283 count=2 [id=0 state=hold xy=(476.045,-427.590) size=(33.225,33.219) sensitivity=0 orientation=0.000 confidence=true] [id=1 state=hold xy=(367.721,-479.472) size=(16.613,16.610) sensitivity=0 orientation=0.000 confidence=true]
TOUCH t=3.378 device=0 frame=284 count=2 [id=0 state=hold xy=(475.901,-427.230) size=(33.225,33.219) sensitivity=0 orientation=0.000 confidence=true] [id=1 state=hold xy=(367.649,-478.895) size=(16.613,16.610) sensitivity=0 orientation=0.000 confidence=true]
TOUCH t=3.384 device=0 frame=285 count=2 [id=0 state=hold xy=(475.757,-426.870) size=(33.225,33.219) sensitivity=0 orientation=0.000 confidence=true] [id=1 state=hold xy=(367.649,-478.319) size=(16.613,16.610) sensitivity=0 orientation=0.000 confidence=true]
TOUCH t=3.388 device=0 frame=286 count=2 [id=0 state=hold xy=(475.541,-426.581) size=(33.225,33.219) sensitivity=0 orientation=0.000 confidence=true] [id=1 state=hold xy=(367.577,-477.742) size=(16.613,16.610) sensitivity=0 orientation=0.000 confidence=true]
TOUCH t=3.392 device=0 frame=287 count=2 [id=0 state=hold xy=(475.324,-426.221) size=(33.225,33.219) sensitivity=0 orientation=0.000 confidence=true] [id=1 state=hold xy=(367.505,-477.238) size=(16.613,16.610) sensitivity=0 orientation=0.000 confidence=true]
TOUCH t=3.399 device=0 frame=288 count=2 [id=0 state=hold xy=(475.180,-425.933) size=(33.225,33.219) sensitivity=0 orientation=0.000 confidence=true] [id=1 state=hold xy=(367.505,-476.661) size=(16.613,16.610) sensitivity=0 orientation=0.000 confidence=true]
TOUCH t=3.404 device=0 frame=289 count=2 [id=0 state=hold xy=(474.964,-425.572) size=(33.225,33.219) sensitivity=0 orientation=0.000 confidence=true] [id=1 state=hold xy=(367.360,-476.157) size=(16.613,16.610) sensitivity=0 orientation=0.000 confidence=true]
TOUCH t=3.408 device=0 frame=290 count=2 [id=0 state=hold xy=(474.820,-425.212) size=(33.225,33.219) sensitivity=0 orientation=0.000 confidence=true] [id=1 state=hold xy=(367.288,-475.653) size=(33.225,33.219) sensitivity=0 orientation=0.000 confidence=true]
TOUCH t=3.414 device=0 frame=291 count=2 [id=0 state=hold xy=(474.604,-424.924) size=(33.225,33.219) sensitivity=0 orientation=0.000 confidence=true] [id=1 state=hold xy=(367.216,-475.148) size=(33.225,33.219) sensitivity=0 orientation=0.000 confidence=true]
TOUCH t=3.419 device=0 frame=292 count=2 [id=0 state=hold xy=(474.459,-424.636) size=(33.225,33.219) sensitivity=0 orientation=0.000 confidence=true] [id=1 state=hold xy=(367.072,-474.716) size=(33.225,33.219) sensitivity=0 orientation=0.000 confidence=true]
TOUCH t=3.424 device=0 frame=293 count=2 [id=0 state=hold xy=(474.315,-424.347) size=(33.225,33.219) sensitivity=0 orientation=0.000 confidence=true] [id=1 state=hold xy=(367.000,-474.355) size=(33.225,33.219) sensitivity=0 orientation=0.000 confidence=true]
TOUCH t=3.430 device=0 frame=294 count=2 [id=0 state=hold xy=(474.243,-424.131) size=(33.225,33.219) sensitivity=0 orientation=0.000 confidence=true] [id=1 state=hold xy=(366.856,-473.923) size=(33.225,33.219) sensitivity=0 orientation=0.000 confidence=true]
TOUCH t=3.435 device=0 frame=295 count=2 [id=0 state=hold xy=(474.099,-423.915) size=(33.225,33.219) sensitivity=0 orientation=0.000 confidence=true] [id=1 state=hold xy=(366.712,-473.563) size=(33.225,33.219) sensitivity=0 orientation=0.000 confidence=true]
TOUCH t=3.440 device=0 frame=296 count=2 [id=0 state=hold xy=(474.027,-423.771) size=(33.225,33.219) sensitivity=0 orientation=0.000 confidence=true] [id=1 state=hold xy=(366.568,-473.203) size=(33.225,33.219) sensitivity=0 orientation=0.000 confidence=true]
TOUCH t=3.445 device=0 frame=297 count=2 [id=0 state=hold xy=(473.883,-423.555) size=(33.225,33.219) sensitivity=0 orientation=0.000 confidence=true] [id=1 state=hold xy=(366.495,-472.842) size=(33.225,33.219) sensitivity=0 orientation=0.000 confidence=true]
TOUCH t=3.450 device=0 frame=298 count=2 [id=0 state=hold xy=(473.811,-423.411) size=(33.225,33.219) sensitivity=0 orientation=0.000 confidence=true] [id=1 state=hold xy=(366.423,-472.554) size=(33.225,33.219) sensitivity=0 orientation=0.000 confidence=true]
TOUCH t=3.455 device=0 frame=299 count=2 [id=0 state=hold xy=(473.739,-423.267) size=(33.225,33.219) sensitivity=0 orientation=0.000 confidence=true] [id=1 state=hold xy=(366.279,-472.266) size=(33.225,33.219) sensitivity=0 orientation=0.000 confidence=true]
TOUCH t=3.460 device=0 frame=300 count=2 [id=0 state=hold xy=(473.667,-423.122) size=(33.225,33.219) sensitivity=0 orientation=0.000 confidence=true] [id=1 state=hold xy=(366.207,-472.050) size=(33.225,33.219) sensitivity=0 orientation=0.000 confidence=true]
TOUCH t=3.466 device=0 frame=301 count=2 [id=0 state=hold xy=(473.595,-422.978) size=(33.225,33.219) sensitivity=0 orientation=0.000 confidence=true] [id=1 state=hold xy=(366.135,-471.833) size=(33.225,33.219) sensitivity=0 orientation=0.000 confidence=true]
TOUCH t=3.471 device=0 frame=302 count=2 [id=0 state=hold xy=(473.523,-422.834) size=(33.225,33.219) sensitivity=0 orientation=0.000 confidence=true] [id=1 state=hold xy=(366.063,-471.689) size=(33.225,33.219) sensitivity=0 orientation=0.000 confidence=true]
TOUCH t=3.477 device=0 frame=303 count=2 [id=0 state=hold xy=(473.523,-422.618) size=(33.225,33.219) sensitivity=0 orientation=0.000 confidence=true] [id=1 state=hold xy=(365.991,-471.617) size=(33.225,33.219) sensitivity=0 orientation=0.000 confidence=true]
TOUCH t=3.482 device=0 frame=304 count=3 [id=0 state=hold xy=(473.450,-422.474) size=(33.225,33.219) sensitivity=0 orientation=0.000 confidence=true] [id=1 state=hold xy=(365.919,-471.617) size=(33.225,33.219) sensitivity=0 orientation=0.000 confidence=true] [id=2 state=down xy=(253.775,-422.978) size=(16.613,16.610) sensitivity=0 orientation=0.000 confidence=true]
TOUCH t=3.487 device=0 frame=305 count=3 [id=0 state=hold xy=(473.378,-422.402) size=(33.225,33.219) sensitivity=0 orientation=0.000 confidence=true] [id=1 state=hold xy=(365.775,-471.545) size=(33.225,33.219) sensitivity=0 orientation=0.000 confidence=true] [id=2 state=hold xy=(253.775,-422.978) size=(16.613,16.610) sensitivity=0 orientation=0.000 confidence=true]
TOUCH t=3.492 device=0 frame=306 count=3 [id=0 state=hold xy=(473.306,-422.258) size=(33.225,33.219) sensitivity=0 orientation=0.000 confidence=true] [id=1 state=hold xy=(365.703,-471.545) size=(33.225,33.219) sensitivity=0 orientation=0.000 confidence=true] [id=2 state=hold xy=(253.703,-422.906) size=(33.225,33.219) sensitivity=0 orientation=0.000 confidence=true]
TOUCH t=3.496 device=0 frame=307 count=3 [id=0 state=hold xy=(473.306,-422.042) size=(33.225,33.219) sensitivity=0 orientation=0.000 confidence=true] [id=1 state=hold xy=(365.631,-471.473) size=(33.225,33.219) sensitivity=0 orientation=0.000 confidence=true] [id=2 state=hold xy=(253.703,-422.834) size=(33.225,33.219) sensitivity=0 orientation=0.000 confidence=true]
TOUCH t=3.502 device=0 frame=308 count=3 [id=0 state=hold xy=(473.234,-421.825) size=(33.225,33.219) sensitivity=0 orientation=0.000 confidence=true] [id=1 state=hold xy=(365.559,-471.401) size=(33.225,33.219) sensitivity=0 orientation=0.000 confidence=true] [id=2 state=hold xy=(253.559,-422.690) size=(33.225,33.219) sensitivity=0 orientation=0.000 confidence=true]
TOUCH t=3.508 device=0 frame=309 count=3 [id=0 state=hold xy=(473.234,-421.393) size=(33.225,33.219) sensitivity=0 orientation=0.000 confidence=true] [id=1 state=hold xy=(365.486,-471.257) size=(33.225,33.219) sensitivity=0 orientation=0.000 confidence=true] [id=2 state=hold xy=(253.342,-422.258) size=(33.225,33.219) sensitivity=0 orientation=0.000 confidence=true]
TOUCH t=3.512 device=0 frame=310 count=3 [id=0 state=hold xy=(473.234,-420.817) size=(33.225,33.219) sensitivity=0 orientation=0.000 confidence=true] [id=1 state=hold xy=(365.486,-471.113) size=(33.225,33.219) sensitivity=0 orientation=0.000 confidence=true] [id=2 state=hold xy=(253.198,-421.753) size=(33.225,33.219) sensitivity=0 orientation=0.000 confidence=true]
TOUCH t=3.518 device=0 frame=311 count=3 [id=0 state=hold xy=(473.306,-420.168) size=(33.225,33.219) sensitivity=0 orientation=0.000 confidence=true] [id=1 state=hold xy=(365.414,-470.825) size=(33.225,33.219) sensitivity=0 orientation=0.000 confidence=true] [id=2 state=hold xy=(252.982,-421.033) size=(33.225,33.219) sensitivity=0 orientation=0.000 confidence=true]
TOUCH t=3.523 device=0 frame=312 count=3 [id=0 state=hold xy=(473.306,-419.520) size=(33.225,33.219) sensitivity=0 orientation=0.000 confidence=true] [id=1 state=hold xy=(365.414,-470.464) size=(33.225,33.219) sensitivity=0 orientation=0.000 confidence=true] [id=2 state=hold xy=(252.838,-420.168) size=(33.225,33.219) sensitivity=0 orientation=0.000 confidence=true]
TOUCH t=3.528 device=0 frame=313 count=3 [id=0 state=hold xy=(473.378,-418.727) size=(33.225,33.219) sensitivity=0 orientation=0.000 confidence=true] [id=1 state=hold xy=(365.342,-469.960) size=(33.225,33.219) sensitivity=0 orientation=0.000 confidence=true] [id=2 state=hold xy=(252.694,-419.231) size=(33.225,33.219) sensitivity=0 orientation=0.000 confidence=true]
TOUCH t=3.533 device=0 frame=314 count=3 [id=0 state=hold xy=(473.378,-417.934) size=(33.225,33.219) sensitivity=0 orientation=0.000 confidence=true] [id=1 state=hold xy=(365.270,-469.311) size=(33.225,33.219) sensitivity=0 orientation=0.000 confidence=true] [id=2 state=hold xy=(252.550,-418.295) size=(33.225,33.219) sensitivity=0 orientation=0.000 confidence=true]
TOUCH t=3.539 device=0 frame=315 count=3 [id=0 state=hold xy=(473.378,-417.070) size=(33.225,33.219) sensitivity=0 orientation=0.000 confidence=true] [id=1 state=hold xy=(365.270,-468.447) size=(33.225,33.219) sensitivity=0 orientation=0.000 confidence=true] [id=2 state=hold xy=(252.405,-417.214) size=(33.225,33.219) sensitivity=0 orientation=0.000 confidence=true]
TOUCH t=3.544 device=0 frame=316 count=3 [id=0 state=hold xy=(473.378,-416.133) size=(33.225,33.219) sensitivity=0 orientation=0.000 confidence=true] [id=1 state=hold xy=(365.198,-467.438) size=(33.225,33.219) sensitivity=0 orientation=0.000 confidence=true] [id=2 state=hold xy=(252.333,-415.917) size=(33.225,33.219) sensitivity=0 orientation=0.000 confidence=true]
TOUCH t=3.549 device=0 frame=317 count=3 [id=0 state=hold xy=(473.378,-414.980) size=(33.225,33.219) sensitivity=0 orientation=0.000 confidence=true] [id=1 state=hold xy=(365.198,-466.285) size=(33.225,33.219) sensitivity=0 orientation=0.000 confidence=true] [id=2 state=hold xy=(252.261,-414.548) size=(33.225,33.219) sensitivity=0 orientation=0.000 confidence=true]
TOUCH t=3.553 device=0 frame=318 count=3 [id=0 state=hold xy=(473.450,-413.683) size=(33.225,33.219) sensitivity=0 orientation=0.000 confidence=true] [id=1 state=hold xy=(365.126,-464.988) size=(33.225,33.219) sensitivity=0 orientation=0.000 confidence=true] [id=2 state=hold xy=(252.261,-412.890) size=(33.225,33.219) sensitivity=0 orientation=0.000 confidence=true]
TOUCH t=3.559 device=0 frame=319 count=3 [id=0 state=hold xy=(473.450,-412.242) size=(33.225,33.219) sensitivity=0 orientation=0.000 confidence=true] [id=1 state=hold xy=(365.126,-463.619) size=(33.225,33.219) sensitivity=0 orientation=0.000 confidence=true] [id=2 state=hold xy=(252.333,-411.089) size=(33.225,33.219) sensitivity=0 orientation=0.000 confidence=true]
TOUCH t=3.564 device=0 frame=320 count=3 [id=0 state=hold xy=(473.523,-410.729) size=(33.225,33.219) sensitivity=0 orientation=0.000 confidence=true] [id=1 state=hold xy=(365.126,-462.106) size=(33.225,33.219) sensitivity=0 orientation=0.000 confidence=true] [id=2 state=hold xy=(252.622,-409.287) size=(33.225,33.219) sensitivity=0 orientation=0.000 confidence=true]
TOUCH t=3.571 device=0 frame=321 count=3 [id=0 state=hold xy=(473.595,-409.143) size=(33.225,33.219) sensitivity=0 orientation=0.000 confidence=true] [id=1 state=hold xy=(365.126,-460.592) size=(33.225,33.219) sensitivity=0 orientation=0.000 confidence=true] [id=2 state=hold xy=(252.910,-407.342) size=(33.225,33.219) sensitivity=0 orientation=0.000 confidence=true]
TOUCH t=3.575 device=0 frame=322 count=3 [id=0 state=hold xy=(473.739,-407.414) size=(33.225,33.219) sensitivity=0 orientation=0.000 confidence=true] [id=1 state=hold xy=(365.198,-458.935) size=(33.225,33.219) sensitivity=0 orientation=0.000 confidence=true] [id=2 state=hold xy=(253.414,-405.396) size=(33.225,33.219) sensitivity=0 orientation=0.000 confidence=true]
TOUCH t=3.579 device=0 frame=323 count=3 [id=0 state=hold xy=(473.883,-405.685) size=(33.225,33.219) sensitivity=0 orientation=0.000 confidence=true] [id=1 state=hold xy=(365.270,-457.206) size=(33.225,33.219) sensitivity=0 orientation=0.000 confidence=true] [id=2 state=hold xy=(253.991,-403.379) size=(33.225,33.219) sensitivity=0 orientation=0.000 confidence=true]
TOUCH t=3.585 device=0 frame=324 count=3 [id=0 state=hold xy=(474.027,-403.811) size=(33.225,33.219) sensitivity=0 orientation=0.000 confidence=true] [id=1 state=hold xy=(365.414,-455.332) size=(33.225,33.219) sensitivity=0 orientation=0.000 confidence=true] [id=2 state=hold xy=(254.568,-401.361) size=(33.225,33.219) sensitivity=0 orientation=0.000 confidence=true]
TOUCH t=3.590 device=0 frame=325 count=3 [id=0 state=hold xy=(474.171,-401.865) size=(33.225,33.219) sensitivity=0 orientation=0.000 confidence=true] [id=1 state=hold xy=(365.559,-453.387) size=(33.225,33.219) sensitivity=0 orientation=0.000 confidence=true] [id=2 state=hold xy=(255.288,-399.271) size=(33.225,33.219) sensitivity=0 orientation=0.000 confidence=true]
TOUCH t=3.595 device=0 frame=326 count=3 [id=0 state=hold xy=(474.387,-399.920) size=(33.225,33.219) sensitivity=0 orientation=0.000 confidence=true] [id=1 state=hold xy=(365.775,-451.441) size=(33.225,33.219) sensitivity=0 orientation=0.000 confidence=true] [id=2 state=hold xy=(256.369,-396.245) size=(33.225,33.219) sensitivity=0 orientation=0.000 confidence=true]
TOUCH t=3.601 device=0 frame=327 count=3 [id=0 state=hold xy=(474.820,-396.894) size=(33.225,33.219) sensitivity=0 orientation=0.000 confidence=true] [id=1 state=hold xy=(366.207,-448.487) size=(33.225,33.219) sensitivity=0 orientation=0.000 confidence=true] [id=2 state=hold xy=(257.378,-393.579) size=(33.225,33.219) sensitivity=0 orientation=0.000 confidence=true]
TOUCH t=3.606 device=0 frame=328 count=3 [id=0 state=hold xy=(475.180,-394.227) size=(33.225,33.219) sensitivity=0 orientation=0.000 confidence=true] [id=1 state=hold xy=(366.640,-446.037) size=(33.225,33.219) sensitivity=0 orientation=0.000 confidence=true] [id=2 state=hold xy=(258.243,-391.201) size=(33.225,33.219) sensitivity=0 orientation=0.000 confidence=true]
TOUCH t=3.611 device=0 frame=329 count=3 [id=0 state=hold xy=(475.613,-391.777) size=(33.225,33.219) sensitivity=0 orientation=0.000 confidence=true] [id=1 state=hold xy=(367.072,-443.947) size=(33.225,33.219) sensitivity=0 orientation=0.000 confidence=true] [id=2 state=hold xy=(258.964,-389.183) size=(33.225,33.219) sensitivity=0 orientation=0.000 confidence=true]
TOUCH t=3.616 device=0 frame=330 count=3 [id=0 state=hold xy=(476.045,-389.616) size=(33.225,33.219) sensitivity=0 orientation=0.000 confidence=true] [id=1 state=hold xy=(367.432,-442.074) size=(33.225,33.219) sensitivity=0 orientation=0.000 confidence=true] [id=2 state=hold xy=(259.613,-387.382) size=(33.225,33.219) sensitivity=0 orientation=0.000 confidence=true]
TOUCH t=3.621 device=0 frame=331 count=3 [id=0 state=hold xy=(476.405,-387.670) size=(33.225,33.219) sensitivity=0 orientation=0.000 confidence=true] [id=1 state=hold xy=(367.793,-440.344) size=(33.225,33.219) sensitivity=0 orientation=0.000 confidence=true] [id=2 state=hold xy=(260.117,-385.797) size=(33.225,33.219) sensitivity=0 orientation=0.000 confidence=true]
TOUCH t=3.626 device=0 frame=332 count=3 [id=0 state=hold xy=(476.694,-385.941) size=(33.225,33.219) sensitivity=0 orientation=0.000 confidence=true] [id=1 state=hold xy=(368.009,-438.759) size=(33.225,33.219) sensitivity=0 orientation=0.000 confidence=true] [id=2 state=hold xy=(260.477,-384.572) size=(33.225,33.219) sensitivity=0 orientation=0.000 confidence=true]
TOUCH t=3.631 device=0 frame=333 count=3 [id=0 state=hold xy=(476.910,-384.428) size=(33.225,33.219) sensitivity=0 orientation=0.000 confidence=true] [id=1 state=hold xy=(368.225,-437.246) size=(33.225,33.219) sensitivity=0 orientation=0.000 confidence=true] [id=2 state=hold xy=(260.838,-383.491) size=(33.225,33.219) sensitivity=0 orientation=0.000 confidence=true]
TOUCH t=3.637 device=0 frame=334 count=3 [id=0 state=hold xy=(477.126,-382.914) size=(33.225,33.219) sensitivity=0 orientation=0.000 confidence=true] [id=1 state=hold xy=(368.441,-435.733) size=(33.225,33.219) sensitivity=0 orientation=0.000 confidence=true] [id=2 state=hold xy=(260.982,-382.626) size=(33.225,33.219) sensitivity=0 orientation=0.000 confidence=true]
TOUCH t=3.642 device=0 frame=335 count=3 [id=0 state=hold xy=(477.342,-381.473) size=(33.225,33.219) sensitivity=0 orientation=0.000 confidence=true] [id=1 state=hold xy=(368.658,-434.363) size=(33.225,33.219) sensitivity=0 orientation=0.000 confidence=true] [id=2 state=hold xy=(261.198,-381.689) size=(33.225,33.219) sensitivity=0 orientation=0.000 confidence=true]
TOUCH t=3.647 device=0 frame=336 count=3 [id=0 state=hold xy=(477.559,-379.960) size=(33.225,33.219) sensitivity=0 orientation=0.000 confidence=true] [id=1 state=hold xy=(368.802,-433.066) size=(33.225,33.219) sensitivity=0 orientation=0.000 confidence=true] [id=2 state=hold xy=(261.270,-380.681) size=(16.613,16.610) sensitivity=0 orientation=0.000 confidence=true]
TOUCH t=3.652 device=0 frame=337 count=3 [id=0 state=hold xy=(477.703,-378.447) size=(33.225,33.219) sensitivity=0 orientation=0.000 confidence=true] [id=1 state=hold xy=(368.946,-431.914) size=(33.225,33.219) sensitivity=0 orientation=0.000 confidence=true] [id=2 state=hold xy=(261.342,-379.600) size=(16.613,16.610) sensitivity=0 orientation=0.000 confidence=true]
TOUCH t=3.657 device=0 frame=338 count=3 [id=0 state=hold xy=(477.919,-376.934) size=(33.225,33.219) sensitivity=0 orientation=0.000 confidence=true] [id=1 state=hold xy=(369.018,-430.761) size=(33.225,33.219) sensitivity=0 orientation=0.000 confidence=true] [id=2 state=hold xy=(261.414,-378.447) size=(16.613,16.610) sensitivity=0 orientation=0.000 confidence=true]
TOUCH t=3.661 device=0 frame=339 count=3 [id=0 state=hold xy=(478.063,-375.564) size=(33.225,33.219) sensitivity=0 orientation=0.000 confidence=true] [id=1 state=hold xy=(369.162,-429.608) size=(33.225,33.219) sensitivity=0 orientation=0.000 confidence=true] [id=2 state=hold xy=(261.486,-377.366) size=(16.613,16.610) sensitivity=0 orientation=0.000 confidence=true]
TOUCH t=3.668 device=0 frame=340 count=3 [id=0 state=hold xy=(478.279,-374.339) size=(33.225,33.219) sensitivity=0 orientation=0.000 confidence=true] [id=1 state=hold xy=(369.306,-428.599) size=(33.225,33.219) sensitivity=0 orientation=0.000 confidence=true] [id=2 state=hold xy=(261.559,-376.429) size=(16.613,16.610) sensitivity=0 orientation=0.000 confidence=true]
TOUCH t=3.673 device=0 frame=341 count=3 [id=0 state=hold xy=(478.423,-373.331) size=(33.225,33.219) sensitivity=0 orientation=0.000 confidence=true] [id=1 state=hold xy=(369.450,-427.518) size=(33.225,33.219) sensitivity=0 orientation=0.000 confidence=true] [id=2 state=hold xy=(261.631,-375.564) size=(33.225,33.219) sensitivity=0 orientation=0.000 confidence=true]
TOUCH t=3.677 device=0 frame=342 count=3 [id=0 state=hold xy=(478.712,-372.394) size=(33.225,33.219) sensitivity=0 orientation=0.000 confidence=true] [id=1 state=hold xy=(369.667,-426.509) size=(33.225,33.219) sensitivity=0 orientation=0.000 confidence=true] [id=2 state=hold xy=(261.703,-374.700) size=(33.225,33.219) sensitivity=0 orientation=0.000 confidence=true]
TOUCH t=3.683 device=0 frame=343 count=3 [id=0 state=hold xy=(479.000,-371.529) size=(33.225,33.219) sensitivity=0 orientation=0.000 confidence=true] [id=1 state=hold xy=(369.883,-425.717) size=(33.225,33.219) sensitivity=0 orientation=0.000 confidence=true] [id=2 state=hold xy=(261.775,-373.907) size=(33.225,33.219) sensitivity=0 orientation=0.000 confidence=true]
TOUCH t=3.688 device=0 frame=344 count=3 [id=0 state=hold xy=(479.216,-370.737) size=(33.225,33.219) sensitivity=0 orientation=0.000 confidence=true] [id=1 state=hold xy=(370.027,-424.852) size=(33.225,33.219) sensitivity=0 orientation=0.000 confidence=true] [id=2 state=hold xy=(261.919,-373.115) size=(33.225,33.219) sensitivity=0 orientation=0.000 confidence=true]
TOUCH t=3.693 device=0 frame=345 count=3 [id=0 state=hold xy=(479.505,-370.016) size=(33.225,33.219) sensitivity=0 orientation=0.000 confidence=true] [id=1 state=hold xy=(370.171,-424.059) size=(33.225,33.219) sensitivity=0 orientation=0.000 confidence=true] [id=2 state=hold xy=(262.063,-372.394) size=(33.225,33.219) sensitivity=0 orientation=0.000 confidence=true]
TOUCH t=3.699 device=0 frame=346 count=3 [id=0 state=hold xy=(479.721,-369.223) size=(33.225,33.219) sensitivity=0 orientation=0.000 confidence=true] [id=1 state=hold xy=(370.315,-423.267) size=(33.225,33.219) sensitivity=0 orientation=0.000 confidence=true] [id=2 state=hold xy=(262.135,-371.745) size=(33.225,33.219) sensitivity=0 orientation=0.000 confidence=true]
TOUCH t=3.704 device=0 frame=347 count=3 [id=0 state=hold xy=(479.937,-368.431) size=(33.225,33.219) sensitivity=0 orientation=0.000 confidence=true] [id=1 state=hold xy=(370.459,-422.546) size=(33.225,33.219) sensitivity=0 orientation=0.000 confidence=true] [id=2 state=hold xy=(262.207,-371.169) size=(33.225,33.219) sensitivity=0 orientation=0.000 confidence=true]
TOUCH t=3.709 device=0 frame=348 count=3 [id=0 state=hold xy=(480.153,-367.710) size=(33.225,33.219) sensitivity=0 orientation=0.000 confidence=true] [id=1 state=hold xy=(370.676,-421.898) size=(33.225,33.219) sensitivity=0 orientation=0.000 confidence=true] [id=2 state=hold xy=(262.351,-370.665) size=(33.225,33.219) sensitivity=0 orientation=0.000 confidence=true]
TOUCH t=3.714 device=0 frame=349 count=3 [id=0 state=hold xy=(480.441,-366.990) size=(33.225,33.219) sensitivity=0 orientation=0.000 confidence=true] [id=1 state=hold xy=(370.820,-421.321) size=(33.225,33.219) sensitivity=0 orientation=0.000 confidence=true] [id=2 state=hold xy=(262.495,-370.160) size=(33.225,33.219) sensitivity=0 orientation=0.000 confidence=true]
TOUCH t=3.719 device=0 frame=350 count=3 [id=0 state=hold xy=(480.658,-366.269) size=(33.225,33.219) sensitivity=0 orientation=0.000 confidence=true] [id=1 state=hold xy=(371.036,-420.745) size=(33.225,33.219) sensitivity=0 orientation=0.000 confidence=true] [id=2 state=hold xy=(262.712,-369.656) size=(33.225,33.219) sensitivity=0 orientation=0.000 confidence=true]
TOUCH t=3.724 device=0 frame=351 count=3 [id=0 state=hold xy=(480.946,-365.476) size=(33.225,33.219) sensitivity=0 orientation=0.000 confidence=true] [id=1 state=hold xy=(371.252,-420.168) size=(33.225,33.219) sensitivity=0 orientation=0.000 confidence=true] [id=2 state=hold xy=(262.928,-369.079) size=(16.613,16.610) sensitivity=0 orientation=0.000 confidence=true]
TOUCH t=3.730 device=0 frame=352 count=3 [id=0 state=hold xy=(481.234,-364.828) size=(33.225,33.219) sensitivity=0 orientation=0.000 confidence=true] [id=1 state=hold xy=(371.468,-419.592) size=(33.225,33.219) sensitivity=0 orientation=0.000 confidence=true] [id=2 state=hold xy=(263.216,-368.575) size=(16.613,16.610) sensitivity=0 orientation=0.000 confidence=true]
TOUCH t=3.735 device=0 frame=353 count=3 [id=0 state=hold xy=(481.595,-364.107) size=(33.225,33.219) sensitivity=0 orientation=0.000 confidence=true] [id=1 state=hold xy=(371.685,-419.015) size=(33.225,33.219) sensitivity=0 orientation=0.000 confidence=true] [id=2 state=hold xy=(263.505,-368.143) size=(16.613,16.610) sensitivity=0 orientation=0.000 confidence=true]
TOUCH t=3.740 device=0 frame=354 count=3 [id=0 state=hold xy=(481.955,-363.459) size=(33.225,33.219) sensitivity=0 orientation=0.000 confidence=true] [id=1 state=hold xy=(371.901,-418.511) size=(33.225,33.219) sensitivity=0 orientation=0.000 confidence=true] [id=2 state=hold xy=(263.865,-367.710) size=(16.613,16.610) sensitivity=0 orientation=0.000 confidence=true]
TOUCH t=3.745 device=0 frame=355 count=3 [id=0 state=hold xy=(482.387,-362.810) size=(33.225,33.219) sensitivity=0 orientation=0.000 confidence=true] [id=1 state=hold xy=(372.189,-418.078) size=(33.225,33.219) sensitivity=0 orientation=0.000 confidence=true] [id=2 state=hold xy=(264.153,-367.278) size=(16.613,16.610) sensitivity=0 orientation=0.000 confidence=true]
TOUCH t=3.750 device=0 frame=356 count=3 [id=0 state=hold xy=(482.748,-362.162) size=(33.225,33.219) sensitivity=0 orientation=0.000 confidence=true] [id=1 state=hold xy=(372.405,-417.646) size=(33.225,33.219) sensitivity=0 orientation=0.000 confidence=true] [id=2 state=hold xy=(264.514,-366.990) size=(16.613,16.610) sensitivity=0 orientation=0.000 confidence=true]
TOUCH t=3.755 device=0 frame=357 count=3 [id=0 state=hold xy=(483.180,-361.657) size=(33.225,33.219) sensitivity=0 orientation=0.000 confidence=true] [id=1 state=hold xy=(372.694,-417.286) size=(33.225,33.219) sensitivity=0 orientation=0.000 confidence=true] [id=2 state=hold xy=(264.874,-366.701) size=(16.613,16.610) sensitivity=0 orientation=0.000 confidence=true]
TOUCH t=3.760 device=0 frame=358 count=3 [id=0 state=hold xy=(483.541,-361.153) size=(33.225,33.219) sensitivity=0 orientation=0.000 confidence=true] [id=1 state=hold xy=(372.910,-416.853) size=(33.225,33.219) sensitivity=0 orientation=0.000 confidence=true] [id=2 state=hold xy=(265.162,-366.485) size=(16.613,16.610) sensitivity=0 orientation=0.000 confidence=true]
TOUCH t=3.765 device=0 frame=359 count=3 [id=0 state=hold xy=(483.973,-360.721) size=(33.225,33.219) sensitivity=0 orientation=0.000 confidence=true] [id=1 state=hold xy=(373.198,-416.493) size=(33.225,33.219) sensitivity=0 orientation=0.000 confidence=true] [id=2 state=hold xy=(265.450,-366.341) size=(16.613,16.610) sensitivity=0 orientation=0.000 confidence=true]
TOUCH t=3.771 device=0 frame=360 count=3 [id=0 state=hold xy=(484.333,-360.360) size=(33.225,33.219) sensitivity=0 orientation=0.000 confidence=true] [id=1 state=hold xy=(373.414,-416.133) size=(33.225,33.219) sensitivity=0 orientation=0.000 confidence=true] [id=2 state=hold xy=(265.739,-366.125) size=(33.225,33.219) sensitivity=0 orientation=0.000 confidence=true]
TOUCH t=3.775 device=0 frame=361 count=3 [id=0 state=hold xy=(484.694,-360.000) size=(33.225,33.219) sensitivity=0 orientation=0.000 confidence=true] [id=1 state=hold xy=(373.703,-415.773) size=(33.225,33.219) sensitivity=0 orientation=0.000 confidence=true] [id=2 state=hold xy=(265.955,-366.053) size=(33.225,33.219) sensitivity=0 orientation=0.000 confidence=true]
TOUCH t=3.780 device=0 frame=362 count=3 [id=0 state=hold xy=(485.054,-359.712) size=(33.225,33.219) sensitivity=0 orientation=0.000 confidence=true] [id=1 state=hold xy=(373.919,-415.412) size=(33.225,33.219) sensitivity=0 orientation=0.000 confidence=true] [id=2 state=hold xy=(266.243,-365.909) size=(33.225,33.219) sensitivity=0 orientation=0.000 confidence=true]
TOUCH t=3.786 device=0 frame=363 count=3 [id=0 state=hold xy=(485.486,-359.496) size=(33.225,33.219) sensitivity=0 orientation=0.000 confidence=true] [id=1 state=hold xy=(374.207,-415.052) size=(33.225,33.219) sensitivity=0 orientation=0.000 confidence=true] [id=2 state=hold xy=(266.532,-365.837) size=(33.225,33.219) sensitivity=0 orientation=0.000 confidence=true]
TOUCH t=3.791 device=0 frame=364 count=3 [id=0 state=hold xy=(485.847,-359.279) size=(33.225,33.219) sensitivity=0 orientation=0.000 confidence=true] [id=1 state=hold xy=(374.568,-414.764) size=(33.225,33.219) sensitivity=0 orientation=0.000 confidence=true] [id=2 state=hold xy=(266.820,-365.693) size=(33.225,33.219) sensitivity=0 orientation=0.000 confidence=true]
TOUCH t=3.797 device=0 frame=365 count=3 [id=0 state=hold xy=(486.351,-359.063) size=(33.225,33.219) sensitivity=0 orientation=0.000 confidence=true] [id=1 state=hold xy=(374.928,-414.404) size=(33.225,33.219) sensitivity=0 orientation=0.000 confidence=true] [id=2 state=hold xy=(267.252,-365.476) size=(33.225,33.219) sensitivity=0 orientation=0.000 confidence=true]
TOUCH t=3.802 device=0 frame=366 count=3 [id=0 state=hold xy=(486.928,-358.775) size=(33.225,33.219) sensitivity=0 orientation=0.000 confidence=true] [id=1 state=hold xy=(375.432,-414.043) size=(33.225,33.219) sensitivity=0 orientation=0.000 confidence=true] [id=2 state=hold xy=(267.685,-365.332) size=(33.225,33.219) sensitivity=0 orientation=0.000 confidence=true]
TOUCH t=3.807 device=0 frame=367 count=3 [id=0 state=hold xy=(487.649,-358.487) size=(33.225,33.219) sensitivity=0 orientation=0.000 confidence=true] [id=1 state=hold xy=(375.937,-413.611) size=(33.225,33.219) sensitivity=0 orientation=0.000 confidence=true] [id=2 state=hold xy=(268.333,-365.044) size=(33.225,33.219) sensitivity=0 orientation=0.000 confidence=true]
TOUCH t=3.812 device=0 frame=368 count=3 [id=0 state=hold xy=(488.514,-358.126) size=(33.225,33.219) sensitivity=0 orientation=0.000 confidence=true] [id=1 state=hold xy=(376.658,-413.179) size=(33.225,33.219) sensitivity=0 orientation=0.000 confidence=true] [id=2 state=hold xy=(269.126,-364.756) size=(33.225,33.219) sensitivity=0 orientation=0.000 confidence=true]
TOUCH t=3.817 device=0 frame=369 count=3 [id=0 state=hold xy=(489.523,-357.694) size=(33.225,33.219) sensitivity=0 orientation=0.000 confidence=true] [id=1 state=hold xy=(377.450,-412.602) size=(33.225,33.219) sensitivity=0 orientation=0.000 confidence=true] [id=2 state=hold xy=(269.991,-364.468) size=(33.225,33.219) sensitivity=0 orientation=0.000 confidence=true]
TOUCH t=3.822 device=0 frame=370 count=3 [id=0 state=hold xy=(490.604,-357.190) size=(33.225,33.219) sensitivity=0 orientation=0.000 confidence=true] [id=1 state=hold xy=(378.387,-412.026) size=(33.225,33.219) sensitivity=0 orientation=0.000 confidence=true] [id=2 state=hold xy=(270.928,-364.107) size=(33.225,33.219) sensitivity=0 orientation=0.000 confidence=true]
TOUCH t=3.827 device=0 frame=371 count=3 [id=0 state=hold xy=(491.901,-356.613) size=(33.225,33.219) sensitivity=0 orientation=0.000 confidence=true] [id=1 state=hold xy=(379.468,-411.377) size=(33.225,33.219) sensitivity=0 orientation=0.000 confidence=true] [id=2 state=hold xy=(272.009,-363.747) size=(33.225,33.219) sensitivity=0 orientation=0.000 confidence=true]
TOUCH t=3.833 device=0 frame=372 count=3 [id=0 state=hold xy=(493.198,-356.037) size=(33.225,33.219) sensitivity=0 orientation=0.000 confidence=true] [id=1 state=hold xy=(380.694,-410.801) size=(33.225,33.219) sensitivity=0 orientation=0.000 confidence=true] [id=2 state=hold xy=(273.234,-363.315) size=(16.613,16.610) sensitivity=0 orientation=0.000 confidence=true]
TOUCH t=3.838 device=0 frame=373 count=3 [id=0 state=hold xy=(494.712,-355.460) size=(33.225,33.219) sensitivity=0 orientation=0.000 confidence=true] [id=1 state=hold xy=(381.991,-410.152) size=(33.225,33.219) sensitivity=0 orientation=0.000 confidence=true] [id=2 state=hold xy=(274.459,-362.882) size=(16.613,16.610) sensitivity=0 orientation=0.000 confidence=true]
TOUCH t=3.842 device=0 frame=374 count=3 [id=0 state=hold xy=(496.874,-354.740) size=(33.225,33.219) sensitivity=0 orientation=0.000 confidence=true] [id=1 state=hold xy=(383.288,-409.432) size=(33.225,33.219) sensitivity=0 orientation=0.000 confidence=true] [id=2 state=hold xy=(275.829,-362.378) size=(16.613,16.610) sensitivity=0 orientation=0.000 confidence=true]
TOUCH t=3.848 device=0 frame=375 count=3 [id=0 state=hold xy=(498.964,-354.091) size=(33.225,33.219) sensitivity=0 orientation=0.000 confidence=true] [id=1 state=hold xy=(385.306,-408.783) size=(33.225,33.219) sensitivity=0 orientation=0.000 confidence=true] [id=2 state=hold xy=(277.198,-361.946) size=(16.613,16.610) sensitivity=0 orientation=0.000 confidence=true]
TOUCH t=3.853 device=0 frame=376 count=3 [id=0 state=hold xy=(500.910,-353.443) size=(33.225,33.219) sensitivity=0 orientation=0.000 confidence=true] [id=1 state=hold xy=(387.180,-408.062) size=(33.225,33.219) sensitivity=0 orientation=0.000 confidence=true] [id=2 state=hold xy=(278.568,-361.513) size=(16.613,16.610) sensitivity=0 orientation=0.000 confidence=true]
TOUCH t=3.859 device=0 frame=377 count=3 [id=0 state=hold xy=(502.712,-352.866) size=(33.225,33.219) sensitivity=0 orientation=0.000 confidence=true] [id=1 state=hold xy=(388.910,-407.414) size=(33.225,33.219) sensitivity=0 orientation=0.000 confidence=true] [id=2 state=hold xy=(280.009,-361.153) size=(16.613,16.610) sensitivity=0 orientation=0.000 confidence=true]
TOUCH t=3.863 device=0 frame=378 count=3 [id=0 state=hold xy=(504.441,-352.434) size=(33.225,33.219) sensitivity=0 orientation=0.000 confidence=true] [id=1 state=hold xy=(390.495,-406.765) size=(33.225,33.219) sensitivity=0 orientation=0.000 confidence=true] [id=2 state=hold xy=(281.378,-360.865) size=(33.225,33.219) sensitivity=0 orientation=0.000 confidence=true]
TOUCH t=3.870 device=0 frame=379 count=3 [id=0 state=hold xy=(506.027,-352.002) size=(33.225,33.219) sensitivity=0 orientation=0.000 confidence=true] [id=1 state=hold xy=(392.009,-406.117) size=(33.225,33.219) sensitivity=0 orientation=0.000 confidence=true] [id=2 state=hold xy=(282.820,-360.576) size=(33.225,33.219) sensitivity=0 orientation=0.000 confidence=true]
TOUCH t=3.876 device=0 frame=380 count=3 [id=0 state=hold xy=(507.613,-351.641) size=(33.225,33.219) sensitivity=0 orientation=0.000 confidence=true] [id=1 state=hold xy=(393.378,-405.685) size=(33.225,33.219) sensitivity=0 orientation=0.000 confidence=true] [id=2 state=hold xy=(284.261,-360.360) size=(33.225,33.219) sensitivity=0 orientation=0.000 confidence=true]
TOUCH t=3.879 device=0 frame=381 count=3 [id=0 state=hold xy=(509.054,-351.281) size=(33.225,33.219) sensitivity=0 orientation=0.000 confidence=true] [id=1 state=hold xy=(394.748,-405.324) size=(33.225,33.219) sensitivity=0 orientation=0.000 confidence=true] [id=2 state=hold xy=(286.135,-360.216) size=(33.225,33.219) sensitivity=0 orientation=0.000 confidence=true]
TOUCH t=3.884 device=0 frame=382 count=3 [id=0 state=hold xy=(510.423,-350.921) size=(33.225,33.219) sensitivity=0 orientation=0.000 confidence=true] [id=1 state=hold xy=(395.973,-405.108) size=(33.225,33.219) sensitivity=0 orientation=0.000 confidence=true] [id=2 state=hold xy=(287.865,-360.000) size=(33.225,33.219) sensitivity=0 orientation=0.000 confidence=true]
TOUCH t=3.890 device=0 frame=383 count=3 [id=0 state=hold xy=(511.577,-350.633) size=(33.225,33.219) sensitivity=0 orientation=0.000 confidence=true] [id=1 state=hold xy=(397.198,-404.820) size=(33.225,33.219) sensitivity=0 orientation=0.000 confidence=true] [id=2 state=hold xy=(289.378,-359.712) size=(33.225,33.219) sensitivity=0 orientation=0.000 confidence=true]
TOUCH t=3.894 device=0 frame=384 count=3 [id=0 state=hold xy=(512.730,-350.272) size=(33.225,33.219) sensitivity=0 orientation=0.000 confidence=true] [id=1 state=hold xy=(398.351,-404.460) size=(33.225,33.219) sensitivity=0 orientation=0.000 confidence=true] [id=2 state=hold xy=(290.748,-359.568) size=(33.225,33.219) sensitivity=0 orientation=0.000 confidence=true]
TOUCH t=3.899 device=0 frame=385 count=3 [id=0 state=hold xy=(513.739,-350.056) size=(33.225,33.219) sensitivity=0 orientation=0.000 confidence=true] [id=1 state=hold xy=(399.432,-404.027) size=(33.225,33.219) sensitivity=0 orientation=0.000 confidence=true] [id=2 state=hold xy=(291.901,-359.496) size=(33.225,33.219) sensitivity=0 orientation=0.000 confidence=true]
TOUCH t=3.905 device=0 frame=386 count=3 [id=0 state=hold xy=(514.676,-349.768) size=(33.225,33.219) sensitivity=0 orientation=0.000 confidence=true] [id=1 state=hold xy=(400.441,-403.811) size=(33.225,33.219) sensitivity=0 orientation=0.000 confidence=true] [id=2 state=hold xy=(293.054,-359.207) size=(33.225,33.219) sensitivity=0 orientation=0.000 confidence=true]
TOUCH t=3.910 device=0 frame=387 count=3 [id=0 state=hold xy=(515.541,-349.408) size=(33.225,33.219) sensitivity=0 orientation=0.000 confidence=true] [id=1 state=hold xy=(401.378,-403.739) size=(33.225,33.219) sensitivity=0 orientation=0.000 confidence=true] [id=2 state=hold xy=(294.135,-358.919) size=(33.225,33.219) sensitivity=0 orientation=0.000 confidence=true]
TOUCH t=3.918 device=0 frame=388 count=3 [id=0 state=hold xy=(516.333,-349.191) size=(33.225,33.219) sensitivity=0 orientation=0.000 confidence=true] [id=1 state=hold xy=(402.243,-403.595) size=(33.225,33.219) sensitivity=0 orientation=0.000 confidence=true] [id=2 state=hold xy=(295.072,-358.559) size=(33.225,33.219) sensitivity=0 orientation=0.000 confidence=true]
TOUCH t=3.922 device=0 frame=389 count=3 [id=0 state=hold xy=(517.126,-348.903) size=(33.225,33.219) sensitivity=0 orientation=0.000 confidence=true] [id=1 state=hold xy=(403.108,-403.379) size=(33.225,33.219) sensitivity=0 orientation=0.000 confidence=true] [id=2 state=hold xy=(296.009,-358.271) size=(33.225,33.219) sensitivity=0 orientation=0.000 confidence=true]
TOUCH t=3.926 device=0 frame=390 count=3 [id=0 state=hold xy=(517.991,-348.687) size=(33.225,33.219) sensitivity=0 orientation=0.000 confidence=true] [id=1 state=hold xy=(403.901,-403.163) size=(33.225,33.219) sensitivity=0 orientation=0.000 confidence=true] [id=2 state=hold xy=(296.874,-358.126) size=(33.225,33.219) sensitivity=0 orientation=0.000 confidence=true]
TOUCH t=3.931 device=0 frame=391 count=3 [id=0 state=hold xy=(518.784,-348.543) size=(33.225,33.219) sensitivity=0 orientation=0.000 confidence=true] [id=1 state=hold xy=(404.694,-402.874) size=(33.225,33.219) sensitivity=0 orientation=0.000 confidence=true] [id=2 state=hold xy=(297.739,-357.982) size=(33.225,33.219) sensitivity=0 orientation=0.000 confidence=true]
TOUCH t=3.936 device=0 frame=392 count=3 [id=0 state=hold xy=(519.577,-348.399) size=(33.225,33.219) sensitivity=0 orientation=0.000 confidence=true] [id=1 state=hold xy=(405.486,-402.658) size=(33.225,33.219) sensitivity=0 orientation=0.000 confidence=true] [id=2 state=hold xy=(298.532,-357.838) size=(33.225,33.219) sensitivity=0 orientation=0.000 confidence=true]
TOUCH t=3.941 device=0 frame=393 count=3 [id=0 state=hold xy=(520.297,-348.327) size=(33.225,33.219) sensitivity=0 orientation=0.000 confidence=true] [id=1 state=hold xy=(406.207,-402.442) size=(33.225,33.219) sensitivity=0 orientation=0.000 confidence=true] [id=2 state=hold xy=(299.252,-357.694) size=(33.225,33.219) sensitivity=0 orientation=0.000 confidence=true]
TOUCH t=3.946 device=0 frame=394 count=3 [id=0 state=hold xy=(521.018,-348.255) size=(33.225,33.219) sensitivity=0 orientation=0.000 confidence=true] [id=1 state=hold xy=(406.856,-402.298) size=(33.225,33.219) sensitivity=0 orientation=0.000 confidence=true] [id=2 state=hold xy=(299.901,-357.550) size=(33.225,33.219) sensitivity=0 orientation=0.000 confidence=true]
TOUCH t=3.951 device=0 frame=395 count=3 [id=0 state=hold xy=(521.739,-348.183) size=(33.225,33.219) sensitivity=0 orientation=0.000 confidence=true] [id=1 state=hold xy=(407.432,-402.082) size=(33.225,33.219) sensitivity=0 orientation=0.000 confidence=true] [id=2 state=hold xy=(300.550,-357.478) size=(16.613,16.610) sensitivity=0 orientation=0.000 confidence=true]
TOUCH t=3.957 device=0 frame=396 count=3 [id=0 state=hold xy=(522.387,-348.110) size=(33.225,33.219) sensitivity=0 orientation=0.000 confidence=true] [id=1 state=hold xy=(408.081,-401.938) size=(33.225,33.219) sensitivity=0 orientation=0.000 confidence=true] [id=2 state=hold xy=(301.054,-357.334) size=(16.613,16.610) sensitivity=0 orientation=0.000 confidence=true]
TOUCH t=3.962 device=0 frame=397 count=3 [id=0 state=hold xy=(523.036,-348.038) size=(33.225,33.219) sensitivity=0 orientation=0.000 confidence=true] [id=1 state=hold xy=(408.658,-401.793) size=(33.225,33.219) sensitivity=0 orientation=0.000 confidence=true] [id=2 state=hold xy=(301.559,-357.262) size=(16.613,16.610) sensitivity=0 orientation=0.000 confidence=true]
TOUCH t=3.967 device=0 frame=398 count=3 [id=0 state=hold xy=(523.613,-347.966) size=(33.225,33.219) sensitivity=0 orientation=0.000 confidence=true] [id=1 state=hold xy=(409.234,-401.649) size=(33.225,33.219) sensitivity=0 orientation=0.000 confidence=true] [id=2 state=hold xy=(301.991,-357.262) size=(16.613,16.610) sensitivity=0 orientation=0.000 confidence=true]
TOUCH t=3.972 device=0 frame=399 count=3 [id=0 state=hold xy=(524.261,-347.966) size=(33.225,33.219) sensitivity=0 orientation=0.000 confidence=true] [id=1 state=hold xy=(409.739,-401.505) size=(33.225,33.219) sensitivity=0 orientation=0.000 confidence=true] [id=2 state=hold xy=(302.423,-357.190) size=(16.613,16.610) sensitivity=0 orientation=0.000 confidence=true]
TOUCH t=3.977 device=0 frame=400 count=3 [id=0 state=hold xy=(524.838,-347.894) size=(33.225,33.219) sensitivity=0 orientation=0.000 confidence=true] [id=1 state=hold xy=(410.243,-401.433) size=(33.225,33.219) sensitivity=0 orientation=0.000 confidence=true] [id=2 state=hold xy=(302.784,-357.190) size=(16.613,16.610) sensitivity=0 orientation=0.000 confidence=true]
TOUCH t=3.982 device=0 frame=401 count=3 [id=0 state=hold xy=(525.414,-347.750) size=(33.225,33.219) sensitivity=0 orientation=0.000 confidence=true] [id=1 state=hold xy=(410.748,-401.289) size=(33.225,33.219) sensitivity=0 orientation=0.000 confidence=true] [id=2 state=hold xy=(303.216,-357.046) size=(16.613,16.610) sensitivity=0 orientation=0.000 confidence=true]
TOUCH t=3.988 device=0 frame=402 count=3 [id=0 state=hold xy=(526.063,-347.678) size=(33.225,33.219) sensitivity=0 orientation=0.000 confidence=true] [id=1 state=hold xy=(411.252,-401.217) size=(33.225,33.219) sensitivity=0 orientation=0.000 confidence=true] [id=2 state=hold xy=(303.577,-356.902) size=(16.613,16.610) sensitivity=0 orientation=0.000 confidence=true]
TOUCH t=3.992 device=0 frame=403 count=3 [id=0 state=hold xy=(526.640,-347.534) size=(33.225,33.219) sensitivity=0 orientation=0.000 confidence=true] [id=1 state=hold xy=(411.685,-401.073) size=(33.225,33.219) sensitivity=0 orientation=0.000 confidence=true] [id=2 state=hold xy=(303.937,-356.829) size=(16.613,16.610) sensitivity=0 orientation=0.000 confidence=true]
TOUCH t=3.997 device=0 frame=404 count=3 [id=0 state=hold xy=(527.144,-347.462) size=(33.225,33.219) sensitivity=0 orientation=0.000 confidence=true] [id=1 state=hold xy=(412.189,-401.001) size=(33.225,33.219) sensitivity=0 orientation=0.000 confidence=true] [id=2 state=hold xy=(304.369,-356.685) size=(33.225,33.219) sensitivity=0 orientation=0.000 confidence=true]
TOUCH t=4.002 device=0 frame=405 count=3 [id=0 state=hold xy=(527.649,-347.390) size=(33.225,33.219) sensitivity=0 orientation=0.000 confidence=true] [id=1 state=hold xy=(412.550,-400.857) size=(33.225,33.219) sensitivity=0 orientation=0.000 confidence=true] [id=2 state=hold xy=(304.730,-356.613) size=(33.225,33.219) sensitivity=0 orientation=0.000 confidence=true]
TOUCH t=4.007 device=0 frame=406 count=3 [id=0 state=hold xy=(528.153,-347.318) size=(33.225,33.219) sensitivity=0 orientation=0.000 confidence=true] [id=1 state=hold xy=(412.982,-400.785) size=(33.225,33.219) sensitivity=0 orientation=0.000 confidence=true] [id=2 state=hold xy=(305.090,-356.469) size=(16.613,16.610) sensitivity=0 orientation=0.000 confidence=true]
TOUCH t=4.013 device=0 frame=407 count=3 [id=0 state=hold xy=(528.586,-347.246) size=(33.225,33.219) sensitivity=0 orientation=0.000 confidence=true] [id=1 state=hold xy=(413.342,-400.713) size=(33.225,33.219) sensitivity=0 orientation=0.000 confidence=true] [id=2 state=hold xy=(305.523,-356.325) size=(16.613,16.610) sensitivity=0 orientation=0.000 confidence=true]
TOUCH t=4.018 device=0 frame=408 count=3 [id=0 state=hold xy=(529.090,-347.174) size=(33.225,33.219) sensitivity=0 orientation=0.000 confidence=true] [id=1 state=hold xy=(413.631,-400.641) size=(33.225,33.219) sensitivity=0 orientation=0.000 confidence=true] [id=2 state=hold xy=(305.883,-356.181) size=(16.613,16.610) sensitivity=0 orientation=0.000 confidence=true]
TOUCH t=4.024 device=0 frame=409 count=3 [id=0 state=hold xy=(529.523,-347.102) size=(33.225,33.219) sensitivity=0 orientation=0.000 confidence=true] [id=1 state=hold xy=(413.991,-400.568) size=(33.225,33.219) sensitivity=0 orientation=0.000 confidence=true] [id=2 state=hold xy=(306.243,-356.037) size=(16.613,16.610) sensitivity=0 orientation=0.000 confidence=true]
TOUCH t=4.028 device=0 frame=410 count=3 [id=0 state=hold xy=(530.027,-347.030) size=(33.225,33.219) sensitivity=0 orientation=0.000 confidence=true] [id=1 state=hold xy=(414.351,-400.496) size=(33.225,33.219) sensitivity=0 orientation=0.000 confidence=true] [id=2 state=hold xy=(306.676,-355.893) size=(16.613,16.610) sensitivity=0 orientation=0.000 confidence=true]
TOUCH t=4.034 device=0 frame=411 count=3 [id=0 state=hold xy=(530.459,-346.958) size=(33.225,33.219) sensitivity=0 orientation=0.000 confidence=true] [id=1 state=hold xy=(414.712,-400.424) size=(33.225,33.219) sensitivity=0 orientation=0.000 confidence=true] [id=2 state=hold xy=(306.964,-355.749) size=(16.613,16.610) sensitivity=0 orientation=0.000 confidence=true]
TOUCH t=4.040 device=0 frame=412 count=3 [id=0 state=hold xy=(530.820,-346.958) size=(33.225,33.219) sensitivity=0 orientation=0.000 confidence=true] [id=1 state=hold xy=(415.072,-400.352) size=(33.225,33.219) sensitivity=0 orientation=0.000 confidence=true] [id=2 state=hold xy=(307.324,-355.604) size=(33.225,33.219) sensitivity=0 orientation=0.000 confidence=true]
TOUCH t=4.045 device=0 frame=413 count=3 [id=0 state=hold xy=(531.324,-346.885) size=(33.225,33.219) sensitivity=0 orientation=0.000 confidence=true] [id=1 state=hold xy=(415.432,-400.208) size=(33.225,33.219) sensitivity=0 orientation=0.000 confidence=true] [id=2 state=hold xy=(307.685,-355.532) size=(33.225,33.219) sensitivity=0 orientation=0.000 confidence=true]
TOUCH t=4.050 device=0 frame=414 count=3 [id=0 state=hold xy=(531.757,-346.741) size=(33.225,33.219) sensitivity=0 orientation=0.000 confidence=true] [id=1 state=hold xy=(415.793,-400.064) size=(33.225,33.219) sensitivity=0 orientation=0.000 confidence=true] [id=2 state=hold xy=(308.045,-355.460) size=(33.225,33.219) sensitivity=0 orientation=0.000 confidence=true]
TOUCH t=4.055 device=0 frame=415 count=3 [id=0 state=hold xy=(532.261,-346.669) size=(33.225,33.219) sensitivity=0 orientation=0.000 confidence=true] [id=1 state=hold xy=(416.225,-399.848) size=(33.225,33.219) sensitivity=0 orientation=0.000 confidence=true] [id=2 state=hold xy=(308.477,-355.316) size=(33.225,33.219) sensitivity=0 orientation=0.000 confidence=true]
TOUCH t=4.059 device=0 frame=416 count=3 [id=0 state=hold xy=(532.694,-346.525) size=(33.225,33.219) sensitivity=0 orientation=0.000 confidence=true] [id=1 state=hold xy=(416.730,-399.704) size=(33.225,33.219) sensitivity=0 orientation=0.000 confidence=true] [id=2 state=hold xy=(308.838,-355.172) size=(33.225,33.219) sensitivity=0 orientation=0.000 confidence=true]
TOUCH t=4.064 device=0 frame=417 count=3 [id=0 state=hold xy=(533.198,-346.453) size=(33.225,33.219) sensitivity=0 orientation=0.000 confidence=true] [id=1 state=hold xy=(417.234,-399.560) size=(33.225,33.219) sensitivity=0 orientation=0.000 confidence=true] [id=2 state=hold xy=(309.198,-355.028) size=(33.225,33.219) sensitivity=0 orientation=0.000 confidence=true]
TOUCH t=4.069 device=0 frame=418 count=3 [id=0 state=hold xy=(533.703,-346.309) size=(33.225,33.219) sensitivity=0 orientation=0.000 confidence=true] [id=1 state=hold xy=(417.739,-399.343) size=(33.225,33.219) sensitivity=0 orientation=0.000 confidence=true] [id=2 state=hold xy=(309.631,-354.812) size=(33.225,33.219) sensitivity=0 orientation=0.000 confidence=true]
TOUCH t=4.075 device=0 frame=419 count=3 [id=0 state=hold xy=(534.207,-346.093) size=(33.225,33.219) sensitivity=0 orientation=0.000 confidence=true] [id=1 state=hold xy=(418.315,-399.127) size=(33.225,33.219) sensitivity=0 orientation=0.000 confidence=true] [id=2 state=hold xy=(310.063,-354.668) size=(33.225,33.219) sensitivity=0 orientation=0.000 confidence=true]
TOUCH t=4.081 device=0 frame=420 count=3 [id=0 state=hold xy=(534.712,-345.877) size=(33.225,33.219) sensitivity=0 orientation=0.000 confidence=true] [id=1 state=hold xy=(418.892,-398.911) size=(33.225,33.219) sensitivity=0 orientation=0.000 confidence=true] [id=2 state=hold xy=(310.495,-354.524) size=(33.225,33.219) sensitivity=0 orientation=0.000 confidence=true]
TOUCH t=4.086 device=0 frame=421 count=3 [id=0 state=hold xy=(535.360,-345.661) size=(33.225,33.219) sensitivity=0 orientation=0.000 confidence=true] [id=1 state=hold xy=(419.468,-398.695) size=(33.225,33.219) sensitivity=0 orientation=0.000 confidence=true] [id=2 state=hold xy=(311.072,-354.307) size=(33.225,33.219) sensitivity=0 orientation=0.000 confidence=true]
TOUCH t=4.091 device=0 frame=422 count=3 [id=0 state=hold xy=(536.009,-345.372) size=(33.225,33.219) sensitivity=0 orientation=0.000 confidence=true] [id=1 state=hold xy=(420.189,-398.479) size=(33.225,33.219) sensitivity=0 orientation=0.000 confidence=true] [id=2 state=hold xy=(311.649,-354.091) size=(33.225,33.219) sensitivity=0 orientation=0.000 confidence=true]
TOUCH t=4.095 device=0 frame=423 count=3 [id=0 state=hold xy=(536.658,-345.012) size=(33.225,33.219) sensitivity=0 orientation=0.000 confidence=true] [id=1 state=hold xy=(420.910,-398.191) size=(33.225,33.219) sensitivity=0 orientation=0.000 confidence=true] [id=2 state=hold xy=(312.297,-353.803) size=(33.225,33.219) sensitivity=0 orientation=0.000 confidence=true]
TOUCH t=4.101 device=0 frame=424 count=3 [id=0 state=hold xy=(537.378,-344.652) size=(33.225,33.219) sensitivity=0 orientation=0.000 confidence=true] [id=1 state=hold xy=(421.703,-397.974) size=(33.225,33.219) sensitivity=0 orientation=0.000 confidence=true] [id=2 state=hold xy=(312.946,-353.515) size=(33.225,33.219) sensitivity=0 orientation=0.000 confidence=true]
TOUCH t=4.106 device=0 frame=425 count=3 [id=0 state=hold xy=(538.171,-344.291) size=(33.225,33.219) sensitivity=0 orientation=0.000 confidence=true] [id=1 state=hold xy=(422.568,-397.686) size=(33.225,33.219) sensitivity=0 orientation=0.000 confidence=true] [id=2 state=hold xy=(313.811,-353.155) size=(33.225,33.219) sensitivity=0 orientation=0.000 confidence=true]
TOUCH t=4.110 device=0 frame=426 count=3 [id=0 state=hold xy=(539.108,-343.859) size=(33.225,33.219) sensitivity=0 orientation=0.000 confidence=true] [id=1 state=hold xy=(423.505,-397.326) size=(33.225,33.219) sensitivity=0 orientation=0.000 confidence=true] [id=2 state=hold xy=(314.748,-352.794) size=(33.225,33.219) sensitivity=0 orientation=0.000 confidence=true]
TOUCH t=4.117 device=0 frame=427 count=3 [id=0 state=hold xy=(540.045,-343.355) size=(33.225,33.219) sensitivity=0 orientation=0.000 confidence=true] [id=1 state=hold xy=(424.514,-396.966) size=(33.225,33.219) sensitivity=0 orientation=0.000 confidence=true] [id=2 state=hold xy=(315.757,-352.434) size=(33.225,33.219) sensitivity=0 orientation=0.000 confidence=true]
TOUCH t=4.122 device=0 frame=428 count=3 [id=0 state=hold xy=(541.126,-342.922) size=(33.225,33.219) sensitivity=0 orientation=0.000 confidence=true] [id=1 state=hold xy=(425.595,-396.605) size=(33.225,33.219) sensitivity=0 orientation=0.000 confidence=true] [id=2 state=hold xy=(316.838,-352.074) size=(16.613,16.610) sensitivity=0 orientation=0.000 confidence=true]
TOUCH t=4.126 device=0 frame=429 count=3 [id=0 state=hold xy=(542.207,-342.490) size=(33.225,33.219) sensitivity=0 orientation=0.000 confidence=true] [id=1 state=hold xy=(426.820,-396.245) size=(33.225,33.219) sensitivity=0 orientation=0.000 confidence=true] [id=2 state=hold xy=(317.991,-351.713) size=(16.613,16.610) sensitivity=0 orientation=0.000 confidence=true]
TOUCH t=4.131 device=0 frame=430 count=3 [id=0 state=hold xy=(543.360,-342.058) size=(33.225,33.219) sensitivity=0 orientation=0.000 confidence=true] [id=1 state=hold xy=(428.045,-395.813) size=(33.225,33.219) sensitivity=0 orientation=0.000 confidence=true] [id=2 state=hold xy=(319.144,-351.497) size=(16.613,16.610) sensitivity=0 orientation=0.000 confidence=true]
TOUCH t=4.137 device=0 frame=431 count=3 [id=0 state=hold xy=(544.586,-341.553) size=(33.225,33.219) sensitivity=0 orientation=0.000 confidence=true] [id=1 state=hold xy=(429.414,-395.308) size=(33.225,33.219) sensitivity=0 orientation=0.000 confidence=true] [id=2 state=hold xy=(320.441,-351.209) size=(33.225,33.219) sensitivity=0 orientation=0.000 confidence=true]
TOUCH t=4.142 device=0 frame=432 count=3 [id=0 state=hold xy=(545.883,-341.121) size=(33.225,33.219) sensitivity=0 orientation=0.000 confidence=true] [id=1 state=hold xy=(430.784,-394.876) size=(33.225,33.219) sensitivity=0 orientation=0.000 confidence=true] [id=2 state=hold xy=(321.739,-350.921) size=(33.225,33.219) sensitivity=0 orientation=0.000 confidence=true]
TOUCH t=4.148 device=0 frame=433 count=3 [id=0 state=hold xy=(547.180,-340.616) size=(33.225,33.219) sensitivity=0 orientation=0.000 confidence=true] [id=1 state=hold xy=(432.586,-394.155) size=(33.225,33.219) sensitivity=0 orientation=0.000 confidence=true] [id=2 state=hold xy=(323.108,-350.633) size=(33.225,33.219) sensitivity=0 orientation=0.000 confidence=true]
TOUCH t=4.153 device=0 frame=434 count=3 [id=0 state=hold xy=(548.838,-339.824) size=(33.225,33.219) sensitivity=0 orientation=0.000 confidence=true] [id=1 state=hold xy=(434.459,-393.579) size=(33.225,33.219) sensitivity=0 orientation=0.000 confidence=true] [id=2 state=hold xy=(325.054,-350.200) size=(33.225,33.219) sensitivity=0 orientation=0.000 confidence=true]
TOUCH t=4.158 device=0 frame=435 count=3 [id=0 state=hold xy=(550.495,-339.175) size=(33.225,33.219) sensitivity=0 orientation=0.000 confidence=true] [id=1 state=hold xy=(436.261,-393.147) size=(33.225,33.219) sensitivity=0 orientation=0.000 confidence=true] [id=2 state=hold xy=(326.928,-349.840) size=(33.225,33.219) sensitivity=0 orientation=0.000 confidence=true]
TOUCH t=4.163 device=0 frame=436 count=3 [id=0 state=hold xy=(552.081,-338.815) size=(33.225,33.219) sensitivity=0 orientation=0.000 confidence=true] [id=1 state=hold xy=(438.063,-392.786) size=(33.225,33.219) sensitivity=0 orientation=0.000 confidence=true] [id=2 state=hold xy=(328.802,-349.408) size=(33.225,33.219) sensitivity=0 orientation=0.000 confidence=true]
TOUCH t=4.168 device=0 frame=437 count=3 [id=0 state=hold xy=(553.595,-338.599) size=(33.225,33.219) sensitivity=0 orientation=0.000 confidence=true] [id=1 state=hold xy=(439.865,-392.426) size=(33.225,33.219) sensitivity=0 orientation=0.000 confidence=true] [id=2 state=hold xy=(330.676,-349.047) size=(33.225,33.219) sensitivity=0 orientation=0.000 confidence=true]
TOUCH t=4.173 device=0 frame=438 count=3 [id=0 state=hold xy=(555.108,-338.383) size=(33.225,33.219) sensitivity=0 orientation=0.000 confidence=true] [id=1 state=hold xy=(441.739,-392.138) size=(33.225,33.219) sensitivity=0 orientation=0.000 confidence=true] [id=2 state=hold xy=(332.550,-348.759) size=(33.225,33.219) sensitivity=0 orientation=0.000 confidence=true]
TOUCH t=4.179 device=0 frame=439 count=3 [id=0 state=hold xy=(556.766,-338.022) size=(33.225,33.219) sensitivity=0 orientation=0.000 confidence=true] [id=1 state=hold xy=(443.541,-391.849) size=(33.225,33.219) sensitivity=0 orientation=0.000 confidence=true] [id=2 state=hold xy=(334.423,-348.471) size=(16.613,16.610) sensitivity=0 orientation=0.000 confidence=true]
TOUCH t=4.184 device=0 frame=440 count=3 [id=0 state=hold xy=(558.568,-337.446) size=(33.225,33.219) sensitivity=0 orientation=0.000 confidence=true] [id=1 state=hold xy=(445.414,-391.561) size=(33.225,33.219) sensitivity=0 orientation=0.000 confidence=true] [id=2 state=hold xy=(336.297,-348.255) size=(16.613,16.610) sensitivity=0 orientation=0.000 confidence=true]
TOUCH t=4.189 device=0 frame=441 count=3 [id=0 state=hold xy=(560.369,-336.870) size=(33.225,33.219) sensitivity=0 orientation=0.000 confidence=true] [id=1 state=hold xy=(447.288,-391.129) size=(33.225,33.219) sensitivity=0 orientation=0.000 confidence=true] [id=2 state=hold xy=(338.171,-347.966) size=(33.225,33.219) sensitivity=0 orientation=0.000 confidence=true]
TOUCH t=4.193 device=0 frame=442 count=3 [id=0 state=hold xy=(562.171,-336.365) size=(33.225,33.219) sensitivity=0 orientation=0.000 confidence=true] [id=1 state=hold xy=(449.162,-390.769) size=(33.225,33.219) sensitivity=0 orientation=0.000 confidence=true] [id=2 state=hold xy=(340.117,-347.750) size=(33.225,33.219) sensitivity=0 orientation=0.000 confidence=true]
TOUCH t=4.199 device=0 frame=443 count=3 [id=0 state=hold xy=(563.973,-335.861) size=(33.225,33.219) sensitivity=0 orientation=0.000 confidence=true] [id=1 state=hold xy=(451.036,-390.408) size=(33.225,33.219) sensitivity=0 orientation=0.000 confidence=true] [id=2 state=hold xy=(342.135,-347.462) size=(33.225,33.219) sensitivity=0 orientation=0.000 confidence=true]
TOUCH t=4.204 device=0 frame=444 count=3 [id=0 state=hold xy=(565.847,-335.428) size=(33.225,33.219) sensitivity=0 orientation=0.000 confidence=true] [id=1 state=hold xy=(452.982,-390.048) size=(33.225,33.219) sensitivity=0 orientation=0.000 confidence=true] [id=2 state=hold xy=(344.225,-347.246) size=(33.225,33.219) sensitivity=0 orientation=0.000 confidence=true]
TOUCH t=4.209 device=0 frame=445 count=3 [id=0 state=hold xy=(567.793,-334.924) size=(33.225,33.219) sensitivity=0 orientation=0.000 confidence=true] [id=1 state=hold xy=(454.928,-389.760) size=(33.225,33.219) sensitivity=0 orientation=0.000 confidence=true] [id=2 state=hold xy=(346.387,-347.030) size=(33.225,33.219) sensitivity=0 orientation=0.000 confidence=true]
TOUCH t=4.215 device=0 frame=446 count=3 [id=0 state=hold xy=(569.811,-334.492) size=(33.225,33.219) sensitivity=0 orientation=0.000 confidence=true] [id=1 state=hold xy=(456.946,-389.472) size=(33.225,33.219) sensitivity=0 orientation=0.000 confidence=true] [id=2 state=hold xy=(348.622,-346.741) size=(33.225,33.219) sensitivity=0 orientation=0.000 confidence=true]
TOUCH t=4.220 device=0 frame=447 count=3 [id=0 state=hold xy=(571.901,-333.915) size=(33.225,33.219) sensitivity=0 orientation=0.000 confidence=true] [id=1 state=hold xy=(459.036,-389.255) size=(33.225,33.219) sensitivity=0 orientation=0.000 confidence=true] [id=2 state=hold xy=(350.856,-346.309) size=(16.613,16.610) sensitivity=0 orientation=0.000 confidence=true]
TOUCH t=4.225 device=0 frame=448 count=3 [id=0 state=hold xy=(574.063,-333.267) size=(33.225,33.219) sensitivity=0 orientation=0.000 confidence=true] [id=1 state=hold xy=(461.198,-389.039) size=(33.225,33.219) sensitivity=0 orientation=0.000 confidence=true] [id=2 state=hold xy=(353.162,-345.733) size=(16.613,16.610) sensitivity=0 orientation=0.000 confidence=true]
TOUCH t=4.230 device=0 frame=449 count=3 [id=0 state=hold xy=(576.441,-332.546) size=(33.225,33.219) sensitivity=0 orientation=0.000 confidence=true] [id=1 state=hold xy=(463.360,-388.751) size=(33.225,33.219) sensitivity=0 orientation=0.000 confidence=true] [id=2 state=hold xy=(355.541,-345.228) size=(16.613,16.610) sensitivity=0 orientation=0.000 confidence=true]
TOUCH t=4.235 device=0 frame=450 count=3 [id=0 state=hold xy=(578.748,-331.898) size=(33.225,33.219) sensitivity=0 orientation=0.000 confidence=true] [id=1 state=hold xy=(465.811,-388.319) size=(33.225,33.219) sensitivity=0 orientation=0.000 confidence=true] [id=2 state=hold xy=(357.847,-344.940) size=(16.613,16.610) sensitivity=0 orientation=0.000 confidence=true]
TOUCH t=4.240 device=0 frame=451 count=3 [id=0 state=hold xy=(581.054,-331.105) size=(33.225,33.219) sensitivity=0 orientation=0.000 confidence=true] [id=1 state=hold xy=(468.189,-387.886) size=(33.225,33.219) sensitivity=0 orientation=0.000 confidence=true] [id=2 state=hold xy=(360.153,-344.580) size=(16.613,16.610) sensitivity=0 orientation=0.000 confidence=true]
TOUCH t=4.246 device=0 frame=452 count=3 [id=0 state=hold xy=(583.360,-330.384) size=(33.225,33.219) sensitivity=0 orientation=0.000 confidence=true] [id=1 state=hold xy=(470.640,-387.382) size=(33.225,33.219) sensitivity=0 orientation=0.000 confidence=true] [id=2 state=hold xy=(362.532,-344.291) size=(33.225,33.219) sensitivity=0 orientation=0.000 confidence=true]
TOUCH t=4.251 device=0 frame=453 count=3 [id=0 state=hold xy=(585.739,-329.736) size=(33.225,33.219) sensitivity=0 orientation=0.000 confidence=true] [id=1 state=hold xy=(473.162,-386.878) size=(33.225,33.219) sensitivity=0 orientation=0.000 confidence=true] [id=2 state=hold xy=(364.910,-343.931) size=(33.225,33.219) sensitivity=0 orientation=0.000 confidence=true]
TOUCH t=4.256 device=0 frame=454 count=3 [id=0 state=hold xy=(588.045,-329.087) size=(33.225,33.219) sensitivity=0 orientation=0.000 confidence=true] [id=1 state=hold xy=(475.685,-386.373) size=(33.225,33.219) sensitivity=0 orientation=0.000 confidence=true] [id=2 state=hold xy=(367.360,-343.571) size=(33.225,33.219) sensitivity=0 orientation=0.000 confidence=true]
TOUCH t=4.261 device=0 frame=455 count=3 [id=0 state=hold xy=(590.423,-328.511) size=(33.225,33.219) sensitivity=0 orientation=0.000 confidence=true] [id=1 state=hold xy=(478.135,-385.869) size=(33.225,33.219) sensitivity=0 orientation=0.000 confidence=true] [id=2 state=hold xy=(369.739,-343.283) size=(33.225,33.219) sensitivity=0 orientation=0.000 confidence=true]
TOUCH t=4.266 device=0 frame=456 count=3 [id=0 state=hold xy=(592.730,-327.862) size=(33.225,33.219) sensitivity=0 orientation=0.000 confidence=true] [id=1 state=hold xy=(480.586,-385.364) size=(33.225,33.219) sensitivity=0 orientation=0.000 confidence=true] [id=2 state=hold xy=(372.261,-342.922) size=(16.613,16.610) sensitivity=0 orientation=0.000 confidence=true]
TOUCH t=4.271 device=0 frame=457 count=3 [id=0 state=hold xy=(595.036,-327.214) size=(33.225,33.219) sensitivity=0 orientation=0.000 confidence=true] [id=1 state=hold xy=(483.108,-384.860) size=(33.225,33.219) sensitivity=0 orientation=0.000 confidence=true] [id=2 state=hold xy=(374.712,-342.562) size=(16.613,16.610) sensitivity=0 orientation=0.000 confidence=true]
TOUCH t=4.277 device=0 frame=458 count=3 [id=0 state=hold xy=(597.342,-326.421) size=(33.225,33.219) sensitivity=0 orientation=0.000 confidence=true] [id=1 state=hold xy=(485.631,-384.355) size=(33.225,33.219) sensitivity=0 orientation=0.000 confidence=true] [id=2 state=hold xy=(377.162,-342.202) size=(16.613,16.610) sensitivity=0 orientation=0.000 confidence=true]
TOUCH t=4.282 device=0 frame=459 count=3 [id=0 state=hold xy=(599.649,-325.773) size=(33.225,33.219) sensitivity=0 orientation=0.000 confidence=true] [id=1 state=hold xy=(488.081,-383.923) size=(33.225,33.219) sensitivity=0 orientation=0.000 confidence=true] [id=2 state=hold xy=(379.541,-341.841) size=(16.613,16.610) sensitivity=0 orientation=0.000 confidence=true]
TOUCH t=4.287 device=0 frame=460 count=3 [id=0 state=hold xy=(601.883,-325.340) size=(33.225,33.219) sensitivity=0 orientation=0.000 confidence=true] [id=1 state=hold xy=(490.532,-383.491) size=(33.225,33.219) sensitivity=0 orientation=0.000 confidence=true] [id=2 state=hold xy=(381.919,-341.697) size=(33.225,33.219) sensitivity=0 orientation=0.000 confidence=true]
TOUCH t=4.292 device=0 frame=461 count=3 [id=0 state=hold xy=(604.117,-324.836) size=(33.225,33.219) sensitivity=0 orientation=0.000 confidence=true] [id=1 state=hold xy=(492.982,-383.058) size=(33.225,33.219) sensitivity=0 orientation=0.000 confidence=true] [id=2 state=hold xy=(384.225,-341.697) size=(33.225,33.219) sensitivity=0 orientation=0.000 confidence=true]
TOUCH t=4.297 device=0 frame=462 count=3 [id=0 state=hold xy=(606.135,-324.331) size=(33.225,33.219) sensitivity=0 orientation=0.000 confidence=true] [id=1 state=hold xy=(495.360,-382.626) size=(33.225,33.219) sensitivity=0 orientation=0.000 confidence=true] [id=2 state=hold xy=(386.459,-341.553) size=(33.225,33.219) sensitivity=0 orientation=0.000 confidence=true]
TOUCH t=4.301 device=0 frame=463 count=3 [id=0 state=hold xy=(608.153,-323.755) size=(33.225,33.219) sensitivity=0 orientation=0.000 confidence=true] [id=1 state=hold xy=(497.595,-382.338) size=(33.225,33.219) sensitivity=0 orientation=0.000 confidence=true] [id=2 state=hold xy=(388.766,-341.265) size=(16.613,16.610) sensitivity=0 orientation=0.000 confidence=true]
TOUCH t=4.307 device=0 frame=464 count=3 [id=0 state=hold xy=(610.099,-323.251) size=(33.225,33.219) sensitivity=0 orientation=0.000 confidence=true] [id=1 state=hold xy=(499.901,-382.122) size=(33.225,33.219) sensitivity=0 orientation=0.000 confidence=true] [id=2 state=hold xy=(391.072,-340.761) size=(16.613,16.610) sensitivity=0 orientation=0.000 confidence=true]
TOUCH t=4.312 device=0 frame=465 count=3 [id=0 state=hold xy=(612.045,-322.818) size=(33.225,33.219) sensitivity=0 orientation=0.000 confidence=true] [id=1 state=hold xy=(502.063,-381.761) size=(33.225,33.219) sensitivity=0 orientation=0.000 confidence=true] [id=2 state=hold xy=(393.378,-340.400) size=(16.613,16.610) sensitivity=0 orientation=0.000 confidence=true]
TOUCH t=4.318 device=0 frame=466 count=3 [id=0 state=hold xy=(614.063,-322.458) size=(33.225,33.219) sensitivity=0 orientation=0.000 confidence=true] [id=1 state=hold xy=(504.153,-381.329) size=(33.225,33.219) sensitivity=0 orientation=0.000 confidence=true] [id=2 state=hold xy=(395.541,-340.184) size=(16.613,16.610) sensitivity=0 orientation=0.000 confidence=true]
TOUCH t=4.323 device=0 frame=467 count=3 [id=0 state=hold xy=(616.009,-322.098) size=(33.225,33.219) sensitivity=0 orientation=0.000 confidence=true] [id=1 state=hold xy=(506.243,-380.897) size=(33.225,33.219) sensitivity=0 orientation=0.000 confidence=true] [id=2 state=hold xy=(397.631,-339.968) size=(16.613,16.610) sensitivity=0 orientation=0.000 confidence=true]
TOUCH t=4.328 device=0 frame=468 count=3 [id=0 state=hold xy=(618.099,-321.809) size=(33.225,33.219) sensitivity=0 orientation=0.000 confidence=true] [id=1 state=hold xy=(508.405,-380.681) size=(33.225,33.219) sensitivity=0 orientation=0.000 confidence=true] [id=2 state=hold xy=(399.793,-339.752) size=(16.613,16.610) sensitivity=0 orientation=0.000 confidence=true]
TOUCH t=4.333 device=0 frame=469 count=3 [id=0 state=hold xy=(620.117,-321.665) size=(33.225,33.219) sensitivity=0 orientation=0.000 confidence=true] [id=1 state=hold xy=(510.640,-380.392) size=(33.225,33.219) sensitivity=0 orientation=0.000 confidence=true] [id=2 state=hold xy=(401.955,-339.536) size=(33.225,33.219) sensitivity=0 orientation=0.000 confidence=true]
TOUCH t=4.338 device=0 frame=470 count=3 [id=0 state=hold xy=(622.063,-321.449) size=(33.225,33.219) sensitivity=0 orientation=0.000 confidence=true] [id=1 state=hold xy=(512.802,-380.032) size=(33.225,33.219) sensitivity=0 orientation=0.000 confidence=true] [id=2 state=hold xy=(404.117,-339.392) size=(33.225,33.219) sensitivity=0 orientation=0.000 confidence=true]
TOUCH t=4.344 device=0 frame=471 count=3 [id=0 state=hold xy=(624.081,-321.089) size=(33.225,33.219) sensitivity=0 orientation=0.000 confidence=true] [id=1 state=hold xy=(514.964,-379.672) size=(33.225,33.219) sensitivity=0 orientation=0.000 confidence=true] [id=2 state=hold xy=(406.279,-339.247) size=(16.613,16.610) sensitivity=0 orientation=0.000 confidence=true]
TOUCH t=4.350 device=0 frame=472 count=3 [id=0 state=hold xy=(625.955,-320.801) size=(33.225,33.219) sensitivity=0 orientation=0.000 confidence=true] [id=1 state=hold xy=(517.126,-379.167) size=(33.225,33.219) sensitivity=0 orientation=0.000 confidence=true] [id=2 state=hold xy=(408.369,-338.959) size=(16.613,16.610) sensitivity=0 orientation=0.000 confidence=true]
TOUCH t=4.354 device=0 frame=473 count=3 [id=0 state=hold xy=(627.901,-320.440) size=(33.225,33.219) sensitivity=0 orientation=0.000 confidence=true] [id=1 state=hold xy=(519.288,-378.879) size=(33.225,33.219) sensitivity=0 orientation=0.000 confidence=true] [id=2 state=hold xy=(410.387,-338.455) size=(16.613,16.610) sensitivity=0 orientation=0.000 confidence=true]
TOUCH t=4.359 device=0 frame=474 count=3 [id=0 state=hold xy=(629.919,-320.008) size=(33.225,33.219) sensitivity=0 orientation=0.000 confidence=true] [id=1 state=hold xy=(521.378,-378.663) size=(33.225,33.219) sensitivity=0 orientation=0.000 confidence=true] [id=2 state=hold xy=(412.405,-338.022) size=(16.613,16.610) sensitivity=0 orientation=0.000 confidence=true]
TOUCH t=4.364 device=0 frame=475 count=3 [id=0 state=hold xy=(632.081,-319.359) size=(33.225,33.219) sensitivity=0 orientation=0.000 confidence=true] [id=1 state=hold xy=(523.468,-378.447) size=(33.225,33.219) sensitivity=0 orientation=0.000 confidence=true] [id=2 state=hold xy=(414.207,-337.878) size=(16.613,16.610) sensitivity=0 orientation=0.000 confidence=true]
TOUCH t=4.371 device=0 frame=476 count=3 [id=0 state=hold xy=(634.387,-318.495) size=(33.225,33.219) sensitivity=0 orientation=0.000 confidence=true] [id=1 state=hold xy=(525.342,-378.231) size=(33.225,33.219) sensitivity=0 orientation=0.000 confidence=true] [id=2 state=hold xy=(416.081,-337.878) size=(16.613,16.610) sensitivity=0 orientation=0.000 confidence=true]
TOUCH t=4.377 device=0 frame=477 count=3 [id=0 state=hold xy=(636.405,-317.918) size=(33.225,33.219) sensitivity=0 orientation=0.000 confidence=true] [id=1 state=hold xy=(527.216,-377.942) size=(33.225,33.219) sensitivity=0 orientation=0.000 confidence=true] [id=2 state=hold xy=(417.811,-338.022) size=(16.613,16.610) sensitivity=0 orientation=0.000 confidence=true]
TOUCH t=4.382 device=0 frame=478 count=3 [id=0 state=hold xy=(638.351,-317.486) size=(33.225,33.219) sensitivity=0 orientation=0.000 confidence=true] [id=1 state=hold xy=(528.946,-377.654) size=(33.225,33.219) sensitivity=0 orientation=0.000 confidence=true] [id=2 state=hold xy=(419.541,-338.239) size=(33.225,33.219) sensitivity=0 orientation=0.000 confidence=true]
TOUCH t=4.385 device=0 frame=479 count=3 [id=0 state=hold xy=(640.225,-317.198) size=(33.225,33.219) sensitivity=0 orientation=0.000 confidence=true] [id=1 state=hold xy=(530.676,-377.438) size=(33.225,33.219) sensitivity=0 orientation=0.000 confidence=true] [id=2 state=hold xy=(421.126,-338.311) size=(33.225,33.219) sensitivity=0 orientation=0.000 confidence=true]
TOUCH t=4.390 device=0 frame=480 count=3 [id=0 state=hold xy=(642.099,-316.765) size=(33.225,33.219) sensitivity=0 orientation=0.000 confidence=true] [id=1 state=hold xy=(532.333,-377.294) size=(33.225,33.219) sensitivity=0 orientation=0.000 confidence=true] [id=2 state=hold xy=(422.784,-338.311) size=(33.225,33.219) sensitivity=0 orientation=0.000 confidence=true]
TOUCH t=4.395 device=0 frame=481 count=3 [id=0 state=hold xy=(643.829,-316.477) size=(33.225,33.219) sensitivity=0 orientation=0.000 confidence=true] [id=1 state=hold xy=(533.919,-377.222) size=(33.225,33.219) sensitivity=0 orientation=0.000 confidence=true] [id=2 state=hold xy=(424.297,-338.094) size=(33.225,33.219) sensitivity=0 orientation=0.000 confidence=true]
TOUCH t=4.399 device=0 frame=482 count=3 [id=0 state=hold xy=(645.414,-316.261) size=(33.225,33.219) sensitivity=0 orientation=0.000 confidence=true] [id=1 state=hold xy=(535.360,-377.150) size=(33.225,33.219) sensitivity=0 orientation=0.000 confidence=true] [id=2 state=hold xy=(425.811,-337.734) size=(16.613,16.610) sensitivity=0 orientation=0.000 confidence=true]
TOUCH t=4.405 device=0 frame=483 count=3 [id=0 state=hold xy=(646.856,-316.045) size=(33.225,33.219) sensitivity=0 orientation=0.000 confidence=true] [id=1 state=hold xy=(536.730,-377.078) size=(33.225,33.219) sensitivity=0 orientation=0.000 confidence=true] [id=2 state=hold xy=(427.252,-337.302) size=(16.613,16.610) sensitivity=0 orientation=0.000 confidence=true]
TOUCH t=4.411 device=0 frame=484 count=3 [id=0 state=hold xy=(648.153,-315.973) size=(33.225,33.219) sensitivity=0 orientation=0.000 confidence=true] [id=1 state=hold xy=(537.955,-377.006) size=(33.225,33.219) sensitivity=0 orientation=0.000 confidence=true] [id=2 state=hold xy=(428.622,-337.158) size=(16.613,16.610) sensitivity=0 orientation=0.000 confidence=true]
TOUCH t=4.416 device=0 frame=485 count=3 [id=0 state=hold xy=(649.450,-315.829) size=(33.225,33.219) sensitivity=0 orientation=0.000 confidence=true] [id=1 state=hold xy=(539.108,-376.861) size=(33.225,33.219) sensitivity=0 orientation=0.000 confidence=true] [id=2 state=hold xy=(429.919,-337.086) size=(16.613,16.610) sensitivity=0 orientation=0.000 confidence=true]
TOUCH t=4.422 device=0 frame=486 count=3 [id=0 state=hold xy=(650.676,-315.612) size=(33.225,33.219) sensitivity=0 orientation=0.000 confidence=true] [id=1 state=hold xy=(540.189,-376.789) size=(33.225,33.219) sensitivity=0 orientation=0.000 confidence=true] [id=2 state=hold xy=(431.144,-337.014) size=(16.613,16.610) sensitivity=0 orientation=0.000 confidence=true]
TOUCH t=4.426 device=0 frame=487 count=3 [id=0 state=hold xy=(651.829,-315.396) size=(33.225,33.219) sensitivity=0 orientation=0.000 confidence=true] [id=1 state=hold xy=(541.198,-376.789) size=(33.225,33.219) sensitivity=0 orientation=0.000 confidence=true] [id=2 state=hold xy=(432.369,-336.942) size=(16.613,16.610) sensitivity=0 orientation=0.000 confidence=true]
TOUCH t=4.431 device=0 frame=488 count=3 [id=0 state=hold xy=(652.910,-315.180) size=(33.225,33.219) sensitivity=0 orientation=0.000 confidence=true] [id=1 state=hold xy=(542.135,-376.645) size=(33.225,33.219) sensitivity=0 orientation=0.000 confidence=true] [id=2 state=hold xy=(433.523,-336.797) size=(16.613,16.610) sensitivity=0 orientation=0.000 confidence=true]
TOUCH t=4.437 device=0 frame=489 count=3 [id=0 state=hold xy=(653.991,-314.964) size=(33.225,33.219) sensitivity=0 orientation=0.000 confidence=true] [id=1 state=hold xy=(543.000,-376.501) size=(33.225,33.219) sensitivity=0 orientation=0.000 confidence=true] [id=2 state=hold xy=(434.459,-336.581) size=(16.613,16.610) sensitivity=0 orientation=0.000 confidence=true]
TOUCH t=4.442 device=0 frame=490 count=3 [id=0 state=hold xy=(654.928,-314.748) size=(33.225,33.219) sensitivity=0 orientation=0.000 confidence=true] [id=1 state=hold xy=(543.793,-376.285) size=(33.225,33.219) sensitivity=0 orientation=0.000 confidence=true] [id=2 state=hold xy=(435.396,-336.365) size=(16.613,16.610) sensitivity=0 orientation=0.000 confidence=true]
TOUCH t=4.447 device=0 frame=491 count=3 [id=0 state=hold xy=(655.865,-314.532) size=(33.225,33.219) sensitivity=0 orientation=0.000 confidence=true] [id=1 state=hold xy=(544.586,-376.069) size=(33.225,33.219) sensitivity=0 orientation=0.000 confidence=true] [id=2 state=hold xy=(436.261,-336.293) size=(16.613,16.610) sensitivity=0 orientation=0.000 confidence=true]
TOUCH t=4.452 device=0 frame=492 count=3 [id=0 state=hold xy=(656.730,-314.315) size=(33.225,33.219) sensitivity=0 orientation=0.000 confidence=true] [id=1 state=hold xy=(545.234,-375.925) size=(33.225,33.219) sensitivity=0 orientation=0.000 confidence=true] [id=2 state=hold xy=(437.126,-336.221) size=(16.613,16.610) sensitivity=0 orientation=0.000 confidence=true]
TOUCH t=4.457 device=0 frame=493 count=3 [id=0 state=hold xy=(657.595,-314.171) size=(33.225,33.219) sensitivity=0 orientation=0.000 confidence=true] [id=1 state=hold xy=(546.027,-375.781) size=(33.225,33.219) sensitivity=0 orientation=0.000 confidence=true] [id=2 state=hold xy=(437.919,-336.149) size=(16.613,16.610) sensitivity=0 orientation=0.000 confidence=true]
TOUCH t=4.462 device=0 frame=494 count=3 [id=0 state=hold xy=(658.459,-313.955) size=(33.225,33.219) sensitivity=0 orientation=0.000 confidence=true] [id=1 state=hold xy=(546.748,-375.637) size=(33.225,33.219) sensitivity=0 orientation=0.000 confidence=true] [id=2 state=hold xy=(438.712,-336.005) size=(16.613,16.610) sensitivity=0 orientation=0.000 confidence=true]
TOUCH t=4.468 device=0 frame=495 count=3 [id=0 state=hold xy=(659.252,-313.739) size=(33.225,33.219) sensitivity=0 orientation=0.000 confidence=true] [id=1 state=hold xy=(547.468,-375.564) size=(33.225,33.219) sensitivity=0 orientation=0.000 confidence=true] [id=2 state=hold xy=(439.577,-335.789) size=(16.613,16.610) sensitivity=0 orientation=0.000 confidence=true]
TOUCH t=4.474 device=0 frame=496 count=3 [id=0 state=hold xy=(660.045,-313.523) size=(33.225,33.219) sensitivity=0 orientation=0.000 confidence=true] [id=1 state=hold xy=(548.189,-375.492) size=(33.225,33.219) sensitivity=0 orientation=0.000 confidence=true] [id=2 state=hold xy=(440.369,-335.645) size=(16.613,16.610) sensitivity=0 orientation=0.000 confidence=true]
TOUCH t=4.478 device=0 frame=497 count=3 [id=0 state=hold xy=(660.766,-313.307) size=(33.225,33.219) sensitivity=0 orientation=0.000 confidence=true] [id=1 state=hold xy=(548.766,-375.420) size=(33.225,33.219) sensitivity=0 orientation=0.000 confidence=true] [id=2 state=hold xy=(441.090,-335.428) size=(16.613,16.610) sensitivity=0 orientation=0.000 confidence=true]
TOUCH t=4.483 device=0 frame=498 count=3 [id=0 state=hold xy=(661.414,-313.090) size=(33.225,33.219) sensitivity=0 orientation=0.000 confidence=true] [id=1 state=hold xy=(549.342,-375.276) size=(33.225,33.219) sensitivity=0 orientation=0.000 confidence=true] [id=2 state=hold xy=(441.739,-335.284) size=(33.225,33.219) sensitivity=0 orientation=0.000 confidence=true]
TOUCH t=4.488 device=0 frame=499 count=3 [id=0 state=hold xy=(661.991,-312.874) size=(33.225,33.219) sensitivity=0 orientation=0.000 confidence=true] [id=1 state=hold xy=(549.847,-375.132) size=(33.225,33.219) sensitivity=0 orientation=0.000 confidence=true] [id=2 state=hold xy=(442.387,-335.212) size=(33.225,33.219) sensitivity=0 orientation=0.000 confidence=true]
TOUCH t=4.493 device=0 frame=500 count=3 [id=0 state=hold xy=(662.423,-312.730) size=(33.225,33.219) sensitivity=0 orientation=0.000 confidence=true] [id=1 state=hold xy=(550.207,-374.988) size=(33.225,33.219) sensitivity=0 orientation=0.000 confidence=true] [id=2 state=hold xy=(442.892,-335.068) size=(33.225,33.219) sensitivity=0 orientation=0.000 confidence=true]
TOUCH t=4.497 device=0 frame=501 count=3 [id=0 state=hold xy=(662.856,-312.658) size=(33.225,33.219) sensitivity=0 orientation=0.000 confidence=true] [id=1 state=hold xy=(550.568,-374.844) size=(33.225,33.219) sensitivity=0 orientation=0.000 confidence=true] [id=2 state=hold xy=(443.396,-334.996) size=(33.225,33.219) sensitivity=0 orientation=0.000 confidence=true]
TOUCH t=4.504 device=0 frame=502 count=3 [id=0 state=hold xy=(663.144,-312.586) size=(33.225,33.219) sensitivity=0 orientation=0.000 confidence=true] [id=1 state=hold xy=(550.856,-374.772) size=(33.225,33.219) sensitivity=0 orientation=0.000 confidence=true] [id=2 state=hold xy=(443.757,-334.924) size=(33.225,33.219) sensitivity=0 orientation=0.000 confidence=true]
TOUCH t=4.509 device=0 frame=503 count=3 [id=0 state=hold xy=(663.432,-312.514) size=(33.225,33.219) sensitivity=0 orientation=0.000 confidence=true] [id=1 state=hold xy=(551.072,-374.628) size=(33.225,33.219) sensitivity=0 orientation=0.000 confidence=true] [id=2 state=hold xy=(444.117,-334.780) size=(33.225,33.219) sensitivity=0 orientation=0.000 confidence=true]
TOUCH t=4.514 device=0 frame=504 count=3 [id=0 state=hold xy=(663.577,-312.442) size=(33.225,33.219) sensitivity=0 orientation=0.000 confidence=true] [id=1 state=hold xy=(551.288,-374.484) size=(33.225,33.219) sensitivity=0 orientation=0.000 confidence=true] [id=2 state=hold xy=(444.333,-334.708) size=(33.225,33.219) sensitivity=0 orientation=0.000 confidence=true]
TOUCH t=4.519 device=0 frame=505 count=3 [id=0 state=hold xy=(663.721,-312.442) size=(33.225,33.219) sensitivity=0 orientation=0.000 confidence=true] [id=1 state=hold xy=(551.432,-374.412) size=(33.225,33.219) sensitivity=0 orientation=0.000 confidence=true] [id=2 state=hold xy=(444.550,-334.564) size=(33.225,33.219) sensitivity=0 orientation=0.000 confidence=true]
TOUCH t=4.524 device=0 frame=506 count=3 [id=0 state=hold xy=(662.856,-312.658) size=(33.225,33.219) sensitivity=0 orientation=0.000 confidence=true] [id=1 state=hold xy=(551.577,-374.267) size=(33.225,33.219) sensitivity=0 orientation=0.000 confidence=true] [id=2 state=hold xy=(444.694,-334.420) size=(33.225,33.219) sensitivity=0 orientation=0.000 confidence=true]
TOUCH t=4.529 device=0 frame=507 count=3 [id=0 state=hold xy=(662.423,-312.802) size=(33.225,33.219) sensitivity=0 orientation=0.000 confidence=true] [id=1 state=hold xy=(551.721,-374.123) size=(33.225,33.219) sensitivity=0 orientation=0.000 confidence=true] [id=2 state=hold xy=(444.838,-334.347) size=(33.225,33.219) sensitivity=0 orientation=0.000 confidence=true]
TOUCH t=4.535 device=0 frame=508 count=3 [id=0 state=hold xy=(662.712,-312.658) size=(33.225,33.219) sensitivity=0 orientation=0.000 confidence=true] [id=1 state=hold xy=(551.793,-373.979) size=(33.225,33.219) sensitivity=0 orientation=0.000 confidence=true] [id=2 state=hold xy=(444.982,-334.203) size=(33.225,33.219) sensitivity=0 orientation=0.000 confidence=true]
TOUCH t=4.540 device=0 frame=509 count=3 [id=0 state=hold xy=(662.928,-312.586) size=(33.225,33.219) sensitivity=0 orientation=0.000 confidence=true] [id=1 state=hold xy=(551.865,-373.907) size=(33.225,33.219) sensitivity=0 orientation=0.000 confidence=true] [id=2 state=hold xy=(445.054,-334.059) size=(16.613,16.610) sensitivity=0 orientation=0.000 confidence=true]
TOUCH t=4.545 device=0 frame=510 count=3 [id=0 state=hold xy=(663.144,-312.514) size=(33.225,33.219) sensitivity=0 orientation=0.000 confidence=true] [id=1 state=hold xy=(551.937,-373.835) size=(33.225,33.219) sensitivity=0 orientation=0.000 confidence=true] [id=2 state=hold xy=(445.126,-333.915) size=(16.613,16.610) sensitivity=0 orientation=0.000 confidence=true]
TOUCH t=4.550 device=0 frame=511 count=3 [id=0 state=hold xy=(663.288,-312.370) size=(33.225,33.219) sensitivity=0 orientation=0.000 confidence=true] [id=1 state=hold xy=(552.009,-373.763) size=(33.225,33.219) sensitivity=0 orientation=0.000 confidence=true] [id=2 state=hold xy=(445.198,-333.699) size=(16.613,16.610) sensitivity=0 orientation=0.000 confidence=true]
TOUCH t=4.555 device=0 frame=512 count=3 [id=0 state=hold xy=(663.432,-312.370) size=(33.225,33.219) sensitivity=0 orientation=0.000 confidence=true] [id=1 state=hold xy=(551.216,-373.835) size=(33.225,33.219) sensitivity=0 orientation=0.000 confidence=true] [id=2 state=hold xy=(445.198,-333.483) size=(16.613,16.610) sensitivity=0 orientation=0.000 confidence=true]
TOUCH t=4.560 device=0 frame=513 count=3 [id=0 state=hold xy=(663.505,-312.298) size=(33.225,33.219) sensitivity=0 orientation=0.000 confidence=true] [id=1 state=hold xy=(550.784,-373.835) size=(33.225,33.219) sensitivity=0 orientation=0.000 confidence=true] [id=2 state=hold xy=(445.270,-333.339) size=(16.613,16.610) sensitivity=0 orientation=0.000 confidence=true]
TOUCH t=4.566 device=0 frame=514 count=3 [id=0 state=hold xy=(663.577,-312.226) size=(33.225,33.219) sensitivity=0 orientation=0.000 confidence=true] [id=1 state=hold xy=(551.000,-373.763) size=(33.225,33.219) sensitivity=0 orientation=0.000 confidence=true] [id=2 state=hold xy=(445.270,-333.195) size=(16.613,16.610) sensitivity=0 orientation=0.000 confidence=true]
TOUCH t=4.571 device=0 frame=515 count=3 [id=0 state=hold xy=(663.649,-312.154) size=(33.225,33.219) sensitivity=0 orientation=0.000 confidence=true] [id=1 state=hold xy=(551.144,-373.619) size=(33.225,33.219) sensitivity=0 orientation=0.000 confidence=true] [id=2 state=hold xy=(445.270,-333.122) size=(16.613,16.610) sensitivity=0 orientation=0.000 confidence=true]
TOUCH t=4.576 device=0 frame=516 count=3 [id=0 state=hold xy=(663.649,-312.082) size=(33.225,33.219) sensitivity=0 orientation=0.000 confidence=true] [id=1 state=hold xy=(551.360,-373.475) size=(33.225,33.219) sensitivity=0 orientation=0.000 confidence=true] [id=2 state=hold xy=(445.270,-332.978) size=(16.613,16.610) sensitivity=0 orientation=0.000 confidence=true]
TOUCH t=4.581 device=0 frame=517 count=3 [id=0 state=hold xy=(663.649,-312.010) size=(33.225,33.219) sensitivity=0 orientation=0.000 confidence=true] [id=1 state=hold xy=(551.505,-373.331) size=(33.225,33.219) sensitivity=0 orientation=0.000 confidence=true] [id=2 state=hold xy=(445.270,-332.906) size=(16.613,16.610) sensitivity=0 orientation=0.000 confidence=true]
TOUCH t=4.586 device=0 frame=518 count=3 [id=0 state=hold xy=(663.721,-311.865) size=(33.225,33.219) sensitivity=0 orientation=0.000 confidence=true] [id=1 state=hold xy=(551.577,-373.187) size=(33.225,33.219) sensitivity=0 orientation=0.000 confidence=true] [id=2 state=hold xy=(445.270,-332.762) size=(16.613,16.610) sensitivity=0 orientation=0.000 confidence=true]
TOUCH t=4.591 device=0 frame=519 count=3 [id=0 state=hold xy=(663.721,-311.793) size=(33.225,33.219) sensitivity=0 orientation=0.000 confidence=true] [id=1 state=hold xy=(551.649,-373.115) size=(33.225,33.219) sensitivity=0 orientation=0.000 confidence=true] [id=2 state=hold xy=(445.270,-332.690) size=(16.613,16.610) sensitivity=0 orientation=0.000 confidence=true]
TOUCH t=4.597 device=0 frame=520 count=3 [id=0 state=hold xy=(663.793,-311.649) size=(33.225,33.219) sensitivity=0 orientation=0.000 confidence=true] [id=1 state=hold xy=(551.721,-372.970) size=(33.225,33.219) sensitivity=0 orientation=0.000 confidence=true] [id=2 state=hold xy=(445.270,-332.618) size=(16.613,16.610) sensitivity=0 orientation=0.000 confidence=true]
TOUCH t=4.602 device=0 frame=521 count=3 [id=0 state=hold xy=(663.865,-311.505) size=(33.225,33.219) sensitivity=0 orientation=0.000 confidence=true] [id=1 state=hold xy=(551.793,-372.898) size=(33.225,33.219) sensitivity=0 orientation=0.000 confidence=true] [id=2 state=hold xy=(445.270,-332.546) size=(16.613,16.610) sensitivity=0 orientation=0.000 confidence=true]
TOUCH t=4.607 device=0 frame=522 count=3 [id=0 state=hold xy=(663.865,-311.361) size=(33.225,33.219) sensitivity=0 orientation=0.000 confidence=true] [id=1 state=hold xy=(551.865,-372.826) size=(33.225,33.219) sensitivity=0 orientation=0.000 confidence=true] [id=2 state=hold xy=(445.270,-332.474) size=(16.613,16.610) sensitivity=0 orientation=0.000 confidence=true]
TOUCH t=4.612 device=0 frame=523 count=3 [id=0 state=hold xy=(663.937,-311.217) size=(33.225,33.219) sensitivity=0 orientation=0.000 confidence=true] [id=1 state=hold xy=(551.865,-372.754) size=(33.225,33.219) sensitivity=0 orientation=0.000 confidence=true] [id=2 state=hold xy=(445.270,-332.402) size=(16.613,16.610) sensitivity=0 orientation=0.000 confidence=true]
TOUCH t=4.617 device=0 frame=524 count=3 [id=0 state=hold xy=(664.009,-311.073) size=(33.225,33.219) sensitivity=0 orientation=0.000 confidence=true] [id=1 state=hold xy=(551.937,-372.754) size=(33.225,33.219) sensitivity=0 orientation=0.000 confidence=true] [id=2 state=hold xy=(445.198,-332.330) size=(16.613,16.610) sensitivity=0 orientation=0.000 confidence=true]
TOUCH t=4.622 device=0 frame=525 count=3 [id=0 state=hold xy=(664.081,-310.857) size=(33.225,33.219) sensitivity=0 orientation=0.000 confidence=true] [id=1 state=hold xy=(551.937,-372.682) size=(33.225,33.219) sensitivity=0 orientation=0.000 confidence=true] [id=2 state=hold xy=(445.198,-332.258) size=(16.613,16.610) sensitivity=0 orientation=0.000 confidence=true]
TOUCH t=4.627 device=0 frame=526 count=3 [id=0 state=hold xy=(664.153,-310.785) size=(33.225,33.219) sensitivity=0 orientation=0.000 confidence=true] [id=1 state=hold xy=(552.009,-372.682) size=(33.225,33.219) sensitivity=0 orientation=0.000 confidence=true] [id=2 state=hold xy=(445.198,-332.114) size=(33.225,33.219) sensitivity=0 orientation=0.000 confidence=true]
TOUCH t=4.633 device=0 frame=527 count=3 [id=0 state=hold xy=(664.225,-310.641) size=(33.225,33.219) sensitivity=0 orientation=0.000 confidence=true] [id=1 state=hold xy=(552.081,-372.610) size=(33.225,33.219) sensitivity=0 orientation=0.000 confidence=true] [id=2 state=hold xy=(445.198,-332.114) size=(33.225,33.219) sensitivity=0 orientation=0.000 confidence=true]
TOUCH t=4.638 device=0 frame=528 count=3 [id=0 state=hold xy=(664.297,-310.496) size=(33.225,33.219) sensitivity=0 orientation=0.000 confidence=true] [id=1 state=hold xy=(552.081,-372.538) size=(33.225,33.219) sensitivity=0 orientation=0.000 confidence=true] [id=2 state=hold xy=(445.198,-332.042) size=(33.225,33.219) sensitivity=0 orientation=0.000 confidence=true]
TOUCH t=4.643 device=0 frame=529 count=3 [id=0 state=hold xy=(664.369,-310.352) size=(33.225,33.219) sensitivity=0 orientation=0.000 confidence=true] [id=1 state=hold xy=(552.153,-372.394) size=(33.225,33.219) sensitivity=0 orientation=0.000 confidence=true] [id=2 state=hold xy=(445.198,-332.114) size=(16.613,16.610) sensitivity=0 orientation=0.000 confidence=true]
TOUCH t=4.648 device=0 frame=530 count=3 [id=0 state=hold xy=(664.441,-310.280) size=(33.225,33.219) sensitivity=0 orientation=0.000 confidence=true] [id=1 state=hold xy=(552.225,-372.322) size=(33.225,33.219) sensitivity=0 orientation=0.000 confidence=true] [id=2 state=hold xy=(445.198,-332.114) size=(16.613,16.610) sensitivity=0 orientation=0.000 confidence=true]
TOUCH t=4.653 device=0 frame=531 count=3 [id=0 state=hold xy=(664.513,-310.136) size=(33.225,33.219) sensitivity=0 orientation=0.000 confidence=true] [id=1 state=hold xy=(552.297,-372.178) size=(33.225,33.219) sensitivity=0 orientation=0.000 confidence=true] [id=2 state=hold xy=(445.198,-332.114) size=(16.613,16.610) sensitivity=0 orientation=0.000 confidence=true]
TOUCH t=4.658 device=0 frame=532 count=3 [id=0 state=hold xy=(664.658,-310.064) size=(33.225,33.219) sensitivity=0 orientation=0.000 confidence=true] [id=1 state=hold xy=(552.369,-372.106) size=(33.225,33.219) sensitivity=0 orientation=0.000 confidence=true] [id=2 state=hold xy=(445.270,-332.114) size=(16.613,16.610) sensitivity=0 orientation=0.000 confidence=true]
TOUCH t=4.664 device=0 frame=533 count=3 [id=0 state=hold xy=(664.730,-309.920) size=(33.225,33.219) sensitivity=0 orientation=0.000 confidence=true] [id=1 state=hold xy=(552.513,-372.106) size=(33.225,33.219) sensitivity=0 orientation=0.000 confidence=true] [id=2 state=hold xy=(445.270,-332.114) size=(33.225,33.219) sensitivity=0 orientation=0.000 confidence=true]
TOUCH t=4.669 device=0 frame=534 count=3 [id=0 state=hold xy=(664.874,-309.776) size=(33.225,33.219) sensitivity=0 orientation=0.000 confidence=true] [id=1 state=hold xy=(552.658,-372.034) size=(33.225,33.219) sensitivity=0 orientation=0.000 confidence=true] [id=2 state=hold xy=(445.342,-332.042) size=(33.225,33.219) sensitivity=0 orientation=0.000 confidence=true]
TOUCH t=4.674 device=0 frame=535 count=3 [id=0 state=hold xy=(664.946,-309.704) size=(33.225,33.219) sensitivity=0 orientation=0.000 confidence=true] [id=1 state=hold xy=(552.802,-371.962) size=(33.225,33.219) sensitivity=0 orientation=0.000 confidence=true] [id=2 state=hold xy=(445.414,-331.970) size=(16.613,16.610) sensitivity=0 orientation=0.000 confidence=true]
TOUCH t=4.679 device=0 frame=536 count=3 [id=0 state=hold xy=(665.090,-309.632) size=(33.225,33.219) sensitivity=0 orientation=0.000 confidence=true] [id=1 state=hold xy=(552.946,-371.890) size=(33.225,33.219) sensitivity=0 orientation=0.000 confidence=true] [id=2 state=hold xy=(445.486,-331.970) size=(16.613,16.610) sensitivity=0 orientation=0.000 confidence=true]
TOUCH t=4.684 device=0 frame=537 count=3 [id=0 state=hold xy=(665.234,-309.560) size=(33.225,33.219) sensitivity=0 orientation=0.000 confidence=true] [id=1 state=hold xy=(553.090,-371.890) size=(33.225,33.219) sensitivity=0 orientation=0.000 confidence=true] [id=2 state=hold xy=(445.631,-331.970) size=(16.613,16.610) sensitivity=0 orientation=0.000 confidence=true]
TOUCH t=4.689 device=0 frame=538 count=3 [id=0 state=hold xy=(665.306,-309.416) size=(33.225,33.219) sensitivity=0 orientation=0.000 confidence=true] [id=1 state=hold xy=(553.234,-371.817) size=(33.225,33.219) sensitivity=0 orientation=0.000 confidence=true] [id=2 state=hold xy=(445.703,-331.898) size=(16.613,16.610) sensitivity=0 orientation=0.000 confidence=true]
TOUCH t=4.696 device=0 frame=539 count=3 [id=0 state=hold xy=(665.450,-309.343) size=(33.225,33.219) sensitivity=0 orientation=0.000 confidence=true] [id=1 state=hold xy=(553.450,-371.745) size=(33.225,33.219) sensitivity=0 orientation=0.000 confidence=true] [id=2 state=hold xy=(445.847,-331.898) size=(16.613,16.610) sensitivity=0 orientation=0.000 confidence=true]
TOUCH t=4.700 device=0 frame=540 count=3 [id=0 state=hold xy=(665.595,-309.199) size=(33.225,33.219) sensitivity=0 orientation=0.000 confidence=true] [id=1 state=hold xy=(553.595,-371.673) size=(33.225,33.219) sensitivity=0 orientation=0.000 confidence=true] [id=2 state=hold xy=(445.991,-331.898) size=(16.613,16.610) sensitivity=0 orientation=0.000 confidence=true]
TOUCH t=4.705 device=0 frame=541 count=3 [id=0 state=hold xy=(665.739,-309.127) size=(33.225,33.219) sensitivity=0 orientation=0.000 confidence=true] [id=1 state=hold xy=(553.811,-371.673) size=(33.225,33.219) sensitivity=0 orientation=0.000 confidence=true] [id=2 state=hold xy=(446.135,-331.898) size=(16.613,16.610) sensitivity=0 orientation=0.000 confidence=true]
TOUCH t=4.709 device=0 frame=542 count=3 [id=0 state=hold xy=(665.883,-309.055) size=(33.225,33.219) sensitivity=0 orientation=0.000 confidence=true] [id=1 state=hold xy=(553.955,-371.601) size=(33.225,33.219) sensitivity=0 orientation=0.000 confidence=true] [id=2 state=hold xy=(446.279,-331.898) size=(16.613,16.610) sensitivity=0 orientation=0.000 confidence=true]
TOUCH t=4.714 device=0 frame=543 count=3 [id=0 state=hold xy=(666.027,-308.911) size=(33.225,33.219) sensitivity=0 orientation=0.000 confidence=true] [id=1 state=hold xy=(554.099,-371.529) size=(33.225,33.219) sensitivity=0 orientation=0.000 confidence=true] [id=2 state=hold xy=(446.495,-331.898) size=(16.613,16.610) sensitivity=0 orientation=0.000 confidence=true]
TOUCH t=4.720 device=0 frame=544 count=3 [id=0 state=hold xy=(666.171,-308.839) size=(33.225,33.219) sensitivity=0 orientation=0.000 confidence=true] [id=1 state=hold xy=(554.315,-371.457) size=(33.225,33.219) sensitivity=0 orientation=0.000 confidence=true] [id=2 state=hold xy=(446.640,-331.898) size=(16.613,16.610) sensitivity=0 orientation=0.000 confidence=true]
TOUCH t=4.725 device=0 frame=545 count=3 [id=0 state=hold xy=(666.387,-308.695) size=(33.225,33.219) sensitivity=0 orientation=0.000 confidence=true] [id=1 state=hold xy=(554.459,-371.385) size=(33.225,33.219) sensitivity=0 orientation=0.000 confidence=true] [id=2 state=hold xy=(446.784,-331.970) size=(16.613,16.610) sensitivity=0 orientation=0.000 confidence=true]
TOUCH t=4.731 device=0 frame=546 count=3 [id=0 state=hold xy=(666.532,-308.623) size=(33.225,33.219) sensitivity=0 orientation=0.000 confidence=true] [id=1 state=hold xy=(554.604,-371.385) size=(33.225,33.219) sensitivity=0 orientation=0.000 confidence=true] [id=2 state=hold xy=(447.000,-332.042) size=(16.613,16.610) sensitivity=0 orientation=0.000 confidence=true]
TOUCH t=4.736 device=0 frame=547 count=3 [id=0 state=hold xy=(666.676,-308.623) size=(33.225,33.219) sensitivity=0 orientation=0.000 confidence=true] [id=1 state=hold xy=(554.748,-371.313) size=(33.225,33.219) sensitivity=0 orientation=0.000 confidence=true] [id=2 state=hold xy=(447.144,-332.042) size=(16.613,16.610) sensitivity=0 orientation=0.000 confidence=true]
TOUCH t=4.741 device=0 frame=548 count=3 [id=0 state=hold xy=(666.820,-308.551) size=(33.225,33.219) sensitivity=0 orientation=0.000 confidence=true] [id=1 state=hold xy=(554.892,-371.313) size=(33.225,33.219) sensitivity=0 orientation=0.000 confidence=true] [id=2 state=hold xy=(447.288,-332.042) size=(16.613,16.610) sensitivity=0 orientation=0.000 confidence=true]
TOUCH t=4.746 device=0 frame=549 count=3 [id=0 state=hold xy=(666.964,-308.479) size=(33.225,33.219) sensitivity=0 orientation=0.000 confidence=true] [id=1 state=hold xy=(555.036,-371.313) size=(33.225,33.219) sensitivity=0 orientation=0.000 confidence=true] [id=2 state=hold xy=(447.505,-332.114) size=(16.613,16.610) sensitivity=0 orientation=0.000 confidence=true]
TOUCH t=4.751 device=0 frame=550 count=3 [id=0 state=hold xy=(667.108,-308.407) size=(33.225,33.219) sensitivity=0 orientation=0.000 confidence=true] [id=1 state=hold xy=(555.252,-371.241) size=(33.225,33.219) sensitivity=0 orientation=0.000 confidence=true] [id=2 state=hold xy=(447.649,-332.114) size=(16.613,16.610) sensitivity=0 orientation=0.000 confidence=true]
TOUCH t=4.757 device=0 frame=551 count=3 [id=0 state=hold xy=(667.252,-308.407) size=(33.225,33.219) sensitivity=0 orientation=0.000 confidence=true] [id=1 state=hold xy=(555.396,-371.241) size=(33.225,33.219) sensitivity=0 orientation=0.000 confidence=true] [id=2 state=hold xy=(447.793,-332.114) size=(16.613,16.610) sensitivity=0 orientation=0.000 confidence=true]
TOUCH t=4.762 device=0 frame=552 count=3 [id=0 state=hold xy=(667.396,-308.407) size=(33.225,33.219) sensitivity=0 orientation=0.000 confidence=true] [id=1 state=hold xy=(555.541,-371.313) size=(33.225,33.219) sensitivity=0 orientation=0.000 confidence=true] [id=2 state=hold xy=(447.937,-332.114) size=(16.613,16.610) sensitivity=0 orientation=0.000 confidence=true]
TOUCH t=4.767 device=0 frame=553 count=3 [id=0 state=hold xy=(667.541,-308.479) size=(33.225,33.219) sensitivity=0 orientation=0.000 confidence=true] [id=1 state=hold xy=(555.757,-371.313) size=(33.225,33.219) sensitivity=0 orientation=0.000 confidence=true] [id=2 state=hold xy=(448.081,-332.186) size=(16.613,16.610) sensitivity=0 orientation=0.000 confidence=true]
TOUCH t=4.772 device=0 frame=554 count=3 [id=0 state=hold xy=(667.757,-308.407) size=(33.225,33.219) sensitivity=0 orientation=0.000 confidence=true] [id=1 state=hold xy=(555.901,-371.313) size=(33.225,33.219) sensitivity=0 orientation=0.000 confidence=true] [id=2 state=hold xy=(448.297,-332.258) size=(16.613,16.610) sensitivity=0 orientation=0.000 confidence=true]
TOUCH t=4.776 device=0 frame=555 count=3 [id=0 state=hold xy=(667.901,-308.407) size=(33.225,33.219) sensitivity=0 orientation=0.000 confidence=true] [id=1 state=hold xy=(556.117,-371.385) size=(33.225,33.219) sensitivity=0 orientation=0.000 confidence=true] [id=2 state=hold xy=(448.441,-332.330) size=(16.613,16.610) sensitivity=0 orientation=0.000 confidence=true]
TOUCH t=4.782 device=0 frame=556 count=3 [id=0 state=hold xy=(668.045,-308.479) size=(33.225,33.219) sensitivity=0 orientation=0.000 confidence=true] [id=1 state=hold xy=(556.261,-371.457) size=(33.225,33.219) sensitivity=0 orientation=0.000 confidence=true] [id=2 state=hold xy=(448.658,-332.402) size=(16.613,16.610) sensitivity=0 orientation=0.000 confidence=true]
TOUCH t=4.787 device=0 frame=557 count=3 [id=0 state=hold xy=(668.189,-308.551) size=(33.225,33.219) sensitivity=0 orientation=0.000 confidence=true] [id=1 state=hold xy=(556.477,-371.601) size=(33.225,33.219) sensitivity=0 orientation=0.000 confidence=true] [id=2 state=hold xy=(448.802,-332.474) size=(16.613,16.610) sensitivity=0 orientation=0.000 confidence=true]
TOUCH t=4.794 device=0 frame=558 count=3 [id=0 state=hold xy=(668.333,-308.695) size=(33.225,33.219) sensitivity=0 orientation=0.000 confidence=true] [id=1 state=hold xy=(556.622,-371.673) size=(33.225,33.219) sensitivity=0 orientation=0.000 confidence=true] [id=2 state=hold xy=(449.018,-332.618) size=(16.613,16.610) sensitivity=0 orientation=0.000 confidence=true]
TOUCH t=4.798 device=0 frame=559 count=3 [id=0 state=hold xy=(668.477,-308.767) size=(33.225,33.219) sensitivity=0 orientation=0.000 confidence=true] [id=1 state=hold xy=(556.838,-371.673) size=(33.225,33.219) sensitivity=0 orientation=0.000 confidence=true] [id=2 state=hold xy=(449.162,-332.690) size=(16.613,16.610) sensitivity=0 orientation=0.000 confidence=true]
TOUCH t=4.803 device=0 frame=560 count=3 [id=0 state=hold xy=(668.622,-308.911) size=(16.613,16.610) sensitivity=0 orientation=0.000 confidence=true] [id=1 state=hold xy=(556.982,-371.817) size=(33.225,33.219) sensitivity=0 orientation=0.000 confidence=true] [id=2 state=hold xy=(449.306,-332.834) size=(16.613,16.610) sensitivity=0 orientation=0.000 confidence=true]
TOUCH t=4.808 device=0 frame=561 count=3 [id=0 state=hold xy=(668.694,-308.983) size=(16.613,16.610) sensitivity=0 orientation=0.000 confidence=true] [id=1 state=hold xy=(557.126,-371.890) size=(33.225,33.219) sensitivity=0 orientation=0.000 confidence=true] [id=2 state=hold xy=(449.523,-332.978) size=(16.613,16.610) sensitivity=0 orientation=0.000 confidence=true]
TOUCH t=4.813 device=0 frame=562 count=3 [id=0 state=hold xy=(668.838,-309.127) size=(16.613,16.610) sensitivity=0 orientation=0.000 confidence=true] [id=1 state=hold xy=(557.270,-372.034) size=(33.225,33.219) sensitivity=0 orientation=0.000 confidence=true] [id=2 state=hold xy=(449.667,-333.050) size=(16.613,16.610) sensitivity=0 orientation=0.000 confidence=true]
TOUCH t=4.818 device=0 frame=563 count=3 [id=0 state=hold xy=(668.982,-309.271) size=(16.613,16.610) sensitivity=0 orientation=0.000 confidence=true] [id=1 state=hold xy=(557.487,-372.178) size=(33.225,33.219) sensitivity=0 orientation=0.000 confidence=true] [id=2 state=hold xy=(449.883,-333.195) size=(16.613,16.610) sensitivity=0 orientation=0.000 confidence=true]
TOUCH t=4.824 device=0 frame=564 count=3 [id=0 state=hold xy=(669.054,-309.416) size=(33.225,33.219) sensitivity=0 orientation=0.000 confidence=true] [id=1 state=hold xy=(557.631,-372.322) size=(33.225,33.219) sensitivity=0 orientation=0.000 confidence=true] [id=2 state=hold xy=(450.099,-333.339) size=(16.613,16.610) sensitivity=0 orientation=0.000 confidence=true]
TOUCH t=4.829 device=0 frame=565 count=3 [id=0 state=hold xy=(669.126,-309.560) size=(16.613,16.610) sensitivity=0 orientation=0.000 confidence=true] [id=1 state=hold xy=(557.775,-372.538) size=(33.225,33.219) sensitivity=0 orientation=0.000 confidence=true] [id=2 state=hold xy=(450.315,-333.483) size=(16.613,16.610) sensitivity=0 orientation=0.000 confidence=true]
TOUCH t=4.834 device=0 frame=566 count=3 [id=0 state=hold xy=(669.270,-309.776) size=(16.613,16.610) sensitivity=0 orientation=0.000 confidence=true] [id=1 state=hold xy=(557.919,-372.754) size=(33.225,33.219) sensitivity=0 orientation=0.000 confidence=true] [id=2 state=hold xy=(450.532,-333.627) size=(16.613,16.610) sensitivity=0 orientation=0.000 confidence=true]
TOUCH t=4.839 device=0 frame=567 count=3 [id=0 state=hold xy=(669.342,-309.992) size=(16.613,16.610) sensitivity=0 orientation=0.000 confidence=true] [id=1 state=hold xy=(558.063,-372.898) size=(33.225,33.219) sensitivity=0 orientation=0.000 confidence=true] [id=2 state=hold xy=(450.748,-333.843) size=(16.613,16.610) sensitivity=0 orientation=0.000 confidence=true]
TOUCH t=4.846 device=0 frame=568 count=3 [id=0 state=hold xy=(669.487,-310.136) size=(16.613,16.610) sensitivity=0 orientation=0.000 confidence=true] [id=1 state=hold xy=(558.207,-373.115) size=(33.225,33.219) sensitivity=0 orientation=0.000 confidence=true] [id=2 state=hold xy=(451.036,-334.059) size=(16.613,16.610) sensitivity=0 orientation=0.000 confidence=true]
TOUCH t=4.849 device=0 frame=569 count=3 [id=0 state=hold xy=(669.631,-310.352) size=(16.613,16.610) sensitivity=0 orientation=0.000 confidence=true] [id=1 state=hold xy=(558.423,-373.259) size=(33.225,33.219) sensitivity=0 orientation=0.000 confidence=true] [id=2 state=hold xy=(451.324,-334.275) size=(16.613,16.610) sensitivity=0 orientation=0.000 confidence=true]
TOUCH t=4.855 device=0 frame=570 count=3 [id=0 state=hold xy=(669.775,-310.496) size=(16.613,16.610) sensitivity=0 orientation=0.000 confidence=true] [id=1 state=hold xy=(558.568,-373.403) size=(33.225,33.219) sensitivity=0 orientation=0.000 confidence=true] [id=2 state=hold xy=(451.685,-334.492) size=(16.613,16.610) sensitivity=0 orientation=0.000 confidence=true]
TOUCH t=4.860 device=0 frame=571 count=3 [id=0 state=hold xy=(669.919,-310.641) size=(16.613,16.610) sensitivity=0 orientation=0.000 confidence=true] [id=1 state=hold xy=(558.784,-373.691) size=(33.225,33.219) sensitivity=0 orientation=0.000 confidence=true] [id=2 state=hold xy=(452.045,-334.636) size=(16.613,16.610) sensitivity=0 orientation=0.000 confidence=true]
TOUCH t=4.865 device=0 frame=572 count=3 [id=0 state=hold xy=(670.135,-310.785) size=(16.613,16.610) sensitivity=0 orientation=0.000 confidence=true] [id=1 state=hold xy=(559.072,-373.907) size=(33.225,33.219) sensitivity=0 orientation=0.000 confidence=true] [id=2 state=hold xy=(452.477,-334.852) size=(16.613,16.610) sensitivity=0 orientation=0.000 confidence=true]
TOUCH t=4.872 device=0 frame=573 count=3 [id=0 state=hold xy=(670.351,-311.001) size=(16.613,16.610) sensitivity=0 orientation=0.000 confidence=true] [id=1 state=hold xy=(559.432,-374.051) size=(33.225,33.219) sensitivity=0 orientation=0.000 confidence=true] [id=2 state=hold xy=(452.910,-335.140) size=(16.613,16.610) sensitivity=0 orientation=0.000 confidence=true]
TOUCH t=4.880 device=0 frame=574 count=3 [id=0 state=hold xy=(670.640,-311.145) size=(16.613,16.610) sensitivity=0 orientation=0.000 confidence=true] [id=1 state=hold xy=(559.793,-374.195) size=(33.225,33.219) sensitivity=0 orientation=0.000 confidence=true] [id=2 state=hold xy=(453.342,-335.356) size=(16.613,16.610) sensitivity=0 orientation=0.000 confidence=true]
TOUCH t=4.880 device=0 frame=575 count=3 [id=0 state=hold xy=(671.000,-311.289) size=(16.613,16.610) sensitivity=0 orientation=0.000 confidence=true] [id=1 state=hold xy=(560.225,-374.339) size=(33.225,33.219) sensitivity=0 orientation=0.000 confidence=true] [id=2 state=hold xy=(453.847,-335.645) size=(16.613,16.610) sensitivity=0 orientation=0.000 confidence=true]
TOUCH t=4.887 device=0 frame=576 count=3 [id=0 state=hold xy=(671.432,-311.505) size=(16.613,16.610) sensitivity=0 orientation=0.000 confidence=true] [id=1 state=hold xy=(560.730,-374.556) size=(33.225,33.219) sensitivity=0 orientation=0.000 confidence=true] [id=2 state=hold xy=(454.351,-335.861) size=(16.613,16.610) sensitivity=0 orientation=0.000 confidence=true]
TOUCH t=4.891 device=0 frame=577 count=3 [id=0 state=hold xy=(672.009,-311.721) size=(16.613,16.610) sensitivity=0 orientation=0.000 confidence=true] [id=1 state=hold xy=(561.234,-374.844) size=(33.225,33.219) sensitivity=0 orientation=0.000 confidence=true] [id=2 state=hold xy=(454.856,-336.149) size=(16.613,16.610) sensitivity=0 orientation=0.000 confidence=true]
TOUCH t=4.896 device=0 frame=578 count=3 [id=0 state=hold xy=(672.586,-311.938) size=(33.225,33.219) sensitivity=0 orientation=0.000 confidence=true] [id=1 state=hold xy=(561.811,-375.132) size=(33.225,33.219) sensitivity=0 orientation=0.000 confidence=true] [id=2 state=hold xy=(455.360,-336.437) size=(16.613,16.610) sensitivity=0 orientation=0.000 confidence=true]
TOUCH t=4.900 device=0 frame=579 count=3 [id=0 state=hold xy=(673.306,-312.154) size=(33.225,33.219) sensitivity=0 orientation=0.000 confidence=true] [id=1 state=hold xy=(562.459,-375.348) size=(33.225,33.219) sensitivity=0 orientation=0.000 confidence=true] [id=2 state=hold xy=(456.009,-336.797) size=(16.613,16.610) sensitivity=0 orientation=0.000 confidence=true]
TOUCH t=4.907 device=0 frame=580 count=3 [id=0 state=hold xy=(674.099,-312.370) size=(33.225,33.219) sensitivity=0 orientation=0.000 confidence=true] [id=1 state=hold xy=(563.180,-375.564) size=(33.225,33.219) sensitivity=0 orientation=0.000 confidence=true] [id=2 state=hold xy=(456.658,-337.158) size=(16.613,16.610) sensitivity=0 orientation=0.000 confidence=true]
TOUCH t=4.911 device=0 frame=581 count=3 [id=0 state=hold xy=(674.892,-312.586) size=(33.225,33.219) sensitivity=0 orientation=0.000 confidence=true] [id=1 state=hold xy=(563.901,-375.853) size=(33.225,33.219) sensitivity=0 orientation=0.000 confidence=true] [id=2 state=hold xy=(457.306,-337.590) size=(16.613,16.610) sensitivity=0 orientation=0.000 confidence=true]
TOUCH t=4.917 device=0 frame=582 count=3 [id=0 state=hold xy=(675.757,-312.874) size=(33.225,33.219) sensitivity=0 orientation=0.000 confidence=true] [id=1 state=hold xy=(564.694,-376.141) size=(33.225,33.219) sensitivity=0 orientation=0.000 confidence=true] [id=2 state=hold xy=(458.099,-337.950) size=(16.613,16.610) sensitivity=0 orientation=0.000 confidence=true]
TOUCH t=4.922 device=0 frame=583 count=3 [id=0 state=hold xy=(676.694,-313.090) size=(33.225,33.219) sensitivity=0 orientation=0.000 confidence=true] [id=1 state=hold xy=(565.559,-376.357) size=(33.225,33.219) sensitivity=0 orientation=0.000 confidence=true] [id=2 state=hold xy=(458.892,-338.311) size=(16.613,16.610) sensitivity=0 orientation=0.000 confidence=true]
TOUCH t=4.926 device=0 frame=584 count=3 [id=0 state=hold xy=(677.631,-313.307) size=(33.225,33.219) sensitivity=0 orientation=0.000 confidence=true] [id=1 state=hold xy=(566.495,-376.645) size=(33.225,33.219) sensitivity=0 orientation=0.000 confidence=true] [id=2 state=hold xy=(459.757,-338.671) size=(16.613,16.610) sensitivity=0 orientation=0.000 confidence=true]
TOUCH t=4.931 device=0 frame=585 count=3 [id=0 state=hold xy=(678.640,-313.523) size=(33.225,33.219) sensitivity=0 orientation=0.000 confidence=true] [id=1 state=hold xy=(567.432,-376.861) size=(33.225,33.219) sensitivity=0 orientation=0.000 confidence=true] [id=2 state=hold xy=(460.622,-338.959) size=(16.613,16.610) sensitivity=0 orientation=0.000 confidence=true]
TOUCH t=4.937 device=0 frame=586 count=3 [id=0 state=hold xy=(679.721,-313.667) size=(33.225,33.219) sensitivity=0 orientation=0.000 confidence=true] [id=1 state=hold xy=(568.369,-377.078) size=(33.225,33.219) sensitivity=0 orientation=0.000 confidence=true] [id=2 state=hold xy=(461.559,-339.247) size=(16.613,16.610) sensitivity=0 orientation=0.000 confidence=true]
TOUCH t=4.942 device=0 frame=587 count=3 [id=0 state=hold xy=(680.874,-313.739) size=(33.225,33.219) sensitivity=0 orientation=0.000 confidence=true] [id=1 state=hold xy=(569.378,-377.366) size=(33.225,33.219) sensitivity=0 orientation=0.000 confidence=true] [id=2 state=hold xy=(462.495,-339.464) size=(16.613,16.610) sensitivity=0 orientation=0.000 confidence=true]
TOUCH t=4.947 device=0 frame=588 count=3 [id=0 state=hold xy=(682.027,-313.883) size=(16.613,16.610) sensitivity=0 orientation=0.000 confidence=true] [id=1 state=hold xy=(570.387,-377.654) size=(33.225,33.219) sensitivity=0 orientation=0.000 confidence=true] [id=2 state=hold xy=(463.505,-339.680) size=(16.613,16.610) sensitivity=0 orientation=0.000 confidence=true]
TOUCH t=4.953 device=0 frame=589 count=3 [id=0 state=hold xy=(683.108,-314.027) size=(16.613,16.610) sensitivity=0 orientation=0.000 confidence=true] [id=1 state=hold xy=(571.468,-377.870) size=(33.225,33.219) sensitivity=0 orientation=0.000 confidence=true] [id=2 state=hold xy=(464.514,-339.968) size=(16.613,16.610) sensitivity=0 orientation=0.000 confidence=true]
TOUCH t=4.958 device=0 frame=590 count=3 [id=0 state=hold xy=(684.189,-314.243) size=(16.613,16.610) sensitivity=0 orientation=0.000 confidence=true] [id=1 state=hold xy=(572.622,-378.086) size=(33.225,33.219) sensitivity=0 orientation=0.000 confidence=true] [id=2 state=hold xy=(465.595,-340.184) size=(16.613,16.610) sensitivity=0 orientation=0.000 confidence=true]
TOUCH t=4.963 device=0 frame=591 count=3 [id=0 state=hold xy=(685.342,-314.460) size=(16.613,16.610) sensitivity=0 orientation=0.000 confidence=true] [id=1 state=hold xy=(573.703,-378.303) size=(33.225,33.219) sensitivity=0 orientation=0.000 confidence=true] [id=2 state=hold xy=(466.748,-340.400) size=(16.613,16.610) sensitivity=0 orientation=0.000 confidence=true]
TOUCH t=4.968 device=0 frame=592 count=3 [id=0 state=hold xy=(686.423,-314.676) size=(16.613,16.610) sensitivity=0 orientation=0.000 confidence=true] [id=1 state=hold xy=(574.928,-378.519) size=(33.225,33.219) sensitivity=0 orientation=0.000 confidence=true] [id=2 state=hold xy=(467.829,-340.616) size=(16.613,16.610) sensitivity=0 orientation=0.000 confidence=true]
TOUCH t=4.973 device=0 frame=593 count=3 [id=0 state=hold xy=(687.505,-314.820) size=(16.613,16.610) sensitivity=0 orientation=0.000 confidence=true] [id=1 state=hold xy=(576.081,-378.735) size=(33.225,33.219) sensitivity=0 orientation=0.000 confidence=true] [id=2 state=hold xy=(468.982,-340.761) size=(16.613,16.610) sensitivity=0 orientation=0.000 confidence=true]
TOUCH t=4.981 device=0 frame=594 count=3 [id=0 state=hold xy=(688.586,-314.964) size=(16.613,16.610) sensitivity=0 orientation=0.000 confidence=true] [id=1 state=hold xy=(577.234,-378.951) size=(33.225,33.219) sensitivity=0 orientation=0.000 confidence=true] [id=2 state=hold xy=(470.063,-340.977) size=(16.613,16.610) sensitivity=0 orientation=0.000 confidence=true]
TOUCH t=4.983 device=0 frame=595 count=3 [id=0 state=hold xy=(689.739,-315.108) size=(33.225,33.219) sensitivity=0 orientation=0.000 confidence=true] [id=1 state=hold xy=(578.387,-379.167) size=(33.225,33.219) sensitivity=0 orientation=0.000 confidence=true] [id=2 state=hold xy=(471.216,-341.193) size=(16.613,16.610) sensitivity=0 orientation=0.000 confidence=true]
TOUCH t=4.989 device=0 frame=596 count=3 [id=0 state=hold xy=(690.892,-315.180) size=(33.225,33.219) sensitivity=0 orientation=0.000 confidence=true] [id=1 state=hold xy=(579.613,-379.311) size=(33.225,33.219) sensitivity=0 orientation=0.000 confidence=true] [id=2 state=hold xy=(472.441,-341.481) size=(16.613,16.610) sensitivity=0 orientation=0.000 confidence=true]
TOUCH t=4.994 device=0 frame=597 count=3 [id=0 state=hold xy=(692.045,-315.252) size=(33.225,33.219) sensitivity=0 orientation=0.000 confidence=true] [id=1 state=hold xy=(580.766,-379.528) size=(33.225,33.219) sensitivity=0 orientation=0.000 confidence=true] [id=2 state=hold xy=(473.595,-341.769) size=(16.613,16.610) sensitivity=0 orientation=0.000 confidence=true]
TOUCH t=4.998 device=0 frame=598 count=3 [id=0 state=hold xy=(693.198,-315.324) size=(33.225,33.219) sensitivity=0 orientation=0.000 confidence=true] [id=1 state=hold xy=(581.991,-379.744) size=(33.225,33.219) sensitivity=0 orientation=0.000 confidence=true] [id=2 state=hold xy=(474.820,-341.986) size=(16.613,16.610) sensitivity=0 orientation=0.000 confidence=true]
TOUCH t=5.004 device=0 frame=599 count=3 [id=0 state=hold xy=(694.351,-315.396) size=(33.225,33.219) sensitivity=0 orientation=0.000 confidence=true] [id=1 state=hold xy=(583.144,-379.960) size=(33.225,33.219) sensitivity=0 orientation=0.000 confidence=true] [id=2 state=hold xy=(475.973,-342.274) size=(16.613,16.610) sensitivity=0 orientation=0.000 confidence=true]
TOUCH t=5.009 device=0 frame=600 count=3 [id=0 state=hold xy=(695.505,-315.468) size=(33.225,33.219) sensitivity=0 orientation=0.000 confidence=true] [id=1 state=hold xy=(584.297,-380.104) size=(33.225,33.219) sensitivity=0 orientation=0.000 confidence=true] [id=2 state=hold xy=(477.126,-342.490) size=(16.613,16.610) sensitivity=0 orientation=0.000 confidence=true]
TOUCH t=5.014 device=0 frame=601 count=3 [id=0 state=hold xy=(696.658,-315.468) size=(33.225,33.219) sensitivity=0 orientation=0.000 confidence=true] [id=1 state=hold xy=(585.450,-380.320) size=(33.225,33.219) sensitivity=0 orientation=0.000 confidence=true] [id=2 state=hold xy=(478.279,-342.706) size=(16.613,16.610) sensitivity=0 orientation=0.000 confidence=true]
TOUCH t=5.020 device=0 frame=602 count=3 [id=0 state=hold xy=(697.811,-315.540) size=(33.225,33.219) sensitivity=0 orientation=0.000 confidence=true] [id=1 state=hold xy=(586.604,-380.464) size=(33.225,33.219) sensitivity=0 orientation=0.000 confidence=true] [id=2 state=hold xy=(479.432,-342.850) size=(16.613,16.610) sensitivity=0 orientation=0.000 confidence=true]
TOUCH t=5.025 device=0 frame=603 count=3 [id=0 state=hold xy=(698.964,-315.540) size=(33.225,33.219) sensitivity=0 orientation=0.000 confidence=true] [id=1 state=hold xy=(587.685,-380.608) size=(33.225,33.219) sensitivity=0 orientation=0.000 confidence=true] [id=2 state=hold xy=(480.586,-342.922) size=(16.613,16.610) sensitivity=0 orientation=0.000 confidence=true]
TOUCH t=5.029 device=0 frame=604 count=3 [id=0 state=hold xy=(700.189,-315.540) size=(33.225,33.219) sensitivity=0 orientation=0.000 confidence=true] [id=1 state=hold xy=(588.766,-380.753) size=(33.225,33.219) sensitivity=0 orientation=0.000 confidence=true] [id=2 state=hold xy=(481.667,-342.994) size=(16.613,16.610) sensitivity=0 orientation=0.000 confidence=true]
TOUCH t=5.035 device=0 frame=605 count=3 [id=0 state=hold xy=(701.414,-315.396) size=(33.225,33.219) sensitivity=0 orientation=0.000 confidence=true] [id=1 state=hold xy=(589.775,-380.897) size=(33.225,33.219) sensitivity=0 orientation=0.000 confidence=true] [id=2 state=hold xy=(482.676,-342.994) size=(16.613,16.610) sensitivity=0 orientation=0.000 confidence=true]
TOUCH t=5.040 device=0 frame=606 count=3 [id=0 state=hold xy=(702.568,-315.396) size=(33.225,33.219) sensitivity=0 orientation=0.000 confidence=true] [id=1 state=hold xy=(590.640,-380.969) size=(33.225,33.219) sensitivity=0 orientation=0.000 confidence=true] [id=2 state=hold xy=(483.613,-342.994) size=(16.613,16.610) sensitivity=0 orientation=0.000 confidence=true]
TOUCH t=5.045 device=0 frame=607 count=3 [id=0 state=hold xy=(703.505,-315.396) size=(33.225,33.219) sensitivity=0 orientation=0.000 confidence=true] [id=1 state=hold xy=(591.577,-381.041) size=(33.225,33.219) sensitivity=0 orientation=0.000 confidence=true] [id=2 state=hold xy=(484.550,-342.994) size=(16.613,16.610) sensitivity=0 orientation=0.000 confidence=true]
TOUCH t=5.050 device=0 frame=608 count=3 [id=0 state=hold xy=(704.369,-315.540) size=(33.225,33.219) sensitivity=0 orientation=0.000 confidence=true] [id=1 state=hold xy=(592.369,-381.113) size=(33.225,33.219) sensitivity=0 orientation=0.000 confidence=true] [id=2 state=hold xy=(485.342,-343.139) size=(16.613,16.610) sensitivity=0 orientation=0.000 confidence=true]
TOUCH t=5.056 device=0 frame=609 count=3 [id=0 state=hold xy=(705.162,-315.540) size=(16.613,16.610) sensitivity=0 orientation=0.000 confidence=true] [id=1 state=hold xy=(593.090,-381.113) size=(33.225,33.219) sensitivity=0 orientation=0.000 confidence=true] [id=2 state=hold xy=(486.135,-343.211) size=(16.613,16.610) sensitivity=0 orientation=0.000 confidence=true]
TOUCH t=5.062 device=0 frame=610 count=3 [id=0 state=hold xy=(705.955,-315.612) size=(16.613,16.610) sensitivity=0 orientation=0.000 confidence=true] [id=1 state=hold xy=(593.739,-381.113) size=(33.225,33.219) sensitivity=0 orientation=0.000 confidence=true] [id=2 state=hold xy=(486.784,-343.283) size=(16.613,16.610) sensitivity=0 orientation=0.000 confidence=true]
TOUCH t=5.066 device=0 frame=611 count=3 [id=0 state=hold xy=(706.604,-315.612) size=(16.613,16.610) sensitivity=0 orientation=0.000 confidence=true] [id=1 state=hold xy=(594.387,-381.185) size=(33.225,33.219) sensitivity=0 orientation=0.000 confidence=true] [id=2 state=hold xy=(487.432,-343.283) size=(16.613,16.610) sensitivity=0 orientation=0.000 confidence=true]
TOUCH t=5.071 device=0 frame=612 count=3 [id=0 state=hold xy=(707.180,-315.685) size=(16.613,16.610) sensitivity=0 orientation=0.000 confidence=true] [id=1 state=hold xy=(594.892,-381.185) size=(33.225,33.219) sensitivity=0 orientation=0.000 confidence=true] [id=2 state=hold xy=(488.009,-343.283) size=(16.613,16.610) sensitivity=0 orientation=0.000 confidence=true]
TOUCH t=5.078 device=0 frame=613 count=3 [id=0 state=hold xy=(707.685,-315.685) size=(16.613,16.610) sensitivity=0 orientation=0.000 confidence=true] [id=1 state=hold xy=(595.396,-381.257) size=(33.225,33.219) sensitivity=0 orientation=0.000 confidence=true] [id=2 state=hold xy=(488.514,-343.211) size=(16.613,16.610) sensitivity=0 orientation=0.000 confidence=true]
TOUCH t=5.082 device=0 frame=614 count=3 [id=0 state=hold xy=(708.117,-315.757) size=(16.613,16.610) sensitivity=0 orientation=0.000 confidence=true] [id=1 state=hold xy=(595.757,-381.257) size=(33.225,33.219) sensitivity=0 orientation=0.000 confidence=true] [id=2 state=hold xy=(488.874,-343.211) size=(16.613,16.610) sensitivity=0 orientation=0.000 confidence=true]
TOUCH t=5.087 device=0 frame=615 count=3 [id=0 state=hold xy=(708.477,-315.757) size=(16.613,16.610) sensitivity=0 orientation=0.000 confidence=true] [id=1 state=hold xy=(596.045,-381.257) size=(33.225,33.219) sensitivity=0 orientation=0.000 confidence=true] [id=2 state=hold xy=(489.162,-343.211) size=(16.613,16.610) sensitivity=0 orientation=0.000 confidence=true]
TOUCH t=5.092 device=0 frame=616 count=3 [id=0 state=hold xy=(708.766,-315.757) size=(16.613,16.610) sensitivity=0 orientation=0.000 confidence=true] [id=1 state=hold xy=(596.261,-381.185) size=(33.225,33.219) sensitivity=0 orientation=0.000 confidence=true] [id=2 state=hold xy=(489.450,-343.211) size=(16.613,16.610) sensitivity=0 orientation=0.000 confidence=true]
TOUCH t=5.097 device=0 frame=617 count=3 [id=0 state=hold xy=(708.982,-315.757) size=(33.225,33.219) sensitivity=0 orientation=0.000 confidence=true] [id=1 state=hold xy=(596.477,-381.185) size=(33.225,33.219) sensitivity=0 orientation=0.000 confidence=true] [id=2 state=hold xy=(489.667,-343.211) size=(16.613,16.610) sensitivity=0 orientation=0.000 confidence=true]
TOUCH t=5.104 device=0 frame=618 count=3 [id=0 state=hold xy=(709.270,-315.757) size=(33.225,33.219) sensitivity=0 orientation=0.000 confidence=true] [id=1 state=hold xy=(595.901,-381.041) size=(33.225,33.219) sensitivity=0 orientation=0.000 confidence=true] [id=2 state=hold xy=(489.883,-343.211) size=(16.613,16.610) sensitivity=0 orientation=0.000 confidence=true]
TOUCH t=5.107 device=0 frame=619 count=3 [id=0 state=hold xy=(709.414,-315.685) size=(33.225,33.219) sensitivity=0 orientation=0.000 confidence=true] [id=1 state=hold xy=(595.613,-380.969) size=(33.225,33.219) sensitivity=0 orientation=0.000 confidence=true] [id=2 state=hold xy=(490.027,-343.139) size=(16.613,16.610) sensitivity=0 orientation=0.000 confidence=true]
TOUCH t=5.112 device=0 frame=620 count=3 [id=0 state=hold xy=(709.559,-315.685) size=(33.225,33.219) sensitivity=0 orientation=0.000 confidence=true] [id=1 state=hold xy=(595.468,-380.969) size=(33.225,33.219) sensitivity=0 orientation=0.000 confidence=true] [id=2 state=hold xy=(490.171,-343.066) size=(16.613,16.610) sensitivity=0 orientation=0.000 confidence=true]
TOUCH t=5.118 device=0 frame=621 count=3 [id=0 state=hold xy=(709.631,-315.612) size=(33.225,33.219) sensitivity=0 orientation=0.000 confidence=true] [id=1 state=hold xy=(595.829,-380.969) size=(33.225,33.219) sensitivity=0 orientation=0.000 confidence=true] [id=2 state=hold xy=(489.450,-342.850) size=(16.613,16.610) sensitivity=0 orientation=0.000 confidence=true]
TOUCH t=5.123 device=0 frame=622 count=3 [id=0 state=hold xy=(709.703,-315.540) size=(33.225,33.219) sensitivity=0 orientation=0.000 confidence=true] [id=1 state=hold xy=(596.045,-380.969) size=(33.225,33.219) sensitivity=0 orientation=0.000 confidence=true] [id=2 state=hold xy=(489.090,-342.778) size=(16.613,16.610) sensitivity=0 orientation=0.000 confidence=true]
TOUCH t=5.128 device=0 frame=623 count=3 [id=0 state=hold xy=(709.703,-315.468) size=(33.225,33.219) sensitivity=0 orientation=0.000 confidence=true] [id=1 state=hold xy=(596.261,-380.897) size=(33.225,33.219) sensitivity=0 orientation=0.000 confidence=true] [id=2 state=hold xy=(489.306,-342.778) size=(16.613,16.610) sensitivity=0 orientation=0.000 confidence=true]
TOUCH t=5.132 device=0 frame=624 count=3 [id=0 state=hold xy=(709.775,-315.396) size=(33.225,33.219) sensitivity=0 orientation=0.000 confidence=true] [id=1 state=hold xy=(596.333,-380.897) size=(33.225,33.219) sensitivity=0 orientation=0.000 confidence=true] [id=2 state=hold xy=(489.450,-342.778) size=(16.613,16.610) sensitivity=0 orientation=0.000 confidence=true]
TOUCH t=5.138 device=0 frame=625 count=3 [id=0 state=hold xy=(708.838,-315.180) size=(33.225,33.219) sensitivity=0 orientation=0.000 confidence=true] [id=1 state=hold xy=(596.405,-380.825) size=(33.225,33.219) sensitivity=0 orientation=0.000 confidence=true] [id=2 state=hold xy=(489.595,-342.778) size=(16.613,16.610) sensitivity=0 orientation=0.000 confidence=true]
TOUCH t=5.147 device=0 frame=626 count=3 [id=0 state=hold xy=(708.910,-315.108) size=(33.225,33.219) sensitivity=0 orientation=0.000 confidence=true] [id=1 state=hold xy=(596.405,-380.753) size=(33.225,33.219) sensitivity=0 orientation=0.000 confidence=true] [id=2 state=hold xy=(489.739,-342.706) size=(16.613,16.610) sensitivity=0 orientation=0.000 confidence=true]
TOUCH t=5.149 device=0 frame=627 count=3 [id=0 state=hold xy=(708.982,-315.036) size=(33.225,33.219) sensitivity=0 orientation=0.000 confidence=true] [id=1 state=hold xy=(596.405,-380.681) size=(33.225,33.219) sensitivity=0 orientation=0.000 confidence=true] [id=2 state=hold xy=(489.739,-342.706) size=(16.613,16.610) sensitivity=0 orientation=0.000 confidence=true]
TOUCH t=5.154 device=0 frame=628 count=3 [id=0 state=hold xy=(709.054,-314.964) size=(33.225,33.219) sensitivity=0 orientation=0.000 confidence=true] [id=1 state=hold xy=(596.405,-380.681) size=(33.225,33.219) sensitivity=0 orientation=0.000 confidence=true] [id=2 state=hold xy=(489.811,-342.706) size=(16.613,16.610) sensitivity=0 orientation=0.000 confidence=true]
TOUCH t=5.159 device=0 frame=629 count=3 [id=0 state=hold xy=(709.054,-314.892) size=(33.225,33.219) sensitivity=0 orientation=0.000 confidence=true] [id=1 state=hold xy=(596.405,-380.608) size=(33.225,33.219) sensitivity=0 orientation=0.000 confidence=true] [id=2 state=hold xy=(489.811,-342.634) size=(16.613,16.610) sensitivity=0 orientation=0.000 confidence=true]
TOUCH t=5.164 device=0 frame=630 count=3 [id=0 state=hold xy=(708.333,-314.748) size=(33.225,33.219) sensitivity=0 orientation=0.000 confidence=true] [id=1 state=hold xy=(596.333,-380.536) size=(33.225,33.219) sensitivity=0 orientation=0.000 confidence=true] [id=2 state=hold xy=(489.811,-342.562) size=(16.613,16.610) sensitivity=0 orientation=0.000 confidence=true]
TOUCH t=5.169 device=0 frame=631 count=3 [id=0 state=hold xy=(708.405,-314.748) size=(33.225,33.219) sensitivity=0 orientation=0.000 confidence=true] [id=1 state=hold xy=(596.261,-380.392) size=(33.225,33.219) sensitivity=0 orientation=0.000 confidence=true] [id=2 state=hold xy=(489.811,-342.418) size=(16.613,16.610) sensitivity=0 orientation=0.000 confidence=true]
TOUCH t=5.175 device=0 frame=632 count=3 [id=0 state=hold xy=(708.477,-314.604) size=(33.225,33.219) sensitivity=0 orientation=0.000 confidence=true] [id=1 state=hold xy=(596.189,-380.248) size=(33.225,33.219) sensitivity=0 orientation=0.000 confidence=true] [id=2 state=hold xy=(489.811,-342.346) size=(16.613,16.610) sensitivity=0 orientation=0.000 confidence=true]
TOUCH t=5.180 device=0 frame=633 count=3 [id=0 state=hold xy=(708.477,-314.532) size=(33.225,33.219) sensitivity=0 orientation=0.000 confidence=true] [id=1 state=hold xy=(596.117,-380.176) size=(33.225,33.219) sensitivity=0 orientation=0.000 confidence=true] [id=2 state=hold xy=(489.739,-342.202) size=(16.613,16.610) sensitivity=0 orientation=0.000 confidence=true]
TOUCH t=5.185 device=0 frame=634 count=3 [id=0 state=hold xy=(708.405,-314.460) size=(33.225,33.219) sensitivity=0 orientation=0.000 confidence=true] [id=1 state=hold xy=(596.045,-380.032) size=(33.225,33.219) sensitivity=0 orientation=0.000 confidence=true] [id=2 state=hold xy=(489.667,-342.130) size=(33.225,33.219) sensitivity=0 orientation=0.000 confidence=true]
TOUCH t=5.190 device=0 frame=635 count=3 [id=0 state=hold xy=(708.333,-314.388) size=(33.225,33.219) sensitivity=0 orientation=0.000 confidence=true] [id=1 state=hold xy=(595.901,-379.960) size=(33.225,33.219) sensitivity=0 orientation=0.000 confidence=true] [id=2 state=hold xy=(489.595,-341.986) size=(33.225,33.219) sensitivity=0 orientation=0.000 confidence=true]
TOUCH t=5.196 device=0 frame=636 count=3 [id=0 state=hold xy=(708.261,-314.315) size=(33.225,33.219) sensitivity=0 orientation=0.000 confidence=true] [id=1 state=hold xy=(595.829,-379.888) size=(33.225,33.219) sensitivity=0 orientation=0.000 confidence=true] [id=2 state=hold xy=(489.450,-341.841) size=(33.225,33.219) sensitivity=0 orientation=0.000 confidence=true]
TOUCH t=5.200 device=0 frame=637 count=3 [id=0 state=hold xy=(708.117,-314.171) size=(33.225,33.219) sensitivity=0 orientation=0.000 confidence=true] [id=1 state=hold xy=(595.685,-379.816) size=(33.225,33.219) sensitivity=0 orientation=0.000 confidence=true] [id=2 state=hold xy=(489.378,-341.697) size=(33.225,33.219) sensitivity=0 orientation=0.000 confidence=true]
TOUCH t=5.206 device=0 frame=638 count=3 [id=0 state=hold xy=(708.045,-314.027) size=(33.225,33.219) sensitivity=0 orientation=0.000 confidence=true] [id=1 state=hold xy=(595.541,-379.672) size=(33.225,33.219) sensitivity=0 orientation=0.000 confidence=true] [id=2 state=hold xy=(489.234,-341.553) size=(33.225,33.219) sensitivity=0 orientation=0.000 confidence=true]
TOUCH t=5.211 device=0 frame=639 count=3 [id=0 state=hold xy=(707.901,-313.883) size=(33.225,33.219) sensitivity=0 orientation=0.000 confidence=true] [id=1 state=hold xy=(595.468,-379.600) size=(33.225,33.219) sensitivity=0 orientation=0.000 confidence=true] [id=2 state=hold xy=(489.162,-341.409) size=(33.225,33.219) sensitivity=0 orientation=0.000 confidence=true]
TOUCH t=5.216 device=0 frame=640 count=3 [id=0 state=hold xy=(707.757,-313.811) size=(33.225,33.219) sensitivity=0 orientation=0.000 confidence=true] [id=1 state=hold xy=(595.324,-379.456) size=(33.225,33.219) sensitivity=0 orientation=0.000 confidence=true] [id=2 state=hold xy=(489.018,-341.265) size=(33.225,33.219) sensitivity=0 orientation=0.000 confidence=true]
TOUCH t=5.221 device=0 frame=641 count=3 [id=0 state=hold xy=(707.613,-313.667) size=(33.225,33.219) sensitivity=0 orientation=0.000 confidence=true] [id=1 state=hold xy=(595.252,-379.311) size=(33.225,33.219) sensitivity=0 orientation=0.000 confidence=true] [id=2 state=hold xy=(488.946,-341.121) size=(33.225,33.219) sensitivity=0 orientation=0.000 confidence=true]
TOUCH t=5.226 device=0 frame=642 count=3 [id=0 state=hold xy=(707.468,-313.523) size=(33.225,33.219) sensitivity=0 orientation=0.000 confidence=true] [id=1 state=hold xy=(595.108,-379.167) size=(33.225,33.219) sensitivity=0 orientation=0.000 confidence=true] [id=2 state=hold xy=(488.802,-340.905) size=(33.225,33.219) sensitivity=0 orientation=0.000 confidence=true]
TOUCH t=5.231 device=0 frame=643 count=3 [id=0 state=hold xy=(707.396,-313.379) size=(33.225,33.219) sensitivity=0 orientation=0.000 confidence=true] [id=1 state=hold xy=(594.964,-379.023) size=(33.225,33.219) sensitivity=0 orientation=0.000 confidence=true] [id=2 state=hold xy=(488.730,-340.833) size=(33.225,33.219) sensitivity=0 orientation=0.000 confidence=true]
TOUCH t=5.236 device=0 frame=644 count=3 [id=0 state=hold xy=(707.252,-313.307) size=(33.225,33.219) sensitivity=0 orientation=0.000 confidence=true] [id=1 state=hold xy=(594.820,-378.879) size=(33.225,33.219) sensitivity=0 orientation=0.000 confidence=true] [id=2 state=hold xy=(488.658,-340.689) size=(33.225,33.219) sensitivity=0 orientation=0.000 confidence=true]
TOUCH t=5.242 device=0 frame=645 count=3 [id=0 state=hold xy=(707.108,-313.163) size=(33.225,33.219) sensitivity=0 orientation=0.000 confidence=true] [id=1 state=hold xy=(594.676,-378.735) size=(33.225,33.219) sensitivity=0 orientation=0.000 confidence=true] [id=2 state=hold xy=(488.514,-340.544) size=(33.225,33.219) sensitivity=0 orientation=0.000 confidence=true]
TOUCH t=5.247 device=0 frame=646 count=3 [id=0 state=hold xy=(707.036,-313.090) size=(33.225,33.219) sensitivity=0 orientation=0.000 confidence=true] [id=1 state=hold xy=(594.532,-378.591) size=(33.225,33.219) sensitivity=0 orientation=0.000 confidence=true] [id=2 state=hold xy=(488.441,-340.472) size=(33.225,33.219) sensitivity=0 orientation=0.000 confidence=true]
TOUCH t=5.252 device=0 frame=647 count=3 [id=0 state=hold xy=(706.892,-313.018) size=(33.225,33.219) sensitivity=0 orientation=0.000 confidence=true] [id=1 state=hold xy=(594.387,-378.519) size=(33.225,33.219) sensitivity=0 orientation=0.000 confidence=true] [id=2 state=hold xy=(488.297,-340.400) size=(33.225,33.219) sensitivity=0 orientation=0.000 confidence=true]
TOUCH t=5.257 device=0 frame=648 count=3 [id=0 state=hold xy=(706.820,-312.946) size=(33.225,33.219) sensitivity=0 orientation=0.000 confidence=true] [id=1 state=hold xy=(594.243,-378.375) size=(33.225,33.219) sensitivity=0 orientation=0.000 confidence=true] [id=2 state=hold xy=(488.225,-340.256) size=(33.225,33.219) sensitivity=0 orientation=0.000 confidence=true]
TOUCH t=5.264 device=0 frame=649 count=3 [id=0 state=hold xy=(706.676,-312.802) size=(33.225,33.219) sensitivity=0 orientation=0.000 confidence=true] [id=1 state=hold xy=(594.099,-378.303) size=(33.225,33.219) sensitivity=0 orientation=0.000 confidence=true] [id=2 state=hold xy=(488.081,-340.184) size=(33.225,33.219) sensitivity=0 orientation=0.000 confidence=true]
TOUCH t=5.266 device=0 frame=650 count=3 [id=0 state=hold xy=(706.604,-312.730) size=(33.225,33.219) sensitivity=0 orientation=0.000 confidence=true] [id=1 state=hold xy=(594.027,-378.231) size=(33.225,33.219) sensitivity=0 orientation=0.000 confidence=true] [id=2 state=hold xy=(488.009,-340.040) size=(33.225,33.219) sensitivity=0 orientation=0.000 confidence=true]
TOUCH t=5.273 device=0 frame=651 count=3 [id=0 state=hold xy=(706.459,-312.586) size=(33.225,33.219) sensitivity=0 orientation=0.000 confidence=true] [id=1 state=hold xy=(593.883,-378.159) size=(33.225,33.219) sensitivity=0 orientation=0.000 confidence=true] [id=2 state=hold xy=(487.937,-339.968) size=(33.225,33.219) sensitivity=0 orientation=0.000 confidence=true]
TOUCH t=5.278 device=0 frame=652 count=3 [id=0 state=hold xy=(706.387,-312.586) size=(33.225,33.219) sensitivity=0 orientation=0.000 confidence=true] [id=1 state=hold xy=(593.739,-378.014) size=(33.225,33.219) sensitivity=0 orientation=0.000 confidence=true] [id=2 state=hold xy=(487.865,-339.968) size=(33.225,33.219) sensitivity=0 orientation=0.000 confidence=true]
TOUCH t=5.283 device=0 frame=653 count=3 [id=0 state=hold xy=(706.243,-312.514) size=(33.225,33.219) sensitivity=0 orientation=0.000 confidence=true] [id=1 state=hold xy=(593.595,-377.942) size=(33.225,33.219) sensitivity=0 orientation=0.000 confidence=true] [id=2 state=hold xy=(487.793,-339.968) size=(33.225,33.219) sensitivity=0 orientation=0.000 confidence=true]
TOUCH t=5.288 device=0 frame=654 count=3 [id=0 state=hold xy=(706.171,-312.514) size=(33.225,33.219) sensitivity=0 orientation=0.000 confidence=true] [id=1 state=hold xy=(593.523,-377.870) size=(33.225,33.219) sensitivity=0 orientation=0.000 confidence=true] [id=2 state=hold xy=(487.721,-339.896) size=(33.225,33.219) sensitivity=0 orientation=0.000 confidence=true]
TOUCH t=5.294 device=0 frame=655 count=3 [id=0 state=hold xy=(706.099,-312.442) size=(33.225,33.219) sensitivity=0 orientation=0.000 confidence=true] [id=1 state=hold xy=(593.378,-377.870) size=(33.225,33.219) sensitivity=0 orientation=0.000 confidence=true] [id=2 state=hold xy=(487.649,-339.824) size=(33.225,33.219) sensitivity=0 orientation=0.000 confidence=true]
TOUCH t=5.298 device=0 frame=656 count=3 [id=0 state=hold xy=(705.955,-312.442) size=(33.225,33.219) sensitivity=0 orientation=0.000 confidence=true] [id=1 state=hold xy=(593.450,-377.798) size=(33.225,33.219) sensitivity=0 orientation=0.000 confidence=true] [id=2 state=hold xy=(487.649,-339.752) size=(33.225,33.219) sensitivity=0 orientation=0.000 confidence=true]
TOUCH t=5.304 device=0 frame=657 count=3 [id=0 state=hold xy=(705.883,-312.442) size=(33.225,33.219) sensitivity=0 orientation=0.000 confidence=true] [id=1 state=hold xy=(593.306,-377.798) size=(33.225,33.219) sensitivity=0 orientation=0.000 confidence=true] [id=2 state=hold xy=(487.577,-339.752) size=(33.225,33.219) sensitivity=0 orientation=0.000 confidence=true]
TOUCH t=5.309 device=0 frame=658 count=3 [id=0 state=hold xy=(705.811,-312.370) size=(33.225,33.219) sensitivity=0 orientation=0.000 confidence=true] [id=1 state=hold xy=(593.234,-377.726) size=(33.225,33.219) sensitivity=0 orientation=0.000 confidence=true] [id=2 state=hold xy=(487.505,-339.680) size=(33.225,33.219) sensitivity=0 orientation=0.000 confidence=true]
TOUCH t=5.314 device=0 frame=659 count=3 [id=0 state=hold xy=(705.739,-312.370) size=(33.225,33.219) sensitivity=0 orientation=0.000 confidence=true] [id=1 state=hold xy=(593.162,-377.726) size=(33.225,33.219) sensitivity=0 orientation=0.000 confidence=true] [id=2 state=hold xy=(487.505,-339.680) size=(33.225,33.219) sensitivity=0 orientation=0.000 confidence=true]
TOUCH t=5.319 device=0 frame=660 count=3 [id=0 state=hold xy=(705.667,-312.370) size=(33.225,33.219) sensitivity=0 orientation=0.000 confidence=true] [id=1 state=hold xy=(593.090,-377.654) size=(33.225,33.219) sensitivity=0 orientation=0.000 confidence=true] [id=2 state=hold xy=(487.432,-339.608) size=(33.225,33.219) sensitivity=0 orientation=0.000 confidence=true]
TOUCH t=5.324 device=0 frame=661 count=3 [id=0 state=hold xy=(705.739,-312.370) size=(33.225,33.219) sensitivity=0 orientation=0.000 confidence=true] [id=1 state=hold xy=(593.090,-377.654) size=(33.225,33.219) sensitivity=0 orientation=0.000 confidence=true] [id=2 state=hold xy=(487.432,-339.536) size=(33.225,33.219) sensitivity=0 orientation=0.000 confidence=true]
TOUCH t=5.329 device=0 frame=662 count=3 [id=0 state=hold xy=(705.739,-312.298) size=(33.225,33.219) sensitivity=0 orientation=0.000 confidence=true] [id=1 state=hold xy=(593.090,-377.654) size=(33.225,33.219) sensitivity=0 orientation=0.000 confidence=true] [id=2 state=hold xy=(487.432,-339.536) size=(33.225,33.219) sensitivity=0 orientation=0.000 confidence=true]
TOUCH t=5.335 device=0 frame=663 count=3 [id=0 state=hold xy=(705.811,-312.298) size=(33.225,33.219) sensitivity=0 orientation=0.000 confidence=true] [id=1 state=hold xy=(593.162,-377.654) size=(33.225,33.219) sensitivity=0 orientation=0.000 confidence=true] [id=2 state=hold xy=(487.505,-339.464) size=(33.225,33.219) sensitivity=0 orientation=0.000 confidence=true]
TOUCH t=5.340 device=0 frame=664 count=3 [id=0 state=hold xy=(705.811,-312.298) size=(33.225,33.219) sensitivity=0 orientation=0.000 confidence=true] [id=1 state=hold xy=(593.162,-377.654) size=(33.225,33.219) sensitivity=0 orientation=0.000 confidence=true] [id=2 state=hold xy=(487.505,-339.464) size=(33.225,33.219) sensitivity=0 orientation=0.000 confidence=true]
TOUCH t=5.346 device=0 frame=665 count=3 [id=0 state=hold xy=(705.811,-312.298) size=(33.225,33.219) sensitivity=0 orientation=0.000 confidence=true] [id=1 state=hold xy=(593.162,-377.654) size=(33.225,33.219) sensitivity=0 orientation=0.000 confidence=true] [id=2 state=hold xy=(487.577,-339.464) size=(33.225,33.219) sensitivity=0 orientation=0.000 confidence=true]
TOUCH t=5.350 device=0 frame=666 count=3 [id=0 state=hold xy=(705.883,-312.298) size=(33.225,33.219) sensitivity=0 orientation=0.000 confidence=true] [id=1 state=hold xy=(593.162,-377.654) size=(33.225,33.219) sensitivity=0 orientation=0.000 confidence=true] [id=2 state=hold xy=(487.577,-339.464) size=(33.225,33.219) sensitivity=0 orientation=0.000 confidence=true]
TOUCH t=5.355 device=0 frame=667 count=3 [id=0 state=hold xy=(705.883,-312.226) size=(33.225,33.219) sensitivity=0 orientation=0.000 confidence=true] [id=1 state=hold xy=(593.162,-377.654) size=(33.225,33.219) sensitivity=0 orientation=0.000 confidence=true] [id=2 state=hold xy=(487.649,-339.464) size=(33.225,33.219) sensitivity=0 orientation=0.000 confidence=true]
TOUCH t=5.359 device=0 frame=668 count=3 [id=0 state=hold xy=(705.883,-312.226) size=(33.225,33.219) sensitivity=0 orientation=0.000 confidence=true] [id=1 state=hold xy=(593.162,-377.654) size=(33.225,33.219) sensitivity=0 orientation=0.000 confidence=true] [id=2 state=hold xy=(487.649,-339.464) size=(33.225,33.219) sensitivity=0 orientation=0.000 confidence=true]
TOUCH t=5.364 device=0 frame=669 count=3 [id=0 state=hold xy=(705.883,-312.226) size=(33.225,33.219) sensitivity=0 orientation=0.000 confidence=true] [id=1 state=hold xy=(593.162,-377.654) size=(33.225,33.219) sensitivity=0 orientation=0.000 confidence=true] [id=2 state=hold xy=(487.721,-339.464) size=(33.225,33.219) sensitivity=0 orientation=0.000 confidence=true]
TOUCH t=5.371 device=0 frame=670 count=3 [id=0 state=hold xy=(705.883,-312.298) size=(33.225,33.219) sensitivity=0 orientation=0.000 confidence=true] [id=1 state=hold xy=(593.162,-377.654) size=(33.225,33.219) sensitivity=0 orientation=0.000 confidence=true] [id=2 state=hold xy=(487.721,-339.464) size=(33.225,33.219) sensitivity=0 orientation=0.000 confidence=true]
TOUCH t=5.376 device=0 frame=671 count=3 [id=0 state=hold xy=(705.883,-312.298) size=(33.225,33.219) sensitivity=0 orientation=0.000 confidence=true] [id=1 state=hold xy=(593.090,-377.654) size=(33.225,33.219) sensitivity=0 orientation=0.000 confidence=true] [id=2 state=hold xy=(487.721,-339.464) size=(33.225,33.219) sensitivity=0 orientation=0.000 confidence=true]
TOUCH t=5.381 device=0 frame=672 count=3 [id=0 state=hold xy=(705.883,-312.298) size=(33.225,33.219) sensitivity=0 orientation=0.000 confidence=true] [id=1 state=hold xy=(593.090,-377.654) size=(33.225,33.219) sensitivity=0 orientation=0.000 confidence=true] [id=2 state=hold xy=(487.721,-339.464) size=(33.225,33.219) sensitivity=0 orientation=0.000 confidence=true]
TOUCH t=5.387 device=0 frame=673 count=3 [id=0 state=hold xy=(705.883,-312.298) size=(33.225,33.219) sensitivity=0 orientation=0.000 confidence=true] [id=1 state=hold xy=(593.090,-377.654) size=(33.225,33.219) sensitivity=0 orientation=0.000 confidence=true] [id=2 state=hold xy=(487.721,-339.464) size=(33.225,33.219) sensitivity=0 orientation=0.000 confidence=true]
TOUCH t=5.391 device=0 frame=674 count=3 [id=0 state=hold xy=(705.811,-312.298) size=(33.225,33.219) sensitivity=0 orientation=0.000 confidence=true] [id=1 state=hold xy=(593.090,-377.654) size=(33.225,33.219) sensitivity=0 orientation=0.000 confidence=true] [id=2 state=hold xy=(487.721,-339.464) size=(33.225,33.219) sensitivity=0 orientation=0.000 confidence=true]
TOUCH t=5.397 device=0 frame=675 count=3 [id=0 state=hold xy=(705.811,-312.298) size=(33.225,33.219) sensitivity=0 orientation=0.000 confidence=true] [id=1 state=hold xy=(593.090,-377.654) size=(33.225,33.219) sensitivity=0 orientation=0.000 confidence=true] [id=2 state=hold xy=(487.793,-339.464) size=(33.225,33.219) sensitivity=0 orientation=0.000 confidence=true]
TOUCH t=5.402 device=0 frame=676 count=3 [id=0 state=hold xy=(705.811,-312.298) size=(33.225,33.219) sensitivity=0 orientation=0.000 confidence=true] [id=1 state=hold xy=(593.090,-377.726) size=(33.225,33.219) sensitivity=0 orientation=0.000 confidence=true] [id=2 state=hold xy=(487.793,-339.464) size=(33.225,33.219) sensitivity=0 orientation=0.000 confidence=true]
TOUCH t=5.407 device=0 frame=677 count=3 [id=0 state=hold xy=(705.811,-312.298) size=(33.225,33.219) sensitivity=0 orientation=0.000 confidence=true] [id=1 state=hold xy=(593.018,-377.726) size=(33.225,33.219) sensitivity=0 orientation=0.000 confidence=true] [id=2 state=hold xy=(487.793,-339.536) size=(33.225,33.219) sensitivity=0 orientation=0.000 confidence=true]
TOUCH t=5.411 device=0 frame=678 count=3 [id=0 state=hold xy=(705.811,-312.298) size=(33.225,33.219) sensitivity=0 orientation=0.000 confidence=true] [id=1 state=hold xy=(593.018,-377.726) size=(33.225,33.219) sensitivity=0 orientation=0.000 confidence=true] [id=2 state=hold xy=(487.793,-339.536) size=(33.225,33.219) sensitivity=0 orientation=0.000 confidence=true]
TOUCH t=5.417 device=0 frame=679 count=3 [id=0 state=hold xy=(705.811,-312.298) size=(33.225,33.219) sensitivity=0 orientation=0.000 confidence=true] [id=1 state=hold xy=(593.018,-377.726) size=(33.225,33.219) sensitivity=0 orientation=0.000 confidence=true] [id=2 state=hold xy=(487.793,-339.536) size=(33.225,33.219) sensitivity=0 orientation=0.000 confidence=true]
TOUCH t=5.422 device=0 frame=680 count=3 [id=0 state=hold xy=(705.739,-312.298) size=(33.225,33.219) sensitivity=0 orientation=0.000 confidence=true] [id=1 state=hold xy=(593.018,-377.726) size=(33.225,33.219) sensitivity=0 orientation=0.000 confidence=true] [id=2 state=hold xy=(487.793,-339.608) size=(33.225,33.219) sensitivity=0 orientation=0.000 confidence=true]
TOUCH t=5.426 device=0 frame=681 count=3 [id=0 state=hold xy=(705.739,-312.298) size=(33.225,33.219) sensitivity=0 orientation=0.000 confidence=true] [id=1 state=hold xy=(592.946,-377.726) size=(33.225,33.219) sensitivity=0 orientation=0.000 confidence=true] [id=2 state=hold xy=(487.793,-339.608) size=(33.225,33.219) sensitivity=0 orientation=0.000 confidence=true]
TOUCH t=5.433 device=0 frame=682 count=3 [id=0 state=hold xy=(705.667,-312.298) size=(33.225,33.219) sensitivity=0 orientation=0.000 confidence=true] [id=1 state=hold xy=(592.946,-377.726) size=(33.225,33.219) sensitivity=0 orientation=0.000 confidence=true] [id=2 state=hold xy=(487.793,-339.608) size=(33.225,33.219) sensitivity=0 orientation=0.000 confidence=true]
TOUCH t=5.438 device=0 frame=683 count=3 [id=0 state=hold xy=(705.667,-312.370) size=(33.225,33.219) sensitivity=0 orientation=0.000 confidence=true] [id=1 state=hold xy=(592.946,-377.726) size=(33.225,33.219) sensitivity=0 orientation=0.000 confidence=true] [id=2 state=hold xy=(487.793,-339.608) size=(33.225,33.219) sensitivity=0 orientation=0.000 confidence=true]
TOUCH t=5.443 device=0 frame=684 count=3 [id=0 state=hold xy=(705.667,-312.370) size=(33.225,33.219) sensitivity=0 orientation=0.000 confidence=true] [id=1 state=hold xy=(592.874,-377.798) size=(33.225,33.219) sensitivity=0 orientation=0.000 confidence=true] [id=2 state=hold xy=(487.793,-339.608) size=(33.225,33.219) sensitivity=0 orientation=0.000 confidence=true]
TOUCH t=5.448 device=0 frame=685 count=3 [id=0 state=hold xy=(705.667,-312.370) size=(33.225,33.219) sensitivity=0 orientation=0.000 confidence=true] [id=1 state=hold xy=(592.874,-377.798) size=(33.225,33.219) sensitivity=0 orientation=0.000 confidence=true] [id=2 state=hold xy=(487.721,-339.608) size=(33.225,33.219) sensitivity=0 orientation=0.000 confidence=true]
TOUCH t=5.453 device=0 frame=686 count=3 [id=0 state=hold xy=(705.667,-312.370) size=(33.225,33.219) sensitivity=0 orientation=0.000 confidence=true] [id=1 state=hold xy=(592.874,-377.798) size=(33.225,33.219) sensitivity=0 orientation=0.000 confidence=true] [id=2 state=hold xy=(487.721,-339.608) size=(33.225,33.219) sensitivity=0 orientation=0.000 confidence=true]
TOUCH t=5.458 device=0 frame=687 count=3 [id=0 state=hold xy=(705.667,-312.370) size=(33.225,33.219) sensitivity=0 orientation=0.000 confidence=true] [id=1 state=hold xy=(592.874,-377.798) size=(33.225,33.219) sensitivity=0 orientation=0.000 confidence=true] [id=2 state=hold xy=(487.721,-339.608) size=(33.225,33.219) sensitivity=0 orientation=0.000 confidence=true]
TOUCH t=5.464 device=0 frame=688 count=3 [id=0 state=hold xy=(705.667,-312.370) size=(33.225,33.219) sensitivity=0 orientation=0.000 confidence=true] [id=1 state=hold xy=(592.874,-377.798) size=(33.225,33.219) sensitivity=0 orientation=0.000 confidence=true] [id=2 state=hold xy=(487.721,-339.608) size=(33.225,33.219) sensitivity=0 orientation=0.000 confidence=true]
TOUCH t=5.470 device=0 frame=689 count=3 [id=0 state=hold xy=(705.667,-312.370) size=(33.225,33.219) sensitivity=0 orientation=0.000 confidence=true] [id=1 state=hold xy=(592.874,-377.798) size=(33.225,33.219) sensitivity=0 orientation=0.000 confidence=true] [id=2 state=hold xy=(487.649,-339.608) size=(33.225,33.219) sensitivity=0 orientation=0.000 confidence=true]
TOUCH t=5.474 device=0 frame=690 count=3 [id=0 state=hold xy=(705.667,-312.370) size=(33.225,33.219) sensitivity=0 orientation=0.000 confidence=true] [id=1 state=hold xy=(592.874,-377.798) size=(33.225,33.219) sensitivity=0 orientation=0.000 confidence=true] [id=2 state=hold xy=(487.649,-339.608) size=(33.225,33.219) sensitivity=0 orientation=0.000 confidence=true]
TOUCH t=5.479 device=0 frame=691 count=3 [id=0 state=hold xy=(705.667,-312.370) size=(33.225,33.219) sensitivity=0 orientation=0.000 confidence=true] [id=1 state=hold xy=(592.874,-377.798) size=(33.225,33.219) sensitivity=0 orientation=0.000 confidence=true] [id=2 state=hold xy=(487.649,-339.608) size=(33.225,33.219) sensitivity=0 orientation=0.000 confidence=true]
TOUCH t=5.484 device=0 frame=692 count=3 [id=0 state=hold xy=(705.667,-312.370) size=(33.225,33.219) sensitivity=0 orientation=0.000 confidence=true] [id=1 state=hold xy=(592.874,-377.798) size=(33.225,33.219) sensitivity=0 orientation=0.000 confidence=true] [id=2 state=hold xy=(487.649,-339.680) size=(33.225,33.219) sensitivity=0 orientation=0.000 confidence=true]
TOUCH t=5.490 device=0 frame=693 count=3 [id=0 state=hold xy=(705.667,-312.370) size=(33.225,33.219) sensitivity=0 orientation=0.000 confidence=true] [id=1 state=hold xy=(592.874,-377.798) size=(33.225,33.219) sensitivity=0 orientation=0.000 confidence=true] [id=2 state=hold xy=(487.577,-339.680) size=(33.225,33.219) sensitivity=0 orientation=0.000 confidence=true]
TOUCH t=5.495 device=0 frame=694 count=3 [id=0 state=hold xy=(705.667,-312.370) size=(33.225,33.219) sensitivity=0 orientation=0.000 confidence=true] [id=1 state=hold xy=(592.874,-377.798) size=(33.225,33.219) sensitivity=0 orientation=0.000 confidence=true] [id=2 state=hold xy=(487.577,-339.680) size=(33.225,33.219) sensitivity=0 orientation=0.000 confidence=true]
TOUCH t=5.500 device=0 frame=695 count=3 [id=0 state=hold xy=(705.667,-312.370) size=(33.225,33.219) sensitivity=0 orientation=0.000 confidence=true] [id=1 state=hold xy=(592.874,-377.798) size=(33.225,33.219) sensitivity=0 orientation=0.000 confidence=true] [id=2 state=hold xy=(487.577,-339.680) size=(33.225,33.219) sensitivity=0 orientation=0.000 confidence=true]
TOUCH t=5.505 device=0 frame=696 count=3 [id=0 state=hold xy=(705.667,-312.370) size=(33.225,33.219) sensitivity=0 orientation=0.000 confidence=true] [id=1 state=hold xy=(592.874,-377.798) size=(33.225,33.219) sensitivity=0 orientation=0.000 confidence=true] [id=2 state=hold xy=(487.505,-339.680) size=(33.225,33.219) sensitivity=0 orientation=0.000 confidence=true]
TOUCH t=5.512 device=0 frame=697 count=3 [id=0 state=hold xy=(705.667,-312.370) size=(33.225,33.219) sensitivity=0 orientation=0.000 confidence=true] [id=1 state=hold xy=(592.874,-377.798) size=(33.225,33.219) sensitivity=0 orientation=0.000 confidence=true] [id=2 state=hold xy=(487.505,-339.680) size=(33.225,33.219) sensitivity=0 orientation=0.000 confidence=true]
TOUCH t=5.515 device=0 frame=698 count=3 [id=0 state=hold xy=(705.667,-312.370) size=(33.225,33.219) sensitivity=0 orientation=0.000 confidence=true] [id=1 state=hold xy=(592.874,-377.798) size=(33.225,33.219) sensitivity=0 orientation=0.000 confidence=true] [id=2 state=hold xy=(487.505,-339.680) size=(33.225,33.219) sensitivity=0 orientation=0.000 confidence=true]
TOUCH t=5.520 device=0 frame=699 count=3 [id=0 state=hold xy=(705.667,-312.370) size=(33.225,33.219) sensitivity=0 orientation=0.000 confidence=true] [id=1 state=hold xy=(592.874,-377.798) size=(33.225,33.219) sensitivity=0 orientation=0.000 confidence=true] [id=2 state=hold xy=(487.505,-339.680) size=(33.225,33.219) sensitivity=0 orientation=0.000 confidence=true]
TOUCH t=5.525 device=0 frame=700 count=3 [id=0 state=hold xy=(705.667,-312.370) size=(33.225,33.219) sensitivity=0 orientation=0.000 confidence=true] [id=1 state=hold xy=(592.874,-377.798) size=(33.225,33.219) sensitivity=0 orientation=0.000 confidence=true] [id=2 state=hold xy=(487.505,-339.680) size=(33.225,33.219) sensitivity=0 orientation=0.000 confidence=true]
TOUCH t=5.531 device=0 frame=701 count=3 [id=0 state=hold xy=(705.667,-312.370) size=(33.225,33.219) sensitivity=0 orientation=0.000 confidence=true] [id=1 state=hold xy=(592.874,-377.798) size=(33.225,33.219) sensitivity=0 orientation=0.000 confidence=true] [id=2 state=hold xy=(487.505,-339.680) size=(33.225,33.219) sensitivity=0 orientation=0.000 confidence=true]
TOUCH t=5.537 device=0 frame=702 count=3 [id=0 state=hold xy=(705.667,-312.370) size=(33.225,33.219) sensitivity=0 orientation=0.000 confidence=true] [id=1 state=hold xy=(592.874,-377.798) size=(33.225,33.219) sensitivity=0 orientation=0.000 confidence=true] [id=2 state=hold xy=(487.505,-339.680) size=(33.225,33.219) sensitivity=0 orientation=0.000 confidence=true]
TOUCH t=5.541 device=0 frame=703 count=3 [id=0 state=hold xy=(705.667,-312.370) size=(33.225,33.219) sensitivity=0 orientation=0.000 confidence=true] [id=1 state=hold xy=(592.874,-377.798) size=(33.225,33.219) sensitivity=0 orientation=0.000 confidence=true] [id=2 state=hold xy=(487.505,-339.680) size=(33.225,33.219) sensitivity=0 orientation=0.000 confidence=true]
TOUCH t=5.546 device=0 frame=704 count=3 [id=0 state=hold xy=(705.667,-312.370) size=(33.225,33.219) sensitivity=0 orientation=0.000 confidence=true] [id=1 state=hold xy=(592.874,-377.798) size=(33.225,33.219) sensitivity=0 orientation=0.000 confidence=true] [id=2 state=hold xy=(487.505,-339.680) size=(33.225,33.219) sensitivity=0 orientation=0.000 confidence=true]
TOUCH t=5.551 device=0 frame=705 count=3 [id=0 state=hold xy=(705.667,-312.370) size=(33.225,33.219) sensitivity=0 orientation=0.000 confidence=true] [id=1 state=hold xy=(592.874,-377.798) size=(33.225,33.219) sensitivity=0 orientation=0.000 confidence=true] [id=2 state=hold xy=(487.505,-339.680) size=(33.225,33.219) sensitivity=0 orientation=0.000 confidence=true]
TOUCH t=5.556 device=0 frame=706 count=3 [id=0 state=hold xy=(705.667,-312.370) size=(33.225,33.219) sensitivity=0 orientation=0.000 confidence=true] [id=1 state=hold xy=(592.874,-377.798) size=(33.225,33.219) sensitivity=0 orientation=0.000 confidence=true] [id=2 state=hold xy=(487.505,-339.680) size=(33.225,33.219) sensitivity=0 orientation=0.000 confidence=true]
TOUCH t=5.563 device=0 frame=707 count=3 [id=0 state=hold xy=(705.667,-312.370) size=(33.225,33.219) sensitivity=0 orientation=0.000 confidence=true] [id=1 state=hold xy=(592.874,-377.798) size=(33.225,33.219) sensitivity=0 orientation=0.000 confidence=true] [id=2 state=hold xy=(487.505,-339.680) size=(33.225,33.219) sensitivity=0 orientation=0.000 confidence=true]
TOUCH t=5.567 device=0 frame=708 count=3 [id=0 state=hold xy=(705.667,-312.370) size=(33.225,33.219) sensitivity=0 orientation=0.000 confidence=true] [id=1 state=hold xy=(592.874,-377.798) size=(33.225,33.219) sensitivity=0 orientation=0.000 confidence=true] [id=2 state=hold xy=(487.505,-339.680) size=(33.225,33.219) sensitivity=0 orientation=0.000 confidence=true]
TOUCH t=5.572 device=0 frame=709 count=3 [id=0 state=hold xy=(705.667,-312.370) size=(33.225,33.219) sensitivity=0 orientation=0.000 confidence=true] [id=1 state=hold xy=(592.874,-377.798) size=(33.225,33.219) sensitivity=0 orientation=0.000 confidence=true] [id=2 state=hold xy=(487.505,-339.680) size=(33.225,33.219) sensitivity=0 orientation=0.000 confidence=true]
TOUCH t=5.577 device=0 frame=710 count=3 [id=0 state=hold xy=(705.667,-312.370) size=(33.225,33.219) sensitivity=0 orientation=0.000 confidence=true] [id=1 state=hold xy=(592.874,-377.798) size=(33.225,33.219) sensitivity=0 orientation=0.000 confidence=true] [id=2 state=hold xy=(487.505,-339.680) size=(33.225,33.219) sensitivity=0 orientation=0.000 confidence=true]
TOUCH t=5.582 device=0 frame=711 count=3 [id=0 state=hold xy=(705.667,-312.370) size=(33.225,33.219) sensitivity=0 orientation=0.000 confidence=true] [id=1 state=hold xy=(592.874,-377.798) size=(33.225,33.219) sensitivity=0 orientation=0.000 confidence=true] [id=2 state=hold xy=(487.505,-339.680) size=(33.225,33.219) sensitivity=0 orientation=0.000 confidence=true]
TOUCH t=5.587 device=0 frame=712 count=3 [id=0 state=hold xy=(705.523,-312.370) size=(33.225,33.219) sensitivity=0 orientation=0.000 confidence=true] [id=1 state=hold xy=(592.874,-377.798) size=(33.225,33.219) sensitivity=0 orientation=0.000 confidence=true] [id=2 state=hold xy=(487.505,-339.680) size=(33.225,33.219) sensitivity=0 orientation=0.000 confidence=true]
TOUCH t=5.593 device=0 frame=713 count=3 [id=0 state=hold xy=(705.450,-312.298) size=(33.225,33.219) sensitivity=0 orientation=0.000 confidence=true] [id=1 state=hold xy=(592.874,-377.798) size=(33.225,33.219) sensitivity=0 orientation=0.000 confidence=true] [id=2 state=hold xy=(487.505,-339.680) size=(33.225,33.219) sensitivity=0 orientation=0.000 confidence=true]
TOUCH t=5.598 device=0 frame=714 count=3 [id=0 state=hold xy=(705.306,-312.298) size=(33.225,33.219) sensitivity=0 orientation=0.000 confidence=true] [id=1 state=hold xy=(592.874,-377.798) size=(33.225,33.219) sensitivity=0 orientation=0.000 confidence=true] [id=2 state=hold xy=(487.505,-339.680) size=(33.225,33.219) sensitivity=0 orientation=0.000 confidence=true]
TOUCH t=5.603 device=0 frame=715 count=3 [id=0 state=hold xy=(705.234,-312.298) size=(33.225,33.219) sensitivity=0 orientation=0.000 confidence=true] [id=1 state=hold xy=(592.874,-377.798) size=(33.225,33.219) sensitivity=0 orientation=0.000 confidence=true] [id=2 state=hold xy=(487.505,-339.680) size=(33.225,33.219) sensitivity=0 orientation=0.000 confidence=true]
TOUCH t=5.608 device=0 frame=716 count=3 [id=0 state=hold xy=(705.162,-312.226) size=(33.225,33.219) sensitivity=0 orientation=0.000 confidence=true] [id=1 state=hold xy=(592.874,-377.798) size=(33.225,33.219) sensitivity=0 orientation=0.000 confidence=true] [id=2 state=hold xy=(487.505,-339.680) size=(33.225,33.219) sensitivity=0 orientation=0.000 confidence=true]
TOUCH t=5.613 device=0 frame=717 count=3 [id=0 state=hold xy=(705.090,-312.226) size=(33.225,33.219) sensitivity=0 orientation=0.000 confidence=true] [id=1 state=hold xy=(592.874,-377.798) size=(33.225,33.219) sensitivity=0 orientation=0.000 confidence=true] [id=2 state=hold xy=(487.505,-339.680) size=(33.225,33.219) sensitivity=0 orientation=0.000 confidence=true]
TOUCH t=5.618 device=0 frame=718 count=3 [id=0 state=hold xy=(705.018,-312.226) size=(33.225,33.219) sensitivity=0 orientation=0.000 confidence=true] [id=1 state=hold xy=(592.874,-377.798) size=(33.225,33.219) sensitivity=0 orientation=0.000 confidence=true] [id=2 state=hold xy=(487.505,-339.680) size=(33.225,33.219) sensitivity=0 orientation=0.000 confidence=true]
TOUCH t=5.624 device=0 frame=719 count=3 [id=0 state=hold xy=(704.874,-312.226) size=(33.225,33.219) sensitivity=0 orientation=0.000 confidence=true] [id=1 state=hold xy=(592.874,-377.798) size=(33.225,33.219) sensitivity=0 orientation=0.000 confidence=true] [id=2 state=hold xy=(487.505,-339.680) size=(33.225,33.219) sensitivity=0 orientation=0.000 confidence=true]
TOUCH t=5.629 device=0 frame=720 count=3 [id=0 state=hold xy=(704.874,-312.226) size=(33.225,33.219) sensitivity=0 orientation=0.000 confidence=true] [id=1 state=hold xy=(592.874,-377.798) size=(33.225,33.219) sensitivity=0 orientation=0.000 confidence=true] [id=2 state=hold xy=(487.505,-339.680) size=(33.225,33.219) sensitivity=0 orientation=0.000 confidence=true]
TOUCH t=5.634 device=0 frame=721 count=3 [id=0 state=hold xy=(704.874,-312.226) size=(33.225,33.219) sensitivity=0 orientation=0.000 confidence=true] [id=1 state=hold xy=(592.874,-377.798) size=(33.225,33.219) sensitivity=0 orientation=0.000 confidence=true] [id=2 state=hold xy=(487.505,-339.680) size=(33.225,33.219) sensitivity=0 orientation=0.000 confidence=true]
TOUCH t=5.640 device=0 frame=722 count=3 [id=0 state=hold xy=(704.874,-312.226) size=(33.225,33.219) sensitivity=0 orientation=0.000 confidence=true] [id=1 state=hold xy=(592.874,-377.798) size=(33.225,33.219) sensitivity=0 orientation=0.000 confidence=true] [id=2 state=hold xy=(487.505,-339.680) size=(33.225,33.219) sensitivity=0 orientation=0.000 confidence=true]
TOUCH t=5.646 device=0 frame=723 count=3 [id=0 state=hold xy=(704.874,-312.226) size=(33.225,33.219) sensitivity=0 orientation=0.000 confidence=true] [id=1 state=hold xy=(592.874,-377.798) size=(33.225,33.219) sensitivity=0 orientation=0.000 confidence=true] [id=2 state=hold xy=(487.505,-339.680) size=(33.225,33.219) sensitivity=0 orientation=0.000 confidence=true]
TOUCH t=5.649 device=0 frame=724 count=3 [id=0 state=hold xy=(704.874,-312.226) size=(33.225,33.219) sensitivity=0 orientation=0.000 confidence=true] [id=1 state=hold xy=(592.874,-377.798) size=(33.225,33.219) sensitivity=0 orientation=0.000 confidence=true] [id=2 state=hold xy=(487.505,-339.680) size=(33.225,33.219) sensitivity=0 orientation=0.000 confidence=true]
TOUCH t=5.654 device=0 frame=725 count=3 [id=0 state=hold xy=(704.874,-312.226) size=(33.225,33.219) sensitivity=0 orientation=0.000 confidence=true] [id=1 state=hold xy=(592.874,-377.798) size=(33.225,33.219) sensitivity=0 orientation=0.000 confidence=true] [id=2 state=hold xy=(487.505,-339.680) size=(33.225,33.219) sensitivity=0 orientation=0.000 confidence=true]
TOUCH t=5.660 device=0 frame=726 count=3 [id=0 state=hold xy=(704.874,-312.226) size=(33.225,33.219) sensitivity=0 orientation=0.000 confidence=true] [id=1 state=hold xy=(592.874,-377.798) size=(33.225,33.219) sensitivity=0 orientation=0.000 confidence=true] [id=2 state=hold xy=(487.505,-339.680) size=(33.225,33.219) sensitivity=0 orientation=0.000 confidence=true]
TOUCH t=5.665 device=0 frame=727 count=3 [id=0 state=hold xy=(704.874,-312.226) size=(33.225,33.219) sensitivity=0 orientation=0.000 confidence=true] [id=1 state=hold xy=(592.874,-377.798) size=(33.225,33.219) sensitivity=0 orientation=0.000 confidence=true] [id=2 state=hold xy=(487.505,-339.680) size=(33.225,33.219) sensitivity=0 orientation=0.000 confidence=true]
TOUCH t=5.670 device=0 frame=728 count=3 [id=0 state=hold xy=(704.874,-312.226) size=(33.225,33.219) sensitivity=0 orientation=0.000 confidence=true] [id=1 state=hold xy=(592.874,-377.798) size=(33.225,33.219) sensitivity=0 orientation=0.000 confidence=true] [id=2 state=hold xy=(487.505,-339.680) size=(33.225,33.219) sensitivity=0 orientation=0.000 confidence=true]
TOUCH t=5.675 device=0 frame=729 count=3 [id=0 state=hold xy=(704.874,-312.226) size=(33.225,33.219) sensitivity=0 orientation=0.000 confidence=true] [id=1 state=hold xy=(592.874,-377.798) size=(33.225,33.219) sensitivity=0 orientation=0.000 confidence=true] [id=2 state=hold xy=(487.505,-339.680) size=(33.225,33.219) sensitivity=0 orientation=0.000 confidence=true]
TOUCH t=5.680 device=0 frame=730 count=3 [id=0 state=hold xy=(704.874,-312.226) size=(33.225,33.219) sensitivity=0 orientation=0.000 confidence=true] [id=1 state=hold xy=(592.874,-377.798) size=(33.225,33.219) sensitivity=0 orientation=0.000 confidence=true] [id=2 state=hold xy=(487.505,-339.680) size=(33.225,33.219) sensitivity=0 orientation=0.000 confidence=true]
TOUCH t=5.688 device=0 frame=731 count=3 [id=0 state=hold xy=(704.874,-312.226) size=(33.225,33.219) sensitivity=0 orientation=0.000 confidence=true] [id=1 state=hold xy=(592.874,-377.798) size=(33.225,33.219) sensitivity=0 orientation=0.000 confidence=true] [id=2 state=hold xy=(487.505,-339.680) size=(33.225,33.219) sensitivity=0 orientation=0.000 confidence=true]
TOUCH t=5.692 device=0 frame=732 count=3 [id=0 state=hold xy=(704.874,-312.226) size=(33.225,33.219) sensitivity=0 orientation=0.000 confidence=true] [id=1 state=hold xy=(592.874,-377.798) size=(33.225,33.219) sensitivity=0 orientation=0.000 confidence=true] [id=2 state=hold xy=(487.505,-339.680) size=(33.225,33.219) sensitivity=0 orientation=0.000 confidence=true]
TOUCH t=5.696 device=0 frame=733 count=3 [id=0 state=hold xy=(704.874,-312.226) size=(33.225,33.219) sensitivity=0 orientation=0.000 confidence=true] [id=1 state=hold xy=(592.874,-377.798) size=(33.225,33.219) sensitivity=0 orientation=0.000 confidence=true] [id=2 state=hold xy=(487.505,-339.680) size=(33.225,33.219) sensitivity=0 orientation=0.000 confidence=true]
TOUCH t=5.701 device=0 frame=734 count=3 [id=0 state=hold xy=(704.874,-312.226) size=(33.225,33.219) sensitivity=0 orientation=0.000 confidence=true] [id=1 state=hold xy=(592.874,-377.798) size=(33.225,33.219) sensitivity=0 orientation=0.000 confidence=true] [id=2 state=hold xy=(487.505,-339.680) size=(33.225,33.219) sensitivity=0 orientation=0.000 confidence=true]
TOUCH t=5.707 device=0 frame=735 count=3 [id=0 state=hold xy=(704.874,-312.226) size=(33.225,33.219) sensitivity=0 orientation=0.000 confidence=true] [id=1 state=hold xy=(592.874,-377.798) size=(33.225,33.219) sensitivity=0 orientation=0.000 confidence=true] [id=2 state=hold xy=(487.505,-339.680) size=(33.225,33.219) sensitivity=0 orientation=0.000 confidence=true]
TOUCH t=5.712 device=0 frame=736 count=3 [id=0 state=hold xy=(704.874,-312.226) size=(33.225,33.219) sensitivity=0 orientation=0.000 confidence=true] [id=1 state=hold xy=(592.874,-377.798) size=(33.225,33.219) sensitivity=0 orientation=0.000 confidence=true] [id=2 state=hold xy=(487.505,-339.680) size=(33.225,33.219) sensitivity=0 orientation=0.000 confidence=true]
TOUCH t=5.718 device=0 frame=737 count=3 [id=0 state=hold xy=(704.874,-312.226) size=(33.225,33.219) sensitivity=0 orientation=0.000 confidence=true] [id=1 state=hold xy=(592.874,-377.798) size=(33.225,33.219) sensitivity=0 orientation=0.000 confidence=true] [id=2 state=hold xy=(487.505,-339.680) size=(33.225,33.219) sensitivity=0 orientation=0.000 confidence=true]
TOUCH t=5.722 device=0 frame=738 count=3 [id=0 state=hold xy=(704.874,-312.226) size=(33.225,33.219) sensitivity=0 orientation=0.000 confidence=true] [id=1 state=hold xy=(592.874,-377.798) size=(33.225,33.219) sensitivity=0 orientation=0.000 confidence=true] [id=2 state=hold xy=(487.505,-339.680) size=(33.225,33.219) sensitivity=0 orientation=0.000 confidence=true]
TOUCH t=5.727 device=0 frame=739 count=3 [id=0 state=hold xy=(704.874,-312.226) size=(33.225,33.219) sensitivity=0 orientation=0.000 confidence=true] [id=1 state=hold xy=(592.874,-377.798) size=(33.225,33.219) sensitivity=0 orientation=0.000 confidence=true] [id=2 state=hold xy=(487.505,-339.680) size=(33.225,33.219) sensitivity=0 orientation=0.000 confidence=true]
TOUCH t=5.732 device=0 frame=740 count=3 [id=0 state=hold xy=(704.874,-312.226) size=(33.225,33.219) sensitivity=0 orientation=0.000 confidence=true] [id=1 state=hold xy=(592.874,-377.798) size=(33.225,33.219) sensitivity=0 orientation=0.000 confidence=true] [id=2 state=hold xy=(487.505,-339.680) size=(33.225,33.219) sensitivity=0 orientation=0.000 confidence=true]
TOUCH t=5.737 device=0 frame=741 count=3 [id=0 state=hold xy=(704.874,-312.226) size=(33.225,33.219) sensitivity=0 orientation=0.000 confidence=true] [id=1 state=hold xy=(592.874,-377.798) size=(33.225,33.219) sensitivity=0 orientation=0.000 confidence=true] [id=2 state=hold xy=(487.505,-339.680) size=(33.225,33.219) sensitivity=0 orientation=0.000 confidence=true]
TOUCH t=5.743 device=0 frame=742 count=3 [id=0 state=hold xy=(704.874,-312.226) size=(33.225,33.219) sensitivity=0 orientation=0.000 confidence=true] [id=1 state=hold xy=(592.874,-377.798) size=(33.225,33.219) sensitivity=0 orientation=0.000 confidence=true] [id=2 state=hold xy=(487.505,-339.680) size=(33.225,33.219) sensitivity=0 orientation=0.000 confidence=true]
TOUCH t=5.748 device=0 frame=743 count=3 [id=0 state=hold xy=(704.874,-312.226) size=(33.225,33.219) sensitivity=0 orientation=0.000 confidence=true] [id=1 state=hold xy=(592.874,-377.798) size=(33.225,33.219) sensitivity=0 orientation=0.000 confidence=true] [id=2 state=hold xy=(487.505,-339.680) size=(33.225,33.219) sensitivity=0 orientation=0.000 confidence=true]
TOUCH t=5.753 device=0 frame=744 count=3 [id=0 state=hold xy=(704.874,-312.226) size=(33.225,33.219) sensitivity=0 orientation=0.000 confidence=true] [id=1 state=hold xy=(592.874,-377.798) size=(33.225,33.219) sensitivity=0 orientation=0.000 confidence=true] [id=2 state=hold xy=(487.505,-339.680) size=(33.225,33.219) sensitivity=0 orientation=0.000 confidence=true]
TOUCH t=5.760 device=0 frame=745 count=3 [id=0 state=hold xy=(704.874,-312.226) size=(33.225,33.219) sensitivity=0 orientation=0.000 confidence=true] [id=1 state=hold xy=(592.874,-377.798) size=(33.225,33.219) sensitivity=0 orientation=0.000 confidence=true] [id=2 state=hold xy=(487.505,-339.680) size=(33.225,33.219) sensitivity=0 orientation=0.000 confidence=true]
TOUCH t=5.764 device=0 frame=746 count=3 [id=0 state=hold xy=(704.874,-312.226) size=(33.225,33.219) sensitivity=0 orientation=0.000 confidence=true] [id=1 state=hold xy=(592.874,-377.798) size=(33.225,33.219) sensitivity=0 orientation=0.000 confidence=true] [id=2 state=hold xy=(487.505,-339.680) size=(33.225,33.219) sensitivity=0 orientation=0.000 confidence=true]
TOUCH t=5.771 device=0 frame=747 count=3 [id=0 state=hold xy=(704.874,-312.226) size=(33.225,33.219) sensitivity=0 orientation=0.000 confidence=true] [id=1 state=hold xy=(592.874,-377.798) size=(33.225,33.219) sensitivity=0 orientation=0.000 confidence=true] [id=2 state=hold xy=(487.505,-339.680) size=(33.225,33.219) sensitivity=0 orientation=0.000 confidence=true]
TOUCH t=5.775 device=0 frame=748 count=3 [id=0 state=hold xy=(704.874,-312.226) size=(33.225,33.219) sensitivity=0 orientation=0.000 confidence=true] [id=1 state=hold xy=(592.874,-377.798) size=(33.225,33.219) sensitivity=0 orientation=0.000 confidence=true] [id=2 state=hold xy=(487.505,-339.680) size=(33.225,33.219) sensitivity=0 orientation=0.000 confidence=true]
TOUCH t=5.781 device=0 frame=749 count=3 [id=0 state=hold xy=(704.874,-312.226) size=(33.225,33.219) sensitivity=0 orientation=0.000 confidence=true] [id=1 state=hold xy=(592.874,-377.798) size=(33.225,33.219) sensitivity=0 orientation=0.000 confidence=true] [id=2 state=hold xy=(487.505,-339.680) size=(33.225,33.219) sensitivity=0 orientation=0.000 confidence=true]
TOUCH t=5.787 device=0 frame=750 count=3 [id=0 state=hold xy=(704.874,-312.226) size=(33.225,33.219) sensitivity=0 orientation=0.000 confidence=true] [id=1 state=hold xy=(592.874,-377.798) size=(33.225,33.219) sensitivity=0 orientation=0.000 confidence=true] [id=2 state=hold xy=(487.505,-339.680) size=(33.225,33.219) sensitivity=0 orientation=0.000 confidence=true]
TOUCH t=5.793 device=0 frame=751 count=3 [id=0 state=hold xy=(704.874,-312.226) size=(33.225,33.219) sensitivity=0 orientation=0.000 confidence=true] [id=1 state=hold xy=(592.874,-377.798) size=(33.225,33.219) sensitivity=0 orientation=0.000 confidence=true] [id=2 state=hold xy=(487.505,-339.680) size=(33.225,33.219) sensitivity=0 orientation=0.000 confidence=true]
TOUCH t=5.797 device=0 frame=752 count=3 [id=0 state=hold xy=(704.874,-312.226) size=(33.225,33.219) sensitivity=0 orientation=0.000 confidence=true] [id=1 state=hold xy=(592.874,-377.798) size=(33.225,33.219) sensitivity=0 orientation=0.000 confidence=true] [id=2 state=hold xy=(487.505,-339.680) size=(33.225,33.219) sensitivity=0 orientation=0.000 confidence=true]
TOUCH t=5.802 device=0 frame=753 count=3 [id=0 state=hold xy=(704.874,-312.226) size=(33.225,33.219) sensitivity=0 orientation=0.000 confidence=true] [id=1 state=hold xy=(592.874,-377.798) size=(33.225,33.219) sensitivity=0 orientation=0.000 confidence=true] [id=2 state=hold xy=(487.505,-339.680) size=(33.225,33.219) sensitivity=0 orientation=0.000 confidence=true]
TOUCH t=5.810 device=0 frame=754 count=3 [id=0 state=hold xy=(704.874,-312.226) size=(33.225,33.219) sensitivity=0 orientation=0.000 confidence=false] [id=1 state=hold xy=(592.874,-377.798) size=(33.225,33.219) sensitivity=0 orientation=0.000 confidence=false] [id=2 state=hold xy=(487.505,-339.680) size=(33.225,33.219) sensitivity=0 orientation=0.000 confidence=false]
TOUCH t=5.815 device=0 frame=755 count=3 [id=0 state=hold xy=(704.874,-312.226) size=(33.225,33.219) sensitivity=0 orientation=0.000 confidence=false] [id=1 state=hold xy=(592.874,-377.798) size=(33.225,33.219) sensitivity=0 orientation=0.000 confidence=false] [id=2 state=hold xy=(487.505,-339.680) size=(33.225,33.219) sensitivity=0 orientation=0.000 confidence=false]
TOUCH t=5.818 device=0 frame=756 count=3 [id=0 state=hold xy=(704.874,-312.226) size=(33.225,33.219) sensitivity=0 orientation=0.000 confidence=false] [id=1 state=hold xy=(592.874,-377.798) size=(33.225,33.219) sensitivity=0 orientation=0.000 confidence=false] [id=2 state=hold xy=(487.505,-339.680) size=(33.225,33.219) sensitivity=0 orientation=0.000 confidence=false]
TOUCH t=5.825 device=0 frame=757 count=3 [id=0 state=hold xy=(704.874,-312.226) size=(33.225,33.219) sensitivity=0 orientation=0.000 confidence=false] [id=1 state=hold xy=(592.874,-377.798) size=(33.225,33.219) sensitivity=0 orientation=0.000 confidence=false] [id=2 state=hold xy=(487.505,-339.680) size=(33.225,33.219) sensitivity=0 orientation=0.000 confidence=false]
TOUCH t=5.830 device=0 frame=758 count=3 [id=0 state=hold xy=(704.874,-312.226) size=(33.225,33.219) sensitivity=0 orientation=0.000 confidence=false] [id=1 state=hold xy=(592.874,-377.798) size=(33.225,33.219) sensitivity=0 orientation=0.000 confidence=false] [id=2 state=hold xy=(487.505,-339.680) size=(33.225,33.219) sensitivity=0 orientation=0.000 confidence=false]
TOUCH t=5.834 device=0 frame=759 count=3 [id=0 state=hold xy=(704.874,-312.226) size=(33.225,33.219) sensitivity=0 orientation=0.000 confidence=false] [id=1 state=hold xy=(592.874,-377.798) size=(33.225,33.219) sensitivity=0 orientation=0.000 confidence=false] [id=2 state=hold xy=(487.505,-339.680) size=(33.225,33.219) sensitivity=0 orientation=0.000 confidence=false]
TOUCH t=5.840 device=0 frame=760 count=3 [id=0 state=hold xy=(704.874,-312.226) size=(33.225,33.219) sensitivity=0 orientation=0.000 confidence=false] [id=1 state=hold xy=(592.874,-377.798) size=(33.225,33.219) sensitivity=0 orientation=0.000 confidence=false] [id=2 state=hold xy=(487.505,-339.680) size=(33.225,33.219) sensitivity=0 orientation=0.000 confidence=false]
TOUCH t=5.846 device=0 frame=761 count=3 [id=0 state=hold xy=(704.874,-312.226) size=(33.225,33.219) sensitivity=0 orientation=0.000 confidence=false] [id=1 state=hold xy=(592.874,-377.798) size=(33.225,33.219) sensitivity=0 orientation=0.000 confidence=false] [id=2 state=hold xy=(487.505,-339.680) size=(33.225,33.219) sensitivity=0 orientation=0.000 confidence=false]
TOUCH t=5.851 device=0 frame=762 count=3 [id=0 state=hold xy=(704.874,-312.226) size=(33.225,33.219) sensitivity=0 orientation=0.000 confidence=false] [id=1 state=hold xy=(592.874,-377.798) size=(33.225,33.219) sensitivity=0 orientation=0.000 confidence=false] [id=2 state=hold xy=(487.505,-339.680) size=(33.225,33.219) sensitivity=0 orientation=0.000 confidence=false]
TOUCH t=5.863 device=0 frame=763 count=3 [id=0 state=hold xy=(704.874,-312.226) size=(33.225,33.219) sensitivity=0 orientation=0.000 confidence=false] [id=1 state=hold xy=(592.874,-377.798) size=(33.225,33.219) sensitivity=0 orientation=0.000 confidence=false] [id=2 state=hold xy=(487.505,-339.680) size=(33.225,33.219) sensitivity=0 orientation=0.000 confidence=false]
TOUCH t=5.869 device=0 frame=764 count=3 [id=0 state=hold xy=(704.874,-312.226) size=(33.225,33.219) sensitivity=0 orientation=0.000 confidence=false] [id=1 state=hold xy=(592.874,-377.798) size=(33.225,33.219) sensitivity=0 orientation=0.000 confidence=false] [id=2 state=hold xy=(487.505,-339.680) size=(33.225,33.219) sensitivity=0 orientation=0.000 confidence=false]
TOUCH t=5.872 device=0 frame=765 count=3 [id=0 state=hold xy=(704.874,-312.226) size=(33.225,33.219) sensitivity=0 orientation=0.000 confidence=false] [id=1 state=hold xy=(592.874,-377.798) size=(33.225,33.219) sensitivity=0 orientation=0.000 confidence=false] [id=2 state=hold xy=(487.505,-339.680) size=(33.225,33.219) sensitivity=0 orientation=0.000 confidence=false]
TOUCH t=5.875 device=0 frame=766 count=3 [id=0 state=hold xy=(704.874,-312.226) size=(33.225,33.219) sensitivity=0 orientation=0.000 confidence=false] [id=1 state=hold xy=(592.874,-377.798) size=(33.225,33.219) sensitivity=0 orientation=0.000 confidence=false] [id=2 state=hold xy=(487.505,-339.680) size=(33.225,33.219) sensitivity=0 orientation=0.000 confidence=false]
TOUCH t=5.876 device=0 frame=767 count=3 [id=0 state=hold xy=(704.874,-312.226) size=(33.225,33.219) sensitivity=0 orientation=0.000 confidence=false] [id=1 state=hold xy=(592.874,-377.798) size=(33.225,33.219) sensitivity=0 orientation=0.000 confidence=false] [id=2 state=hold xy=(487.505,-339.680) size=(33.225,33.219) sensitivity=0 orientation=0.000 confidence=false]
TOUCH t=5.881 device=0 frame=768 count=3 [id=0 state=hold xy=(704.874,-312.226) size=(33.225,33.219) sensitivity=0 orientation=0.000 confidence=false] [id=1 state=hold xy=(592.874,-377.798) size=(33.225,33.219) sensitivity=0 orientation=0.000 confidence=false] [id=2 state=hold xy=(487.505,-339.680) size=(33.225,33.219) sensitivity=0 orientation=0.000 confidence=false]
TOUCH t=5.888 device=0 frame=769 count=3 [id=0 state=hold xy=(704.874,-312.226) size=(33.225,33.219) sensitivity=0 orientation=0.000 confidence=false] [id=1 state=hold xy=(592.874,-377.798) size=(33.225,33.219) sensitivity=0 orientation=0.000 confidence=false] [id=2 state=hold xy=(487.505,-339.680) size=(33.225,33.219) sensitivity=0 orientation=0.000 confidence=false]
TOUCH t=5.893 device=0 frame=770 count=3 [id=0 state=hold xy=(704.874,-312.226) size=(33.225,33.219) sensitivity=0 orientation=0.000 confidence=false] [id=1 state=hold xy=(592.874,-377.798) size=(33.225,33.219) sensitivity=0 orientation=0.000 confidence=false] [id=2 state=hold xy=(487.505,-339.680) size=(33.225,33.219) sensitivity=0 orientation=0.000 confidence=false]
TOUCH t=5.897 device=0 frame=771 count=3 [id=0 state=hold xy=(704.874,-312.226) size=(33.225,33.219) sensitivity=0 orientation=0.000 confidence=false] [id=1 state=hold xy=(592.874,-377.798) size=(33.225,33.219) sensitivity=0 orientation=0.000 confidence=false] [id=2 state=hold xy=(487.505,-339.680) size=(33.225,33.219) sensitivity=0 orientation=0.000 confidence=false]
TOUCH t=5.902 device=0 frame=772 count=3 [id=0 state=hold xy=(704.874,-312.226) size=(33.225,33.219) sensitivity=0 orientation=0.000 confidence=false] [id=1 state=hold xy=(592.874,-377.798) size=(33.225,33.219) sensitivity=0 orientation=0.000 confidence=false] [id=2 state=hold xy=(487.505,-339.680) size=(33.225,33.219) sensitivity=0 orientation=0.000 confidence=false]
TOUCH t=5.907 device=0 frame=773 count=3 [id=0 state=hold xy=(704.874,-312.226) size=(33.225,33.219) sensitivity=0 orientation=0.000 confidence=false] [id=1 state=hold xy=(592.874,-377.798) size=(33.225,33.219) sensitivity=0 orientation=0.000 confidence=false] [id=2 state=hold xy=(487.505,-339.680) size=(33.225,33.219) sensitivity=0 orientation=0.000 confidence=false]
TOUCH t=5.914 device=0 frame=774 count=3 [id=0 state=hold xy=(704.874,-312.226) size=(33.225,33.219) sensitivity=0 orientation=0.000 confidence=false] [id=1 state=hold xy=(592.874,-377.798) size=(33.225,33.219) sensitivity=0 orientation=0.000 confidence=false] [id=2 state=hold xy=(487.505,-339.680) size=(33.225,33.219) sensitivity=0 orientation=0.000 confidence=false]
TOUCH t=5.919 device=0 frame=775 count=3 [id=0 state=hold xy=(704.874,-312.226) size=(33.225,33.219) sensitivity=0 orientation=0.000 confidence=false] [id=1 state=hold xy=(592.874,-377.798) size=(33.225,33.219) sensitivity=0 orientation=0.000 confidence=false] [id=2 state=hold xy=(487.505,-339.680) size=(33.225,33.219) sensitivity=0 orientation=0.000 confidence=false]
TOUCH t=5.924 device=0 frame=776 count=3 [id=0 state=hold xy=(704.874,-312.226) size=(33.225,33.219) sensitivity=0 orientation=0.000 confidence=false] [id=1 state=hold xy=(592.874,-377.798) size=(33.225,33.219) sensitivity=0 orientation=0.000 confidence=false] [id=2 state=hold xy=(487.505,-339.680) size=(33.225,33.219) sensitivity=0 orientation=0.000 confidence=false]
TOUCH t=5.928 device=0 frame=777 count=3 [id=0 state=hold xy=(704.874,-312.226) size=(33.225,33.219) sensitivity=0 orientation=0.000 confidence=false] [id=1 state=hold xy=(592.874,-377.798) size=(33.225,33.219) sensitivity=0 orientation=0.000 confidence=false] [id=2 state=hold xy=(487.505,-339.680) size=(33.225,33.219) sensitivity=0 orientation=0.000 confidence=false]
TOUCH t=5.933 device=0 frame=778 count=3 [id=0 state=hold xy=(704.874,-312.226) size=(33.225,33.219) sensitivity=0 orientation=0.000 confidence=false] [id=1 state=hold xy=(592.874,-377.798) size=(33.225,33.219) sensitivity=0 orientation=0.000 confidence=false] [id=2 state=hold xy=(487.505,-339.680) size=(33.225,33.219) sensitivity=0 orientation=0.000 confidence=false]
TOUCH t=5.941 device=0 frame=779 count=3 [id=0 state=hold xy=(704.874,-312.226) size=(33.225,33.219) sensitivity=0 orientation=0.000 confidence=false] [id=1 state=hold xy=(592.874,-377.798) size=(33.225,33.219) sensitivity=0 orientation=0.000 confidence=false] [id=2 state=hold xy=(487.505,-339.680) size=(33.225,33.219) sensitivity=0 orientation=0.000 confidence=false]
TOUCH t=5.946 device=0 frame=780 count=3 [id=0 state=hold xy=(704.874,-312.226) size=(33.225,33.219) sensitivity=0 orientation=0.000 confidence=false] [id=1 state=hold xy=(592.874,-377.798) size=(33.225,33.219) sensitivity=0 orientation=0.000 confidence=false] [id=2 state=hold xy=(487.505,-339.680) size=(33.225,33.219) sensitivity=0 orientation=0.000 confidence=false]
TOUCH t=5.949 device=0 frame=781 count=3 [id=0 state=hold xy=(704.874,-312.226) size=(33.225,33.219) sensitivity=0 orientation=0.000 confidence=false] [id=1 state=hold xy=(592.874,-377.798) size=(33.225,33.219) sensitivity=0 orientation=0.000 confidence=false] [id=2 state=hold xy=(487.505,-339.680) size=(33.225,33.219) sensitivity=0 orientation=0.000 confidence=false]
TOUCH t=5.953 device=0 frame=782 count=3 [id=0 state=hold xy=(704.874,-312.226) size=(33.225,33.219) sensitivity=0 orientation=0.000 confidence=false] [id=1 state=hold xy=(592.874,-377.798) size=(33.225,33.219) sensitivity=0 orientation=0.000 confidence=false] [id=2 state=hold xy=(487.505,-339.680) size=(33.225,33.219) sensitivity=0 orientation=0.000 confidence=false]
TOUCH t=5.961 device=0 frame=783 count=3 [id=0 state=hold xy=(704.874,-312.226) size=(33.225,33.219) sensitivity=0 orientation=0.000 confidence=false] [id=1 state=hold xy=(592.874,-377.798) size=(33.225,33.219) sensitivity=0 orientation=0.000 confidence=false] [id=2 state=hold xy=(487.505,-339.680) size=(33.225,33.219) sensitivity=0 orientation=0.000 confidence=false]
TOUCH t=5.965 device=0 frame=784 count=3 [id=0 state=hold xy=(704.874,-312.226) size=(33.225,33.219) sensitivity=0 orientation=0.000 confidence=false] [id=1 state=hold xy=(592.874,-377.798) size=(33.225,33.219) sensitivity=0 orientation=0.000 confidence=false] [id=2 state=hold xy=(487.505,-339.680) size=(33.225,33.219) sensitivity=0 orientation=0.000 confidence=false]
TOUCH t=5.970 device=0 frame=785 count=3 [id=0 state=hold xy=(704.874,-312.226) size=(33.225,33.219) sensitivity=0 orientation=0.000 confidence=false] [id=1 state=hold xy=(592.874,-377.798) size=(33.225,33.219) sensitivity=0 orientation=0.000 confidence=false] [id=2 state=hold xy=(487.505,-339.680) size=(33.225,33.219) sensitivity=0 orientation=0.000 confidence=false]
TOUCH t=5.978 device=0 frame=786 count=3 [id=0 state=hold xy=(704.874,-312.226) size=(33.225,33.219) sensitivity=0 orientation=0.000 confidence=false] [id=1 state=hold xy=(592.874,-377.798) size=(33.225,33.219) sensitivity=0 orientation=0.000 confidence=false] [id=2 state=hold xy=(487.505,-339.680) size=(33.225,33.219) sensitivity=0 orientation=0.000 confidence=false]
TOUCH t=5.984 device=0 frame=787 count=3 [id=0 state=hold xy=(704.874,-312.226) size=(33.225,33.219) sensitivity=0 orientation=0.000 confidence=false] [id=1 state=hold xy=(592.874,-377.798) size=(33.225,33.219) sensitivity=0 orientation=0.000 confidence=false] [id=2 state=hold xy=(487.505,-339.680) size=(33.225,33.219) sensitivity=0 orientation=0.000 confidence=false]
TOUCH t=5.986 device=0 frame=788 count=3 [id=0 state=hold xy=(704.874,-312.226) size=(33.225,33.219) sensitivity=0 orientation=0.000 confidence=false] [id=1 state=hold xy=(592.874,-377.798) size=(33.225,33.219) sensitivity=0 orientation=0.000 confidence=false] [id=2 state=hold xy=(487.505,-339.680) size=(33.225,33.219) sensitivity=0 orientation=0.000 confidence=false]
TOUCH t=5.996 device=0 frame=789 count=3 [id=0 state=hold xy=(704.874,-312.226) size=(33.225,33.219) sensitivity=0 orientation=0.000 confidence=false] [id=1 state=hold xy=(592.874,-377.798) size=(33.225,33.219) sensitivity=0 orientation=0.000 confidence=false] [id=2 state=hold xy=(487.505,-339.680) size=(33.225,33.219) sensitivity=0 orientation=0.000 confidence=false]
TOUCH t=5.996 device=0 frame=790 count=3 [id=0 state=hold xy=(704.874,-312.226) size=(33.225,33.219) sensitivity=0 orientation=0.000 confidence=false] [id=1 state=hold xy=(592.874,-377.798) size=(33.225,33.219) sensitivity=0 orientation=0.000 confidence=false] [id=2 state=hold xy=(487.505,-339.680) size=(33.225,33.219) sensitivity=0 orientation=0.000 confidence=false]
TOUCH t=6.001 device=0 frame=791 count=3 [id=0 state=hold xy=(704.874,-312.226) size=(33.225,33.219) sensitivity=0 orientation=0.000 confidence=false] [id=1 state=hold xy=(592.874,-377.798) size=(33.225,33.219) sensitivity=0 orientation=0.000 confidence=false] [id=2 state=hold xy=(487.505,-339.680) size=(33.225,33.219) sensitivity=0 orientation=0.000 confidence=false]
TOUCH t=6.008 device=0 frame=792 count=3 [id=0 state=hold xy=(704.874,-312.226) size=(33.225,33.219) sensitivity=0 orientation=0.000 confidence=false] [id=1 state=hold xy=(592.874,-377.798) size=(33.225,33.219) sensitivity=0 orientation=0.000 confidence=false] [id=2 state=hold xy=(487.505,-339.680) size=(33.225,33.219) sensitivity=0 orientation=0.000 confidence=false]
TOUCH t=6.012 device=0 frame=793 count=3 [id=0 state=hold xy=(704.874,-312.226) size=(33.225,33.219) sensitivity=0 orientation=0.000 confidence=false] [id=1 state=hold xy=(592.874,-377.798) size=(33.225,33.219) sensitivity=0 orientation=0.000 confidence=false] [id=2 state=hold xy=(487.505,-339.680) size=(33.225,33.219) sensitivity=0 orientation=0.000 confidence=false]
TOUCH t=6.017 device=0 frame=794 count=3 [id=0 state=hold xy=(704.874,-312.226) size=(33.225,33.219) sensitivity=0 orientation=0.000 confidence=false] [id=1 state=hold xy=(592.874,-377.798) size=(33.225,33.219) sensitivity=0 orientation=0.000 confidence=false] [id=2 state=hold xy=(487.505,-339.680) size=(33.225,33.219) sensitivity=0 orientation=0.000 confidence=false]
TOUCH t=6.024 device=0 frame=795 count=3 [id=0 state=hold xy=(704.874,-312.226) size=(33.225,33.219) sensitivity=0 orientation=0.000 confidence=false] [id=1 state=hold xy=(592.874,-377.798) size=(33.225,33.219) sensitivity=0 orientation=0.000 confidence=false] [id=2 state=hold xy=(487.505,-339.680) size=(33.225,33.219) sensitivity=0 orientation=0.000 confidence=false]
TOUCH t=6.028 device=0 frame=796 count=3 [id=0 state=hold xy=(704.874,-312.226) size=(33.225,33.219) sensitivity=0 orientation=0.000 confidence=false] [id=1 state=hold xy=(592.874,-377.798) size=(33.225,33.219) sensitivity=0 orientation=0.000 confidence=false] [id=2 state=hold xy=(487.505,-339.680) size=(33.225,33.219) sensitivity=0 orientation=0.000 confidence=false]
TOUCH t=6.034 device=0 frame=797 count=3 [id=0 state=hold xy=(704.874,-312.226) size=(33.225,33.219) sensitivity=0 orientation=0.000 confidence=false] [id=1 state=hold xy=(592.874,-377.798) size=(33.225,33.219) sensitivity=0 orientation=0.000 confidence=false] [id=2 state=hold xy=(487.505,-339.680) size=(33.225,33.219) sensitivity=0 orientation=0.000 confidence=false]
TOUCH t=6.040 device=0 frame=798 count=3 [id=0 state=hold xy=(704.874,-312.226) size=(33.225,33.219) sensitivity=0 orientation=0.000 confidence=false] [id=1 state=hold xy=(592.874,-377.798) size=(33.225,33.219) sensitivity=0 orientation=0.000 confidence=false] [id=2 state=hold xy=(487.505,-339.680) size=(33.225,33.219) sensitivity=0 orientation=0.000 confidence=false]
TOUCH t=6.045 device=0 frame=799 count=3 [id=0 state=hold xy=(704.874,-312.226) size=(33.225,33.219) sensitivity=0 orientation=0.000 confidence=false] [id=1 state=hold xy=(592.874,-377.798) size=(33.225,33.219) sensitivity=0 orientation=0.000 confidence=false] [id=2 state=hold xy=(487.505,-339.680) size=(33.225,33.219) sensitivity=0 orientation=0.000 confidence=false]
TOUCH t=6.049 device=0 frame=800 count=3 [id=0 state=hold xy=(704.874,-312.226) size=(33.225,33.219) sensitivity=0 orientation=0.000 confidence=false] [id=1 state=hold xy=(592.874,-377.798) size=(33.225,33.219) sensitivity=0 orientation=0.000 confidence=false] [id=2 state=hold xy=(487.505,-339.680) size=(33.225,33.219) sensitivity=0 orientation=0.000 confidence=false]
TOUCH t=6.054 device=0 frame=801 count=3 [id=0 state=hold xy=(704.874,-312.226) size=(33.225,33.219) sensitivity=0 orientation=0.000 confidence=false] [id=1 state=hold xy=(592.874,-377.798) size=(33.225,33.219) sensitivity=0 orientation=0.000 confidence=false] [id=2 state=hold xy=(487.505,-339.680) size=(33.225,33.219) sensitivity=0 orientation=0.000 confidence=false]
TOUCH t=6.063 device=0 frame=802 count=3 [id=0 state=hold xy=(704.874,-312.226) size=(33.225,33.219) sensitivity=0 orientation=0.000 confidence=false] [id=1 state=hold xy=(592.874,-377.798) size=(33.225,33.219) sensitivity=0 orientation=0.000 confidence=false] [id=2 state=hold xy=(487.505,-339.680) size=(33.225,33.219) sensitivity=0 orientation=0.000 confidence=false]
TOUCH t=6.065 device=0 frame=803 count=3 [id=0 state=hold xy=(704.874,-312.226) size=(33.225,33.219) sensitivity=0 orientation=0.000 confidence=false] [id=1 state=hold xy=(592.874,-377.798) size=(33.225,33.219) sensitivity=0 orientation=0.000 confidence=false] [id=2 state=hold xy=(487.505,-339.680) size=(33.225,33.219) sensitivity=0 orientation=0.000 confidence=false]
TOUCH t=6.069 device=0 frame=804 count=3 [id=0 state=hold xy=(704.874,-312.226) size=(33.225,33.219) sensitivity=0 orientation=0.000 confidence=false] [id=1 state=hold xy=(592.874,-377.798) size=(33.225,33.219) sensitivity=0 orientation=0.000 confidence=false] [id=2 state=hold xy=(487.505,-339.680) size=(33.225,33.219) sensitivity=0 orientation=0.000 confidence=false]
TOUCH t=6.078 device=0 frame=805 count=3 [id=0 state=hold xy=(704.874,-312.226) size=(33.225,33.219) sensitivity=0 orientation=0.000 confidence=false] [id=1 state=hold xy=(592.874,-377.798) size=(33.225,33.219) sensitivity=0 orientation=0.000 confidence=false] [id=2 state=hold xy=(487.505,-339.680) size=(33.225,33.219) sensitivity=0 orientation=0.000 confidence=false]
TOUCH t=6.081 device=0 frame=806 count=3 [id=0 state=hold xy=(704.874,-312.226) size=(33.225,33.219) sensitivity=0 orientation=0.000 confidence=false] [id=1 state=hold xy=(592.874,-377.798) size=(33.225,33.219) sensitivity=0 orientation=0.000 confidence=false] [id=2 state=hold xy=(487.505,-339.680) size=(33.225,33.219) sensitivity=0 orientation=0.000 confidence=false]
TOUCH t=6.087 device=0 frame=807 count=3 [id=0 state=hold xy=(704.874,-312.226) size=(33.225,33.219) sensitivity=0 orientation=0.000 confidence=false] [id=1 state=hold xy=(592.874,-377.798) size=(33.225,33.219) sensitivity=0 orientation=0.000 confidence=false] [id=2 state=hold xy=(487.505,-339.680) size=(33.225,33.219) sensitivity=0 orientation=0.000 confidence=false]
TOUCH t=6.091 device=0 frame=808 count=3 [id=0 state=hold xy=(704.874,-312.226) size=(33.225,33.219) sensitivity=0 orientation=0.000 confidence=false] [id=1 state=hold xy=(592.874,-377.798) size=(33.225,33.219) sensitivity=0 orientation=0.000 confidence=false] [id=2 state=hold xy=(487.505,-339.680) size=(33.225,33.219) sensitivity=0 orientation=0.000 confidence=false]
TOUCH t=6.096 device=0 frame=809 count=3 [id=0 state=hold xy=(704.874,-312.226) size=(33.225,33.219) sensitivity=0 orientation=0.000 confidence=false] [id=1 state=hold xy=(592.874,-377.798) size=(33.225,33.219) sensitivity=0 orientation=0.000 confidence=false] [id=2 state=hold xy=(487.505,-339.680) size=(33.225,33.219) sensitivity=0 orientation=0.000 confidence=false]
TOUCH t=6.100 device=0 frame=810 count=3 [id=0 state=hold xy=(704.874,-312.226) size=(33.225,33.219) sensitivity=0 orientation=0.000 confidence=false] [id=1 state=hold xy=(592.874,-377.798) size=(33.225,33.219) sensitivity=0 orientation=0.000 confidence=false] [id=2 state=hold xy=(487.505,-339.680) size=(33.225,33.219) sensitivity=0 orientation=0.000 confidence=false]
TOUCH t=6.109 device=0 frame=811 count=3 [id=0 state=hold xy=(704.874,-312.226) size=(33.225,33.219) sensitivity=0 orientation=0.000 confidence=false] [id=1 state=hold xy=(592.874,-377.798) size=(33.225,33.219) sensitivity=0 orientation=0.000 confidence=false] [id=2 state=hold xy=(487.505,-339.680) size=(33.225,33.219) sensitivity=0 orientation=0.000 confidence=false]
TOUCH t=6.112 device=0 frame=812 count=3 [id=0 state=hold xy=(704.874,-312.226) size=(33.225,33.219) sensitivity=0 orientation=0.000 confidence=false] [id=1 state=hold xy=(592.874,-377.798) size=(33.225,33.219) sensitivity=0 orientation=0.000 confidence=false] [id=2 state=hold xy=(487.505,-339.680) size=(33.225,33.219) sensitivity=0 orientation=0.000 confidence=false]
TOUCH t=6.116 device=0 frame=813 count=3 [id=0 state=hold xy=(704.874,-312.226) size=(33.225,33.219) sensitivity=0 orientation=0.000 confidence=false] [id=1 state=hold xy=(592.874,-377.798) size=(33.225,33.219) sensitivity=0 orientation=0.000 confidence=false] [id=2 state=hold xy=(487.505,-339.680) size=(33.225,33.219) sensitivity=0 orientation=0.000 confidence=false]
TOUCH t=6.123 device=0 frame=814 count=3 [id=0 state=hold xy=(704.874,-312.226) size=(33.225,33.219) sensitivity=0 orientation=0.000 confidence=false] [id=1 state=hold xy=(592.874,-377.798) size=(33.225,33.219) sensitivity=0 orientation=0.000 confidence=false] [id=2 state=hold xy=(487.505,-339.680) size=(33.225,33.219) sensitivity=0 orientation=0.000 confidence=false]
TOUCH t=6.127 device=0 frame=815 count=3 [id=0 state=hold xy=(704.874,-312.226) size=(33.225,33.219) sensitivity=0 orientation=0.000 confidence=false] [id=1 state=hold xy=(592.874,-377.798) size=(33.225,33.219) sensitivity=0 orientation=0.000 confidence=false] [id=2 state=hold xy=(487.505,-339.680) size=(33.225,33.219) sensitivity=0 orientation=0.000 confidence=false]
TOUCH t=6.134 device=0 frame=816 count=3 [id=0 state=hold xy=(704.874,-312.226) size=(33.225,33.219) sensitivity=0 orientation=0.000 confidence=false] [id=1 state=hold xy=(592.874,-377.798) size=(33.225,33.219) sensitivity=0 orientation=0.000 confidence=false] [id=2 state=hold xy=(487.505,-339.680) size=(33.225,33.219) sensitivity=0 orientation=0.000 confidence=false]
TOUCH t=6.137 device=0 frame=817 count=3 [id=0 state=hold xy=(704.874,-312.226) size=(33.225,33.219) sensitivity=0 orientation=0.000 confidence=false] [id=1 state=hold xy=(592.874,-377.798) size=(33.225,33.219) sensitivity=0 orientation=0.000 confidence=false] [id=2 state=hold xy=(487.505,-339.680) size=(33.225,33.219) sensitivity=0 orientation=0.000 confidence=false]
TOUCH t=6.141 device=0 frame=818 count=3 [id=0 state=hold xy=(704.874,-312.226) size=(33.225,33.219) sensitivity=0 orientation=0.000 confidence=false] [id=1 state=hold xy=(592.874,-377.798) size=(33.225,33.219) sensitivity=0 orientation=0.000 confidence=false] [id=2 state=hold xy=(487.505,-339.680) size=(33.225,33.219) sensitivity=0 orientation=0.000 confidence=false]
TOUCH t=6.150 device=0 frame=819 count=3 [id=0 state=hold xy=(704.874,-312.226) size=(33.225,33.219) sensitivity=0 orientation=0.000 confidence=false] [id=1 state=hold xy=(592.874,-377.798) size=(33.225,33.219) sensitivity=0 orientation=0.000 confidence=false] [id=2 state=hold xy=(487.505,-339.680) size=(33.225,33.219) sensitivity=0 orientation=0.000 confidence=false]
TOUCH t=6.153 device=0 frame=820 count=3 [id=0 state=hold xy=(704.874,-312.226) size=(33.225,33.219) sensitivity=0 orientation=0.000 confidence=false] [id=1 state=hold xy=(592.874,-377.798) size=(33.225,33.219) sensitivity=0 orientation=0.000 confidence=false] [id=2 state=hold xy=(487.505,-339.680) size=(33.225,33.219) sensitivity=0 orientation=0.000 confidence=false]
TOUCH t=6.159 device=0 frame=821 count=3 [id=0 state=hold xy=(704.874,-312.226) size=(33.225,33.219) sensitivity=0 orientation=0.000 confidence=false] [id=1 state=hold xy=(592.874,-377.798) size=(33.225,33.219) sensitivity=0 orientation=0.000 confidence=false] [id=2 state=hold xy=(487.505,-339.680) size=(33.225,33.219) sensitivity=0 orientation=0.000 confidence=false]
TOUCH t=6.163 device=0 frame=822 count=3 [id=0 state=hold xy=(704.874,-312.226) size=(33.225,33.219) sensitivity=0 orientation=0.000 confidence=false] [id=1 state=hold xy=(592.874,-377.798) size=(33.225,33.219) sensitivity=0 orientation=0.000 confidence=false] [id=2 state=hold xy=(487.505,-339.680) size=(33.225,33.219) sensitivity=0 orientation=0.000 confidence=false]
TOUCH t=6.169 device=0 frame=823 count=3 [id=0 state=hold xy=(704.874,-312.226) size=(33.225,33.219) sensitivity=0 orientation=0.000 confidence=false] [id=1 state=hold xy=(592.874,-377.798) size=(33.225,33.219) sensitivity=0 orientation=0.000 confidence=false] [id=2 state=hold xy=(487.505,-339.680) size=(33.225,33.219) sensitivity=0 orientation=0.000 confidence=false]
TOUCH t=6.174 device=0 frame=824 count=3 [id=0 state=hold xy=(704.874,-312.226) size=(33.225,33.219) sensitivity=0 orientation=0.000 confidence=false] [id=1 state=hold xy=(592.874,-377.798) size=(33.225,33.219) sensitivity=0 orientation=0.000 confidence=false] [id=2 state=hold xy=(487.505,-339.680) size=(33.225,33.219) sensitivity=0 orientation=0.000 confidence=false]
TOUCH t=6.180 device=0 frame=825 count=3 [id=0 state=hold xy=(704.874,-312.226) size=(33.225,33.219) sensitivity=0 orientation=0.000 confidence=false] [id=1 state=hold xy=(592.874,-377.798) size=(33.225,33.219) sensitivity=0 orientation=0.000 confidence=false] [id=2 state=hold xy=(487.505,-339.680) size=(33.225,33.219) sensitivity=0 orientation=0.000 confidence=false]
TOUCH t=6.184 device=0 frame=826 count=3 [id=0 state=hold xy=(704.874,-312.226) size=(33.225,33.219) sensitivity=0 orientation=0.000 confidence=false] [id=1 state=hold xy=(592.874,-377.798) size=(33.225,33.219) sensitivity=0 orientation=0.000 confidence=false] [id=2 state=hold xy=(487.505,-339.680) size=(33.225,33.219) sensitivity=0 orientation=0.000 confidence=false]
TOUCH t=6.190 device=0 frame=827 count=3 [id=0 state=hold xy=(704.874,-312.226) size=(33.225,33.219) sensitivity=0 orientation=0.000 confidence=false] [id=1 state=hold xy=(592.874,-377.798) size=(33.225,33.219) sensitivity=0 orientation=0.000 confidence=false] [id=2 state=hold xy=(487.505,-339.680) size=(33.225,33.219) sensitivity=0 orientation=0.000 confidence=false]
TOUCH t=6.197 device=0 frame=828 count=3 [id=0 state=hold xy=(704.874,-312.226) size=(33.225,33.219) sensitivity=0 orientation=0.000 confidence=false] [id=1 state=hold xy=(592.874,-377.798) size=(33.225,33.219) sensitivity=0 orientation=0.000 confidence=false] [id=2 state=hold xy=(487.505,-339.680) size=(33.225,33.219) sensitivity=0 orientation=0.000 confidence=false]
TOUCH t=6.200 device=0 frame=829 count=3 [id=0 state=hold xy=(704.874,-312.226) size=(33.225,33.219) sensitivity=0 orientation=0.000 confidence=false] [id=1 state=hold xy=(592.874,-377.798) size=(33.225,33.219) sensitivity=0 orientation=0.000 confidence=false] [id=2 state=hold xy=(487.505,-339.680) size=(33.225,33.219) sensitivity=0 orientation=0.000 confidence=false]
TOUCH t=6.206 device=0 frame=830 count=3 [id=0 state=hold xy=(704.874,-312.226) size=(33.225,33.219) sensitivity=0 orientation=0.000 confidence=false] [id=1 state=hold xy=(592.874,-377.798) size=(33.225,33.219) sensitivity=0 orientation=0.000 confidence=false] [id=2 state=hold xy=(487.505,-339.680) size=(33.225,33.219) sensitivity=0 orientation=0.000 confidence=false]
TOUCH t=6.212 device=0 frame=831 count=3 [id=0 state=hold xy=(704.874,-312.226) size=(33.225,33.219) sensitivity=0 orientation=0.000 confidence=false] [id=1 state=hold xy=(592.874,-377.798) size=(33.225,33.219) sensitivity=0 orientation=0.000 confidence=false] [id=2 state=hold xy=(487.505,-339.680) size=(33.225,33.219) sensitivity=0 orientation=0.000 confidence=false]
TOUCH t=6.216 device=0 frame=832 count=3 [id=0 state=hold xy=(704.874,-312.226) size=(33.225,33.219) sensitivity=0 orientation=0.000 confidence=false] [id=1 state=hold xy=(592.874,-377.798) size=(33.225,33.219) sensitivity=0 orientation=0.000 confidence=false] [id=2 state=hold xy=(487.505,-339.680) size=(33.225,33.219) sensitivity=0 orientation=0.000 confidence=false]
TOUCH t=6.221 device=0 frame=833 count=3 [id=0 state=hold xy=(704.874,-312.226) size=(33.225,33.219) sensitivity=0 orientation=0.000 confidence=false] [id=1 state=hold xy=(592.874,-377.798) size=(33.225,33.219) sensitivity=0 orientation=0.000 confidence=false] [id=2 state=hold xy=(487.505,-339.680) size=(33.225,33.219) sensitivity=0 orientation=0.000 confidence=false]
TOUCH t=6.229 device=0 frame=834 count=3 [id=0 state=hold xy=(704.874,-312.226) size=(33.225,33.219) sensitivity=0 orientation=0.000 confidence=false] [id=1 state=hold xy=(592.874,-377.798) size=(33.225,33.219) sensitivity=0 orientation=0.000 confidence=false] [id=2 state=hold xy=(487.505,-339.680) size=(33.225,33.219) sensitivity=0 orientation=0.000 confidence=false]
TOUCH t=6.233 device=0 frame=835 count=3 [id=0 state=hold xy=(704.874,-312.226) size=(33.225,33.219) sensitivity=0 orientation=0.000 confidence=false] [id=1 state=hold xy=(592.874,-377.798) size=(33.225,33.219) sensitivity=0 orientation=0.000 confidence=false] [id=2 state=hold xy=(487.505,-339.680) size=(33.225,33.219) sensitivity=0 orientation=0.000 confidence=false]
TOUCH t=6.239 device=0 frame=836 count=3 [id=0 state=hold xy=(704.874,-312.226) size=(33.225,33.219) sensitivity=0 orientation=0.000 confidence=false] [id=1 state=hold xy=(592.874,-377.798) size=(33.225,33.219) sensitivity=0 orientation=0.000 confidence=false] [id=2 state=hold xy=(487.505,-339.680) size=(33.225,33.219) sensitivity=0 orientation=0.000 confidence=false]
TOUCH t=6.242 device=0 frame=837 count=3 [id=0 state=hold xy=(704.874,-312.226) size=(33.225,33.219) sensitivity=0 orientation=0.000 confidence=false] [id=1 state=hold xy=(592.874,-377.798) size=(33.225,33.219) sensitivity=0 orientation=0.000 confidence=false] [id=2 state=hold xy=(487.505,-339.680) size=(33.225,33.219) sensitivity=0 orientation=0.000 confidence=false]
TOUCH t=6.249 device=0 frame=838 count=3 [id=0 state=hold xy=(704.874,-312.226) size=(33.225,33.219) sensitivity=0 orientation=0.000 confidence=false] [id=1 state=hold xy=(592.874,-377.798) size=(33.225,33.219) sensitivity=0 orientation=0.000 confidence=false] [id=2 state=hold xy=(487.505,-339.680) size=(33.225,33.219) sensitivity=0 orientation=0.000 confidence=false]
TOUCH t=6.251 device=0 frame=839 count=3 [id=0 state=hold xy=(704.874,-312.226) size=(33.225,33.219) sensitivity=0 orientation=0.000 confidence=false] [id=1 state=hold xy=(592.874,-377.798) size=(33.225,33.219) sensitivity=0 orientation=0.000 confidence=false] [id=2 state=hold xy=(487.505,-339.680) size=(33.225,33.219) sensitivity=0 orientation=0.000 confidence=false]
TOUCH t=6.257 device=0 frame=840 count=3 [id=0 state=hold xy=(704.874,-312.226) size=(33.225,33.219) sensitivity=0 orientation=0.000 confidence=false] [id=1 state=hold xy=(592.874,-377.798) size=(33.225,33.219) sensitivity=0 orientation=0.000 confidence=false] [id=2 state=hold xy=(487.505,-339.680) size=(33.225,33.219) sensitivity=0 orientation=0.000 confidence=false]
TOUCH t=6.265 device=0 frame=841 count=3 [id=0 state=hold xy=(704.874,-312.226) size=(33.225,33.219) sensitivity=0 orientation=0.000 confidence=false] [id=1 state=hold xy=(592.874,-377.798) size=(33.225,33.219) sensitivity=0 orientation=0.000 confidence=false] [id=2 state=hold xy=(487.505,-339.680) size=(33.225,33.219) sensitivity=0 orientation=0.000 confidence=false]
TOUCH t=6.267 device=0 frame=842 count=3 [id=0 state=hold xy=(704.874,-312.226) size=(33.225,33.219) sensitivity=0 orientation=0.000 confidence=false] [id=1 state=hold xy=(592.874,-377.798) size=(33.225,33.219) sensitivity=0 orientation=0.000 confidence=false] [id=2 state=hold xy=(487.505,-339.680) size=(33.225,33.219) sensitivity=0 orientation=0.000 confidence=false]
TOUCH t=6.273 device=0 frame=843 count=3 [id=0 state=hold xy=(704.874,-312.226) size=(33.225,33.219) sensitivity=0 orientation=0.000 confidence=false] [id=1 state=hold xy=(592.874,-377.798) size=(33.225,33.219) sensitivity=0 orientation=0.000 confidence=false] [id=2 state=hold xy=(487.505,-339.680) size=(33.225,33.219) sensitivity=0 orientation=0.000 confidence=false]
TOUCH t=6.280 device=0 frame=844 count=3 [id=0 state=hold xy=(704.874,-312.226) size=(33.225,33.219) sensitivity=0 orientation=0.000 confidence=false] [id=1 state=hold xy=(592.874,-377.798) size=(33.225,33.219) sensitivity=0 orientation=0.000 confidence=false] [id=2 state=hold xy=(487.505,-339.680) size=(33.225,33.219) sensitivity=0 orientation=0.000 confidence=false]
TOUCH t=6.284 device=0 frame=845 count=3 [id=0 state=hold xy=(704.874,-312.226) size=(33.225,33.219) sensitivity=0 orientation=0.000 confidence=false] [id=1 state=hold xy=(592.874,-377.798) size=(33.225,33.219) sensitivity=0 orientation=0.000 confidence=false] [id=2 state=hold xy=(487.505,-339.680) size=(33.225,33.219) sensitivity=0 orientation=0.000 confidence=false]
TOUCH t=6.289 device=0 frame=846 count=3 [id=0 state=hold xy=(704.874,-312.226) size=(33.225,33.219) sensitivity=0 orientation=0.000 confidence=false] [id=1 state=hold xy=(592.874,-377.798) size=(33.225,33.219) sensitivity=0 orientation=0.000 confidence=false] [id=2 state=hold xy=(487.505,-339.680) size=(33.225,33.219) sensitivity=0 orientation=0.000 confidence=false]
TOUCH t=6.294 device=0 frame=847 count=3 [id=0 state=hold xy=(704.874,-312.226) size=(33.225,33.219) sensitivity=0 orientation=0.000 confidence=false] [id=1 state=hold xy=(592.874,-377.798) size=(33.225,33.219) sensitivity=0 orientation=0.000 confidence=false] [id=2 state=hold xy=(487.505,-339.680) size=(33.225,33.219) sensitivity=0 orientation=0.000 confidence=false]
TOUCH t=6.299 device=0 frame=848 count=3 [id=0 state=hold xy=(704.874,-312.226) size=(33.225,33.219) sensitivity=0 orientation=0.000 confidence=false] [id=1 state=hold xy=(592.874,-377.798) size=(33.225,33.219) sensitivity=0 orientation=0.000 confidence=false] [id=2 state=hold xy=(487.505,-339.680) size=(33.225,33.219) sensitivity=0 orientation=0.000 confidence=false]
TOUCH t=6.306 device=0 frame=849 count=3 [id=0 state=hold xy=(704.874,-312.226) size=(33.225,33.219) sensitivity=0 orientation=0.000 confidence=false] [id=1 state=hold xy=(592.874,-377.798) size=(33.225,33.219) sensitivity=0 orientation=0.000 confidence=false] [id=2 state=hold xy=(487.505,-339.680) size=(33.225,33.219) sensitivity=0 orientation=0.000 confidence=false]
TOUCH t=6.312 device=0 frame=850 count=3 [id=0 state=hold xy=(704.874,-312.226) size=(33.225,33.219) sensitivity=0 orientation=0.000 confidence=false] [id=1 state=hold xy=(592.874,-377.798) size=(33.225,33.219) sensitivity=0 orientation=0.000 confidence=false] [id=2 state=hold xy=(487.505,-339.680) size=(33.225,33.219) sensitivity=0 orientation=0.000 confidence=false]
TOUCH t=6.315 device=0 frame=851 count=3 [id=0 state=hold xy=(704.874,-312.226) size=(33.225,33.219) sensitivity=0 orientation=0.000 confidence=false] [id=1 state=hold xy=(592.874,-377.798) size=(33.225,33.219) sensitivity=0 orientation=0.000 confidence=false] [id=2 state=hold xy=(487.505,-339.680) size=(33.225,33.219) sensitivity=0 orientation=0.000 confidence=false]
TOUCH t=6.319 device=0 frame=852 count=3 [id=0 state=hold xy=(704.874,-312.226) size=(33.225,33.219) sensitivity=0 orientation=0.000 confidence=false] [id=1 state=hold xy=(592.874,-377.798) size=(33.225,33.219) sensitivity=0 orientation=0.000 confidence=false] [id=2 state=hold xy=(487.505,-339.680) size=(33.225,33.219) sensitivity=0 orientation=0.000 confidence=false]
TOUCH t=6.328 device=0 frame=853 count=3 [id=0 state=hold xy=(704.874,-312.226) size=(33.225,33.219) sensitivity=0 orientation=0.000 confidence=false] [id=1 state=hold xy=(592.874,-377.798) size=(33.225,33.219) sensitivity=0 orientation=0.000 confidence=false] [id=2 state=hold xy=(487.505,-339.680) size=(33.225,33.219) sensitivity=0 orientation=0.000 confidence=false]
TOUCH t=6.332 device=0 frame=854 count=3 [id=0 state=hold xy=(704.874,-312.226) size=(33.225,33.219) sensitivity=0 orientation=0.000 confidence=false] [id=1 state=hold xy=(592.874,-377.798) size=(33.225,33.219) sensitivity=0 orientation=0.000 confidence=false] [id=2 state=hold xy=(487.505,-339.680) size=(33.225,33.219) sensitivity=0 orientation=0.000 confidence=false]
TOUCH t=6.335 device=0 frame=855 count=3 [id=0 state=hold xy=(704.874,-312.226) size=(33.225,33.219) sensitivity=0 orientation=0.000 confidence=false] [id=1 state=hold xy=(592.874,-377.798) size=(33.225,33.219) sensitivity=0 orientation=0.000 confidence=false] [id=2 state=hold xy=(487.505,-339.680) size=(33.225,33.219) sensitivity=0 orientation=0.000 confidence=false]
TOUCH t=6.344 device=0 frame=856 count=3 [id=0 state=hold xy=(704.874,-312.226) size=(33.225,33.219) sensitivity=0 orientation=0.000 confidence=false] [id=1 state=hold xy=(592.874,-377.798) size=(33.225,33.219) sensitivity=0 orientation=0.000 confidence=false] [id=2 state=hold xy=(487.505,-339.680) size=(33.225,33.219) sensitivity=0 orientation=0.000 confidence=false]
TOUCH t=6.347 device=0 frame=857 count=3 [id=0 state=hold xy=(704.874,-312.226) size=(33.225,33.219) sensitivity=0 orientation=0.000 confidence=false] [id=1 state=hold xy=(592.874,-377.798) size=(33.225,33.219) sensitivity=0 orientation=0.000 confidence=false] [id=2 state=hold xy=(487.505,-339.680) size=(33.225,33.219) sensitivity=0 orientation=0.000 confidence=false]
TOUCH t=6.351 device=0 frame=858 count=3 [id=0 state=hold xy=(704.874,-312.226) size=(33.225,33.219) sensitivity=0 orientation=0.000 confidence=false] [id=1 state=hold xy=(592.874,-377.798) size=(33.225,33.219) sensitivity=0 orientation=0.000 confidence=false] [id=2 state=hold xy=(487.505,-339.680) size=(33.225,33.219) sensitivity=0 orientation=0.000 confidence=false]
TOUCH t=6.356 device=0 frame=859 count=3 [id=0 state=hold xy=(704.874,-312.226) size=(33.225,33.219) sensitivity=0 orientation=0.000 confidence=false] [id=1 state=hold xy=(592.874,-377.798) size=(33.225,33.219) sensitivity=0 orientation=0.000 confidence=false] [id=2 state=hold xy=(487.505,-339.680) size=(33.225,33.219) sensitivity=0 orientation=0.000 confidence=false]
TOUCH t=6.362 device=0 frame=860 count=3 [id=0 state=hold xy=(704.874,-312.226) size=(33.225,33.219) sensitivity=0 orientation=0.000 confidence=false] [id=1 state=hold xy=(592.874,-377.798) size=(33.225,33.219) sensitivity=0 orientation=0.000 confidence=false] [id=2 state=hold xy=(487.505,-339.680) size=(33.225,33.219) sensitivity=0 orientation=0.000 confidence=false]
TOUCH t=6.367 device=0 frame=861 count=3 [id=0 state=hold xy=(704.874,-312.226) size=(33.225,33.219) sensitivity=0 orientation=0.000 confidence=false] [id=1 state=hold xy=(592.874,-377.798) size=(33.225,33.219) sensitivity=0 orientation=0.000 confidence=false] [id=2 state=hold xy=(487.505,-339.680) size=(33.225,33.219) sensitivity=0 orientation=0.000 confidence=false]
TOUCH t=6.375 device=0 frame=862 count=3 [id=0 state=hold xy=(704.874,-312.226) size=(33.225,33.219) sensitivity=0 orientation=0.000 confidence=false] [id=1 state=hold xy=(592.874,-377.798) size=(33.225,33.219) sensitivity=0 orientation=0.000 confidence=false] [id=2 state=hold xy=(487.505,-339.680) size=(33.225,33.219) sensitivity=0 orientation=0.000 confidence=false]
TOUCH t=6.379 device=0 frame=863 count=3 [id=0 state=hold xy=(704.874,-312.226) size=(33.225,33.219) sensitivity=0 orientation=0.000 confidence=false] [id=1 state=hold xy=(592.874,-377.798) size=(33.225,33.219) sensitivity=0 orientation=0.000 confidence=false] [id=2 state=hold xy=(487.505,-339.680) size=(33.225,33.219) sensitivity=0 orientation=0.000 confidence=false]
TOUCH t=6.384 device=0 frame=864 count=3 [id=0 state=hold xy=(704.874,-312.226) size=(33.225,33.219) sensitivity=0 orientation=0.000 confidence=false] [id=1 state=hold xy=(592.874,-377.798) size=(33.225,33.219) sensitivity=0 orientation=0.000 confidence=false] [id=2 state=hold xy=(487.505,-339.680) size=(33.225,33.219) sensitivity=0 orientation=0.000 confidence=false]
TOUCH t=6.390 device=0 frame=865 count=3 [id=0 state=hold xy=(704.874,-312.226) size=(33.225,33.219) sensitivity=0 orientation=0.000 confidence=false] [id=1 state=hold xy=(592.874,-377.798) size=(33.225,33.219) sensitivity=0 orientation=0.000 confidence=false] [id=2 state=hold xy=(487.505,-339.680) size=(33.225,33.219) sensitivity=0 orientation=0.000 confidence=false]
TOUCH t=6.395 device=0 frame=866 count=3 [id=0 state=hold xy=(704.874,-312.226) size=(33.225,33.219) sensitivity=0 orientation=0.000 confidence=false] [id=1 state=hold xy=(592.874,-377.798) size=(33.225,33.219) sensitivity=0 orientation=0.000 confidence=false] [id=2 state=hold xy=(487.505,-339.680) size=(33.225,33.219) sensitivity=0 orientation=0.000 confidence=false]
TOUCH t=6.399 device=0 frame=867 count=3 [id=0 state=hold xy=(704.874,-312.226) size=(33.225,33.219) sensitivity=0 orientation=0.000 confidence=false] [id=1 state=hold xy=(592.874,-377.798) size=(33.225,33.219) sensitivity=0 orientation=0.000 confidence=false] [id=2 state=hold xy=(487.505,-339.680) size=(33.225,33.219) sensitivity=0 orientation=0.000 confidence=false]
TOUCH t=6.405 device=0 frame=868 count=3 [id=0 state=hold xy=(704.874,-312.226) size=(33.225,33.219) sensitivity=0 orientation=0.000 confidence=false] [id=1 state=hold xy=(592.874,-377.798) size=(33.225,33.219) sensitivity=0 orientation=0.000 confidence=false] [id=2 state=hold xy=(487.505,-339.680) size=(33.225,33.219) sensitivity=0 orientation=0.000 confidence=false]
TOUCH t=6.411 device=0 frame=869 count=3 [id=0 state=hold xy=(704.874,-312.226) size=(33.225,33.219) sensitivity=0 orientation=0.000 confidence=false] [id=1 state=hold xy=(592.874,-377.798) size=(33.225,33.219) sensitivity=0 orientation=0.000 confidence=false] [id=2 state=hold xy=(487.505,-339.680) size=(33.225,33.219) sensitivity=0 orientation=0.000 confidence=false]
TOUCH t=6.415 device=0 frame=870 count=3 [id=0 state=hold xy=(704.874,-312.226) size=(33.225,33.219) sensitivity=0 orientation=0.000 confidence=false] [id=1 state=hold xy=(592.874,-377.798) size=(33.225,33.219) sensitivity=0 orientation=0.000 confidence=false] [id=2 state=hold xy=(487.505,-339.680) size=(33.225,33.219) sensitivity=0 orientation=0.000 confidence=false]
TOUCH t=6.420 device=0 frame=871 count=3 [id=0 state=hold xy=(704.874,-312.226) size=(33.225,33.219) sensitivity=0 orientation=0.000 confidence=false] [id=1 state=hold xy=(592.874,-377.798) size=(33.225,33.219) sensitivity=0 orientation=0.000 confidence=false] [id=2 state=hold xy=(487.505,-339.680) size=(33.225,33.219) sensitivity=0 orientation=0.000 confidence=false]
TOUCH t=6.429 device=0 frame=872 count=3 [id=0 state=hold xy=(704.874,-312.226) size=(33.225,33.219) sensitivity=0 orientation=0.000 confidence=false] [id=1 state=hold xy=(592.874,-377.798) size=(33.225,33.219) sensitivity=0 orientation=0.000 confidence=false] [id=2 state=hold xy=(487.505,-339.680) size=(33.225,33.219) sensitivity=0 orientation=0.000 confidence=false]
TOUCH t=6.429 device=0 frame=873 count=3 [id=0 state=hold xy=(704.874,-312.226) size=(33.225,33.219) sensitivity=0 orientation=0.000 confidence=false] [id=1 state=hold xy=(592.874,-377.798) size=(33.225,33.219) sensitivity=0 orientation=0.000 confidence=false] [id=2 state=hold xy=(487.505,-339.680) size=(33.225,33.219) sensitivity=0 orientation=0.000 confidence=false]
TOUCH t=6.435 device=0 frame=874 count=3 [id=0 state=hold xy=(704.874,-312.226) size=(33.225,33.219) sensitivity=0 orientation=0.000 confidence=false] [id=1 state=hold xy=(592.874,-377.798) size=(33.225,33.219) sensitivity=0 orientation=0.000 confidence=false] [id=2 state=hold xy=(487.505,-339.680) size=(33.225,33.219) sensitivity=0 orientation=0.000 confidence=false]
TOUCH t=6.441 device=0 frame=875 count=3 [id=0 state=hold xy=(704.874,-312.226) size=(33.225,33.219) sensitivity=0 orientation=0.000 confidence=false] [id=1 state=hold xy=(592.802,-377.726) size=(33.225,33.219) sensitivity=0 orientation=0.000 confidence=false] [id=2 state=hold xy=(487.505,-339.680) size=(33.225,33.219) sensitivity=0 orientation=0.000 confidence=false]
TOUCH t=6.446 device=0 frame=876 count=3 [id=0 state=hold xy=(704.874,-312.226) size=(33.225,33.219) sensitivity=0 orientation=0.000 confidence=false] [id=1 state=hold xy=(592.730,-377.726) size=(33.225,33.219) sensitivity=0 orientation=0.000 confidence=false] [id=2 state=hold xy=(487.505,-339.680) size=(33.225,33.219) sensitivity=0 orientation=0.000 confidence=false]
TOUCH t=6.451 device=0 frame=877 count=3 [id=0 state=hold xy=(704.874,-312.226) size=(33.225,33.219) sensitivity=0 orientation=0.000 confidence=false] [id=1 state=hold xy=(592.658,-377.654) size=(33.225,33.219) sensitivity=0 orientation=0.000 confidence=false] [id=2 state=hold xy=(487.505,-339.680) size=(33.225,33.219) sensitivity=0 orientation=0.000 confidence=false]
TOUCH t=6.459 device=0 frame=878 count=3 [id=0 state=hold xy=(704.874,-312.226) size=(33.225,33.219) sensitivity=0 orientation=0.000 confidence=false] [id=1 state=hold xy=(592.658,-377.654) size=(33.225,33.219) sensitivity=0 orientation=0.000 confidence=false] [id=2 state=hold xy=(487.505,-339.680) size=(33.225,33.219) sensitivity=0 orientation=0.000 confidence=false]
TOUCH t=6.465 device=0 frame=879 count=3 [id=0 state=hold xy=(704.874,-312.226) size=(33.225,33.219) sensitivity=0 orientation=0.000 confidence=false] [id=1 state=hold xy=(592.658,-377.654) size=(33.225,33.219) sensitivity=0 orientation=0.000 confidence=false] [id=2 state=hold xy=(487.505,-339.680) size=(33.225,33.219) sensitivity=0 orientation=0.000 confidence=false]
TOUCH t=6.467 device=0 frame=880 count=3 [id=0 state=hold xy=(704.874,-312.226) size=(33.225,33.219) sensitivity=0 orientation=0.000 confidence=false] [id=1 state=hold xy=(592.658,-377.654) size=(33.225,33.219) sensitivity=0 orientation=0.000 confidence=false] [id=2 state=hold xy=(487.505,-339.680) size=(33.225,33.219) sensitivity=0 orientation=0.000 confidence=false]
TOUCH t=6.475 device=0 frame=881 count=3 [id=0 state=hold xy=(704.874,-312.226) size=(33.225,33.219) sensitivity=0 orientation=0.000 confidence=false] [id=1 state=hold xy=(592.513,-377.654) size=(33.225,33.219) sensitivity=0 orientation=0.000 confidence=false] [id=2 state=hold xy=(487.505,-339.680) size=(33.225,33.219) sensitivity=0 orientation=0.000 confidence=false]
TOUCH t=6.478 device=0 frame=882 count=3 [id=0 state=hold xy=(704.874,-312.226) size=(33.225,33.219) sensitivity=0 orientation=0.000 confidence=false] [id=1 state=hold xy=(592.441,-377.582) size=(33.225,33.219) sensitivity=0 orientation=0.000 confidence=false] [id=2 state=hold xy=(487.505,-339.680) size=(33.225,33.219) sensitivity=0 orientation=0.000 confidence=false]
TOUCH t=6.484 device=0 frame=883 count=3 [id=0 state=hold xy=(704.874,-312.226) size=(33.225,33.219) sensitivity=0 orientation=0.000 confidence=false] [id=1 state=hold xy=(592.369,-377.510) size=(33.225,33.219) sensitivity=0 orientation=0.000 confidence=false] [id=2 state=hold xy=(487.505,-339.680) size=(33.225,33.219) sensitivity=0 orientation=0.000 confidence=false]
TOUCH t=6.491 device=0 frame=884 count=3 [id=0 state=hold xy=(704.802,-312.154) size=(33.225,33.219) sensitivity=0 orientation=0.000 confidence=false] [id=1 state=hold xy=(592.297,-377.438) size=(33.225,33.219) sensitivity=0 orientation=0.000 confidence=false] [id=2 state=hold xy=(487.505,-339.680) size=(33.225,33.219) sensitivity=0 orientation=0.000 confidence=false]
TOUCH t=6.495 device=0 frame=885 count=3 [id=0 state=hold xy=(704.730,-312.082) size=(33.225,33.219) sensitivity=0 orientation=0.000 confidence=false] [id=1 state=hold xy=(592.297,-377.438) size=(33.225,33.219) sensitivity=0 orientation=0.000 confidence=false] [id=2 state=hold xy=(487.505,-339.680) size=(33.225,33.219) sensitivity=0 orientation=0.000 confidence=false]
TOUCH t=6.499 device=0 frame=886 count=3 [id=0 state=hold xy=(704.658,-312.082) size=(33.225,33.219) sensitivity=0 orientation=0.000 confidence=false] [id=1 state=hold xy=(592.297,-377.438) size=(33.225,33.219) sensitivity=0 orientation=0.000 confidence=false] [id=2 state=hold xy=(487.505,-339.680) size=(33.225,33.219) sensitivity=0 orientation=0.000 confidence=false]
TOUCH t=6.503 device=0 frame=887 count=3 [id=0 state=hold xy=(704.658,-312.082) size=(33.225,33.219) sensitivity=0 orientation=0.000 confidence=false] [id=1 state=hold xy=(592.297,-377.438) size=(33.225,33.219) sensitivity=0 orientation=0.000 confidence=false] [id=2 state=hold xy=(487.505,-339.680) size=(33.225,33.219) sensitivity=0 orientation=0.000 confidence=false]
TOUCH t=6.514 device=0 frame=888 count=3 [id=0 state=hold xy=(704.658,-312.082) size=(33.225,33.219) sensitivity=0 orientation=0.000 confidence=false] [id=1 state=hold xy=(592.297,-377.438) size=(33.225,33.219) sensitivity=0 orientation=0.000 confidence=false] [id=2 state=hold xy=(487.505,-339.680) size=(33.225,33.219) sensitivity=0 orientation=0.000 confidence=false]
TOUCH t=6.514 device=0 frame=889 count=3 [id=0 state=hold xy=(704.658,-312.082) size=(33.225,33.219) sensitivity=0 orientation=0.000 confidence=false] [id=1 state=hold xy=(592.297,-377.438) size=(33.225,33.219) sensitivity=0 orientation=0.000 confidence=false] [id=2 state=hold xy=(487.505,-339.680) size=(33.225,33.219) sensitivity=0 orientation=0.000 confidence=false]
TOUCH t=6.519 device=0 frame=890 count=3 [id=0 state=hold xy=(704.658,-312.082) size=(33.225,33.219) sensitivity=0 orientation=0.000 confidence=false] [id=1 state=hold xy=(592.297,-377.438) size=(33.225,33.219) sensitivity=0 orientation=0.000 confidence=false] [id=2 state=hold xy=(487.505,-339.680) size=(33.225,33.219) sensitivity=0 orientation=0.000 confidence=false]
TOUCH t=6.525 device=0 frame=891 count=3 [id=0 state=hold xy=(704.658,-312.082) size=(33.225,33.219) sensitivity=0 orientation=0.000 confidence=false] [id=1 state=hold xy=(592.297,-377.438) size=(33.225,33.219) sensitivity=0 orientation=0.000 confidence=false] [id=2 state=hold xy=(487.505,-339.680) size=(33.225,33.219) sensitivity=0 orientation=0.000 confidence=false]
TOUCH t=6.529 device=0 frame=892 count=3 [id=0 state=hold xy=(704.658,-312.082) size=(33.225,33.219) sensitivity=0 orientation=0.000 confidence=false] [id=1 state=hold xy=(592.297,-377.438) size=(33.225,33.219) sensitivity=0 orientation=0.000 confidence=false] [id=2 state=hold xy=(487.505,-339.680) size=(33.225,33.219) sensitivity=0 orientation=0.000 confidence=false]
TOUCH t=6.535 device=0 frame=893 count=3 [id=0 state=hold xy=(704.658,-312.082) size=(33.225,33.219) sensitivity=0 orientation=0.000 confidence=false] [id=1 state=hold xy=(592.297,-377.438) size=(33.225,33.219) sensitivity=0 orientation=0.000 confidence=false] [id=2 state=hold xy=(487.505,-339.680) size=(33.225,33.219) sensitivity=0 orientation=0.000 confidence=false]
TOUCH t=6.541 device=0 frame=894 count=3 [id=0 state=hold xy=(704.586,-312.010) size=(33.225,33.219) sensitivity=0 orientation=0.000 confidence=false] [id=1 state=hold xy=(592.297,-377.438) size=(33.225,33.219) sensitivity=0 orientation=0.000 confidence=false] [id=2 state=hold xy=(487.505,-339.680) size=(33.225,33.219) sensitivity=0 orientation=0.000 confidence=false]
TOUCH t=6.547 device=0 frame=895 count=3 [id=0 state=hold xy=(704.513,-311.938) size=(33.225,33.219) sensitivity=0 orientation=0.000 confidence=false] [id=1 state=hold xy=(592.297,-377.438) size=(33.225,33.219) sensitivity=0 orientation=0.000 confidence=false] [id=2 state=hold xy=(487.505,-339.680) size=(33.225,33.219) sensitivity=0 orientation=0.000 confidence=false]
TOUCH t=6.551 device=0 frame=896 count=3 [id=0 state=hold xy=(704.441,-311.865) size=(33.225,33.219) sensitivity=0 orientation=0.000 confidence=false] [id=1 state=hold xy=(592.297,-377.438) size=(33.225,33.219) sensitivity=0 orientation=0.000 confidence=false] [id=2 state=hold xy=(487.505,-339.680) size=(33.225,33.219) sensitivity=0 orientation=0.000 confidence=false]
TOUCH t=6.558 device=0 frame=897 count=3 [id=0 state=hold xy=(704.369,-311.793) size=(33.225,33.219) sensitivity=0 orientation=0.000 confidence=false] [id=1 state=hold xy=(592.297,-377.438) size=(33.225,33.219) sensitivity=0 orientation=0.000 confidence=false] [id=2 state=hold xy=(487.505,-339.680) size=(33.225,33.219) sensitivity=0 orientation=0.000 confidence=false]
TOUCH t=6.563 device=0 frame=898 count=3 [id=0 state=hold xy=(704.297,-311.793) size=(33.225,33.219) sensitivity=0 orientation=0.000 confidence=false] [id=1 state=hold xy=(592.297,-377.438) size=(33.225,33.219) sensitivity=0 orientation=0.000 confidence=false] [id=2 state=hold xy=(487.505,-339.680) size=(33.225,33.219) sensitivity=0 orientation=0.000 confidence=false]
TOUCH t=6.567 device=0 frame=899 count=3 [id=0 state=hold xy=(704.297,-311.793) size=(33.225,33.219) sensitivity=0 orientation=0.000 confidence=false] [id=1 state=hold xy=(592.297,-377.438) size=(33.225,33.219) sensitivity=0 orientation=0.000 confidence=false] [id=2 state=hold xy=(487.505,-339.680) size=(33.225,33.219) sensitivity=0 orientation=0.000 confidence=false]
TOUCH t=6.573 device=0 frame=900 count=3 [id=0 state=hold xy=(704.297,-311.793) size=(33.225,33.219) sensitivity=0 orientation=0.000 confidence=false] [id=1 state=hold xy=(592.297,-377.438) size=(33.225,33.219) sensitivity=0 orientation=0.000 confidence=false] [id=2 state=hold xy=(487.505,-339.680) size=(33.225,33.219) sensitivity=0 orientation=0.000 confidence=false]
TOUCH t=6.576 device=0 frame=901 count=3 [id=0 state=hold xy=(704.297,-311.793) size=(33.225,33.219) sensitivity=0 orientation=0.000 confidence=false] [id=1 state=hold xy=(592.297,-377.438) size=(33.225,33.219) sensitivity=0 orientation=0.000 confidence=false] [id=2 state=hold xy=(487.505,-339.680) size=(33.225,33.219) sensitivity=0 orientation=0.000 confidence=false]
TOUCH t=6.583 device=0 frame=902 count=3 [id=0 state=hold xy=(704.297,-311.793) size=(33.225,33.219) sensitivity=0 orientation=0.000 confidence=false] [id=1 state=hold xy=(592.297,-377.438) size=(33.225,33.219) sensitivity=0 orientation=0.000 confidence=false] [id=2 state=hold xy=(487.505,-339.680) size=(33.225,33.219) sensitivity=0 orientation=0.000 confidence=false]
TOUCH t=6.589 device=0 frame=903 count=3 [id=0 state=hold xy=(704.297,-311.793) size=(33.225,33.219) sensitivity=0 orientation=0.000 confidence=false] [id=1 state=hold xy=(592.297,-377.438) size=(33.225,33.219) sensitivity=0 orientation=0.000 confidence=false] [id=2 state=hold xy=(487.505,-339.680) size=(33.225,33.219) sensitivity=0 orientation=0.000 confidence=false]
TOUCH t=6.596 device=0 frame=904 count=3 [id=0 state=hold xy=(704.297,-311.793) size=(33.225,33.219) sensitivity=0 orientation=0.000 confidence=false] [id=1 state=hold xy=(592.297,-377.438) size=(33.225,33.219) sensitivity=0 orientation=0.000 confidence=false] [id=2 state=hold xy=(487.505,-339.680) size=(33.225,33.219) sensitivity=0 orientation=0.000 confidence=false]
TOUCH t=6.600 device=0 frame=905 count=3 [id=0 state=hold xy=(704.297,-311.793) size=(33.225,33.219) sensitivity=0 orientation=0.000 confidence=false] [id=1 state=hold xy=(592.297,-377.438) size=(33.225,33.219) sensitivity=0 orientation=0.000 confidence=false] [id=2 state=hold xy=(487.505,-339.680) size=(33.225,33.219) sensitivity=0 orientation=0.000 confidence=false]
TOUCH t=6.603 device=0 frame=906 count=3 [id=0 state=hold xy=(704.297,-311.793) size=(33.225,33.219) sensitivity=0 orientation=0.000 confidence=false] [id=1 state=hold xy=(592.297,-377.438) size=(33.225,33.219) sensitivity=0 orientation=0.000 confidence=false] [id=2 state=hold xy=(487.505,-339.680) size=(33.225,33.219) sensitivity=0 orientation=0.000 confidence=false]
TOUCH t=6.608 device=0 frame=907 count=3 [id=0 state=hold xy=(704.297,-311.793) size=(33.225,33.219) sensitivity=0 orientation=0.000 confidence=false] [id=1 state=hold xy=(592.225,-377.438) size=(33.225,33.219) sensitivity=0 orientation=0.000 confidence=false] [id=2 state=hold xy=(487.505,-339.680) size=(33.225,33.219) sensitivity=0 orientation=0.000 confidence=false]
TOUCH t=6.613 device=0 frame=908 count=3 [id=0 state=hold xy=(704.297,-311.793) size=(33.225,33.219) sensitivity=0 orientation=0.000 confidence=false] [id=1 state=hold xy=(592.153,-377.366) size=(33.225,33.219) sensitivity=0 orientation=0.000 confidence=false] [id=2 state=hold xy=(487.505,-339.680) size=(33.225,33.219) sensitivity=0 orientation=0.000 confidence=false]
TOUCH t=6.619 device=0 frame=909 count=3 [id=0 state=hold xy=(704.297,-311.793) size=(33.225,33.219) sensitivity=0 orientation=0.000 confidence=false] [id=1 state=hold xy=(592.081,-377.294) size=(33.225,33.219) sensitivity=0 orientation=0.000 confidence=false] [id=2 state=hold xy=(487.505,-339.680) size=(33.225,33.219) sensitivity=0 orientation=0.000 confidence=false]
TOUCH t=6.624 device=0 frame=910 count=3 [id=0 state=hold xy=(704.297,-311.793) size=(33.225,33.219) sensitivity=0 orientation=0.000 confidence=false] [id=1 state=hold xy=(592.081,-377.294) size=(33.225,33.219) sensitivity=0 orientation=0.000 confidence=false] [id=2 state=hold xy=(487.505,-339.680) size=(33.225,33.219) sensitivity=0 orientation=0.000 confidence=false]
TOUCH t=6.629 device=0 frame=911 count=3 [id=0 state=hold xy=(704.297,-311.793) size=(33.225,33.219) sensitivity=0 orientation=0.000 confidence=false] [id=1 state=hold xy=(592.081,-377.294) size=(33.225,33.219) sensitivity=0 orientation=0.000 confidence=false] [id=2 state=hold xy=(487.505,-339.680) size=(33.225,33.219) sensitivity=0 orientation=0.000 confidence=false]
TOUCH t=6.634 device=0 frame=912 count=3 [id=0 state=hold xy=(704.297,-311.793) size=(33.225,33.219) sensitivity=0 orientation=0.000 confidence=false] [id=1 state=hold xy=(592.081,-377.294) size=(33.225,33.219) sensitivity=0 orientation=0.000 confidence=false] [id=2 state=hold xy=(487.505,-339.680) size=(33.225,33.219) sensitivity=0 orientation=0.000 confidence=false]
TOUCH t=6.640 device=0 frame=913 count=3 [id=0 state=hold xy=(704.297,-311.793) size=(33.225,33.219) sensitivity=0 orientation=0.000 confidence=false] [id=1 state=hold xy=(592.081,-377.294) size=(33.225,33.219) sensitivity=0 orientation=0.000 confidence=false] [id=2 state=hold xy=(487.505,-339.680) size=(33.225,33.219) sensitivity=0 orientation=0.000 confidence=false]
TOUCH t=6.649 device=0 frame=914 count=3 [id=0 state=hold xy=(704.297,-311.793) size=(33.225,33.219) sensitivity=0 orientation=0.000 confidence=false] [id=1 state=hold xy=(592.081,-377.294) size=(33.225,33.219) sensitivity=0 orientation=0.000 confidence=false] [id=2 state=hold xy=(487.505,-339.680) size=(33.225,33.219) sensitivity=0 orientation=0.000 confidence=false]
TOUCH t=6.649 device=0 frame=915 count=3 [id=0 state=hold xy=(704.297,-311.793) size=(33.225,33.219) sensitivity=0 orientation=0.000 confidence=false] [id=1 state=hold xy=(592.081,-377.294) size=(33.225,33.219) sensitivity=0 orientation=0.000 confidence=false] [id=2 state=hold xy=(487.505,-339.680) size=(33.225,33.219) sensitivity=0 orientation=0.000 confidence=false]
TOUCH t=6.655 device=0 frame=916 count=3 [id=0 state=hold xy=(704.297,-311.793) size=(33.225,33.219) sensitivity=0 orientation=0.000 confidence=false] [id=1 state=hold xy=(592.081,-377.294) size=(33.225,33.219) sensitivity=0 orientation=0.000 confidence=false] [id=2 state=hold xy=(487.505,-339.680) size=(33.225,33.219) sensitivity=0 orientation=0.000 confidence=false]
TOUCH t=6.660 device=0 frame=917 count=3 [id=0 state=hold xy=(704.297,-311.793) size=(33.225,33.219) sensitivity=0 orientation=0.000 confidence=false] [id=1 state=hold xy=(592.081,-377.294) size=(33.225,33.219) sensitivity=0 orientation=0.000 confidence=false] [id=2 state=hold xy=(487.505,-339.680) size=(33.225,33.219) sensitivity=0 orientation=0.000 confidence=false]
TOUCH t=6.666 device=0 frame=918 count=3 [id=0 state=hold xy=(704.297,-311.793) size=(33.225,33.219) sensitivity=0 orientation=0.000 confidence=false] [id=1 state=hold xy=(592.081,-377.294) size=(33.225,33.219) sensitivity=0 orientation=0.000 confidence=false] [id=2 state=hold xy=(487.505,-339.680) size=(33.225,33.219) sensitivity=0 orientation=0.000 confidence=false]
TOUCH t=6.671 device=0 frame=919 count=3 [id=0 state=hold xy=(704.297,-311.793) size=(33.225,33.219) sensitivity=0 orientation=0.000 confidence=false] [id=1 state=hold xy=(592.081,-377.294) size=(33.225,33.219) sensitivity=0 orientation=0.000 confidence=false] [id=2 state=hold xy=(487.505,-339.680) size=(33.225,33.219) sensitivity=0 orientation=0.000 confidence=false]
TOUCH t=6.677 device=0 frame=920 count=3 [id=0 state=hold xy=(704.297,-311.793) size=(33.225,33.219) sensitivity=0 orientation=0.000 confidence=false] [id=1 state=hold xy=(592.081,-377.294) size=(33.225,33.219) sensitivity=0 orientation=0.000 confidence=false] [id=2 state=hold xy=(487.505,-339.680) size=(33.225,33.219) sensitivity=0 orientation=0.000 confidence=false]
TOUCH t=6.681 device=0 frame=921 count=3 [id=0 state=hold xy=(704.297,-311.793) size=(33.225,33.219) sensitivity=0 orientation=0.000 confidence=false] [id=1 state=hold xy=(592.081,-377.294) size=(33.225,33.219) sensitivity=0 orientation=0.000 confidence=false] [id=2 state=hold xy=(487.505,-339.680) size=(33.225,33.219) sensitivity=0 orientation=0.000 confidence=false]
TOUCH t=6.690 device=0 frame=922 count=3 [id=0 state=hold xy=(704.297,-311.793) size=(33.225,33.219) sensitivity=0 orientation=0.000 confidence=false] [id=1 state=hold xy=(592.081,-377.294) size=(33.225,33.219) sensitivity=0 orientation=0.000 confidence=false] [id=2 state=hold xy=(487.505,-339.680) size=(33.225,33.219) sensitivity=0 orientation=0.000 confidence=false]
TOUCH t=6.695 device=0 frame=923 count=3 [id=0 state=hold xy=(704.297,-311.793) size=(33.225,33.219) sensitivity=0 orientation=0.000 confidence=false] [id=1 state=hold xy=(592.081,-377.294) size=(33.225,33.219) sensitivity=0 orientation=0.000 confidence=false] [id=2 state=hold xy=(487.505,-339.680) size=(33.225,33.219) sensitivity=0 orientation=0.000 confidence=false]
TOUCH t=6.697 device=0 frame=924 count=3 [id=0 state=hold xy=(704.297,-311.793) size=(33.225,33.219) sensitivity=0 orientation=0.000 confidence=false] [id=1 state=hold xy=(592.081,-377.294) size=(33.225,33.219) sensitivity=0 orientation=0.000 confidence=false] [id=2 state=hold xy=(487.505,-339.680) size=(33.225,33.219) sensitivity=0 orientation=0.000 confidence=false]
TOUCH t=6.702 device=0 frame=925 count=3 [id=0 state=hold xy=(704.297,-311.793) size=(33.225,33.219) sensitivity=0 orientation=0.000 confidence=false] [id=1 state=hold xy=(592.081,-377.294) size=(33.225,33.219) sensitivity=0 orientation=0.000 confidence=false] [id=2 state=hold xy=(487.505,-339.680) size=(33.225,33.219) sensitivity=0 orientation=0.000 confidence=false]
TOUCH t=6.707 device=0 frame=926 count=3 [id=0 state=hold xy=(704.297,-311.793) size=(33.225,33.219) sensitivity=0 orientation=0.000 confidence=false] [id=1 state=hold xy=(592.081,-377.294) size=(33.225,33.219) sensitivity=0 orientation=0.000 confidence=false] [id=2 state=hold xy=(487.505,-339.680) size=(33.225,33.219) sensitivity=0 orientation=0.000 confidence=false]
TOUCH t=6.713 device=0 frame=927 count=3 [id=0 state=hold xy=(704.297,-311.793) size=(33.225,33.219) sensitivity=0 orientation=0.000 confidence=false] [id=1 state=hold xy=(592.081,-377.294) size=(33.225,33.219) sensitivity=0 orientation=0.000 confidence=false] [id=2 state=hold xy=(487.505,-339.680) size=(33.225,33.219) sensitivity=0 orientation=0.000 confidence=false]
TOUCH t=6.717 device=0 frame=928 count=3 [id=0 state=hold xy=(704.297,-311.793) size=(33.225,33.219) sensitivity=0 orientation=0.000 confidence=false] [id=1 state=hold xy=(592.081,-377.294) size=(33.225,33.219) sensitivity=0 orientation=0.000 confidence=false] [id=2 state=hold xy=(487.505,-339.680) size=(33.225,33.219) sensitivity=0 orientation=0.000 confidence=false]
TOUCH t=6.724 device=0 frame=929 count=3 [id=0 state=hold xy=(704.297,-311.793) size=(33.225,33.219) sensitivity=0 orientation=0.000 confidence=false] [id=1 state=hold xy=(592.081,-377.294) size=(33.225,33.219) sensitivity=0 orientation=0.000 confidence=false] [id=2 state=hold xy=(487.505,-339.680) size=(33.225,33.219) sensitivity=0 orientation=0.000 confidence=false]
TOUCH t=6.729 device=0 frame=930 count=3 [id=0 state=hold xy=(704.297,-311.793) size=(33.225,33.219) sensitivity=0 orientation=0.000 confidence=false] [id=1 state=hold xy=(592.009,-377.294) size=(33.225,33.219) sensitivity=0 orientation=0.000 confidence=false] [id=2 state=hold xy=(487.505,-339.680) size=(33.225,33.219) sensitivity=0 orientation=0.000 confidence=false]
TOUCH t=6.734 device=0 frame=931 count=3 [id=0 state=hold xy=(704.225,-311.721) size=(33.225,33.219) sensitivity=0 orientation=0.000 confidence=false] [id=1 state=hold xy=(591.937,-377.222) size=(33.225,33.219) sensitivity=0 orientation=0.000 confidence=false] [id=2 state=hold xy=(487.505,-339.680) size=(33.225,33.219) sensitivity=0 orientation=0.000 confidence=false]
TOUCH t=6.739 device=0 frame=932 count=3 [id=0 state=hold xy=(704.153,-311.577) size=(33.225,33.219) sensitivity=0 orientation=0.000 confidence=false] [id=1 state=hold xy=(591.793,-377.150) size=(33.225,33.219) sensitivity=0 orientation=0.000 confidence=false] [id=2 state=hold xy=(487.505,-339.680) size=(33.225,33.219) sensitivity=0 orientation=0.000 confidence=false]
TOUCH t=6.744 device=0 frame=933 count=3 [id=0 state=hold xy=(704.081,-311.505) size=(33.225,33.219) sensitivity=0 orientation=0.000 confidence=false] [id=1 state=hold xy=(591.793,-377.150) size=(33.225,33.219) sensitivity=0 orientation=0.000 confidence=false] [id=2 state=hold xy=(487.505,-339.680) size=(33.225,33.219) sensitivity=0 orientation=0.000 confidence=false]
TOUCH t=6.749 device=0 frame=934 count=3 [id=0 state=hold xy=(704.081,-311.433) size=(33.225,33.219) sensitivity=0 orientation=0.000 confidence=false] [id=1 state=hold xy=(591.793,-377.150) size=(33.225,33.219) sensitivity=0 orientation=0.000 confidence=false] [id=2 state=hold xy=(487.505,-339.680) size=(33.225,33.219) sensitivity=0 orientation=0.000 confidence=false]
TOUCH t=6.755 device=0 frame=935 count=3 [id=0 state=hold xy=(704.009,-311.361) size=(33.225,33.219) sensitivity=0 orientation=0.000 confidence=false] [id=1 state=hold xy=(591.793,-377.150) size=(33.225,33.219) sensitivity=0 orientation=0.000 confidence=false] [id=2 state=hold xy=(487.505,-339.680) size=(33.225,33.219) sensitivity=0 orientation=0.000 confidence=false]
TOUCH t=6.760 device=0 frame=936 count=3 [id=0 state=hold xy=(703.937,-311.289) size=(33.225,33.219) sensitivity=0 orientation=0.000 confidence=false] [id=1 state=hold xy=(591.793,-377.150) size=(33.225,33.219) sensitivity=0 orientation=0.000 confidence=false] [id=2 state=hold xy=(487.505,-339.680) size=(33.225,33.219) sensitivity=0 orientation=0.000 confidence=false]
TOUCH t=6.765 device=0 frame=937 count=3 [id=0 state=hold xy=(703.937,-311.217) size=(33.225,33.219) sensitivity=0 orientation=0.000 confidence=false] [id=1 state=hold xy=(591.793,-377.150) size=(33.225,33.219) sensitivity=0 orientation=0.000 confidence=false] [id=2 state=hold xy=(487.505,-339.680) size=(33.225,33.219) sensitivity=0 orientation=0.000 confidence=false]
TOUCH t=6.771 device=0 frame=938 count=3 [id=0 state=hold xy=(703.865,-311.145) size=(33.225,33.219) sensitivity=0 orientation=0.000 confidence=false] [id=1 state=hold xy=(591.793,-377.150) size=(33.225,33.219) sensitivity=0 orientation=0.000 confidence=false] [id=2 state=hold xy=(487.505,-339.680) size=(33.225,33.219) sensitivity=0 orientation=0.000 confidence=false]
TOUCH t=6.778 device=0 frame=939 count=3 [id=0 state=hold xy=(703.793,-311.073) size=(33.225,33.219) sensitivity=0 orientation=0.000 confidence=false] [id=1 state=hold xy=(591.793,-377.150) size=(33.225,33.219) sensitivity=0 orientation=0.000 confidence=false] [id=2 state=hold xy=(487.505,-339.680) size=(33.225,33.219) sensitivity=0 orientation=0.000 confidence=false]
TOUCH t=6.782 device=0 frame=940 count=3 [id=0 state=hold xy=(703.793,-311.001) size=(33.225,33.219) sensitivity=0 orientation=0.000 confidence=false] [id=1 state=hold xy=(591.793,-377.150) size=(33.225,33.219) sensitivity=0 orientation=0.000 confidence=false] [id=2 state=hold xy=(487.505,-339.680) size=(33.225,33.219) sensitivity=0 orientation=0.000 confidence=false]
TOUCH t=6.785 device=0 frame=941 count=3 [id=0 state=hold xy=(703.721,-311.001) size=(33.225,33.219) sensitivity=0 orientation=0.000 confidence=false] [id=1 state=hold xy=(591.793,-377.150) size=(33.225,33.219) sensitivity=0 orientation=0.000 confidence=false] [id=2 state=hold xy=(487.505,-339.680) size=(33.225,33.219) sensitivity=0 orientation=0.000 confidence=false]
TOUCH t=6.795 device=0 frame=942 count=3 [id=0 state=hold xy=(703.721,-310.929) size=(33.225,33.219) sensitivity=0 orientation=0.000 confidence=false] [id=1 state=hold xy=(591.793,-377.150) size=(33.225,33.219) sensitivity=0 orientation=0.000 confidence=false] [id=2 state=hold xy=(487.505,-339.608) size=(33.225,33.219) sensitivity=0 orientation=0.000 confidence=false]
TOUCH t=6.797 device=0 frame=943 count=3 [id=0 state=hold xy=(703.721,-310.857) size=(33.225,33.219) sensitivity=0 orientation=0.000 confidence=false] [id=1 state=hold xy=(591.793,-377.150) size=(33.225,33.219) sensitivity=0 orientation=0.000 confidence=false] [id=2 state=hold xy=(487.505,-339.464) size=(33.225,33.219) sensitivity=0 orientation=0.000 confidence=false]
TOUCH t=6.801 device=0 frame=944 count=3 [id=0 state=hold xy=(703.649,-310.785) size=(33.225,33.219) sensitivity=0 orientation=0.000 confidence=false] [id=1 state=hold xy=(591.793,-377.150) size=(33.225,33.219) sensitivity=0 orientation=0.000 confidence=false] [id=2 state=hold xy=(487.505,-339.392) size=(33.225,33.219) sensitivity=0 orientation=0.000 confidence=false]
TOUCH t=6.807 device=0 frame=945 count=3 [id=0 state=hold xy=(703.649,-310.713) size=(33.225,33.219) sensitivity=0 orientation=0.000 confidence=false] [id=1 state=hold xy=(591.793,-377.150) size=(33.225,33.219) sensitivity=0 orientation=0.000 confidence=false] [id=2 state=hold xy=(487.505,-339.319) size=(33.225,33.219) sensitivity=0 orientation=0.000 confidence=false]
TOUCH t=6.813 device=0 frame=946 count=3 [id=0 state=hold xy=(703.649,-310.641) size=(33.225,33.219) sensitivity=0 orientation=0.000 confidence=false] [id=1 state=hold xy=(591.793,-377.150) size=(33.225,33.219) sensitivity=0 orientation=0.000 confidence=false] [id=2 state=hold xy=(487.505,-339.175) size=(33.225,33.219) sensitivity=0 orientation=0.000 confidence=false]
TOUCH t=6.818 device=0 frame=947 count=3 [id=0 state=hold xy=(703.577,-310.568) size=(33.225,33.219) sensitivity=0 orientation=0.000 confidence=false] [id=1 state=hold xy=(591.793,-377.078) size=(33.225,33.219) sensitivity=0 orientation=0.000 confidence=false] [id=2 state=hold xy=(487.505,-339.103) size=(33.225,33.219) sensitivity=0 orientation=0.000 confidence=false]
TOUCH t=6.824 device=0 frame=948 count=3 [id=0 state=hold xy=(703.577,-310.568) size=(33.225,33.219) sensitivity=0 orientation=0.000 confidence=false] [id=1 state=hold xy=(591.721,-377.006) size=(33.225,33.219) sensitivity=0 orientation=0.000 confidence=false] [id=2 state=hold xy=(487.505,-338.959) size=(33.225,33.219) sensitivity=0 orientation=0.000 confidence=false]
TOUCH t=6.829 device=0 frame=949 count=3 [id=0 state=hold xy=(703.577,-310.496) size=(33.225,33.219) sensitivity=0 orientation=0.000 confidence=false] [id=1 state=hold xy=(591.649,-376.934) size=(33.225,33.219) sensitivity=0 orientation=0.000 confidence=false] [id=2 state=hold xy=(487.505,-338.887) size=(33.225,33.219) sensitivity=0 orientation=0.000 confidence=false]
TOUCH t=6.833 device=0 frame=950 count=3 [id=0 state=hold xy=(703.577,-310.424) size=(33.225,33.219) sensitivity=0 orientation=0.000 confidence=false] [id=1 state=hold xy=(591.577,-376.789) size=(33.225,33.219) sensitivity=0 orientation=0.000 confidence=false] [id=2 state=hold xy=(487.505,-338.815) size=(33.225,33.219) sensitivity=0 orientation=0.000 confidence=false]
TOUCH t=6.840 device=0 frame=951 count=3 [id=0 state=hold xy=(703.577,-310.424) size=(33.225,33.219) sensitivity=0 orientation=0.000 confidence=false] [id=1 state=hold xy=(591.505,-376.717) size=(33.225,33.219) sensitivity=0 orientation=0.000 confidence=false] [id=2 state=hold xy=(487.505,-338.671) size=(33.225,33.219) sensitivity=0 orientation=0.000 confidence=false]
TOUCH t=6.848 device=0 frame=952 count=3 [id=0 state=hold xy=(703.577,-310.352) size=(33.225,33.219) sensitivity=0 orientation=0.000 confidence=false] [id=1 state=hold xy=(591.505,-376.645) size=(33.225,33.219) sensitivity=0 orientation=0.000 confidence=false] [id=2 state=hold xy=(487.505,-338.599) size=(33.225,33.219) sensitivity=0 orientation=0.000 confidence=false]
TOUCH t=6.850 device=0 frame=953 count=3 [id=0 state=hold xy=(703.577,-310.352) size=(33.225,33.219) sensitivity=0 orientation=0.000 confidence=false] [id=1 state=hold xy=(591.432,-376.501) size=(33.225,33.219) sensitivity=0 orientation=0.000 confidence=false] [id=2 state=hold xy=(487.505,-338.455) size=(33.225,33.219) sensitivity=0 orientation=0.000 confidence=false]
TOUCH t=6.855 device=0 frame=954 count=3 [id=0 state=hold xy=(703.577,-310.280) size=(33.225,33.219) sensitivity=0 orientation=0.000 confidence=false] [id=1 state=hold xy=(591.432,-376.429) size=(33.225,33.219) sensitivity=0 orientation=0.000 confidence=false] [id=2 state=hold xy=(487.505,-338.383) size=(33.225,33.219) sensitivity=0 orientation=0.000 confidence=false]
TOUCH t=6.861 device=0 frame=955 count=3 [id=0 state=hold xy=(703.577,-310.280) size=(33.225,33.219) sensitivity=0 orientation=0.000 confidence=false] [id=1 state=hold xy=(591.360,-376.357) size=(33.225,33.219) sensitivity=0 orientation=0.000 confidence=false] [id=2 state=hold xy=(487.505,-338.239) size=(33.225,33.219) sensitivity=0 orientation=0.000 confidence=false]
TOUCH t=6.866 device=0 frame=956 count=3 [id=0 state=hold xy=(703.577,-310.280) size=(33.225,33.219) sensitivity=0 orientation=0.000 confidence=false] [id=1 state=hold xy=(591.360,-376.285) size=(33.225,33.219) sensitivity=0 orientation=0.000 confidence=false] [id=2 state=hold xy=(487.505,-338.167) size=(33.225,33.219) sensitivity=0 orientation=0.000 confidence=false]
TOUCH t=6.872 device=0 frame=957 count=3 [id=0 state=hold xy=(703.577,-310.280) size=(33.225,33.219) sensitivity=0 orientation=0.000 confidence=false] [id=1 state=hold xy=(591.288,-376.213) size=(33.225,33.219) sensitivity=0 orientation=0.000 confidence=false] [id=2 state=hold xy=(487.505,-338.094) size=(33.225,33.219) sensitivity=0 orientation=0.000 confidence=false]
TOUCH t=6.876 device=0 frame=958 count=3 [id=0 state=hold xy=(703.577,-310.280) size=(33.225,33.219) sensitivity=0 orientation=0.000 confidence=false] [id=1 state=hold xy=(591.288,-376.141) size=(33.225,33.219) sensitivity=0 orientation=0.000 confidence=false] [id=2 state=hold xy=(487.505,-337.950) size=(33.225,33.219) sensitivity=0 orientation=0.000 confidence=false]
TOUCH t=6.880 device=0 frame=959 count=3 [id=0 state=hold xy=(703.577,-310.280) size=(33.225,33.219) sensitivity=0 orientation=0.000 confidence=false] [id=1 state=hold xy=(591.216,-376.069) size=(33.225,33.219) sensitivity=0 orientation=0.000 confidence=false] [id=2 state=hold xy=(487.505,-337.878) size=(33.225,33.219) sensitivity=0 orientation=0.000 confidence=false]
TOUCH t=6.894 device=0 frame=960 count=3 [id=0 state=hold xy=(703.577,-310.280) size=(33.225,33.219) sensitivity=0 orientation=0.000 confidence=false] [id=1 state=hold xy=(591.216,-375.997) size=(33.225,33.219) sensitivity=0 orientation=0.000 confidence=false] [id=2 state=hold xy=(487.505,-337.734) size=(33.225,33.219) sensitivity=0 orientation=0.000 confidence=false]
TOUCH t=6.894 device=0 frame=961 count=3 [id=0 state=hold xy=(703.577,-310.280) size=(33.225,33.219) sensitivity=0 orientation=0.000 confidence=false] [id=1 state=hold xy=(591.216,-375.925) size=(33.225,33.219) sensitivity=0 orientation=0.000 confidence=false] [id=2 state=hold xy=(487.577,-337.662) size=(33.225,33.219) sensitivity=0 orientation=0.000 confidence=false]
TOUCH t=6.897 device=0 frame=962 count=3 [id=0 state=hold xy=(703.577,-310.280) size=(33.225,33.219) sensitivity=0 orientation=0.000 confidence=false] [id=1 state=hold xy=(591.144,-375.781) size=(33.225,33.219) sensitivity=0 orientation=0.000 confidence=false] [id=2 state=hold xy=(487.577,-337.590) size=(33.225,33.219) sensitivity=0 orientation=0.000 confidence=false]
TOUCH t=6.901 device=0 frame=963 count=3 [id=0 state=hold xy=(703.577,-310.280) size=(33.225,33.219) sensitivity=0 orientation=0.000 confidence=false] [id=1 state=hold xy=(591.144,-375.709) size=(33.225,33.219) sensitivity=0 orientation=0.000 confidence=false] [id=2 state=hold xy=(487.577,-337.446) size=(33.225,33.219) sensitivity=0 orientation=0.000 confidence=false]
TOUCH t=6.907 device=0 frame=964 count=3 [id=0 state=hold xy=(703.577,-310.280) size=(33.225,33.219) sensitivity=0 orientation=0.000 confidence=false] [id=1 state=hold xy=(591.072,-375.637) size=(33.225,33.219) sensitivity=0 orientation=0.000 confidence=false] [id=2 state=hold xy=(487.577,-337.374) size=(33.225,33.219) sensitivity=0 orientation=0.000 confidence=false]
TOUCH t=6.913 device=0 frame=965 count=3 [id=0 state=hold xy=(703.577,-310.280) size=(33.225,33.219) sensitivity=0 orientation=0.000 confidence=false] [id=1 state=hold xy=(591.072,-375.564) size=(33.225,33.219) sensitivity=0 orientation=0.000 confidence=false] [id=2 state=hold xy=(487.577,-337.230) size=(33.225,33.219) sensitivity=0 orientation=0.000 confidence=false]
TOUCH t=6.916 device=0 frame=966 count=3 [id=0 state=hold xy=(703.577,-310.280) size=(33.225,33.219) sensitivity=0 orientation=0.000 confidence=false] [id=1 state=hold xy=(591.072,-375.492) size=(33.225,33.219) sensitivity=0 orientation=0.000 confidence=false] [id=2 state=hold xy=(487.577,-337.158) size=(33.225,33.219) sensitivity=0 orientation=0.000 confidence=false]
TOUCH t=6.924 device=0 frame=967 count=3 [id=0 state=hold xy=(703.577,-310.280) size=(33.225,33.219) sensitivity=0 orientation=0.000 confidence=false] [id=1 state=hold xy=(591.000,-375.348) size=(33.225,33.219) sensitivity=0 orientation=0.000 confidence=false] [id=2 state=hold xy=(487.577,-337.014) size=(33.225,33.219) sensitivity=0 orientation=0.000 confidence=false]
TOUCH t=6.929 device=0 frame=968 count=3 [id=0 state=hold xy=(703.577,-310.280) size=(33.225,33.219) sensitivity=0 orientation=0.000 confidence=false] [id=1 state=hold xy=(591.000,-375.276) size=(33.225,33.219) sensitivity=0 orientation=0.000 confidence=false] [id=2 state=hold xy=(487.577,-336.942) size=(33.225,33.219) sensitivity=0 orientation=0.000 confidence=false]
TOUCH t=6.932 device=0 frame=969 count=3 [id=0 state=hold xy=(703.577,-310.280) size=(33.225,33.219) sensitivity=0 orientation=0.000 confidence=false] [id=1 state=hold xy=(591.000,-375.204) size=(33.225,33.219) sensitivity=0 orientation=0.000 confidence=false] [id=2 state=hold xy=(487.577,-336.797) size=(33.225,33.219) sensitivity=0 orientation=0.000 confidence=false]
TOUCH t=6.939 device=0 frame=970 count=3 [id=0 state=hold xy=(703.577,-310.280) size=(33.225,33.219) sensitivity=0 orientation=0.000 confidence=false] [id=1 state=hold xy=(591.000,-375.132) size=(33.225,33.219) sensitivity=0 orientation=0.000 confidence=false] [id=2 state=hold xy=(487.577,-336.725) size=(33.225,33.219) sensitivity=0 orientation=0.000 confidence=false]
TOUCH t=6.945 device=0 frame=971 count=3 [id=0 state=hold xy=(703.577,-310.280) size=(33.225,33.219) sensitivity=0 orientation=0.000 confidence=false] [id=1 state=hold xy=(590.928,-375.060) size=(33.225,33.219) sensitivity=0 orientation=0.000 confidence=false] [id=2 state=hold xy=(487.577,-336.653) size=(33.225,33.219) sensitivity=0 orientation=0.000 confidence=false]
TOUCH t=6.949 device=0 frame=972 count=3 [id=0 state=hold xy=(703.577,-310.280) size=(33.225,33.219) sensitivity=0 orientation=0.000 confidence=false] [id=1 state=hold xy=(590.928,-374.916) size=(33.225,33.219) sensitivity=0 orientation=0.000 confidence=false] [id=2 state=hold xy=(487.577,-336.581) size=(33.225,33.219) sensitivity=0 orientation=0.000 confidence=false]
TOUCH t=6.955 device=0 frame=973 count=3 [id=0 state=hold xy=(703.577,-310.280) size=(33.225,33.219) sensitivity=0 orientation=0.000 confidence=false] [id=1 state=hold xy=(590.928,-374.844) size=(33.225,33.219) sensitivity=0 orientation=0.000 confidence=false] [id=2 state=hold xy=(487.505,-336.437) size=(33.225,33.219) sensitivity=0 orientation=0.000 confidence=false]
TOUCH t=6.963 device=0 frame=974 count=3 [id=0 state=hold xy=(703.577,-310.280) size=(33.225,33.219) sensitivity=0 orientation=0.000 confidence=false] [id=1 state=hold xy=(590.856,-374.844) size=(33.225,33.219) sensitivity=0 orientation=0.000 confidence=false] [id=2 state=hold xy=(487.505,-336.365) size=(33.225,33.219) sensitivity=0 orientation=0.000 confidence=false]
TOUCH t=6.964 device=0 frame=975 count=3 [id=0 state=hold xy=(703.577,-310.280) size=(33.225,33.219) sensitivity=0 orientation=0.000 confidence=false] [id=1 state=hold xy=(590.856,-374.772) size=(33.225,33.219) sensitivity=0 orientation=0.000 confidence=false] [id=2 state=hold xy=(487.505,-336.293) size=(33.225,33.219) sensitivity=0 orientation=0.000 confidence=false]
TOUCH t=6.968 device=0 frame=976 count=3 [id=0 state=hold xy=(703.577,-310.280) size=(33.225,33.219) sensitivity=0 orientation=0.000 confidence=false] [id=1 state=hold xy=(590.856,-374.700) size=(33.225,33.219) sensitivity=0 orientation=0.000 confidence=false] [id=2 state=hold xy=(487.505,-336.221) size=(33.225,33.219) sensitivity=0 orientation=0.000 confidence=false]
TOUCH t=6.974 device=0 frame=977 count=3 [id=0 state=hold xy=(703.577,-310.280) size=(33.225,33.219) sensitivity=0 orientation=0.000 confidence=false] [id=1 state=hold xy=(590.856,-374.628) size=(33.225,33.219) sensitivity=0 orientation=0.000 confidence=false] [id=2 state=hold xy=(487.505,-336.221) size=(33.225,33.219) sensitivity=0 orientation=0.000 confidence=false]
TOUCH t=6.982 device=0 frame=978 count=3 [id=0 state=hold xy=(703.577,-310.280) size=(33.225,33.219) sensitivity=0 orientation=0.000 confidence=false] [id=1 state=hold xy=(590.784,-374.628) size=(33.225,33.219) sensitivity=0 orientation=0.000 confidence=false] [id=2 state=hold xy=(487.505,-336.149) size=(33.225,33.219) sensitivity=0 orientation=0.000 confidence=false]
TOUCH t=6.985 device=0 frame=979 count=3 [id=0 state=hold xy=(703.577,-310.280) size=(33.225,33.219) sensitivity=0 orientation=0.000 confidence=false] [id=1 state=hold xy=(590.784,-374.556) size=(33.225,33.219) sensitivity=0 orientation=0.000 confidence=false] [id=2 state=hold xy=(487.505,-336.077) size=(33.225,33.219) sensitivity=0 orientation=0.000 confidence=false]
TOUCH t=6.990 device=0 frame=980 count=3 [id=0 state=hold xy=(703.577,-310.280) size=(33.225,33.219) sensitivity=0 orientation=0.000 confidence=false] [id=1 state=hold xy=(590.784,-374.484) size=(33.225,33.219) sensitivity=0 orientation=0.000 confidence=false] [id=2 state=hold xy=(487.432,-336.005) size=(33.225,33.219) sensitivity=0 orientation=0.000 confidence=false]
TOUCH t=6.995 device=0 frame=981 count=3 [id=0 state=hold xy=(703.577,-310.280) size=(33.225,33.219) sensitivity=0 orientation=0.000 confidence=false] [id=1 state=hold xy=(590.712,-374.412) size=(33.225,33.219) sensitivity=0 orientation=0.000 confidence=false] [id=2 state=hold xy=(487.432,-335.933) size=(33.225,33.219) sensitivity=0 orientation=0.000 confidence=false]
TOUCH t=7.001 device=0 frame=982 count=3 [id=0 state=hold xy=(703.577,-310.280) size=(33.225,33.219) sensitivity=0 orientation=0.000 confidence=false] [id=1 state=hold xy=(590.712,-374.412) size=(33.225,33.219) sensitivity=0 orientation=0.000 confidence=false] [id=2 state=hold xy=(487.432,-335.861) size=(33.225,33.219) sensitivity=0 orientation=0.000 confidence=false]
TOUCH t=7.007 device=0 frame=983 count=3 [id=0 state=hold xy=(703.577,-310.280) size=(33.225,33.219) sensitivity=0 orientation=0.000 confidence=false] [id=1 state=hold xy=(590.712,-374.339) size=(33.225,33.219) sensitivity=0 orientation=0.000 confidence=false] [id=2 state=hold xy=(487.432,-335.861) size=(33.225,33.219) sensitivity=0 orientation=0.000 confidence=false]
TOUCH t=7.011 device=0 frame=984 count=3 [id=0 state=hold xy=(703.577,-310.280) size=(33.225,33.219) sensitivity=0 orientation=0.000 confidence=false] [id=1 state=hold xy=(590.640,-374.267) size=(33.225,33.219) sensitivity=0 orientation=0.000 confidence=false] [id=2 state=hold xy=(487.432,-335.789) size=(33.225,33.219) sensitivity=0 orientation=0.000 confidence=false]
TOUCH t=7.015 device=0 frame=985 count=3 [id=0 state=hold xy=(703.577,-310.280) size=(33.225,33.219) sensitivity=0 orientation=0.000 confidence=false] [id=1 state=hold xy=(590.640,-374.267) size=(33.225,33.219) sensitivity=0 orientation=0.000 confidence=false] [id=2 state=hold xy=(487.432,-335.717) size=(33.225,33.219) sensitivity=0 orientation=0.000 confidence=false]
TOUCH t=7.021 device=0 frame=986 count=3 [id=0 state=hold xy=(703.577,-310.280) size=(33.225,33.219) sensitivity=0 orientation=0.000 confidence=false] [id=1 state=hold xy=(590.640,-374.195) size=(33.225,33.219) sensitivity=0 orientation=0.000 confidence=false] [id=2 state=hold xy=(487.432,-335.645) size=(33.225,33.219) sensitivity=0 orientation=0.000 confidence=false]
TOUCH t=7.028 device=0 frame=987 count=3 [id=0 state=hold xy=(703.577,-310.280) size=(33.225,33.219) sensitivity=0 orientation=0.000 confidence=false] [id=1 state=hold xy=(590.568,-374.123) size=(33.225,33.219) sensitivity=0 orientation=0.000 confidence=false] [id=2 state=hold xy=(487.432,-335.572) size=(33.225,33.219) sensitivity=0 orientation=0.000 confidence=false]
TOUCH t=7.032 device=0 frame=988 count=3 [id=0 state=hold xy=(703.577,-310.280) size=(33.225,33.219) sensitivity=0 orientation=0.000 confidence=false] [id=1 state=hold xy=(590.568,-374.123) size=(33.225,33.219) sensitivity=0 orientation=0.000 confidence=false] [id=2 state=hold xy=(487.360,-335.500) size=(33.225,33.219) sensitivity=0 orientation=0.000 confidence=false]
TOUCH t=7.039 device=0 frame=989 count=3 [id=0 state=hold xy=(703.577,-310.280) size=(33.225,33.219) sensitivity=0 orientation=0.000 confidence=false] [id=1 state=hold xy=(590.568,-374.051) size=(33.225,33.219) sensitivity=0 orientation=0.000 confidence=false] [id=2 state=hold xy=(487.360,-335.500) size=(33.225,33.219) sensitivity=0 orientation=0.000 confidence=false]
TOUCH t=7.042 device=0 frame=990 count=3 [id=0 state=hold xy=(703.577,-310.280) size=(33.225,33.219) sensitivity=0 orientation=0.000 confidence=false] [id=1 state=hold xy=(590.495,-374.051) size=(33.225,33.219) sensitivity=0 orientation=0.000 confidence=false] [id=2 state=hold xy=(487.360,-335.428) size=(33.225,33.219) sensitivity=0 orientation=0.000 confidence=false]
TOUCH t=7.048 device=0 frame=991 count=3 [id=0 state=hold xy=(703.577,-310.280) size=(33.225,33.219) sensitivity=0 orientation=0.000 confidence=false] [id=1 state=hold xy=(590.495,-373.979) size=(33.225,33.219) sensitivity=0 orientation=0.000 confidence=false] [id=2 state=hold xy=(487.432,-335.428) size=(33.225,33.219) sensitivity=0 orientation=0.000 confidence=false]
TOUCH t=7.055 device=0 frame=992 count=3 [id=0 state=hold xy=(703.577,-310.280) size=(33.225,33.219) sensitivity=0 orientation=0.000 confidence=false] [id=1 state=hold xy=(590.495,-373.979) size=(33.225,33.219) sensitivity=0 orientation=0.000 confidence=false] [id=2 state=hold xy=(487.432,-335.356) size=(33.225,33.219) sensitivity=0 orientation=0.000 confidence=false]
TOUCH t=7.057 device=0 frame=993 count=3 [id=0 state=hold xy=(703.577,-310.280) size=(33.225,33.219) sensitivity=0 orientation=0.000 confidence=false] [id=1 state=hold xy=(590.423,-373.907) size=(33.225,33.219) sensitivity=0 orientation=0.000 confidence=false] [id=2 state=hold xy=(487.360,-335.356) size=(33.225,33.219) sensitivity=0 orientation=0.000 confidence=false]
TOUCH t=7.063 device=0 frame=994 count=3 [id=0 state=hold xy=(703.577,-310.280) size=(33.225,33.219) sensitivity=0 orientation=0.000 confidence=false] [id=1 state=hold xy=(590.423,-373.835) size=(33.225,33.219) sensitivity=0 orientation=0.000 confidence=false] [id=2 state=hold xy=(487.360,-335.356) size=(33.225,33.219) sensitivity=0 orientation=0.000 confidence=false]
TOUCH t=7.067 device=0 frame=995 count=3 [id=0 state=hold xy=(703.577,-310.280) size=(33.225,33.219) sensitivity=0 orientation=0.000 confidence=false] [id=1 state=hold xy=(590.423,-373.763) size=(33.225,33.219) sensitivity=0 orientation=0.000 confidence=false] [id=2 state=hold xy=(487.360,-335.284) size=(33.225,33.219) sensitivity=0 orientation=0.000 confidence=false]
TOUCH t=7.073 device=0 frame=996 count=3 [id=0 state=hold xy=(703.577,-310.280) size=(33.225,33.219) sensitivity=0 orientation=0.000 confidence=false] [id=1 state=hold xy=(590.423,-373.691) size=(33.225,33.219) sensitivity=0 orientation=0.000 confidence=false] [id=2 state=hold xy=(487.360,-335.284) size=(33.225,33.219) sensitivity=0 orientation=0.000 confidence=false]
TOUCH t=7.081 device=0 frame=997 count=3 [id=0 state=hold xy=(703.577,-310.280) size=(33.225,33.219) sensitivity=0 orientation=0.000 confidence=false] [id=1 state=hold xy=(590.351,-373.691) size=(33.225,33.219) sensitivity=0 orientation=0.000 confidence=false] [id=2 state=hold xy=(487.360,-335.284) size=(33.225,33.219) sensitivity=0 orientation=0.000 confidence=false]
TOUCH t=7.083 device=0 frame=998 count=3 [id=0 state=hold xy=(703.577,-310.280) size=(33.225,33.219) sensitivity=0 orientation=0.000 confidence=false] [id=1 state=hold xy=(590.351,-373.691) size=(33.225,33.219) sensitivity=0 orientation=0.000 confidence=false] [id=2 state=hold xy=(487.360,-335.212) size=(33.225,33.219) sensitivity=0 orientation=0.000 confidence=false]
TOUCH t=7.090 device=0 frame=999 count=3 [id=0 state=hold xy=(703.577,-310.280) size=(33.225,33.219) sensitivity=0 orientation=0.000 confidence=false] [id=1 state=hold xy=(590.279,-373.619) size=(33.225,33.219) sensitivity=0 orientation=0.000 confidence=false] [id=2 state=hold xy=(487.360,-335.212) size=(33.225,33.219) sensitivity=0 orientation=0.000 confidence=false]
TOUCH t=7.095 device=0 frame=1000 count=3 [id=0 state=hold xy=(703.577,-310.280) size=(33.225,33.219) sensitivity=0 orientation=0.000 confidence=false] [id=1 state=hold xy=(590.279,-373.619) size=(33.225,33.219) sensitivity=0 orientation=0.000 confidence=false] [id=2 state=hold xy=(487.360,-335.212) size=(33.225,33.219) sensitivity=0 orientation=0.000 confidence=false]
TOUCH t=7.100 device=0 frame=1001 count=3 [id=0 state=hold xy=(703.577,-310.280) size=(33.225,33.219) sensitivity=0 orientation=0.000 confidence=false] [id=1 state=hold xy=(590.279,-373.619) size=(33.225,33.219) sensitivity=0 orientation=0.000 confidence=false] [id=2 state=hold xy=(487.360,-335.212) size=(33.225,33.219) sensitivity=0 orientation=0.000 confidence=false]
TOUCH t=7.105 device=0 frame=1002 count=3 [id=0 state=hold xy=(703.577,-310.280) size=(33.225,33.219) sensitivity=0 orientation=0.000 confidence=false] [id=1 state=hold xy=(590.279,-373.547) size=(33.225,33.219) sensitivity=0 orientation=0.000 confidence=false] [id=2 state=hold xy=(487.360,-335.212) size=(33.225,33.219) sensitivity=0 orientation=0.000 confidence=false]
TOUCH t=7.110 device=0 frame=1003 count=3 [id=0 state=hold xy=(703.577,-310.280) size=(33.225,33.219) sensitivity=0 orientation=0.000 confidence=false] [id=1 state=hold xy=(590.207,-373.547) size=(33.225,33.219) sensitivity=0 orientation=0.000 confidence=false] [id=2 state=hold xy=(487.360,-335.212) size=(33.225,33.219) sensitivity=0 orientation=0.000 confidence=false]
TOUCH t=7.115 device=0 frame=1004 count=3 [id=0 state=hold xy=(703.577,-310.280) size=(33.225,33.219) sensitivity=0 orientation=0.000 confidence=false] [id=1 state=hold xy=(590.207,-373.475) size=(33.225,33.219) sensitivity=0 orientation=0.000 confidence=false] [id=2 state=hold xy=(487.360,-335.212) size=(33.225,33.219) sensitivity=0 orientation=0.000 confidence=false]
TOUCH t=7.125 device=0 frame=1005 count=3 [id=0 state=hold xy=(703.577,-310.280) size=(33.225,33.219) sensitivity=0 orientation=0.000 confidence=false] [id=1 state=hold xy=(590.207,-373.475) size=(33.225,33.219) sensitivity=0 orientation=0.000 confidence=false] [id=2 state=hold xy=(487.360,-335.212) size=(33.225,33.219) sensitivity=0 orientation=0.000 confidence=false]
TOUCH t=7.129 device=0 frame=1006 count=3 [id=0 state=hold xy=(703.577,-310.280) size=(33.225,33.219) sensitivity=0 orientation=0.000 confidence=false] [id=1 state=hold xy=(590.135,-373.475) size=(33.225,33.219) sensitivity=0 orientation=0.000 confidence=false] [id=2 state=hold xy=(487.360,-335.212) size=(33.225,33.219) sensitivity=0 orientation=0.000 confidence=false]
TOUCH t=7.132 device=0 frame=1007 count=3 [id=0 state=hold xy=(703.577,-310.280) size=(33.225,33.219) sensitivity=0 orientation=0.000 confidence=false] [id=1 state=hold xy=(590.135,-373.475) size=(33.225,33.219) sensitivity=0 orientation=0.000 confidence=false] [id=2 state=hold xy=(487.360,-335.212) size=(33.225,33.219) sensitivity=0 orientation=0.000 confidence=false]
TOUCH t=7.137 device=0 frame=1008 count=3 [id=0 state=hold xy=(703.577,-310.280) size=(33.225,33.219) sensitivity=0 orientation=0.000 confidence=false] [id=1 state=hold xy=(590.135,-373.475) size=(33.225,33.219) sensitivity=0 orientation=0.000 confidence=false] [id=2 state=hold xy=(487.360,-335.212) size=(33.225,33.219) sensitivity=0 orientation=0.000 confidence=false]
TOUCH t=7.142 device=0 frame=1009 count=3 [id=0 state=hold xy=(703.577,-310.280) size=(33.225,33.219) sensitivity=0 orientation=0.000 confidence=false] [id=1 state=hold xy=(590.135,-373.475) size=(33.225,33.219) sensitivity=0 orientation=0.000 confidence=false] [id=2 state=hold xy=(487.360,-335.212) size=(33.225,33.219) sensitivity=0 orientation=0.000 confidence=false]
TOUCH t=7.149 device=0 frame=1010 count=3 [id=0 state=hold xy=(703.577,-310.280) size=(33.225,33.219) sensitivity=0 orientation=0.000 confidence=false] [id=1 state=hold xy=(590.135,-373.475) size=(33.225,33.219) sensitivity=0 orientation=0.000 confidence=false] [id=2 state=hold xy=(487.360,-335.212) size=(33.225,33.219) sensitivity=0 orientation=0.000 confidence=false]
TOUCH t=7.151 device=0 frame=1011 count=3 [id=0 state=hold xy=(703.577,-310.280) size=(33.225,33.219) sensitivity=0 orientation=0.000 confidence=false] [id=1 state=hold xy=(590.135,-373.475) size=(33.225,33.219) sensitivity=0 orientation=0.000 confidence=false] [id=2 state=hold xy=(487.360,-335.212) size=(33.225,33.219) sensitivity=0 orientation=0.000 confidence=false]
TOUCH t=7.157 device=0 frame=1012 count=3 [id=0 state=hold xy=(703.577,-310.280) size=(33.225,33.219) sensitivity=0 orientation=0.000 confidence=false] [id=1 state=hold xy=(590.135,-373.475) size=(33.225,33.219) sensitivity=0 orientation=0.000 confidence=false] [id=2 state=hold xy=(487.360,-335.212) size=(33.225,33.219) sensitivity=0 orientation=0.000 confidence=false]
TOUCH t=7.165 device=0 frame=1013 count=3 [id=0 state=hold xy=(703.505,-310.208) size=(33.225,33.219) sensitivity=0 orientation=0.000 confidence=false] [id=1 state=hold xy=(590.135,-373.475) size=(33.225,33.219) sensitivity=0 orientation=0.000 confidence=false] [id=2 state=hold xy=(487.360,-335.212) size=(33.225,33.219) sensitivity=0 orientation=0.000 confidence=false]
TOUCH t=7.167 device=0 frame=1014 count=3 [id=0 state=hold xy=(703.432,-310.136) size=(33.225,33.219) sensitivity=0 orientation=0.000 confidence=false] [id=1 state=hold xy=(590.135,-373.475) size=(33.225,33.219) sensitivity=0 orientation=0.000 confidence=false] [id=2 state=hold xy=(487.360,-335.212) size=(33.225,33.219) sensitivity=0 orientation=0.000 confidence=false]
TOUCH t=7.173 device=0 frame=1015 count=3 [id=0 state=hold xy=(703.360,-310.064) size=(33.225,33.219) sensitivity=0 orientation=0.000 confidence=false] [id=1 state=hold xy=(590.135,-373.475) size=(33.225,33.219) sensitivity=0 orientation=0.000 confidence=false] [id=2 state=hold xy=(487.360,-335.212) size=(33.225,33.219) sensitivity=0 orientation=0.000 confidence=false]
TOUCH t=7.182 device=0 frame=1016 count=3 [id=0 state=hold xy=(703.360,-310.064) size=(33.225,33.219) sensitivity=0 orientation=0.000 confidence=false] [id=1 state=hold xy=(590.135,-373.475) size=(33.225,33.219) sensitivity=0 orientation=0.000 confidence=false] [id=2 state=hold xy=(487.360,-335.212) size=(33.225,33.219) sensitivity=0 orientation=0.000 confidence=false]
TOUCH t=7.183 device=0 frame=1017 count=3 [id=0 state=hold xy=(703.360,-310.064) size=(33.225,33.219) sensitivity=0 orientation=0.000 confidence=false] [id=1 state=hold xy=(590.135,-373.475) size=(33.225,33.219) sensitivity=0 orientation=0.000 confidence=false] [id=2 state=hold xy=(487.360,-335.212) size=(33.225,33.219) sensitivity=0 orientation=0.000 confidence=false]
TOUCH t=7.190 device=0 frame=1018 count=3 [id=0 state=hold xy=(703.360,-310.064) size=(33.225,33.219) sensitivity=0 orientation=0.000 confidence=false] [id=1 state=hold xy=(590.135,-373.475) size=(33.225,33.219) sensitivity=0 orientation=0.000 confidence=false] [id=2 state=hold xy=(487.360,-335.212) size=(33.225,33.219) sensitivity=0 orientation=0.000 confidence=false]
TOUCH t=7.195 device=0 frame=1019 count=3 [id=0 state=hold xy=(703.360,-310.064) size=(33.225,33.219) sensitivity=0 orientation=0.000 confidence=false] [id=1 state=hold xy=(590.135,-373.475) size=(33.225,33.219) sensitivity=0 orientation=0.000 confidence=false] [id=2 state=hold xy=(487.360,-335.212) size=(33.225,33.219) sensitivity=0 orientation=0.000 confidence=false]
TOUCH t=7.199 device=0 frame=1020 count=3 [id=0 state=hold xy=(703.360,-310.064) size=(33.225,33.219) sensitivity=0 orientation=0.000 confidence=false] [id=1 state=hold xy=(590.135,-373.475) size=(33.225,33.219) sensitivity=0 orientation=0.000 confidence=false] [id=2 state=hold xy=(487.360,-335.212) size=(33.225,33.219) sensitivity=0 orientation=0.000 confidence=false]
TOUCH t=7.205 device=0 frame=1021 count=3 [id=0 state=hold xy=(703.360,-310.064) size=(33.225,33.219) sensitivity=0 orientation=0.000 confidence=false] [id=1 state=hold xy=(590.135,-373.475) size=(33.225,33.219) sensitivity=0 orientation=0.000 confidence=false] [id=2 state=hold xy=(487.360,-335.212) size=(33.225,33.219) sensitivity=0 orientation=0.000 confidence=false]
TOUCH t=7.212 device=0 frame=1022 count=3 [id=0 state=hold xy=(703.360,-310.064) size=(33.225,33.219) sensitivity=0 orientation=0.000 confidence=false] [id=1 state=hold xy=(590.135,-373.475) size=(33.225,33.219) sensitivity=0 orientation=0.000 confidence=false] [id=2 state=hold xy=(487.360,-335.212) size=(33.225,33.219) sensitivity=0 orientation=0.000 confidence=false]
TOUCH t=7.215 device=0 frame=1023 count=3 [id=0 state=hold xy=(703.360,-310.064) size=(33.225,33.219) sensitivity=0 orientation=0.000 confidence=false] [id=1 state=hold xy=(590.135,-373.475) size=(33.225,33.219) sensitivity=0 orientation=0.000 confidence=false] [id=2 state=hold xy=(487.360,-335.212) size=(33.225,33.219) sensitivity=0 orientation=0.000 confidence=false]
TOUCH t=7.220 device=0 frame=1024 count=3 [id=0 state=hold xy=(703.360,-310.064) size=(33.225,33.219) sensitivity=0 orientation=0.000 confidence=false] [id=1 state=hold xy=(590.135,-373.475) size=(33.225,33.219) sensitivity=0 orientation=0.000 confidence=false] [id=2 state=hold xy=(487.360,-335.212) size=(33.225,33.219) sensitivity=0 orientation=0.000 confidence=false]
TOUCH t=7.229 device=0 frame=1025 count=3 [id=0 state=hold xy=(703.360,-310.064) size=(33.225,33.219) sensitivity=0 orientation=0.000 confidence=false] [id=1 state=hold xy=(590.135,-373.475) size=(33.225,33.219) sensitivity=0 orientation=0.000 confidence=false] [id=2 state=hold xy=(487.360,-335.212) size=(33.225,33.219) sensitivity=0 orientation=0.000 confidence=false]
TOUCH t=7.231 device=0 frame=1026 count=3 [id=0 state=hold xy=(703.360,-310.064) size=(33.225,33.219) sensitivity=0 orientation=0.000 confidence=false] [id=1 state=hold xy=(590.135,-373.475) size=(33.225,33.219) sensitivity=0 orientation=0.000 confidence=false] [id=2 state=hold xy=(487.360,-335.212) size=(33.225,33.219) sensitivity=0 orientation=0.000 confidence=false]
TOUCH t=7.235 device=0 frame=1027 count=3 [id=0 state=hold xy=(703.360,-310.064) size=(33.225,33.219) sensitivity=0 orientation=0.000 confidence=false] [id=1 state=hold xy=(590.135,-373.475) size=(33.225,33.219) sensitivity=0 orientation=0.000 confidence=false] [id=2 state=hold xy=(487.360,-335.212) size=(33.225,33.219) sensitivity=0 orientation=0.000 confidence=false]
TOUCH t=7.241 device=0 frame=1028 count=3 [id=0 state=hold xy=(703.360,-310.064) size=(33.225,33.219) sensitivity=0 orientation=0.000 confidence=false] [id=1 state=hold xy=(590.135,-373.475) size=(33.225,33.219) sensitivity=0 orientation=0.000 confidence=false] [id=2 state=hold xy=(487.360,-335.212) size=(33.225,33.219) sensitivity=0 orientation=0.000 confidence=false]
TOUCH t=7.250 device=0 frame=1029 count=3 [id=0 state=hold xy=(703.360,-310.064) size=(33.225,33.219) sensitivity=0 orientation=0.000 confidence=false] [id=1 state=hold xy=(590.135,-373.475) size=(33.225,33.219) sensitivity=0 orientation=0.000 confidence=false] [id=2 state=hold xy=(487.360,-335.212) size=(33.225,33.219) sensitivity=0 orientation=0.000 confidence=false]
TOUCH t=7.251 device=0 frame=1030 count=3 [id=0 state=hold xy=(703.360,-310.064) size=(33.225,33.219) sensitivity=0 orientation=0.000 confidence=false] [id=1 state=hold xy=(590.135,-373.475) size=(33.225,33.219) sensitivity=0 orientation=0.000 confidence=false] [id=2 state=hold xy=(487.360,-335.212) size=(33.225,33.219) sensitivity=0 orientation=0.000 confidence=false]
TOUCH t=7.257 device=0 frame=1031 count=3 [id=0 state=hold xy=(703.360,-310.064) size=(33.225,33.219) sensitivity=0 orientation=0.000 confidence=false] [id=1 state=hold xy=(590.135,-373.475) size=(33.225,33.219) sensitivity=0 orientation=0.000 confidence=false] [id=2 state=hold xy=(487.360,-335.212) size=(33.225,33.219) sensitivity=0 orientation=0.000 confidence=false]
TOUCH t=7.263 device=0 frame=1032 count=3 [id=0 state=hold xy=(703.360,-310.064) size=(33.225,33.219) sensitivity=0 orientation=0.000 confidence=false] [id=1 state=hold xy=(590.135,-373.475) size=(33.225,33.219) sensitivity=0 orientation=0.000 confidence=false] [id=2 state=hold xy=(487.360,-335.212) size=(33.225,33.219) sensitivity=0 orientation=0.000 confidence=false]
TOUCH t=7.267 device=0 frame=1033 count=3 [id=0 state=hold xy=(703.360,-310.064) size=(33.225,33.219) sensitivity=0 orientation=0.000 confidence=false] [id=1 state=hold xy=(590.135,-373.475) size=(33.225,33.219) sensitivity=0 orientation=0.000 confidence=false] [id=2 state=hold xy=(487.360,-335.212) size=(33.225,33.219) sensitivity=0 orientation=0.000 confidence=false]
TOUCH t=7.273 device=0 frame=1034 count=3 [id=0 state=hold xy=(703.360,-310.064) size=(33.225,33.219) sensitivity=0 orientation=0.000 confidence=false] [id=1 state=hold xy=(590.135,-373.475) size=(33.225,33.219) sensitivity=0 orientation=0.000 confidence=false] [id=2 state=hold xy=(487.360,-335.212) size=(33.225,33.219) sensitivity=0 orientation=0.000 confidence=false]
TOUCH t=7.278 device=0 frame=1035 count=3 [id=0 state=hold xy=(703.360,-310.064) size=(33.225,33.219) sensitivity=0 orientation=0.000 confidence=false] [id=1 state=hold xy=(590.135,-373.475) size=(33.225,33.219) sensitivity=0 orientation=0.000 confidence=false] [id=2 state=hold xy=(487.360,-335.212) size=(33.225,33.219) sensitivity=0 orientation=0.000 confidence=false]
TOUCH t=7.283 device=0 frame=1036 count=3 [id=0 state=hold xy=(703.360,-310.064) size=(33.225,33.219) sensitivity=0 orientation=0.000 confidence=false] [id=1 state=hold xy=(590.135,-373.475) size=(33.225,33.219) sensitivity=0 orientation=0.000 confidence=false] [id=2 state=hold xy=(487.360,-335.212) size=(33.225,33.219) sensitivity=0 orientation=0.000 confidence=false]
TOUCH t=7.289 device=0 frame=1037 count=3 [id=0 state=hold xy=(703.360,-310.064) size=(33.225,33.219) sensitivity=0 orientation=0.000 confidence=false] [id=1 state=hold xy=(590.135,-373.475) size=(33.225,33.219) sensitivity=0 orientation=0.000 confidence=false] [id=2 state=hold xy=(487.360,-335.212) size=(33.225,33.219) sensitivity=0 orientation=0.000 confidence=false]
TOUCH t=7.294 device=0 frame=1038 count=3 [id=0 state=hold xy=(703.360,-310.064) size=(33.225,33.219) sensitivity=0 orientation=0.000 confidence=false] [id=1 state=hold xy=(590.135,-373.475) size=(33.225,33.219) sensitivity=0 orientation=0.000 confidence=false] [id=2 state=hold xy=(487.360,-335.212) size=(33.225,33.219) sensitivity=0 orientation=0.000 confidence=false]
TOUCH t=7.300 device=0 frame=1039 count=3 [id=0 state=hold xy=(703.360,-310.064) size=(33.225,33.219) sensitivity=0 orientation=0.000 confidence=false] [id=1 state=hold xy=(590.135,-373.475) size=(33.225,33.219) sensitivity=0 orientation=0.000 confidence=false] [id=2 state=hold xy=(487.360,-335.212) size=(33.225,33.219) sensitivity=0 orientation=0.000 confidence=false]
TOUCH t=7.305 device=0 frame=1040 count=3 [id=0 state=hold xy=(703.360,-310.064) size=(33.225,33.219) sensitivity=0 orientation=0.000 confidence=false] [id=1 state=hold xy=(590.135,-373.475) size=(33.225,33.219) sensitivity=0 orientation=0.000 confidence=false] [id=2 state=hold xy=(487.360,-335.212) size=(33.225,33.219) sensitivity=0 orientation=0.000 confidence=false]
TOUCH t=7.311 device=0 frame=1041 count=3 [id=0 state=hold xy=(703.360,-310.064) size=(33.225,33.219) sensitivity=0 orientation=0.000 confidence=false] [id=1 state=hold xy=(590.135,-373.475) size=(33.225,33.219) sensitivity=0 orientation=0.000 confidence=false] [id=2 state=hold xy=(487.360,-335.212) size=(33.225,33.219) sensitivity=0 orientation=0.000 confidence=false]
TOUCH t=7.315 device=0 frame=1042 count=3 [id=0 state=hold xy=(703.360,-310.064) size=(33.225,33.219) sensitivity=0 orientation=0.000 confidence=false] [id=1 state=hold xy=(590.135,-373.475) size=(33.225,33.219) sensitivity=0 orientation=0.000 confidence=false] [id=2 state=hold xy=(487.360,-335.212) size=(33.225,33.219) sensitivity=0 orientation=0.000 confidence=false]
TOUCH t=7.320 device=0 frame=1043 count=3 [id=0 state=hold xy=(703.360,-310.064) size=(33.225,33.219) sensitivity=0 orientation=0.000 confidence=false] [id=1 state=hold xy=(590.135,-373.475) size=(33.225,33.219) sensitivity=0 orientation=0.000 confidence=false] [id=2 state=hold xy=(487.360,-335.212) size=(33.225,33.219) sensitivity=0 orientation=0.000 confidence=false]
TOUCH t=7.325 device=0 frame=1044 count=3 [id=0 state=hold xy=(703.288,-309.992) size=(33.225,33.219) sensitivity=0 orientation=0.000 confidence=false] [id=1 state=hold xy=(590.135,-373.475) size=(33.225,33.219) sensitivity=0 orientation=0.000 confidence=false] [id=2 state=hold xy=(487.360,-335.212) size=(33.225,33.219) sensitivity=0 orientation=0.000 confidence=false]
TOUCH t=7.330 device=0 frame=1045 count=3 [id=0 state=hold xy=(703.216,-309.920) size=(33.225,33.219) sensitivity=0 orientation=0.000 confidence=false] [id=1 state=hold xy=(590.135,-373.475) size=(33.225,33.219) sensitivity=0 orientation=0.000 confidence=false] [id=2 state=hold xy=(487.360,-335.212) size=(33.225,33.219) sensitivity=0 orientation=0.000 confidence=false]
TOUCH t=7.339 device=0 frame=1046 count=3 [id=0 state=hold xy=(703.144,-309.920) size=(33.225,33.219) sensitivity=0 orientation=0.000 confidence=false] [id=1 state=hold xy=(590.135,-373.475) size=(33.225,33.219) sensitivity=0 orientation=0.000 confidence=false] [id=2 state=hold xy=(487.360,-335.212) size=(33.225,33.219) sensitivity=0 orientation=0.000 confidence=false]
TOUCH t=7.349 device=0 frame=1047 count=3 [id=0 state=hold xy=(703.144,-309.920) size=(33.225,33.219) sensitivity=0 orientation=0.000 confidence=false] [id=1 state=hold xy=(590.135,-373.475) size=(33.225,33.219) sensitivity=0 orientation=0.000 confidence=false] [id=2 state=hold xy=(487.360,-335.212) size=(33.225,33.219) sensitivity=0 orientation=0.000 confidence=false]
TOUCH t=7.356 device=0 frame=1048 count=3 [id=0 state=hold xy=(703.144,-309.920) size=(33.225,33.219) sensitivity=0 orientation=0.000 confidence=false] [id=1 state=hold xy=(590.135,-373.475) size=(33.225,33.219) sensitivity=0 orientation=0.000 confidence=false] [id=2 state=hold xy=(487.360,-335.212) size=(33.225,33.219) sensitivity=0 orientation=0.000 confidence=false]
TOUCH t=7.359 device=0 frame=1049 count=3 [id=0 state=hold xy=(703.072,-309.848) size=(33.225,33.219) sensitivity=0 orientation=0.000 confidence=false] [id=1 state=hold xy=(590.135,-373.475) size=(33.225,33.219) sensitivity=0 orientation=0.000 confidence=false] [id=2 state=hold xy=(487.360,-335.212) size=(33.225,33.219) sensitivity=0 orientation=0.000 confidence=false]
TOUCH t=7.366 device=0 frame=1050 count=3 [id=0 state=hold xy=(703.000,-309.776) size=(33.225,33.219) sensitivity=0 orientation=0.000 confidence=false] [id=1 state=hold xy=(590.135,-373.475) size=(33.225,33.219) sensitivity=0 orientation=0.000 confidence=false] [id=2 state=hold xy=(487.360,-335.212) size=(33.225,33.219) sensitivity=0 orientation=0.000 confidence=false]
TOUCH t=7.376 device=0 frame=1051 count=3 [id=0 state=hold xy=(702.928,-309.704) size=(33.225,33.219) sensitivity=0 orientation=0.000 confidence=false] [id=1 state=hold xy=(590.135,-373.475) size=(33.225,33.219) sensitivity=0 orientation=0.000 confidence=false] [id=2 state=hold xy=(487.360,-335.212) size=(33.225,33.219) sensitivity=0 orientation=0.000 confidence=false]
TOUCH t=7.377 device=0 frame=1052 count=3 [id=0 state=hold xy=(702.856,-309.632) size=(33.225,33.219) sensitivity=0 orientation=0.000 confidence=false] [id=1 state=hold xy=(590.135,-373.475) size=(33.225,33.219) sensitivity=0 orientation=0.000 confidence=false] [id=2 state=hold xy=(487.360,-335.212) size=(33.225,33.219) sensitivity=0 orientation=0.000 confidence=false]
TOUCH t=7.382 device=0 frame=1053 count=3 [id=0 state=hold xy=(702.856,-309.632) size=(33.225,33.219) sensitivity=0 orientation=0.000 confidence=false] [id=1 state=hold xy=(590.135,-373.475) size=(33.225,33.219) sensitivity=0 orientation=0.000 confidence=false] [id=2 state=hold xy=(487.360,-335.212) size=(33.225,33.219) sensitivity=0 orientation=0.000 confidence=false]
TOUCH t=7.391 device=0 frame=1054 count=3 [id=0 state=hold xy=(702.856,-309.632) size=(33.225,33.219) sensitivity=0 orientation=0.000 confidence=false] [id=1 state=hold xy=(590.135,-373.475) size=(33.225,33.219) sensitivity=0 orientation=0.000 confidence=false] [id=2 state=hold xy=(487.360,-335.212) size=(33.225,33.219) sensitivity=0 orientation=0.000 confidence=false]
TOUCH t=7.391 device=0 frame=1055 count=3 [id=0 state=hold xy=(702.856,-309.632) size=(33.225,33.219) sensitivity=0 orientation=0.000 confidence=false] [id=1 state=hold xy=(590.135,-373.475) size=(33.225,33.219) sensitivity=0 orientation=0.000 confidence=false] [id=2 state=hold xy=(487.360,-335.212) size=(33.225,33.219) sensitivity=0 orientation=0.000 confidence=false]
TOUCH t=7.397 device=0 frame=1056 count=3 [id=0 state=hold xy=(702.856,-309.632) size=(33.225,33.219) sensitivity=0 orientation=0.000 confidence=false] [id=1 state=hold xy=(590.135,-373.475) size=(33.225,33.219) sensitivity=0 orientation=0.000 confidence=false] [id=2 state=hold xy=(487.360,-335.212) size=(33.225,33.219) sensitivity=0 orientation=0.000 confidence=false]
TOUCH t=7.401 device=0 frame=1057 count=3 [id=0 state=hold xy=(702.856,-309.632) size=(33.225,33.219) sensitivity=0 orientation=0.000 confidence=false] [id=1 state=hold xy=(590.135,-373.475) size=(33.225,33.219) sensitivity=0 orientation=0.000 confidence=false] [id=2 state=hold xy=(487.360,-335.212) size=(33.225,33.219) sensitivity=0 orientation=0.000 confidence=false]
TOUCH t=7.407 device=0 frame=1058 count=3 [id=0 state=hold xy=(702.856,-309.632) size=(33.225,33.219) sensitivity=0 orientation=0.000 confidence=false] [id=1 state=hold xy=(590.135,-373.475) size=(33.225,33.219) sensitivity=0 orientation=0.000 confidence=false] [id=2 state=hold xy=(487.360,-335.212) size=(33.225,33.219) sensitivity=0 orientation=0.000 confidence=false]
TOUCH t=7.411 device=0 frame=1059 count=3 [id=0 state=hold xy=(702.856,-309.632) size=(33.225,33.219) sensitivity=0 orientation=0.000 confidence=false] [id=1 state=hold xy=(590.135,-373.475) size=(33.225,33.219) sensitivity=0 orientation=0.000 confidence=false] [id=2 state=hold xy=(487.360,-335.212) size=(33.225,33.219) sensitivity=0 orientation=0.000 confidence=false]
TOUCH t=7.416 device=0 frame=1060 count=3 [id=0 state=hold xy=(702.856,-309.632) size=(33.225,33.219) sensitivity=0 orientation=0.000 confidence=false] [id=1 state=hold xy=(590.135,-373.475) size=(33.225,33.219) sensitivity=0 orientation=0.000 confidence=false] [id=2 state=hold xy=(487.360,-335.212) size=(33.225,33.219) sensitivity=0 orientation=0.000 confidence=false]
TOUCH t=7.423 device=0 frame=1061 count=3 [id=0 state=hold xy=(702.856,-309.632) size=(33.225,33.219) sensitivity=0 orientation=0.000 confidence=false] [id=1 state=hold xy=(590.135,-373.475) size=(33.225,33.219) sensitivity=0 orientation=0.000 confidence=false] [id=2 state=hold xy=(487.360,-335.212) size=(33.225,33.219) sensitivity=0 orientation=0.000 confidence=false]
TOUCH t=7.429 device=0 frame=1062 count=3 [id=0 state=hold xy=(702.856,-309.632) size=(33.225,33.219) sensitivity=0 orientation=0.000 confidence=false] [id=1 state=hold xy=(590.135,-373.475) size=(33.225,33.219) sensitivity=0 orientation=0.000 confidence=false] [id=2 state=hold xy=(487.360,-335.212) size=(33.225,33.219) sensitivity=0 orientation=0.000 confidence=false]
TOUCH t=7.432 device=0 frame=1063 count=3 [id=0 state=hold xy=(702.856,-309.632) size=(33.225,33.219) sensitivity=0 orientation=0.000 confidence=false] [id=1 state=hold xy=(590.135,-373.475) size=(33.225,33.219) sensitivity=0 orientation=0.000 confidence=false] [id=2 state=hold xy=(487.360,-335.212) size=(33.225,33.219) sensitivity=0 orientation=0.000 confidence=false]
TOUCH t=7.439 device=0 frame=1064 count=3 [id=0 state=hold xy=(702.856,-309.632) size=(33.225,33.219) sensitivity=0 orientation=0.000 confidence=false] [id=1 state=hold xy=(590.135,-373.475) size=(33.225,33.219) sensitivity=0 orientation=0.000 confidence=false] [id=2 state=hold xy=(487.360,-335.212) size=(33.225,33.219) sensitivity=0 orientation=0.000 confidence=false]
TOUCH t=7.444 device=0 frame=1065 count=3 [id=0 state=hold xy=(702.856,-309.632) size=(33.225,33.219) sensitivity=0 orientation=0.000 confidence=false] [id=1 state=hold xy=(590.135,-373.475) size=(33.225,33.219) sensitivity=0 orientation=0.000 confidence=false] [id=2 state=hold xy=(487.360,-335.212) size=(33.225,33.219) sensitivity=0 orientation=0.000 confidence=false]
TOUCH t=7.449 device=0 frame=1066 count=3 [id=0 state=hold xy=(702.856,-309.632) size=(33.225,33.219) sensitivity=0 orientation=0.000 confidence=false] [id=1 state=hold xy=(590.135,-373.475) size=(33.225,33.219) sensitivity=0 orientation=0.000 confidence=false] [id=2 state=hold xy=(487.360,-335.212) size=(33.225,33.219) sensitivity=0 orientation=0.000 confidence=false]
TOUCH t=7.455 device=0 frame=1067 count=3 [id=0 state=hold xy=(702.856,-309.632) size=(33.225,33.219) sensitivity=0 orientation=0.000 confidence=false] [id=1 state=hold xy=(590.135,-373.475) size=(33.225,33.219) sensitivity=0 orientation=0.000 confidence=false] [id=2 state=hold xy=(487.360,-335.212) size=(33.225,33.219) sensitivity=0 orientation=0.000 confidence=false]
TOUCH t=7.459 device=0 frame=1068 count=3 [id=0 state=hold xy=(702.856,-309.632) size=(33.225,33.219) sensitivity=0 orientation=0.000 confidence=false] [id=1 state=hold xy=(590.135,-373.475) size=(33.225,33.219) sensitivity=0 orientation=0.000 confidence=false] [id=2 state=hold xy=(487.360,-335.212) size=(33.225,33.219) sensitivity=0 orientation=0.000 confidence=false]
TOUCH t=7.463 device=0 frame=1069 count=3 [id=0 state=hold xy=(702.856,-309.632) size=(33.225,33.219) sensitivity=0 orientation=0.000 confidence=false] [id=1 state=hold xy=(590.135,-373.475) size=(33.225,33.219) sensitivity=0 orientation=0.000 confidence=false] [id=2 state=hold xy=(487.360,-335.212) size=(33.225,33.219) sensitivity=0 orientation=0.000 confidence=false]
TOUCH t=7.468 device=0 frame=1070 count=3 [id=0 state=hold xy=(702.856,-309.632) size=(33.225,33.219) sensitivity=0 orientation=0.000 confidence=false] [id=1 state=hold xy=(590.135,-373.475) size=(33.225,33.219) sensitivity=0 orientation=0.000 confidence=false] [id=2 state=hold xy=(487.360,-335.212) size=(33.225,33.219) sensitivity=0 orientation=0.000 confidence=false]
TOUCH t=7.474 device=0 frame=1071 count=3 [id=0 state=hold xy=(702.856,-309.632) size=(33.225,33.219) sensitivity=0 orientation=0.000 confidence=false] [id=1 state=hold xy=(590.135,-373.475) size=(33.225,33.219) sensitivity=0 orientation=0.000 confidence=false] [id=2 state=hold xy=(487.360,-335.212) size=(33.225,33.219) sensitivity=0 orientation=0.000 confidence=false]
TOUCH t=7.479 device=0 frame=1072 count=3 [id=0 state=hold xy=(702.856,-309.632) size=(33.225,33.219) sensitivity=0 orientation=0.000 confidence=false] [id=1 state=hold xy=(590.135,-373.475) size=(33.225,33.219) sensitivity=0 orientation=0.000 confidence=false] [id=2 state=hold xy=(487.360,-335.212) size=(33.225,33.219) sensitivity=0 orientation=0.000 confidence=false]
TOUCH t=7.484 device=0 frame=1073 count=3 [id=0 state=hold xy=(702.856,-309.632) size=(33.225,33.219) sensitivity=0 orientation=0.000 confidence=false] [id=1 state=hold xy=(590.135,-373.475) size=(33.225,33.219) sensitivity=0 orientation=0.000 confidence=false] [id=2 state=hold xy=(487.360,-335.212) size=(33.225,33.219) sensitivity=0 orientation=0.000 confidence=false]
TOUCH t=7.489 device=0 frame=1074 count=3 [id=0 state=hold xy=(702.856,-309.632) size=(33.225,33.219) sensitivity=0 orientation=0.000 confidence=false] [id=1 state=hold xy=(590.135,-373.475) size=(33.225,33.219) sensitivity=0 orientation=0.000 confidence=false] [id=2 state=hold xy=(487.360,-335.212) size=(33.225,33.219) sensitivity=0 orientation=0.000 confidence=false]
TOUCH t=7.495 device=0 frame=1075 count=3 [id=0 state=hold xy=(702.856,-309.632) size=(33.225,33.219) sensitivity=0 orientation=0.000 confidence=false] [id=1 state=hold xy=(590.135,-373.475) size=(33.225,33.219) sensitivity=0 orientation=0.000 confidence=false] [id=2 state=hold xy=(487.360,-335.212) size=(33.225,33.219) sensitivity=0 orientation=0.000 confidence=false]
TOUCH t=7.500 device=0 frame=1076 count=3 [id=0 state=hold xy=(702.856,-309.632) size=(33.225,33.219) sensitivity=0 orientation=0.000 confidence=false] [id=1 state=hold xy=(590.135,-373.475) size=(33.225,33.219) sensitivity=0 orientation=0.000 confidence=false] [id=2 state=hold xy=(487.360,-335.212) size=(33.225,33.219) sensitivity=0 orientation=0.000 confidence=false]
TOUCH t=7.506 device=0 frame=1077 count=3 [id=0 state=hold xy=(702.856,-309.632) size=(33.225,33.219) sensitivity=0 orientation=0.000 confidence=false] [id=1 state=hold xy=(590.135,-373.475) size=(33.225,33.219) sensitivity=0 orientation=0.000 confidence=false] [id=2 state=hold xy=(487.360,-335.212) size=(33.225,33.219) sensitivity=0 orientation=0.000 confidence=false]
TOUCH t=7.510 device=0 frame=1078 count=3 [id=0 state=hold xy=(702.856,-309.632) size=(33.225,33.219) sensitivity=0 orientation=0.000 confidence=false] [id=1 state=hold xy=(590.135,-373.475) size=(33.225,33.219) sensitivity=0 orientation=0.000 confidence=false] [id=2 state=hold xy=(487.360,-335.212) size=(33.225,33.219) sensitivity=0 orientation=0.000 confidence=false]
TOUCH t=7.516 device=0 frame=1079 count=3 [id=0 state=hold xy=(702.856,-309.632) size=(33.225,33.219) sensitivity=0 orientation=0.000 confidence=false] [id=1 state=hold xy=(590.135,-373.475) size=(33.225,33.219) sensitivity=0 orientation=0.000 confidence=false] [id=2 state=hold xy=(487.360,-335.212) size=(33.225,33.219) sensitivity=0 orientation=0.000 confidence=false]
TOUCH t=7.522 device=0 frame=1080 count=3 [id=0 state=hold xy=(702.856,-309.632) size=(33.225,33.219) sensitivity=0 orientation=0.000 confidence=false] [id=1 state=hold xy=(590.135,-373.475) size=(33.225,33.219) sensitivity=0 orientation=0.000 confidence=false] [id=2 state=hold xy=(487.360,-335.212) size=(33.225,33.219) sensitivity=0 orientation=0.000 confidence=false]
TOUCH t=7.527 device=0 frame=1081 count=3 [id=0 state=hold xy=(702.856,-309.632) size=(33.225,33.219) sensitivity=0 orientation=0.000 confidence=false] [id=1 state=hold xy=(590.135,-373.475) size=(33.225,33.219) sensitivity=0 orientation=0.000 confidence=false] [id=2 state=hold xy=(487.360,-335.212) size=(33.225,33.219) sensitivity=0 orientation=0.000 confidence=false]
TOUCH t=7.531 device=0 frame=1082 count=3 [id=0 state=hold xy=(702.856,-309.632) size=(33.225,33.219) sensitivity=0 orientation=0.000 confidence=false] [id=1 state=hold xy=(590.135,-373.475) size=(33.225,33.219) sensitivity=0 orientation=0.000 confidence=false] [id=2 state=hold xy=(487.360,-335.212) size=(33.225,33.219) sensitivity=0 orientation=0.000 confidence=false]
TOUCH t=7.536 device=0 frame=1083 count=3 [id=0 state=hold xy=(702.856,-309.632) size=(33.225,33.219) sensitivity=0 orientation=0.000 confidence=false] [id=1 state=hold xy=(590.135,-373.475) size=(33.225,33.219) sensitivity=0 orientation=0.000 confidence=false] [id=2 state=hold xy=(487.360,-335.212) size=(33.225,33.219) sensitivity=0 orientation=0.000 confidence=false]
TOUCH t=7.543 device=0 frame=1084 count=3 [id=0 state=hold xy=(702.856,-309.632) size=(33.225,33.219) sensitivity=0 orientation=0.000 confidence=false] [id=1 state=hold xy=(590.135,-373.475) size=(33.225,33.219) sensitivity=0 orientation=0.000 confidence=false] [id=2 state=hold xy=(487.360,-335.212) size=(33.225,33.219) sensitivity=0 orientation=0.000 confidence=false]
TOUCH t=7.548 device=0 frame=1085 count=3 [id=0 state=hold xy=(702.856,-309.632) size=(33.225,33.219) sensitivity=0 orientation=0.000 confidence=false] [id=1 state=hold xy=(590.135,-373.475) size=(33.225,33.219) sensitivity=0 orientation=0.000 confidence=false] [id=2 state=hold xy=(487.360,-335.212) size=(33.225,33.219) sensitivity=0 orientation=0.000 confidence=false]
TOUCH t=7.553 device=0 frame=1086 count=3 [id=0 state=hold xy=(702.856,-309.632) size=(33.225,33.219) sensitivity=0 orientation=0.000 confidence=false] [id=1 state=hold xy=(590.135,-373.475) size=(33.225,33.219) sensitivity=0 orientation=0.000 confidence=false] [id=2 state=hold xy=(487.360,-335.212) size=(33.225,33.219) sensitivity=0 orientation=0.000 confidence=false]
TOUCH t=7.558 device=0 frame=1087 count=3 [id=0 state=hold xy=(702.856,-309.632) size=(33.225,33.219) sensitivity=0 orientation=0.000 confidence=false] [id=1 state=hold xy=(590.135,-373.475) size=(33.225,33.219) sensitivity=0 orientation=0.000 confidence=false] [id=2 state=hold xy=(487.360,-335.212) size=(33.225,33.219) sensitivity=0 orientation=0.000 confidence=false]
TOUCH t=7.563 device=0 frame=1088 count=3 [id=0 state=hold xy=(702.856,-309.632) size=(33.225,33.219) sensitivity=0 orientation=0.000 confidence=false] [id=1 state=hold xy=(590.135,-373.475) size=(33.225,33.219) sensitivity=0 orientation=0.000 confidence=false] [id=2 state=hold xy=(487.360,-335.212) size=(33.225,33.219) sensitivity=0 orientation=0.000 confidence=false]
TOUCH t=7.568 device=0 frame=1089 count=3 [id=0 state=hold xy=(702.856,-309.632) size=(33.225,33.219) sensitivity=0 orientation=0.000 confidence=false] [id=1 state=hold xy=(590.135,-373.475) size=(33.225,33.219) sensitivity=0 orientation=0.000 confidence=false] [id=2 state=hold xy=(487.360,-335.212) size=(33.225,33.219) sensitivity=0 orientation=0.000 confidence=false]
TOUCH t=7.573 device=0 frame=1090 count=3 [id=0 state=hold xy=(702.856,-309.632) size=(33.225,33.219) sensitivity=0 orientation=0.000 confidence=false] [id=1 state=hold xy=(590.135,-373.475) size=(33.225,33.219) sensitivity=0 orientation=0.000 confidence=false] [id=2 state=hold xy=(487.360,-335.212) size=(33.225,33.219) sensitivity=0 orientation=0.000 confidence=false]
TOUCH t=7.579 device=0 frame=1091 count=3 [id=0 state=hold xy=(702.856,-309.632) size=(33.225,33.219) sensitivity=0 orientation=0.000 confidence=false] [id=1 state=hold xy=(590.135,-373.475) size=(33.225,33.219) sensitivity=0 orientation=0.000 confidence=false] [id=2 state=hold xy=(487.360,-335.212) size=(33.225,33.219) sensitivity=0 orientation=0.000 confidence=false]
TOUCH t=7.584 device=0 frame=1092 count=3 [id=0 state=hold xy=(702.856,-309.632) size=(33.225,33.219) sensitivity=0 orientation=0.000 confidence=false] [id=1 state=hold xy=(590.135,-373.475) size=(33.225,33.219) sensitivity=0 orientation=0.000 confidence=false] [id=2 state=hold xy=(487.360,-335.212) size=(33.225,33.219) sensitivity=0 orientation=0.000 confidence=false]
TOUCH t=7.590 device=0 frame=1093 count=3 [id=0 state=hold xy=(702.856,-309.632) size=(33.225,33.219) sensitivity=0 orientation=0.000 confidence=false] [id=1 state=hold xy=(590.135,-373.475) size=(33.225,33.219) sensitivity=0 orientation=0.000 confidence=false] [id=2 state=hold xy=(487.360,-335.212) size=(33.225,33.219) sensitivity=0 orientation=0.000 confidence=false]
TOUCH t=7.596 device=0 frame=1094 count=3 [id=0 state=hold xy=(702.856,-309.632) size=(33.225,33.219) sensitivity=0 orientation=0.000 confidence=false] [id=1 state=hold xy=(590.135,-373.475) size=(33.225,33.219) sensitivity=0 orientation=0.000 confidence=false] [id=2 state=hold xy=(487.360,-335.212) size=(33.225,33.219) sensitivity=0 orientation=0.000 confidence=false]
TOUCH t=7.600 device=0 frame=1095 count=3 [id=0 state=hold xy=(702.856,-309.632) size=(33.225,33.219) sensitivity=0 orientation=0.000 confidence=false] [id=1 state=hold xy=(590.135,-373.475) size=(33.225,33.219) sensitivity=0 orientation=0.000 confidence=false] [id=2 state=hold xy=(487.360,-335.212) size=(33.225,33.219) sensitivity=0 orientation=0.000 confidence=false]
TOUCH t=7.606 device=0 frame=1096 count=3 [id=0 state=hold xy=(702.856,-309.632) size=(33.225,33.219) sensitivity=0 orientation=0.000 confidence=false] [id=1 state=hold xy=(590.135,-373.475) size=(33.225,33.219) sensitivity=0 orientation=0.000 confidence=false] [id=2 state=hold xy=(487.360,-335.212) size=(33.225,33.219) sensitivity=0 orientation=0.000 confidence=false]
TOUCH t=7.612 device=0 frame=1097 count=3 [id=0 state=hold xy=(702.856,-309.632) size=(33.225,33.219) sensitivity=0 orientation=0.000 confidence=false] [id=1 state=hold xy=(590.135,-373.475) size=(33.225,33.219) sensitivity=0 orientation=0.000 confidence=false] [id=2 state=hold xy=(487.360,-335.212) size=(33.225,33.219) sensitivity=0 orientation=0.000 confidence=false]
TOUCH t=7.615 device=0 frame=1098 count=3 [id=0 state=hold xy=(702.856,-309.632) size=(33.225,33.219) sensitivity=0 orientation=0.000 confidence=false] [id=1 state=hold xy=(590.135,-373.475) size=(33.225,33.219) sensitivity=0 orientation=0.000 confidence=false] [id=2 state=hold xy=(487.360,-335.212) size=(33.225,33.219) sensitivity=0 orientation=0.000 confidence=false]
TOUCH t=7.621 device=0 frame=1099 count=3 [id=0 state=hold xy=(702.856,-309.632) size=(33.225,33.219) sensitivity=0 orientation=0.000 confidence=false] [id=1 state=hold xy=(590.135,-373.475) size=(33.225,33.219) sensitivity=0 orientation=0.000 confidence=false] [id=2 state=hold xy=(487.360,-335.212) size=(33.225,33.219) sensitivity=0 orientation=0.000 confidence=false]
TOUCH t=7.627 device=0 frame=1100 count=3 [id=0 state=hold xy=(702.856,-309.632) size=(33.225,33.219) sensitivity=0 orientation=0.000 confidence=false] [id=1 state=hold xy=(590.135,-373.475) size=(33.225,33.219) sensitivity=0 orientation=0.000 confidence=false] [id=2 state=hold xy=(487.360,-335.212) size=(33.225,33.219) sensitivity=0 orientation=0.000 confidence=false]
TOUCH t=7.631 device=0 frame=1101 count=3 [id=0 state=hold xy=(702.856,-309.632) size=(33.225,33.219) sensitivity=0 orientation=0.000 confidence=false] [id=1 state=hold xy=(590.135,-373.475) size=(33.225,33.219) sensitivity=0 orientation=0.000 confidence=false] [id=2 state=hold xy=(487.360,-335.212) size=(33.225,33.219) sensitivity=0 orientation=0.000 confidence=false]
TOUCH t=7.638 device=0 frame=1102 count=3 [id=0 state=hold xy=(702.856,-309.632) size=(33.225,33.219) sensitivity=0 orientation=0.000 confidence=false] [id=1 state=hold xy=(590.135,-373.475) size=(33.225,33.219) sensitivity=0 orientation=0.000 confidence=false] [id=2 state=hold xy=(487.360,-335.212) size=(33.225,33.219) sensitivity=0 orientation=0.000 confidence=false]
TOUCH t=7.644 device=0 frame=1103 count=3 [id=0 state=hold xy=(702.856,-309.632) size=(33.225,33.219) sensitivity=0 orientation=0.000 confidence=false] [id=1 state=hold xy=(590.135,-373.475) size=(33.225,33.219) sensitivity=0 orientation=0.000 confidence=false] [id=2 state=hold xy=(487.360,-335.212) size=(33.225,33.219) sensitivity=0 orientation=0.000 confidence=false]
TOUCH t=7.647 device=0 frame=1104 count=3 [id=0 state=hold xy=(702.856,-309.632) size=(33.225,33.219) sensitivity=0 orientation=0.000 confidence=false] [id=1 state=hold xy=(590.135,-373.475) size=(33.225,33.219) sensitivity=0 orientation=0.000 confidence=false] [id=2 state=hold xy=(487.360,-335.212) size=(33.225,33.219) sensitivity=0 orientation=0.000 confidence=false]
TOUCH t=7.652 device=0 frame=1105 count=3 [id=0 state=hold xy=(702.856,-309.632) size=(33.225,33.219) sensitivity=0 orientation=0.000 confidence=false] [id=1 state=hold xy=(590.135,-373.475) size=(33.225,33.219) sensitivity=0 orientation=0.000 confidence=false] [id=2 state=hold xy=(487.360,-335.212) size=(33.225,33.219) sensitivity=0 orientation=0.000 confidence=false]
TOUCH t=7.660 device=0 frame=1106 count=3 [id=0 state=hold xy=(702.856,-309.632) size=(33.225,33.219) sensitivity=0 orientation=0.000 confidence=false] [id=1 state=hold xy=(590.135,-373.475) size=(33.225,33.219) sensitivity=0 orientation=0.000 confidence=false] [id=2 state=hold xy=(487.360,-335.212) size=(33.225,33.219) sensitivity=0 orientation=0.000 confidence=false]
TOUCH t=7.664 device=0 frame=1107 count=3 [id=0 state=hold xy=(702.856,-309.632) size=(33.225,33.219) sensitivity=0 orientation=0.000 confidence=false] [id=1 state=hold xy=(590.135,-373.475) size=(33.225,33.219) sensitivity=0 orientation=0.000 confidence=false] [id=2 state=hold xy=(487.360,-335.212) size=(33.225,33.219) sensitivity=0 orientation=0.000 confidence=false]
TOUCH t=7.669 device=0 frame=1108 count=3 [id=0 state=hold xy=(702.856,-309.632) size=(33.225,33.219) sensitivity=0 orientation=0.000 confidence=false] [id=1 state=hold xy=(590.135,-373.475) size=(33.225,33.219) sensitivity=0 orientation=0.000 confidence=false] [id=2 state=hold xy=(487.360,-335.212) size=(33.225,33.219) sensitivity=0 orientation=0.000 confidence=false]
TOUCH t=7.673 device=0 frame=1109 count=3 [id=0 state=hold xy=(702.856,-309.632) size=(33.225,33.219) sensitivity=0 orientation=0.000 confidence=false] [id=1 state=hold xy=(590.135,-373.475) size=(33.225,33.219) sensitivity=0 orientation=0.000 confidence=false] [id=2 state=hold xy=(487.360,-335.212) size=(33.225,33.219) sensitivity=0 orientation=0.000 confidence=false]
TOUCH t=7.679 device=0 frame=1110 count=3 [id=0 state=hold xy=(702.856,-309.632) size=(33.225,33.219) sensitivity=0 orientation=0.000 confidence=false] [id=1 state=hold xy=(590.135,-373.475) size=(33.225,33.219) sensitivity=0 orientation=0.000 confidence=false] [id=2 state=hold xy=(487.360,-335.212) size=(33.225,33.219) sensitivity=0 orientation=0.000 confidence=false]
TOUCH t=7.684 device=0 frame=1111 count=3 [id=0 state=hold xy=(702.856,-309.632) size=(33.225,33.219) sensitivity=0 orientation=0.000 confidence=false] [id=1 state=hold xy=(590.135,-373.475) size=(33.225,33.219) sensitivity=0 orientation=0.000 confidence=false] [id=2 state=hold xy=(487.360,-335.212) size=(33.225,33.219) sensitivity=0 orientation=0.000 confidence=false]
TOUCH t=7.689 device=0 frame=1112 count=3 [id=0 state=hold xy=(702.856,-309.632) size=(33.225,33.219) sensitivity=0 orientation=0.000 confidence=false] [id=1 state=hold xy=(590.135,-373.475) size=(33.225,33.219) sensitivity=0 orientation=0.000 confidence=false] [id=2 state=hold xy=(487.360,-335.212) size=(33.225,33.219) sensitivity=0 orientation=0.000 confidence=false]
TOUCH t=7.696 device=0 frame=1113 count=3 [id=0 state=hold xy=(702.856,-309.632) size=(33.225,33.219) sensitivity=0 orientation=0.000 confidence=false] [id=1 state=hold xy=(590.135,-373.475) size=(33.225,33.219) sensitivity=0 orientation=0.000 confidence=false] [id=2 state=hold xy=(487.360,-335.212) size=(33.225,33.219) sensitivity=0 orientation=0.000 confidence=false]
TOUCH t=7.699 device=0 frame=1114 count=3 [id=0 state=hold xy=(702.856,-309.632) size=(33.225,33.219) sensitivity=0 orientation=0.000 confidence=false] [id=1 state=hold xy=(590.135,-373.475) size=(33.225,33.219) sensitivity=0 orientation=0.000 confidence=false] [id=2 state=hold xy=(487.360,-335.212) size=(33.225,33.219) sensitivity=0 orientation=0.000 confidence=false]
TOUCH t=7.705 device=0 frame=1115 count=3 [id=0 state=hold xy=(702.856,-309.632) size=(33.225,33.219) sensitivity=0 orientation=0.000 confidence=false] [id=1 state=hold xy=(590.135,-373.475) size=(33.225,33.219) sensitivity=0 orientation=0.000 confidence=false] [id=2 state=hold xy=(487.360,-335.212) size=(33.225,33.219) sensitivity=0 orientation=0.000 confidence=false]
TOUCH t=7.711 device=0 frame=1116 count=3 [id=0 state=hold xy=(702.856,-309.632) size=(33.225,33.219) sensitivity=0 orientation=0.000 confidence=false] [id=1 state=hold xy=(590.135,-373.475) size=(33.225,33.219) sensitivity=0 orientation=0.000 confidence=false] [id=2 state=hold xy=(487.360,-335.212) size=(33.225,33.219) sensitivity=0 orientation=0.000 confidence=false]
TOUCH t=7.715 device=0 frame=1117 count=3 [id=0 state=hold xy=(702.856,-309.632) size=(33.225,33.219) sensitivity=0 orientation=0.000 confidence=false] [id=1 state=hold xy=(590.135,-373.475) size=(33.225,33.219) sensitivity=0 orientation=0.000 confidence=false] [id=2 state=hold xy=(487.360,-335.212) size=(33.225,33.219) sensitivity=0 orientation=0.000 confidence=false]
TOUCH t=7.722 device=0 frame=1118 count=3 [id=0 state=hold xy=(702.856,-309.632) size=(33.225,33.219) sensitivity=0 orientation=0.000 confidence=false] [id=1 state=hold xy=(590.135,-373.475) size=(33.225,33.219) sensitivity=0 orientation=0.000 confidence=false] [id=2 state=hold xy=(487.360,-335.212) size=(33.225,33.219) sensitivity=0 orientation=0.000 confidence=false]
TOUCH t=7.727 device=0 frame=1119 count=3 [id=0 state=hold xy=(702.856,-309.632) size=(33.225,33.219) sensitivity=0 orientation=0.000 confidence=false] [id=1 state=hold xy=(590.135,-373.475) size=(33.225,33.219) sensitivity=0 orientation=0.000 confidence=false] [id=2 state=hold xy=(487.360,-335.212) size=(33.225,33.219) sensitivity=0 orientation=0.000 confidence=false]
TOUCH t=7.732 device=0 frame=1120 count=3 [id=0 state=hold xy=(702.856,-309.632) size=(33.225,33.219) sensitivity=0 orientation=0.000 confidence=false] [id=1 state=hold xy=(590.135,-373.475) size=(33.225,33.219) sensitivity=0 orientation=0.000 confidence=false] [id=2 state=hold xy=(487.360,-335.212) size=(33.225,33.219) sensitivity=0 orientation=0.000 confidence=false]
TOUCH t=7.736 device=0 frame=1121 count=3 [id=0 state=hold xy=(702.856,-309.632) size=(33.225,33.219) sensitivity=0 orientation=0.000 confidence=false] [id=1 state=hold xy=(590.135,-373.475) size=(33.225,33.219) sensitivity=0 orientation=0.000 confidence=false] [id=2 state=hold xy=(487.360,-335.212) size=(33.225,33.219) sensitivity=0 orientation=0.000 confidence=false]
TOUCH t=7.741 device=0 frame=1122 count=3 [id=0 state=hold xy=(702.856,-309.632) size=(33.225,33.219) sensitivity=0 orientation=0.000 confidence=false] [id=1 state=hold xy=(590.135,-373.475) size=(33.225,33.219) sensitivity=0 orientation=0.000 confidence=false] [id=2 state=hold xy=(487.360,-335.212) size=(33.225,33.219) sensitivity=0 orientation=0.000 confidence=false]
TOUCH t=7.748 device=0 frame=1123 count=3 [id=0 state=hold xy=(702.856,-309.632) size=(33.225,33.219) sensitivity=0 orientation=0.000 confidence=false] [id=1 state=hold xy=(590.135,-373.475) size=(33.225,33.219) sensitivity=0 orientation=0.000 confidence=false] [id=2 state=hold xy=(487.360,-335.212) size=(33.225,33.219) sensitivity=0 orientation=0.000 confidence=false]
TOUCH t=7.752 device=0 frame=1124 count=3 [id=0 state=hold xy=(702.856,-309.632) size=(33.225,33.219) sensitivity=0 orientation=0.000 confidence=false] [id=1 state=hold xy=(590.135,-373.475) size=(33.225,33.219) sensitivity=0 orientation=0.000 confidence=false] [id=2 state=hold xy=(487.360,-335.212) size=(33.225,33.219) sensitivity=0 orientation=0.000 confidence=false]
TOUCH t=7.756 device=0 frame=1125 count=3 [id=0 state=hold xy=(702.856,-309.632) size=(33.225,33.219) sensitivity=0 orientation=0.000 confidence=false] [id=1 state=hold xy=(590.135,-373.475) size=(33.225,33.219) sensitivity=0 orientation=0.000 confidence=false] [id=2 state=hold xy=(487.360,-335.212) size=(33.225,33.219) sensitivity=0 orientation=0.000 confidence=false]
TOUCH t=7.763 device=0 frame=1126 count=3 [id=0 state=hold xy=(702.856,-309.632) size=(33.225,33.219) sensitivity=0 orientation=0.000 confidence=false] [id=1 state=hold xy=(590.135,-373.475) size=(33.225,33.219) sensitivity=0 orientation=0.000 confidence=false] [id=2 state=hold xy=(487.360,-335.212) size=(33.225,33.219) sensitivity=0 orientation=0.000 confidence=false]
TOUCH t=7.768 device=0 frame=1127 count=3 [id=0 state=hold xy=(702.856,-309.632) size=(33.225,33.219) sensitivity=0 orientation=0.000 confidence=false] [id=1 state=hold xy=(590.135,-373.475) size=(33.225,33.219) sensitivity=0 orientation=0.000 confidence=false] [id=2 state=hold xy=(487.360,-335.212) size=(33.225,33.219) sensitivity=0 orientation=0.000 confidence=false]
TOUCH t=7.773 device=0 frame=1128 count=3 [id=0 state=hold xy=(702.856,-309.632) size=(33.225,33.219) sensitivity=0 orientation=0.000 confidence=false] [id=1 state=hold xy=(590.135,-373.475) size=(33.225,33.219) sensitivity=0 orientation=0.000 confidence=false] [id=2 state=hold xy=(487.360,-335.212) size=(33.225,33.219) sensitivity=0 orientation=0.000 confidence=false]
TOUCH t=7.779 device=0 frame=1129 count=3 [id=0 state=hold xy=(702.856,-309.632) size=(33.225,33.219) sensitivity=0 orientation=0.000 confidence=false] [id=1 state=hold xy=(590.135,-373.475) size=(33.225,33.219) sensitivity=0 orientation=0.000 confidence=false] [id=2 state=hold xy=(487.360,-335.212) size=(33.225,33.219) sensitivity=0 orientation=0.000 confidence=false]
TOUCH t=7.783 device=0 frame=1130 count=3 [id=0 state=hold xy=(702.856,-309.632) size=(33.225,33.219) sensitivity=0 orientation=0.000 confidence=false] [id=1 state=hold xy=(590.135,-373.475) size=(33.225,33.219) sensitivity=0 orientation=0.000 confidence=false] [id=2 state=hold xy=(487.360,-335.212) size=(33.225,33.219) sensitivity=0 orientation=0.000 confidence=false]
TOUCH t=7.797 device=0 frame=1131 count=3 [id=0 state=hold xy=(702.856,-309.632) size=(33.225,33.219) sensitivity=0 orientation=0.000 confidence=false] [id=1 state=hold xy=(590.135,-373.475) size=(33.225,33.219) sensitivity=0 orientation=0.000 confidence=false] [id=2 state=hold xy=(487.360,-335.212) size=(33.225,33.219) sensitivity=0 orientation=0.000 confidence=false]
TOUCH t=7.797 device=0 frame=1132 count=3 [id=0 state=hold xy=(702.856,-309.632) size=(33.225,33.219) sensitivity=0 orientation=0.000 confidence=false] [id=1 state=hold xy=(590.135,-373.475) size=(33.225,33.219) sensitivity=0 orientation=0.000 confidence=false] [id=2 state=hold xy=(487.360,-335.212) size=(33.225,33.219) sensitivity=0 orientation=0.000 confidence=false]
TOUCH t=7.799 device=0 frame=1133 count=3 [id=0 state=hold xy=(702.856,-309.632) size=(33.225,33.219) sensitivity=0 orientation=0.000 confidence=false] [id=1 state=hold xy=(590.135,-373.475) size=(33.225,33.219) sensitivity=0 orientation=0.000 confidence=false] [id=2 state=hold xy=(487.360,-335.212) size=(33.225,33.219) sensitivity=0 orientation=0.000 confidence=false]
TOUCH t=7.803 device=0 frame=1134 count=3 [id=0 state=hold xy=(702.856,-309.632) size=(33.225,33.219) sensitivity=0 orientation=0.000 confidence=false] [id=1 state=hold xy=(590.135,-373.475) size=(33.225,33.219) sensitivity=0 orientation=0.000 confidence=false] [id=2 state=hold xy=(487.360,-335.212) size=(33.225,33.219) sensitivity=0 orientation=0.000 confidence=false]
TOUCH t=7.811 device=0 frame=1135 count=3 [id=0 state=hold xy=(702.856,-309.632) size=(33.225,33.219) sensitivity=0 orientation=0.000 confidence=false] [id=1 state=hold xy=(590.135,-373.475) size=(33.225,33.219) sensitivity=0 orientation=0.000 confidence=false] [id=2 state=hold xy=(487.360,-335.212) size=(33.225,33.219) sensitivity=0 orientation=0.000 confidence=false]
TOUCH t=7.816 device=0 frame=1136 count=3 [id=0 state=hold xy=(702.856,-309.632) size=(33.225,33.219) sensitivity=0 orientation=0.000 confidence=false] [id=1 state=hold xy=(590.135,-373.475) size=(33.225,33.219) sensitivity=0 orientation=0.000 confidence=false] [id=2 state=hold xy=(487.360,-335.212) size=(33.225,33.219) sensitivity=0 orientation=0.000 confidence=false]
TOUCH t=7.820 device=0 frame=1137 count=3 [id=0 state=hold xy=(702.856,-309.632) size=(33.225,33.219) sensitivity=0 orientation=0.000 confidence=false] [id=1 state=hold xy=(590.135,-373.475) size=(33.225,33.219) sensitivity=0 orientation=0.000 confidence=false] [id=2 state=hold xy=(487.360,-335.212) size=(33.225,33.219) sensitivity=0 orientation=0.000 confidence=false]
TOUCH t=7.826 device=0 frame=1138 count=3 [id=0 state=hold xy=(702.856,-309.632) size=(33.225,33.219) sensitivity=0 orientation=0.000 confidence=false] [id=1 state=hold xy=(590.135,-373.475) size=(33.225,33.219) sensitivity=0 orientation=0.000 confidence=false] [id=2 state=hold xy=(487.360,-335.212) size=(33.225,33.219) sensitivity=0 orientation=0.000 confidence=false]
TOUCH t=7.832 device=0 frame=1139 count=3 [id=0 state=hold xy=(702.856,-309.632) size=(33.225,33.219) sensitivity=0 orientation=0.000 confidence=false] [id=1 state=hold xy=(590.135,-373.475) size=(33.225,33.219) sensitivity=0 orientation=0.000 confidence=false] [id=2 state=hold xy=(487.360,-335.212) size=(33.225,33.219) sensitivity=0 orientation=0.000 confidence=false]
TOUCH t=7.836 device=0 frame=1140 count=3 [id=0 state=hold xy=(702.856,-309.632) size=(33.225,33.219) sensitivity=0 orientation=0.000 confidence=false] [id=1 state=hold xy=(590.135,-373.475) size=(33.225,33.219) sensitivity=0 orientation=0.000 confidence=false] [id=2 state=hold xy=(487.360,-335.212) size=(33.225,33.219) sensitivity=0 orientation=0.000 confidence=false]
TOUCH t=7.847 device=0 frame=1141 count=3 [id=0 state=hold xy=(702.856,-309.632) size=(33.225,33.219) sensitivity=0 orientation=0.000 confidence=false] [id=1 state=hold xy=(590.135,-373.475) size=(33.225,33.219) sensitivity=0 orientation=0.000 confidence=false] [id=2 state=hold xy=(487.360,-335.212) size=(33.225,33.219) sensitivity=0 orientation=0.000 confidence=false]
TOUCH t=7.853 device=0 frame=1142 count=3 [id=0 state=hold xy=(702.856,-309.632) size=(33.225,33.219) sensitivity=0 orientation=0.000 confidence=false] [id=1 state=hold xy=(590.135,-373.475) size=(33.225,33.219) sensitivity=0 orientation=0.000 confidence=false] [id=2 state=hold xy=(487.360,-335.212) size=(33.225,33.219) sensitivity=0 orientation=0.000 confidence=false]
TOUCH t=7.853 device=0 frame=1143 count=3 [id=0 state=hold xy=(702.856,-309.632) size=(33.225,33.219) sensitivity=0 orientation=0.000 confidence=false] [id=1 state=hold xy=(590.135,-373.475) size=(33.225,33.219) sensitivity=0 orientation=0.000 confidence=false] [id=2 state=hold xy=(487.360,-335.212) size=(33.225,33.219) sensitivity=0 orientation=0.000 confidence=false]
TOUCH t=7.859 device=0 frame=1144 count=3 [id=0 state=hold xy=(702.856,-309.632) size=(33.225,33.219) sensitivity=0 orientation=0.000 confidence=false] [id=1 state=hold xy=(590.135,-373.475) size=(33.225,33.219) sensitivity=0 orientation=0.000 confidence=false] [id=2 state=hold xy=(487.360,-335.212) size=(33.225,33.219) sensitivity=0 orientation=0.000 confidence=false]
TOUCH t=7.864 device=0 frame=1145 count=3 [id=0 state=hold xy=(702.856,-309.632) size=(33.225,33.219) sensitivity=0 orientation=0.000 confidence=false] [id=1 state=hold xy=(590.135,-373.475) size=(33.225,33.219) sensitivity=0 orientation=0.000 confidence=false] [id=2 state=hold xy=(487.360,-335.212) size=(33.225,33.219) sensitivity=0 orientation=0.000 confidence=false]
TOUCH t=7.867 device=0 frame=1146 count=3 [id=0 state=hold xy=(702.856,-309.632) size=(33.225,33.219) sensitivity=0 orientation=0.000 confidence=false] [id=1 state=hold xy=(590.135,-373.475) size=(33.225,33.219) sensitivity=0 orientation=0.000 confidence=false] [id=2 state=hold xy=(487.360,-335.212) size=(33.225,33.219) sensitivity=0 orientation=0.000 confidence=false]
TOUCH t=7.874 device=0 frame=1147 count=3 [id=0 state=hold xy=(702.856,-309.632) size=(33.225,33.219) sensitivity=0 orientation=0.000 confidence=false] [id=1 state=hold xy=(590.135,-373.475) size=(33.225,33.219) sensitivity=0 orientation=0.000 confidence=false] [id=2 state=hold xy=(487.360,-335.212) size=(33.225,33.219) sensitivity=0 orientation=0.000 confidence=false]
TOUCH t=7.878 device=0 frame=1148 count=3 [id=0 state=hold xy=(702.856,-309.632) size=(33.225,33.219) sensitivity=0 orientation=0.000 confidence=false] [id=1 state=hold xy=(590.135,-373.475) size=(33.225,33.219) sensitivity=0 orientation=0.000 confidence=false] [id=2 state=hold xy=(487.360,-335.212) size=(33.225,33.219) sensitivity=0 orientation=0.000 confidence=false]
TOUCH t=7.883 device=0 frame=1149 count=3 [id=0 state=hold xy=(702.856,-309.632) size=(33.225,33.219) sensitivity=0 orientation=0.000 confidence=false] [id=1 state=hold xy=(590.135,-373.475) size=(33.225,33.219) sensitivity=0 orientation=0.000 confidence=false] [id=2 state=hold xy=(487.360,-335.212) size=(33.225,33.219) sensitivity=0 orientation=0.000 confidence=false]
TOUCH t=7.892 device=0 frame=1150 count=3 [id=0 state=hold xy=(702.856,-309.632) size=(33.225,33.219) sensitivity=0 orientation=0.000 confidence=false] [id=1 state=hold xy=(590.135,-373.475) size=(33.225,33.219) sensitivity=0 orientation=0.000 confidence=false] [id=2 state=hold xy=(487.360,-335.212) size=(33.225,33.219) sensitivity=0 orientation=0.000 confidence=false]
TOUCH t=7.896 device=0 frame=1151 count=3 [id=0 state=hold xy=(702.856,-309.632) size=(33.225,33.219) sensitivity=0 orientation=0.000 confidence=false] [id=1 state=hold xy=(590.135,-373.475) size=(33.225,33.219) sensitivity=0 orientation=0.000 confidence=false] [id=2 state=hold xy=(487.360,-335.212) size=(33.225,33.219) sensitivity=0 orientation=0.000 confidence=false]
TOUCH t=7.900 device=0 frame=1152 count=3 [id=0 state=hold xy=(702.856,-309.632) size=(33.225,33.219) sensitivity=0 orientation=0.000 confidence=false] [id=1 state=hold xy=(590.135,-373.619) size=(33.225,33.219) sensitivity=0 orientation=0.000 confidence=false] [id=2 state=hold xy=(487.360,-335.212) size=(33.225,33.219) sensitivity=0 orientation=0.000 confidence=false]
TOUCH t=7.904 device=0 frame=1153 count=3 [id=0 state=hold xy=(702.856,-309.632) size=(33.225,33.219) sensitivity=0 orientation=0.000 confidence=false] [id=1 state=hold xy=(590.207,-373.691) size=(33.225,33.219) sensitivity=0 orientation=0.000 confidence=false] [id=2 state=hold xy=(487.360,-335.212) size=(33.225,33.219) sensitivity=0 orientation=0.000 confidence=false]
TOUCH t=7.910 device=0 frame=1154 count=3 [id=0 state=hold xy=(702.856,-309.632) size=(33.225,33.219) sensitivity=0 orientation=0.000 confidence=false] [id=1 state=hold xy=(590.207,-373.835) size=(33.225,33.219) sensitivity=0 orientation=0.000 confidence=false] [id=2 state=hold xy=(487.360,-335.212) size=(33.225,33.219) sensitivity=0 orientation=0.000 confidence=false]
TOUCH t=7.914 device=0 frame=1155 count=3 [id=0 state=hold xy=(702.856,-309.632) size=(33.225,33.219) sensitivity=0 orientation=0.000 confidence=false] [id=1 state=hold xy=(590.207,-373.907) size=(33.225,33.219) sensitivity=0 orientation=0.000 confidence=false] [id=2 state=hold xy=(487.360,-335.212) size=(33.225,33.219) sensitivity=0 orientation=0.000 confidence=false]
TOUCH t=7.919 device=0 frame=1156 count=3 [id=0 state=hold xy=(702.856,-309.632) size=(33.225,33.219) sensitivity=0 orientation=0.000 confidence=false] [id=1 state=hold xy=(590.207,-373.907) size=(33.225,33.219) sensitivity=0 orientation=0.000 confidence=false] [id=2 state=hold xy=(487.360,-335.212) size=(33.225,33.219) sensitivity=0 orientation=0.000 confidence=false]
TOUCH t=7.927 device=0 frame=1157 count=3 [id=0 state=hold xy=(702.856,-309.632) size=(33.225,33.219) sensitivity=0 orientation=0.000 confidence=false] [id=1 state=hold xy=(590.207,-373.907) size=(33.225,33.219) sensitivity=0 orientation=0.000 confidence=false] [id=2 state=hold xy=(487.360,-335.212) size=(33.225,33.219) sensitivity=0 orientation=0.000 confidence=false]
TOUCH t=7.931 device=0 frame=1158 count=3 [id=0 state=hold xy=(702.856,-309.632) size=(33.225,33.219) sensitivity=0 orientation=0.000 confidence=false] [id=1 state=hold xy=(590.207,-373.907) size=(33.225,33.219) sensitivity=0 orientation=0.000 confidence=false] [id=2 state=hold xy=(487.360,-335.212) size=(33.225,33.219) sensitivity=0 orientation=0.000 confidence=false]
TOUCH t=7.934 device=0 frame=1159 count=3 [id=0 state=hold xy=(702.856,-309.632) size=(33.225,33.219) sensitivity=0 orientation=0.000 confidence=false] [id=1 state=hold xy=(590.207,-373.907) size=(33.225,33.219) sensitivity=0 orientation=0.000 confidence=false] [id=2 state=hold xy=(487.360,-335.212) size=(33.225,33.219) sensitivity=0 orientation=0.000 confidence=false]
TOUCH t=7.945 device=0 frame=1160 count=3 [id=0 state=hold xy=(702.856,-309.632) size=(33.225,33.219) sensitivity=0 orientation=0.000 confidence=false] [id=1 state=hold xy=(590.207,-373.907) size=(33.225,33.219) sensitivity=0 orientation=0.000 confidence=false] [id=2 state=hold xy=(487.360,-335.212) size=(33.225,33.219) sensitivity=0 orientation=0.000 confidence=false]
TOUCH t=7.947 device=0 frame=1161 count=3 [id=0 state=hold xy=(702.856,-309.632) size=(33.225,33.219) sensitivity=0 orientation=0.000 confidence=false] [id=1 state=hold xy=(590.207,-373.907) size=(33.225,33.219) sensitivity=0 orientation=0.000 confidence=false] [id=2 state=hold xy=(487.360,-335.212) size=(33.225,33.219) sensitivity=0 orientation=0.000 confidence=false]
TOUCH t=7.952 device=0 frame=1162 count=3 [id=0 state=hold xy=(702.856,-309.632) size=(33.225,33.219) sensitivity=0 orientation=0.000 confidence=false] [id=1 state=hold xy=(590.207,-373.907) size=(33.225,33.219) sensitivity=0 orientation=0.000 confidence=false] [id=2 state=hold xy=(487.360,-335.212) size=(33.225,33.219) sensitivity=0 orientation=0.000 confidence=false]
TOUCH t=7.961 device=0 frame=1163 count=3 [id=0 state=hold xy=(702.856,-309.632) size=(33.225,33.219) sensitivity=0 orientation=0.000 confidence=false] [id=1 state=hold xy=(590.207,-373.907) size=(33.225,33.219) sensitivity=0 orientation=0.000 confidence=false] [id=2 state=hold xy=(487.360,-335.212) size=(33.225,33.219) sensitivity=0 orientation=0.000 confidence=false]
TOUCH t=7.962 device=0 frame=1164 count=3 [id=0 state=hold xy=(702.856,-309.632) size=(33.225,33.219) sensitivity=0 orientation=0.000 confidence=false] [id=1 state=hold xy=(590.207,-373.907) size=(33.225,33.219) sensitivity=0 orientation=0.000 confidence=false] [id=2 state=hold xy=(487.360,-335.212) size=(33.225,33.219) sensitivity=0 orientation=0.000 confidence=false]
TOUCH t=7.968 device=0 frame=1165 count=3 [id=0 state=hold xy=(702.856,-309.632) size=(33.225,33.219) sensitivity=0 orientation=0.000 confidence=false] [id=1 state=hold xy=(590.207,-373.907) size=(33.225,33.219) sensitivity=0 orientation=0.000 confidence=false] [id=2 state=hold xy=(487.360,-335.212) size=(33.225,33.219) sensitivity=0 orientation=0.000 confidence=false]
TOUCH t=7.972 device=0 frame=1166 count=3 [id=0 state=hold xy=(702.856,-309.632) size=(33.225,33.219) sensitivity=0 orientation=0.000 confidence=false] [id=1 state=hold xy=(590.207,-373.907) size=(33.225,33.219) sensitivity=0 orientation=0.000 confidence=false] [id=2 state=hold xy=(487.360,-335.212) size=(33.225,33.219) sensitivity=0 orientation=0.000 confidence=false]
TOUCH t=7.977 device=0 frame=1167 count=3 [id=0 state=hold xy=(702.856,-309.632) size=(33.225,33.219) sensitivity=0 orientation=0.000 confidence=false] [id=1 state=hold xy=(590.207,-373.907) size=(33.225,33.219) sensitivity=0 orientation=0.000 confidence=false] [id=2 state=hold xy=(487.360,-335.212) size=(33.225,33.219) sensitivity=0 orientation=0.000 confidence=false]
TOUCH t=7.982 device=0 frame=1168 count=3 [id=0 state=hold xy=(702.856,-309.632) size=(33.225,33.219) sensitivity=0 orientation=0.000 confidence=false] [id=1 state=hold xy=(590.207,-373.907) size=(33.225,33.219) sensitivity=0 orientation=0.000 confidence=false] [id=2 state=hold xy=(487.360,-335.212) size=(33.225,33.219) sensitivity=0 orientation=0.000 confidence=false]
TOUCH t=7.991 device=0 frame=1169 count=3 [id=0 state=hold xy=(702.856,-309.632) size=(33.225,33.219) sensitivity=0 orientation=0.000 confidence=false] [id=1 state=hold xy=(590.207,-373.979) size=(33.225,33.219) sensitivity=0 orientation=0.000 confidence=false] [id=2 state=hold xy=(487.360,-335.212) size=(33.225,33.219) sensitivity=0 orientation=0.000 confidence=false]
TOUCH t=7.998 device=0 frame=1170 count=3 [id=0 state=hold xy=(702.856,-309.632) size=(33.225,33.219) sensitivity=0 orientation=0.000 confidence=false] [id=1 state=hold xy=(590.207,-374.123) size=(33.225,33.219) sensitivity=0 orientation=0.000 confidence=false] [id=2 state=hold xy=(487.360,-335.212) size=(33.225,33.219) sensitivity=0 orientation=0.000 confidence=false]
TOUCH t=7.999 device=0 frame=1171 count=3 [id=0 state=hold xy=(702.856,-309.632) size=(33.225,33.219) sensitivity=0 orientation=0.000 confidence=false] [id=1 state=hold xy=(590.207,-374.195) size=(33.225,33.219) sensitivity=0 orientation=0.000 confidence=false] [id=2 state=hold xy=(487.360,-335.212) size=(33.225,33.219) sensitivity=0 orientation=0.000 confidence=false]
TOUCH t=8.002 device=0 frame=1172 count=3 [id=0 state=hold xy=(702.856,-309.632) size=(33.225,33.219) sensitivity=0 orientation=0.000 confidence=false] [id=1 state=hold xy=(590.207,-374.267) size=(33.225,33.219) sensitivity=0 orientation=0.000 confidence=false] [id=2 state=hold xy=(487.360,-335.212) size=(33.225,33.219) sensitivity=0 orientation=0.000 confidence=false]
TOUCH t=8.008 device=0 frame=1173 count=3 [id=0 state=hold xy=(702.856,-309.632) size=(33.225,33.219) sensitivity=0 orientation=0.000 confidence=false] [id=1 state=hold xy=(590.207,-374.339) size=(33.225,33.219) sensitivity=0 orientation=0.000 confidence=false] [id=2 state=hold xy=(487.360,-335.212) size=(33.225,33.219) sensitivity=0 orientation=0.000 confidence=false]
TOUCH t=8.016 device=0 frame=1174 count=3 [id=0 state=hold xy=(702.856,-309.632) size=(33.225,33.219) sensitivity=0 orientation=0.000 confidence=false] [id=1 state=hold xy=(590.207,-374.484) size=(33.225,33.219) sensitivity=0 orientation=0.000 confidence=false] [id=2 state=hold xy=(487.360,-335.212) size=(33.225,33.219) sensitivity=0 orientation=0.000 confidence=false]
TOUCH t=8.018 device=0 frame=1175 count=3 [id=0 state=hold xy=(702.856,-309.632) size=(33.225,33.219) sensitivity=0 orientation=0.000 confidence=false] [id=1 state=hold xy=(590.207,-374.556) size=(33.225,33.219) sensitivity=0 orientation=0.000 confidence=false] [id=2 state=hold xy=(487.360,-335.212) size=(33.225,33.219) sensitivity=0 orientation=0.000 confidence=false]
TOUCH t=8.024 device=0 frame=1176 count=3 [id=0 state=hold xy=(702.856,-309.632) size=(33.225,33.219) sensitivity=0 orientation=0.000 confidence=false] [id=1 state=hold xy=(590.279,-374.628) size=(33.225,33.219) sensitivity=0 orientation=0.000 confidence=false] [id=2 state=hold xy=(487.360,-335.212) size=(33.225,33.219) sensitivity=0 orientation=0.000 confidence=false]
TOUCH t=8.030 device=0 frame=1177 count=3 [id=0 state=hold xy=(702.856,-309.632) size=(33.225,33.219) sensitivity=0 orientation=0.000 confidence=false] [id=1 state=hold xy=(590.279,-374.700) size=(33.225,33.219) sensitivity=0 orientation=0.000 confidence=false] [id=2 state=hold xy=(487.360,-335.212) size=(33.225,33.219) sensitivity=0 orientation=0.000 confidence=false]
TOUCH t=8.035 device=0 frame=1178 count=3 [id=0 state=hold xy=(702.856,-309.632) size=(33.225,33.219) sensitivity=0 orientation=0.000 confidence=false] [id=1 state=hold xy=(590.279,-374.700) size=(33.225,33.219) sensitivity=0 orientation=0.000 confidence=false] [id=2 state=hold xy=(487.360,-335.212) size=(33.225,33.219) sensitivity=0 orientation=0.000 confidence=false]
TOUCH t=8.040 device=0 frame=1179 count=3 [id=0 state=hold xy=(702.856,-309.632) size=(33.225,33.219) sensitivity=0 orientation=0.000 confidence=false] [id=1 state=hold xy=(590.279,-374.700) size=(33.225,33.219) sensitivity=0 orientation=0.000 confidence=false] [id=2 state=hold xy=(487.360,-335.212) size=(33.225,33.219) sensitivity=0 orientation=0.000 confidence=false]
TOUCH t=8.045 device=0 frame=1180 count=3 [id=0 state=hold xy=(702.856,-309.632) size=(33.225,33.219) sensitivity=0 orientation=0.000 confidence=false] [id=1 state=hold xy=(590.279,-374.700) size=(33.225,33.219) sensitivity=0 orientation=0.000 confidence=false] [id=2 state=hold xy=(487.360,-335.212) size=(33.225,33.219) sensitivity=0 orientation=0.000 confidence=false]
TOUCH t=8.049 device=0 frame=1181 count=3 [id=0 state=hold xy=(702.856,-309.632) size=(33.225,33.219) sensitivity=0 orientation=0.000 confidence=false] [id=1 state=hold xy=(590.279,-374.700) size=(33.225,33.219) sensitivity=0 orientation=0.000 confidence=false] [id=2 state=hold xy=(487.360,-335.212) size=(33.225,33.219) sensitivity=0 orientation=0.000 confidence=false]
TOUCH t=8.056 device=0 frame=1182 count=3 [id=0 state=hold xy=(702.856,-309.632) size=(33.225,33.219) sensitivity=0 orientation=0.000 confidence=false] [id=1 state=hold xy=(590.279,-374.700) size=(33.225,33.219) sensitivity=0 orientation=0.000 confidence=false] [id=2 state=hold xy=(487.360,-335.212) size=(33.225,33.219) sensitivity=0 orientation=0.000 confidence=false]
TOUCH t=8.063 device=0 frame=1183 count=3 [id=0 state=hold xy=(702.856,-309.632) size=(33.225,33.219) sensitivity=0 orientation=0.000 confidence=false] [id=1 state=hold xy=(590.279,-374.700) size=(33.225,33.219) sensitivity=0 orientation=0.000 confidence=false] [id=2 state=hold xy=(487.360,-335.212) size=(33.225,33.219) sensitivity=0 orientation=0.000 confidence=false]
TOUCH t=8.067 device=0 frame=1184 count=3 [id=0 state=hold xy=(702.856,-309.632) size=(33.225,33.219) sensitivity=0 orientation=0.000 confidence=false] [id=1 state=hold xy=(590.279,-374.700) size=(33.225,33.219) sensitivity=0 orientation=0.000 confidence=false] [id=2 state=hold xy=(487.360,-335.212) size=(33.225,33.219) sensitivity=0 orientation=0.000 confidence=false]
TOUCH t=8.075 device=0 frame=1185 count=3 [id=0 state=hold xy=(702.856,-309.632) size=(33.225,33.219) sensitivity=0 orientation=0.000 confidence=false] [id=1 state=hold xy=(590.279,-374.700) size=(33.225,33.219) sensitivity=0 orientation=0.000 confidence=false] [id=2 state=hold xy=(487.360,-335.212) size=(33.225,33.219) sensitivity=0 orientation=0.000 confidence=false]
TOUCH t=8.080 device=0 frame=1186 count=3 [id=0 state=hold xy=(702.856,-309.632) size=(33.225,33.219) sensitivity=0 orientation=0.000 confidence=false] [id=1 state=hold xy=(590.279,-374.700) size=(33.225,33.219) sensitivity=0 orientation=0.000 confidence=false] [id=2 state=hold xy=(487.360,-335.212) size=(33.225,33.219) sensitivity=0 orientation=0.000 confidence=false]
TOUCH t=8.084 device=0 frame=1187 count=3 [id=0 state=hold xy=(702.856,-309.632) size=(33.225,33.219) sensitivity=0 orientation=0.000 confidence=false] [id=1 state=hold xy=(590.279,-374.700) size=(33.225,33.219) sensitivity=0 orientation=0.000 confidence=false] [id=2 state=hold xy=(487.360,-335.212) size=(33.225,33.219) sensitivity=0 orientation=0.000 confidence=false]
TOUCH t=8.088 device=0 frame=1188 count=3 [id=0 state=hold xy=(702.856,-309.632) size=(33.225,33.219) sensitivity=0 orientation=0.000 confidence=false] [id=1 state=hold xy=(590.279,-374.700) size=(33.225,33.219) sensitivity=0 orientation=0.000 confidence=false] [id=2 state=hold xy=(487.360,-335.212) size=(33.225,33.219) sensitivity=0 orientation=0.000 confidence=false]
TOUCH t=8.092 device=0 frame=1189 count=3 [id=0 state=hold xy=(702.856,-309.632) size=(33.225,33.219) sensitivity=0 orientation=0.000 confidence=false] [id=1 state=hold xy=(590.279,-374.700) size=(33.225,33.219) sensitivity=0 orientation=0.000 confidence=false] [id=2 state=hold xy=(487.360,-335.212) size=(33.225,33.219) sensitivity=0 orientation=0.000 confidence=false]
TOUCH t=8.097 device=0 frame=1190 count=3 [id=0 state=hold xy=(702.856,-309.632) size=(33.225,33.219) sensitivity=0 orientation=0.000 confidence=false] [id=1 state=hold xy=(590.279,-374.700) size=(33.225,33.219) sensitivity=0 orientation=0.000 confidence=false] [id=2 state=hold xy=(487.360,-335.212) size=(33.225,33.219) sensitivity=0 orientation=0.000 confidence=false]
TOUCH t=8.103 device=0 frame=1191 count=3 [id=0 state=hold xy=(702.856,-309.632) size=(33.225,33.219) sensitivity=0 orientation=0.000 confidence=false] [id=1 state=hold xy=(590.279,-374.700) size=(33.225,33.219) sensitivity=0 orientation=0.000 confidence=false] [id=2 state=hold xy=(487.360,-335.212) size=(33.225,33.219) sensitivity=0 orientation=0.000 confidence=false]
TOUCH t=8.109 device=0 frame=1192 count=3 [id=0 state=hold xy=(702.856,-309.632) size=(33.225,33.219) sensitivity=0 orientation=0.000 confidence=false] [id=1 state=hold xy=(590.279,-374.700) size=(33.225,33.219) sensitivity=0 orientation=0.000 confidence=false] [id=2 state=hold xy=(487.360,-335.212) size=(33.225,33.219) sensitivity=0 orientation=0.000 confidence=false]
TOUCH t=8.119 device=0 frame=1193 count=3 [id=0 state=hold xy=(702.856,-309.632) size=(33.225,33.219) sensitivity=0 orientation=0.000 confidence=false] [id=1 state=hold xy=(590.279,-374.700) size=(33.225,33.219) sensitivity=0 orientation=0.000 confidence=false] [id=2 state=hold xy=(487.360,-335.212) size=(33.225,33.219) sensitivity=0 orientation=0.000 confidence=false]
TOUCH t=8.119 device=0 frame=1194 count=3 [id=0 state=hold xy=(702.856,-309.632) size=(33.225,33.219) sensitivity=0 orientation=0.000 confidence=false] [id=1 state=hold xy=(590.279,-374.700) size=(33.225,33.219) sensitivity=0 orientation=0.000 confidence=false] [id=2 state=hold xy=(487.360,-335.212) size=(33.225,33.219) sensitivity=0 orientation=0.000 confidence=false]
TOUCH t=8.125 device=0 frame=1195 count=3 [id=0 state=hold xy=(702.856,-309.632) size=(33.225,33.219) sensitivity=0 orientation=0.000 confidence=false] [id=1 state=hold xy=(590.279,-374.700) size=(33.225,33.219) sensitivity=0 orientation=0.000 confidence=false] [id=2 state=hold xy=(487.360,-335.212) size=(33.225,33.219) sensitivity=0 orientation=0.000 confidence=false]
TOUCH t=8.130 device=0 frame=1196 count=3 [id=0 state=hold xy=(702.856,-309.632) size=(33.225,33.219) sensitivity=0 orientation=0.000 confidence=false] [id=1 state=hold xy=(590.279,-374.700) size=(33.225,33.219) sensitivity=0 orientation=0.000 confidence=false] [id=2 state=hold xy=(487.360,-335.212) size=(33.225,33.219) sensitivity=0 orientation=0.000 confidence=false]
TOUCH t=8.133 device=0 frame=1197 count=3 [id=0 state=hold xy=(702.856,-309.632) size=(33.225,33.219) sensitivity=0 orientation=0.000 confidence=false] [id=1 state=hold xy=(590.279,-374.700) size=(33.225,33.219) sensitivity=0 orientation=0.000 confidence=false] [id=2 state=hold xy=(487.360,-335.212) size=(33.225,33.219) sensitivity=0 orientation=0.000 confidence=false]
TOUCH t=8.140 device=0 frame=1198 count=3 [id=0 state=hold xy=(702.856,-309.632) size=(33.225,33.219) sensitivity=0 orientation=0.000 confidence=false] [id=1 state=hold xy=(590.279,-374.700) size=(33.225,33.219) sensitivity=0 orientation=0.000 confidence=false] [id=2 state=hold xy=(487.360,-335.212) size=(33.225,33.219) sensitivity=0 orientation=0.000 confidence=false]
TOUCH t=8.146 device=0 frame=1199 count=3 [id=0 state=hold xy=(702.856,-309.632) size=(33.225,33.219) sensitivity=0 orientation=0.000 confidence=false] [id=1 state=hold xy=(590.279,-374.700) size=(33.225,33.219) sensitivity=0 orientation=0.000 confidence=false] [id=2 state=hold xy=(487.360,-335.212) size=(33.225,33.219) sensitivity=0 orientation=0.000 confidence=false]
TOUCH t=8.150 device=0 frame=1200 count=3 [id=0 state=hold xy=(702.856,-309.632) size=(33.225,33.219) sensitivity=0 orientation=0.000 confidence=false] [id=1 state=hold xy=(590.279,-374.700) size=(33.225,33.219) sensitivity=0 orientation=0.000 confidence=false] [id=2 state=hold xy=(487.360,-335.212) size=(33.225,33.219) sensitivity=0 orientation=0.000 confidence=false]
TOUCH t=8.161 device=0 frame=1201 count=3 [id=0 state=hold xy=(702.856,-309.632) size=(33.225,33.219) sensitivity=0 orientation=0.000 confidence=false] [id=1 state=hold xy=(590.279,-374.700) size=(33.225,33.219) sensitivity=0 orientation=0.000 confidence=false] [id=2 state=hold xy=(487.360,-335.212) size=(33.225,33.219) sensitivity=0 orientation=0.000 confidence=false]
TOUCH t=8.162 device=0 frame=1202 count=3 [id=0 state=hold xy=(702.856,-309.632) size=(33.225,33.219) sensitivity=0 orientation=0.000 confidence=false] [id=1 state=hold xy=(590.279,-374.700) size=(33.225,33.219) sensitivity=0 orientation=0.000 confidence=false] [id=2 state=hold xy=(487.360,-335.212) size=(33.225,33.219) sensitivity=0 orientation=0.000 confidence=false]
TOUCH t=8.166 device=0 frame=1203 count=3 [id=0 state=hold xy=(702.856,-309.632) size=(33.225,33.219) sensitivity=0 orientation=0.000 confidence=false] [id=1 state=hold xy=(590.279,-374.700) size=(33.225,33.219) sensitivity=0 orientation=0.000 confidence=false] [id=2 state=hold xy=(487.360,-335.212) size=(33.225,33.219) sensitivity=0 orientation=0.000 confidence=false]
TOUCH t=8.173 device=0 frame=1204 count=3 [id=0 state=hold xy=(702.856,-309.632) size=(33.225,33.219) sensitivity=0 orientation=0.000 confidence=false] [id=1 state=hold xy=(590.279,-374.700) size=(33.225,33.219) sensitivity=0 orientation=0.000 confidence=false] [id=2 state=hold xy=(487.360,-335.212) size=(33.225,33.219) sensitivity=0 orientation=0.000 confidence=false]
TOUCH t=8.176 device=0 frame=1205 count=3 [id=0 state=hold xy=(702.856,-309.632) size=(33.225,33.219) sensitivity=0 orientation=0.000 confidence=false] [id=1 state=hold xy=(590.279,-374.700) size=(33.225,33.219) sensitivity=0 orientation=0.000 confidence=false] [id=2 state=hold xy=(487.360,-335.212) size=(33.225,33.219) sensitivity=0 orientation=0.000 confidence=false]
TOUCH t=8.182 device=0 frame=1206 count=3 [id=0 state=hold xy=(702.856,-309.632) size=(33.225,33.219) sensitivity=0 orientation=0.000 confidence=false] [id=1 state=hold xy=(590.279,-374.700) size=(33.225,33.219) sensitivity=0 orientation=0.000 confidence=false] [id=2 state=hold xy=(487.360,-335.212) size=(33.225,33.219) sensitivity=0 orientation=0.000 confidence=false]
TOUCH t=8.188 device=0 frame=1207 count=3 [id=0 state=hold xy=(702.856,-309.632) size=(33.225,33.219) sensitivity=0 orientation=0.000 confidence=false] [id=1 state=hold xy=(590.279,-374.700) size=(33.225,33.219) sensitivity=0 orientation=0.000 confidence=false] [id=2 state=hold xy=(487.360,-335.212) size=(33.225,33.219) sensitivity=0 orientation=0.000 confidence=false]
TOUCH t=8.195 device=0 frame=1208 count=3 [id=0 state=hold xy=(702.856,-309.632) size=(33.225,33.219) sensitivity=0 orientation=0.000 confidence=false] [id=1 state=hold xy=(590.279,-374.700) size=(33.225,33.219) sensitivity=0 orientation=0.000 confidence=false] [id=2 state=hold xy=(487.360,-335.212) size=(33.225,33.219) sensitivity=0 orientation=0.000 confidence=false]
TOUCH t=8.199 device=0 frame=1209 count=3 [id=0 state=hold xy=(702.856,-309.632) size=(33.225,33.219) sensitivity=0 orientation=0.000 confidence=false] [id=1 state=hold xy=(590.279,-374.700) size=(33.225,33.219) sensitivity=0 orientation=0.000 confidence=false] [id=2 state=hold xy=(487.360,-335.212) size=(33.225,33.219) sensitivity=0 orientation=0.000 confidence=false]
TOUCH t=8.201 device=0 frame=1210 count=3 [id=0 state=hold xy=(702.856,-309.632) size=(33.225,33.219) sensitivity=0 orientation=0.000 confidence=false] [id=1 state=hold xy=(590.279,-374.700) size=(33.225,33.219) sensitivity=0 orientation=0.000 confidence=false] [id=2 state=hold xy=(487.360,-335.212) size=(33.225,33.219) sensitivity=0 orientation=0.000 confidence=false]
TOUCH t=8.209 device=0 frame=1211 count=3 [id=0 state=hold xy=(702.856,-309.632) size=(33.225,33.219) sensitivity=0 orientation=0.000 confidence=false] [id=1 state=hold xy=(590.279,-374.700) size=(33.225,33.219) sensitivity=0 orientation=0.000 confidence=false] [id=2 state=hold xy=(487.360,-335.212) size=(33.225,33.219) sensitivity=0 orientation=0.000 confidence=false]
TOUCH t=8.216 device=0 frame=1212 count=3 [id=0 state=hold xy=(702.856,-309.632) size=(33.225,33.219) sensitivity=0 orientation=0.000 confidence=false] [id=1 state=hold xy=(590.279,-374.700) size=(33.225,33.219) sensitivity=0 orientation=0.000 confidence=false] [id=2 state=hold xy=(487.360,-335.212) size=(33.225,33.219) sensitivity=0 orientation=0.000 confidence=false]
TOUCH t=8.219 device=0 frame=1213 count=3 [id=0 state=hold xy=(702.856,-309.632) size=(33.225,33.219) sensitivity=0 orientation=0.000 confidence=false] [id=1 state=hold xy=(590.279,-374.700) size=(33.225,33.219) sensitivity=0 orientation=0.000 confidence=false] [id=2 state=hold xy=(487.360,-335.212) size=(33.225,33.219) sensitivity=0 orientation=0.000 confidence=false]
TOUCH t=8.223 device=0 frame=1214 count=3 [id=0 state=hold xy=(702.856,-309.632) size=(33.225,33.219) sensitivity=0 orientation=0.000 confidence=false] [id=1 state=hold xy=(590.279,-374.700) size=(33.225,33.219) sensitivity=0 orientation=0.000 confidence=false] [id=2 state=hold xy=(487.360,-335.212) size=(33.225,33.219) sensitivity=0 orientation=0.000 confidence=false]
TOUCH t=8.229 device=0 frame=1215 count=3 [id=0 state=hold xy=(702.856,-309.632) size=(33.225,33.219) sensitivity=0 orientation=0.000 confidence=false] [id=1 state=hold xy=(590.279,-374.700) size=(33.225,33.219) sensitivity=0 orientation=0.000 confidence=false] [id=2 state=hold xy=(487.360,-335.212) size=(33.225,33.219) sensitivity=0 orientation=0.000 confidence=false]
TOUCH t=8.233 device=0 frame=1216 count=3 [id=0 state=hold xy=(702.856,-309.632) size=(33.225,33.219) sensitivity=0 orientation=0.000 confidence=false] [id=1 state=hold xy=(590.279,-374.700) size=(33.225,33.219) sensitivity=0 orientation=0.000 confidence=false] [id=2 state=hold xy=(487.360,-335.212) size=(33.225,33.219) sensitivity=0 orientation=0.000 confidence=false]
TOUCH t=8.239 device=0 frame=1217 count=3 [id=0 state=hold xy=(702.856,-309.632) size=(33.225,33.219) sensitivity=0 orientation=0.000 confidence=false] [id=1 state=hold xy=(590.279,-374.700) size=(33.225,33.219) sensitivity=0 orientation=0.000 confidence=false] [id=2 state=hold xy=(487.360,-335.212) size=(33.225,33.219) sensitivity=0 orientation=0.000 confidence=false]
TOUCH t=8.245 device=0 frame=1218 count=3 [id=0 state=hold xy=(702.856,-309.632) size=(33.225,33.219) sensitivity=0 orientation=0.000 confidence=false] [id=1 state=hold xy=(590.279,-374.700) size=(33.225,33.219) sensitivity=0 orientation=0.000 confidence=false] [id=2 state=hold xy=(487.360,-335.212) size=(33.225,33.219) sensitivity=0 orientation=0.000 confidence=false]
TOUCH t=8.252 device=0 frame=1219 count=3 [id=0 state=hold xy=(702.856,-309.632) size=(33.225,33.219) sensitivity=0 orientation=0.000 confidence=false] [id=1 state=hold xy=(590.279,-374.700) size=(33.225,33.219) sensitivity=0 orientation=0.000 confidence=false] [id=2 state=hold xy=(487.360,-335.212) size=(33.225,33.219) sensitivity=0 orientation=0.000 confidence=false]
TOUCH t=8.254 device=0 frame=1220 count=3 [id=0 state=hold xy=(702.856,-309.632) size=(33.225,33.219) sensitivity=0 orientation=0.000 confidence=false] [id=1 state=hold xy=(590.279,-374.700) size=(33.225,33.219) sensitivity=0 orientation=0.000 confidence=false] [id=2 state=hold xy=(487.360,-335.284) size=(33.225,33.219) sensitivity=0 orientation=0.000 confidence=false]
TOUCH t=8.263 device=0 frame=1221 count=3 [id=0 state=hold xy=(702.856,-309.632) size=(33.225,33.219) sensitivity=0 orientation=0.000 confidence=false] [id=1 state=hold xy=(590.279,-374.700) size=(33.225,33.219) sensitivity=0 orientation=0.000 confidence=false] [id=2 state=hold xy=(487.432,-335.428) size=(33.225,33.219) sensitivity=0 orientation=0.000 confidence=false]
TOUCH t=8.267 device=0 frame=1222 count=3 [id=0 state=hold xy=(702.856,-309.632) size=(33.225,33.219) sensitivity=0 orientation=0.000 confidence=false] [id=1 state=hold xy=(590.279,-374.700) size=(33.225,33.219) sensitivity=0 orientation=0.000 confidence=false] [id=2 state=hold xy=(487.505,-335.500) size=(33.225,33.219) sensitivity=0 orientation=0.000 confidence=false]
TOUCH t=8.270 device=0 frame=1223 count=3 [id=0 state=hold xy=(702.856,-309.632) size=(33.225,33.219) sensitivity=0 orientation=0.000 confidence=false] [id=1 state=hold xy=(590.279,-374.700) size=(33.225,33.219) sensitivity=0 orientation=0.000 confidence=false] [id=2 state=hold xy=(487.505,-335.500) size=(33.225,33.219) sensitivity=0 orientation=0.000 confidence=false]
TOUCH t=8.280 device=0 frame=1224 count=3 [id=0 state=hold xy=(702.856,-309.632) size=(33.225,33.219) sensitivity=0 orientation=0.000 confidence=false] [id=1 state=hold xy=(590.279,-374.700) size=(33.225,33.219) sensitivity=0 orientation=0.000 confidence=false] [id=2 state=hold xy=(487.505,-335.500) size=(33.225,33.219) sensitivity=0 orientation=0.000 confidence=false]
TOUCH t=8.284 device=0 frame=1225 count=3 [id=0 state=hold xy=(702.856,-309.704) size=(33.225,33.219) sensitivity=0 orientation=0.000 confidence=false] [id=1 state=hold xy=(590.279,-374.700) size=(33.225,33.219) sensitivity=0 orientation=0.000 confidence=false] [id=2 state=hold xy=(487.505,-335.500) size=(33.225,33.219) sensitivity=0 orientation=0.000 confidence=false]
TOUCH t=8.286 device=0 frame=1226 count=3 [id=0 state=hold xy=(702.928,-309.776) size=(33.225,33.219) sensitivity=0 orientation=0.000 confidence=false] [id=1 state=hold xy=(590.279,-374.700) size=(33.225,33.219) sensitivity=0 orientation=0.000 confidence=false] [id=2 state=hold xy=(487.505,-335.500) size=(33.225,33.219) sensitivity=0 orientation=0.000 confidence=false]
TOUCH t=8.291 device=0 frame=1227 count=3 [id=0 state=hold xy=(703.000,-309.848) size=(33.225,33.219) sensitivity=0 orientation=0.000 confidence=false] [id=1 state=hold xy=(590.279,-374.700) size=(33.225,33.219) sensitivity=0 orientation=0.000 confidence=false] [id=2 state=hold xy=(487.505,-335.500) size=(33.225,33.219) sensitivity=0 orientation=0.000 confidence=false]
TOUCH t=8.296 device=0 frame=1228 count=3 [id=0 state=hold xy=(703.000,-309.848) size=(33.225,33.219) sensitivity=0 orientation=0.000 confidence=false] [id=1 state=hold xy=(590.279,-374.700) size=(33.225,33.219) sensitivity=0 orientation=0.000 confidence=false] [id=2 state=hold xy=(487.505,-335.500) size=(33.225,33.219) sensitivity=0 orientation=0.000 confidence=false]
TOUCH t=8.301 device=0 frame=1229 count=3 [id=0 state=hold xy=(703.000,-309.848) size=(33.225,33.219) sensitivity=0 orientation=0.000 confidence=false] [id=1 state=hold xy=(590.279,-374.700) size=(33.225,33.219) sensitivity=0 orientation=0.000 confidence=false] [id=2 state=hold xy=(487.505,-335.500) size=(33.225,33.219) sensitivity=0 orientation=0.000 confidence=false]
TOUCH t=8.316 device=0 frame=1230 count=3 [id=0 state=hold xy=(703.000,-309.848) size=(33.225,33.219) sensitivity=0 orientation=0.000 confidence=false] [id=1 state=hold xy=(590.279,-374.700) size=(33.225,33.219) sensitivity=0 orientation=0.000 confidence=false] [id=2 state=hold xy=(487.505,-335.500) size=(33.225,33.219) sensitivity=0 orientation=0.000 confidence=false]
TOUCH t=8.317 device=0 frame=1231 count=3 [id=0 state=hold xy=(703.000,-309.848) size=(33.225,33.219) sensitivity=0 orientation=0.000 confidence=false] [id=1 state=hold xy=(590.279,-374.700) size=(33.225,33.219) sensitivity=0 orientation=0.000 confidence=false] [id=2 state=hold xy=(487.505,-335.500) size=(33.225,33.219) sensitivity=0 orientation=0.000 confidence=false]
TOUCH t=8.318 device=0 frame=1232 count=3 [id=0 state=hold xy=(703.000,-309.848) size=(33.225,33.219) sensitivity=0 orientation=0.000 confidence=false] [id=1 state=hold xy=(590.279,-374.700) size=(33.225,33.219) sensitivity=0 orientation=0.000 confidence=false] [id=2 state=hold xy=(487.505,-335.500) size=(33.225,33.219) sensitivity=0 orientation=0.000 confidence=false]
TOUCH t=8.323 device=0 frame=1233 count=3 [id=0 state=hold xy=(703.000,-309.848) size=(33.225,33.219) sensitivity=0 orientation=0.000 confidence=false] [id=1 state=hold xy=(590.279,-374.700) size=(33.225,33.219) sensitivity=0 orientation=0.000 confidence=false] [id=2 state=hold xy=(487.505,-335.500) size=(33.225,33.219) sensitivity=0 orientation=0.000 confidence=false]
TOUCH t=8.330 device=0 frame=1234 count=3 [id=0 state=hold xy=(703.000,-309.848) size=(33.225,33.219) sensitivity=0 orientation=0.000 confidence=false] [id=1 state=hold xy=(590.279,-374.700) size=(33.225,33.219) sensitivity=0 orientation=0.000 confidence=false] [id=2 state=hold xy=(487.505,-335.500) size=(33.225,33.219) sensitivity=0 orientation=0.000 confidence=false]
TOUCH t=8.334 device=0 frame=1235 count=3 [id=0 state=hold xy=(703.000,-309.848) size=(33.225,33.219) sensitivity=0 orientation=0.000 confidence=false] [id=1 state=hold xy=(590.279,-374.700) size=(33.225,33.219) sensitivity=0 orientation=0.000 confidence=false] [id=2 state=hold xy=(487.505,-335.500) size=(33.225,33.219) sensitivity=0 orientation=0.000 confidence=false]
TOUCH t=8.338 device=0 frame=1236 count=3 [id=0 state=hold xy=(703.000,-309.848) size=(33.225,33.219) sensitivity=0 orientation=0.000 confidence=false] [id=1 state=hold xy=(590.279,-374.700) size=(33.225,33.219) sensitivity=0 orientation=0.000 confidence=false] [id=2 state=hold xy=(487.505,-335.500) size=(33.225,33.219) sensitivity=0 orientation=0.000 confidence=false]
TOUCH t=8.348 device=0 frame=1237 count=3 [id=0 state=hold xy=(703.000,-309.848) size=(33.225,33.219) sensitivity=0 orientation=0.000 confidence=false] [id=1 state=hold xy=(590.279,-374.700) size=(33.225,33.219) sensitivity=0 orientation=0.000 confidence=false] [id=2 state=hold xy=(487.505,-335.500) size=(33.225,33.219) sensitivity=0 orientation=0.000 confidence=false]
TOUCH t=8.349 device=0 frame=1238 count=3 [id=0 state=hold xy=(703.000,-309.848) size=(33.225,33.219) sensitivity=0 orientation=0.000 confidence=false] [id=1 state=hold xy=(590.279,-374.700) size=(33.225,33.219) sensitivity=0 orientation=0.000 confidence=false] [id=2 state=hold xy=(487.505,-335.500) size=(33.225,33.219) sensitivity=0 orientation=0.000 confidence=false]
TOUCH t=8.354 device=0 frame=1239 count=3 [id=0 state=hold xy=(703.000,-309.848) size=(33.225,33.219) sensitivity=0 orientation=0.000 confidence=false] [id=1 state=hold xy=(590.279,-374.700) size=(33.225,33.219) sensitivity=0 orientation=0.000 confidence=false] [id=2 state=hold xy=(487.505,-335.500) size=(33.225,33.219) sensitivity=0 orientation=0.000 confidence=false]
TOUCH t=8.361 device=0 frame=1240 count=3 [id=0 state=hold xy=(703.000,-309.848) size=(33.225,33.219) sensitivity=0 orientation=0.000 confidence=false] [id=1 state=hold xy=(590.279,-374.700) size=(33.225,33.219) sensitivity=0 orientation=0.000 confidence=false] [id=2 state=hold xy=(487.505,-335.500) size=(33.225,33.219) sensitivity=0 orientation=0.000 confidence=false]
TOUCH t=8.368 device=0 frame=1241 count=3 [id=0 state=hold xy=(703.000,-309.848) size=(33.225,33.219) sensitivity=0 orientation=0.000 confidence=false] [id=1 state=hold xy=(590.279,-374.700) size=(33.225,33.219) sensitivity=0 orientation=0.000 confidence=false] [id=2 state=hold xy=(487.505,-335.500) size=(33.225,33.219) sensitivity=0 orientation=0.000 confidence=false]
TOUCH t=8.369 device=0 frame=1242 count=3 [id=0 state=hold xy=(703.000,-309.848) size=(33.225,33.219) sensitivity=0 orientation=0.000 confidence=false] [id=1 state=hold xy=(590.279,-374.700) size=(33.225,33.219) sensitivity=0 orientation=0.000 confidence=false] [id=2 state=hold xy=(487.505,-335.500) size=(33.225,33.219) sensitivity=0 orientation=0.000 confidence=false]
TOUCH t=8.377 device=0 frame=1243 count=3 [id=0 state=hold xy=(703.000,-309.848) size=(33.225,33.219) sensitivity=0 orientation=0.000 confidence=false] [id=1 state=hold xy=(590.279,-374.700) size=(33.225,33.219) sensitivity=0 orientation=0.000 confidence=false] [id=2 state=hold xy=(487.505,-335.500) size=(33.225,33.219) sensitivity=0 orientation=0.000 confidence=false]
TOUCH t=8.382 device=0 frame=1244 count=3 [id=0 state=hold xy=(703.000,-309.848) size=(33.225,33.219) sensitivity=0 orientation=0.000 confidence=false] [id=1 state=hold xy=(590.279,-374.700) size=(33.225,33.219) sensitivity=0 orientation=0.000 confidence=false] [id=2 state=hold xy=(487.505,-335.500) size=(33.225,33.219) sensitivity=0 orientation=0.000 confidence=false]
TOUCH t=8.389 device=0 frame=1245 count=3 [id=0 state=hold xy=(703.000,-309.848) size=(33.225,33.219) sensitivity=0 orientation=0.000 confidence=false] [id=1 state=hold xy=(590.279,-374.700) size=(33.225,33.219) sensitivity=0 orientation=0.000 confidence=false] [id=2 state=hold xy=(487.505,-335.500) size=(33.225,33.219) sensitivity=0 orientation=0.000 confidence=false]
TOUCH t=8.396 device=0 frame=1246 count=3 [id=0 state=hold xy=(703.000,-309.848) size=(33.225,33.219) sensitivity=0 orientation=0.000 confidence=false] [id=1 state=hold xy=(590.279,-374.700) size=(33.225,33.219) sensitivity=0 orientation=0.000 confidence=false] [id=2 state=hold xy=(487.505,-335.500) size=(33.225,33.219) sensitivity=0 orientation=0.000 confidence=false]
TOUCH t=8.397 device=0 frame=1247 count=3 [id=0 state=hold xy=(703.000,-309.848) size=(33.225,33.219) sensitivity=0 orientation=0.000 confidence=false] [id=1 state=hold xy=(590.279,-374.700) size=(33.225,33.219) sensitivity=0 orientation=0.000 confidence=false] [id=2 state=hold xy=(487.505,-335.500) size=(33.225,33.219) sensitivity=0 orientation=0.000 confidence=false]
TOUCH t=8.403 device=0 frame=1248 count=3 [id=0 state=hold xy=(703.072,-309.920) size=(33.225,33.219) sensitivity=0 orientation=0.000 confidence=false] [id=1 state=hold xy=(590.279,-374.700) size=(33.225,33.219) sensitivity=0 orientation=0.000 confidence=false] [id=2 state=hold xy=(487.505,-335.500) size=(33.225,33.219) sensitivity=0 orientation=0.000 confidence=false]
TOUCH t=8.407 device=0 frame=1249 count=3 [id=0 state=hold xy=(703.072,-309.992) size=(33.225,33.219) sensitivity=0 orientation=0.000 confidence=false] [id=1 state=hold xy=(590.279,-374.700) size=(33.225,33.219) sensitivity=0 orientation=0.000 confidence=false] [id=2 state=hold xy=(487.505,-335.500) size=(33.225,33.219) sensitivity=0 orientation=0.000 confidence=false]
TOUCH t=8.412 device=0 frame=1250 count=3 [id=0 state=hold xy=(703.144,-310.064) size=(33.225,33.219) sensitivity=0 orientation=0.000 confidence=false] [id=1 state=hold xy=(590.279,-374.700) size=(33.225,33.219) sensitivity=0 orientation=0.000 confidence=false] [id=2 state=hold xy=(487.505,-335.500) size=(33.225,33.219) sensitivity=0 orientation=0.000 confidence=false]
TOUCH t=8.418 device=0 frame=1251 count=3 [id=0 state=hold xy=(703.144,-310.064) size=(33.225,33.219) sensitivity=0 orientation=0.000 confidence=false] [id=1 state=hold xy=(590.279,-374.700) size=(33.225,33.219) sensitivity=0 orientation=0.000 confidence=false] [id=2 state=hold xy=(487.505,-335.500) size=(33.225,33.219) sensitivity=0 orientation=0.000 confidence=false]
TOUCH t=8.424 device=0 frame=1252 count=3 [id=0 state=hold xy=(703.216,-310.208) size=(33.225,33.219) sensitivity=0 orientation=0.000 confidence=false] [id=1 state=hold xy=(590.279,-374.700) size=(33.225,33.219) sensitivity=0 orientation=0.000 confidence=false] [id=2 state=hold xy=(487.505,-335.500) size=(33.225,33.219) sensitivity=0 orientation=0.000 confidence=false]
TOUCH t=8.429 device=0 frame=1253 count=3 [id=0 state=hold xy=(703.288,-310.280) size=(33.225,33.219) sensitivity=0 orientation=0.000 confidence=false] [id=1 state=hold xy=(590.279,-374.700) size=(33.225,33.219) sensitivity=0 orientation=0.000 confidence=false] [id=2 state=hold xy=(487.505,-335.500) size=(33.225,33.219) sensitivity=0 orientation=0.000 confidence=false]
TOUCH t=8.433 device=0 frame=1254 count=3 [id=0 state=hold xy=(703.288,-310.352) size=(33.225,33.219) sensitivity=0 orientation=0.000 confidence=false] [id=1 state=hold xy=(590.279,-374.700) size=(33.225,33.219) sensitivity=0 orientation=0.000 confidence=false] [id=2 state=hold xy=(487.505,-335.500) size=(33.225,33.219) sensitivity=0 orientation=0.000 confidence=false]
TOUCH t=8.442 device=0 frame=1255 count=3 [id=0 state=hold xy=(703.288,-310.352) size=(33.225,33.219) sensitivity=0 orientation=0.000 confidence=false] [id=1 state=hold xy=(590.279,-374.700) size=(33.225,33.219) sensitivity=0 orientation=0.000 confidence=false] [id=2 state=hold xy=(487.505,-335.500) size=(33.225,33.219) sensitivity=0 orientation=0.000 confidence=false]
TOUCH t=8.445 device=0 frame=1256 count=3 [id=0 state=hold xy=(703.288,-310.352) size=(33.225,33.219) sensitivity=0 orientation=0.000 confidence=false] [id=1 state=hold xy=(590.279,-374.700) size=(33.225,33.219) sensitivity=0 orientation=0.000 confidence=false] [id=2 state=hold xy=(487.505,-335.500) size=(33.225,33.219) sensitivity=0 orientation=0.000 confidence=false]
TOUCH t=8.449 device=0 frame=1257 count=3 [id=0 state=hold xy=(703.288,-310.352) size=(33.225,33.219) sensitivity=0 orientation=0.000 confidence=false] [id=1 state=hold xy=(590.279,-374.700) size=(33.225,33.219) sensitivity=0 orientation=0.000 confidence=false] [id=2 state=hold xy=(487.505,-335.500) size=(33.225,33.219) sensitivity=0 orientation=0.000 confidence=false]
TOUCH t=8.453 device=0 frame=1258 count=3 [id=0 state=hold xy=(703.288,-310.352) size=(33.225,33.219) sensitivity=0 orientation=0.000 confidence=false] [id=1 state=hold xy=(590.279,-374.700) size=(33.225,33.219) sensitivity=0 orientation=0.000 confidence=false] [id=2 state=hold xy=(487.505,-335.500) size=(33.225,33.219) sensitivity=0 orientation=0.000 confidence=false]
TOUCH t=8.459 device=0 frame=1259 count=3 [id=0 state=hold xy=(703.288,-310.352) size=(33.225,33.219) sensitivity=0 orientation=0.000 confidence=false] [id=1 state=hold xy=(590.279,-374.700) size=(33.225,33.219) sensitivity=0 orientation=0.000 confidence=false] [id=2 state=hold xy=(487.505,-335.500) size=(33.225,33.219) sensitivity=0 orientation=0.000 confidence=false]
TOUCH t=8.464 device=0 frame=1260 count=3 [id=0 state=hold xy=(703.288,-310.352) size=(33.225,33.219) sensitivity=0 orientation=0.000 confidence=false] [id=1 state=hold xy=(590.279,-374.700) size=(33.225,33.219) sensitivity=0 orientation=0.000 confidence=false] [id=2 state=hold xy=(487.505,-335.500) size=(33.225,33.219) sensitivity=0 orientation=0.000 confidence=false]
TOUCH t=8.469 device=0 frame=1261 count=3 [id=0 state=hold xy=(703.288,-310.352) size=(33.225,33.219) sensitivity=0 orientation=0.000 confidence=false] [id=1 state=hold xy=(590.279,-374.700) size=(33.225,33.219) sensitivity=0 orientation=0.000 confidence=false] [id=2 state=hold xy=(487.505,-335.500) size=(33.225,33.219) sensitivity=0 orientation=0.000 confidence=false]
TOUCH t=8.473 device=0 frame=1262 count=3 [id=0 state=hold xy=(703.288,-310.352) size=(33.225,33.219) sensitivity=0 orientation=0.000 confidence=false] [id=1 state=hold xy=(590.279,-374.700) size=(33.225,33.219) sensitivity=0 orientation=0.000 confidence=false] [id=2 state=hold xy=(487.505,-335.500) size=(33.225,33.219) sensitivity=0 orientation=0.000 confidence=false]
TOUCH t=8.479 device=0 frame=1263 count=3 [id=0 state=hold xy=(703.288,-310.352) size=(33.225,33.219) sensitivity=0 orientation=0.000 confidence=false] [id=1 state=hold xy=(590.279,-374.700) size=(33.225,33.219) sensitivity=0 orientation=0.000 confidence=false] [id=2 state=hold xy=(487.505,-335.500) size=(33.225,33.219) sensitivity=0 orientation=0.000 confidence=false]
TOUCH t=8.483 device=0 frame=1264 count=3 [id=0 state=hold xy=(703.288,-310.352) size=(33.225,33.219) sensitivity=0 orientation=0.000 confidence=false] [id=1 state=hold xy=(590.279,-374.700) size=(33.225,33.219) sensitivity=0 orientation=0.000 confidence=false] [id=2 state=hold xy=(487.505,-335.500) size=(33.225,33.219) sensitivity=0 orientation=0.000 confidence=false]
TOUCH t=8.490 device=0 frame=1265 count=3 [id=0 state=hold xy=(703.288,-310.352) size=(33.225,33.219) sensitivity=0 orientation=0.000 confidence=false] [id=1 state=hold xy=(590.279,-374.700) size=(33.225,33.219) sensitivity=0 orientation=0.000 confidence=false] [id=2 state=hold xy=(487.505,-335.500) size=(33.225,33.219) sensitivity=0 orientation=0.000 confidence=false]
TOUCH t=8.495 device=0 frame=1 count=3 [id=0 state=hold xy=(703.288,-310.352) size=(33.225,33.219) sensitivity=0 orientation=0.000 confidence=false] [id=1 state=hold xy=(590.279,-374.700) size=(33.225,33.219) sensitivity=0 orientation=0.000 confidence=false] [id=2 state=hold xy=(487.505,-335.500) size=(33.225,33.219) sensitivity=0 orientation=0.000 confidence=false]
TOUCH t=8.500 device=0 frame=2 count=3 [id=0 state=hold xy=(703.288,-310.352) size=(33.225,33.219) sensitivity=0 orientation=0.000 confidence=false] [id=1 state=hold xy=(590.279,-374.844) size=(33.225,33.219) sensitivity=0 orientation=0.000 confidence=false] [id=2 state=hold xy=(487.505,-335.500) size=(33.225,33.219) sensitivity=0 orientation=0.000 confidence=false]
TOUCH t=8.506 device=0 frame=3 count=3 [id=0 state=hold xy=(703.360,-310.424) size=(33.225,33.219) sensitivity=0 orientation=0.000 confidence=false] [id=1 state=hold xy=(590.279,-374.916) size=(33.225,33.219) sensitivity=0 orientation=0.000 confidence=false] [id=2 state=hold xy=(487.505,-335.500) size=(33.225,33.219) sensitivity=0 orientation=0.000 confidence=false]
TOUCH t=8.514 device=0 frame=4 count=3 [id=0 state=hold xy=(703.432,-310.496) size=(33.225,33.219) sensitivity=0 orientation=0.000 confidence=false] [id=1 state=hold xy=(590.351,-374.988) size=(33.225,33.219) sensitivity=0 orientation=0.000 confidence=false] [id=2 state=hold xy=(487.505,-335.500) size=(33.225,33.219) sensitivity=0 orientation=0.000 confidence=false]
TOUCH t=8.516 device=0 frame=5 count=3 [id=0 state=hold xy=(703.505,-310.568) size=(33.225,33.219) sensitivity=0 orientation=0.000 confidence=false] [id=1 state=hold xy=(590.351,-374.988) size=(33.225,33.219) sensitivity=0 orientation=0.000 confidence=false] [id=2 state=hold xy=(487.505,-335.572) size=(33.225,33.219) sensitivity=0 orientation=0.000 confidence=false]
TOUCH t=8.521 device=0 frame=6 count=3 [id=0 state=hold xy=(703.505,-310.641) size=(33.225,33.219) sensitivity=0 orientation=0.000 confidence=false] [id=1 state=hold xy=(590.351,-374.988) size=(33.225,33.219) sensitivity=0 orientation=0.000 confidence=false] [id=2 state=hold xy=(487.577,-335.645) size=(33.225,33.219) sensitivity=0 orientation=0.000 confidence=false]
TOUCH t=8.526 device=0 frame=7 count=3 [id=0 state=hold xy=(703.577,-310.713) size=(33.225,33.219) sensitivity=0 orientation=0.000 confidence=false] [id=1 state=hold xy=(590.351,-374.988) size=(33.225,33.219) sensitivity=0 orientation=0.000 confidence=false] [id=2 state=hold xy=(487.649,-335.717) size=(33.225,33.219) sensitivity=0 orientation=0.000 confidence=false]
TOUCH t=8.531 device=0 frame=8 count=3 [id=0 state=hold xy=(703.649,-310.857) size=(33.225,33.219) sensitivity=0 orientation=0.000 confidence=false] [id=1 state=hold xy=(590.351,-374.988) size=(33.225,33.219) sensitivity=0 orientation=0.000 confidence=false] [id=2 state=hold xy=(487.649,-335.717) size=(33.225,33.219) sensitivity=0 orientation=0.000 confidence=false]
TOUCH t=8.537 device=0 frame=9 count=3 [id=0 state=hold xy=(703.649,-310.857) size=(33.225,33.219) sensitivity=0 orientation=0.000 confidence=false] [id=1 state=hold xy=(590.351,-374.988) size=(33.225,33.219) sensitivity=0 orientation=0.000 confidence=false] [id=2 state=hold xy=(487.649,-335.717) size=(33.225,33.219) sensitivity=0 orientation=0.000 confidence=false]
TOUCH t=8.541 device=0 frame=10 count=3 [id=0 state=hold xy=(703.649,-310.857) size=(33.225,33.219) sensitivity=0 orientation=0.000 confidence=false] [id=1 state=hold xy=(590.351,-374.988) size=(33.225,33.219) sensitivity=0 orientation=0.000 confidence=false] [id=2 state=hold xy=(487.649,-335.717) size=(33.225,33.219) sensitivity=0 orientation=0.000 confidence=false]
TOUCH t=8.547 device=0 frame=11 count=3 [id=0 state=hold xy=(703.649,-310.857) size=(33.225,33.219) sensitivity=0 orientation=0.000 confidence=false] [id=1 state=hold xy=(590.351,-374.988) size=(33.225,33.219) sensitivity=0 orientation=0.000 confidence=false] [id=2 state=hold xy=(487.649,-335.717) size=(33.225,33.219) sensitivity=0 orientation=0.000 confidence=false]
TOUCH t=8.551 device=0 frame=12 count=3 [id=0 state=hold xy=(703.649,-310.857) size=(33.225,33.219) sensitivity=0 orientation=0.000 confidence=false] [id=1 state=hold xy=(590.351,-374.988) size=(33.225,33.219) sensitivity=0 orientation=0.000 confidence=false] [id=2 state=hold xy=(487.649,-335.717) size=(33.225,33.219) sensitivity=0 orientation=0.000 confidence=false]
TOUCH t=8.558 device=0 frame=13 count=3 [id=0 state=hold xy=(703.649,-310.857) size=(33.225,33.219) sensitivity=0 orientation=0.000 confidence=false] [id=1 state=hold xy=(590.351,-374.988) size=(33.225,33.219) sensitivity=0 orientation=0.000 confidence=false] [id=2 state=hold xy=(487.649,-335.717) size=(33.225,33.219) sensitivity=0 orientation=0.000 confidence=false]
TOUCH t=8.563 device=0 frame=14 count=3 [id=0 state=hold xy=(703.649,-310.857) size=(33.225,33.219) sensitivity=0 orientation=0.000 confidence=false] [id=1 state=hold xy=(590.351,-374.988) size=(33.225,33.219) sensitivity=0 orientation=0.000 confidence=false] [id=2 state=hold xy=(487.649,-335.717) size=(33.225,33.219) sensitivity=0 orientation=0.000 confidence=false]
TOUCH t=8.568 device=0 frame=15 count=3 [id=0 state=hold xy=(703.649,-310.857) size=(33.225,33.219) sensitivity=0 orientation=0.000 confidence=false] [id=1 state=hold xy=(590.351,-375.132) size=(33.225,33.219) sensitivity=0 orientation=0.000 confidence=false] [id=2 state=hold xy=(487.649,-335.717) size=(33.225,33.219) sensitivity=0 orientation=0.000 confidence=false]
TOUCH t=8.573 device=0 frame=16 count=3 [id=0 state=hold xy=(703.649,-310.857) size=(33.225,33.219) sensitivity=0 orientation=0.000 confidence=false] [id=1 state=hold xy=(590.351,-375.204) size=(33.225,33.219) sensitivity=0 orientation=0.000 confidence=false] [id=2 state=hold xy=(487.649,-335.717) size=(33.225,33.219) sensitivity=0 orientation=0.000 confidence=false]
TOUCH t=8.578 device=0 frame=17 count=3 [id=0 state=hold xy=(703.649,-310.857) size=(33.225,33.219) sensitivity=0 orientation=0.000 confidence=false] [id=1 state=hold xy=(590.423,-375.348) size=(33.225,33.219) sensitivity=0 orientation=0.000 confidence=false] [id=2 state=hold xy=(487.649,-335.717) size=(33.225,33.219) sensitivity=0 orientation=0.000 confidence=false]
TOUCH t=8.584 device=0 frame=18 count=3 [id=0 state=hold xy=(703.649,-310.857) size=(33.225,33.219) sensitivity=0 orientation=0.000 confidence=false] [id=1 state=hold xy=(590.423,-375.348) size=(33.225,33.219) sensitivity=0 orientation=0.000 confidence=false] [id=2 state=hold xy=(487.649,-335.717) size=(33.225,33.219) sensitivity=0 orientation=0.000 confidence=false]
TOUCH t=8.590 device=0 frame=19 count=3 [id=0 state=hold xy=(703.649,-310.857) size=(33.225,33.219) sensitivity=0 orientation=0.000 confidence=false] [id=1 state=hold xy=(590.423,-375.348) size=(33.225,33.219) sensitivity=0 orientation=0.000 confidence=false] [id=2 state=hold xy=(487.649,-335.789) size=(33.225,33.219) sensitivity=0 orientation=0.000 confidence=false]
TOUCH t=8.594 device=0 frame=20 count=3 [id=0 state=hold xy=(703.649,-310.857) size=(33.225,33.219) sensitivity=0 orientation=0.000 confidence=false] [id=1 state=hold xy=(590.423,-375.348) size=(33.225,33.219) sensitivity=0 orientation=0.000 confidence=false] [id=2 state=hold xy=(487.721,-335.933) size=(33.225,33.219) sensitivity=0 orientation=0.000 confidence=false]
TOUCH t=8.600 device=0 frame=21 count=3 [id=0 state=hold xy=(703.649,-310.857) size=(33.225,33.219) sensitivity=0 orientation=0.000 confidence=false] [id=1 state=hold xy=(590.423,-375.348) size=(33.225,33.219) sensitivity=0 orientation=0.000 confidence=false] [id=2 state=hold xy=(487.721,-336.005) size=(33.225,33.219) sensitivity=0 orientation=0.000 confidence=false]
TOUCH t=8.609 device=0 frame=22 count=3 [id=0 state=hold xy=(703.649,-310.857) size=(33.225,33.219) sensitivity=0 orientation=0.000 confidence=false] [id=1 state=hold xy=(590.423,-375.348) size=(33.225,33.219) sensitivity=0 orientation=0.000 confidence=false] [id=2 state=hold xy=(487.721,-336.005) size=(33.225,33.219) sensitivity=0 orientation=0.000 confidence=false]
TOUCH t=8.610 device=0 frame=23 count=3 [id=0 state=hold xy=(703.649,-310.857) size=(33.225,33.219) sensitivity=0 orientation=0.000 confidence=false] [id=1 state=hold xy=(590.423,-375.348) size=(33.225,33.219) sensitivity=0 orientation=0.000 confidence=false] [id=2 state=hold xy=(487.721,-336.005) size=(33.225,33.219) sensitivity=0 orientation=0.000 confidence=false]
TOUCH t=8.615 device=0 frame=24 count=3 [id=0 state=hold xy=(703.649,-310.857) size=(33.225,33.219) sensitivity=0 orientation=0.000 confidence=false] [id=1 state=hold xy=(590.423,-375.348) size=(33.225,33.219) sensitivity=0 orientation=0.000 confidence=false] [id=2 state=hold xy=(487.721,-336.005) size=(33.225,33.219) sensitivity=0 orientation=0.000 confidence=false]
TOUCH t=8.622 device=0 frame=25 count=3 [id=0 state=hold xy=(703.649,-310.857) size=(33.225,33.219) sensitivity=0 orientation=0.000 confidence=false] [id=1 state=hold xy=(590.423,-375.348) size=(33.225,33.219) sensitivity=0 orientation=0.000 confidence=false] [id=2 state=hold xy=(487.721,-336.005) size=(33.225,33.219) sensitivity=0 orientation=0.000 confidence=false]
TOUCH t=8.626 device=0 frame=26 count=3 [id=0 state=hold xy=(703.649,-310.857) size=(33.225,33.219) sensitivity=0 orientation=0.000 confidence=false] [id=1 state=hold xy=(590.423,-375.348) size=(33.225,33.219) sensitivity=0 orientation=0.000 confidence=false] [id=2 state=hold xy=(487.721,-336.005) size=(33.225,33.219) sensitivity=0 orientation=0.000 confidence=false]
TOUCH t=8.635 device=0 frame=27 count=3 [id=0 state=hold xy=(703.649,-310.857) size=(33.225,33.219) sensitivity=0 orientation=0.000 confidence=false] [id=1 state=hold xy=(590.423,-375.348) size=(33.225,33.219) sensitivity=0 orientation=0.000 confidence=false] [id=2 state=hold xy=(487.721,-336.005) size=(33.225,33.219) sensitivity=0 orientation=0.000 confidence=false]
TOUCH t=8.636 device=0 frame=28 count=3 [id=0 state=hold xy=(703.649,-310.857) size=(33.225,33.219) sensitivity=0 orientation=0.000 confidence=false] [id=1 state=hold xy=(590.423,-375.348) size=(33.225,33.219) sensitivity=0 orientation=0.000 confidence=false] [id=2 state=hold xy=(487.721,-336.005) size=(33.225,33.219) sensitivity=0 orientation=0.000 confidence=false]
TOUCH t=8.645 device=0 frame=29 count=3 [id=0 state=hold xy=(703.649,-310.857) size=(33.225,33.219) sensitivity=0 orientation=0.000 confidence=false] [id=1 state=hold xy=(590.423,-375.348) size=(33.225,33.219) sensitivity=0 orientation=0.000 confidence=false] [id=2 state=hold xy=(487.721,-336.005) size=(33.225,33.219) sensitivity=0 orientation=0.000 confidence=false]
TOUCH t=8.649 device=0 frame=30 count=3 [id=0 state=hold xy=(703.649,-310.857) size=(33.225,33.219) sensitivity=0 orientation=0.000 confidence=false] [id=1 state=hold xy=(590.423,-375.348) size=(33.225,33.219) sensitivity=0 orientation=0.000 confidence=false] [id=2 state=hold xy=(487.721,-336.005) size=(33.225,33.219) sensitivity=0 orientation=0.000 confidence=false]
TOUCH t=8.651 device=0 frame=31 count=3 [id=0 state=hold xy=(703.649,-310.857) size=(33.225,33.219) sensitivity=0 orientation=0.000 confidence=false] [id=1 state=hold xy=(590.423,-375.348) size=(33.225,33.219) sensitivity=0 orientation=0.000 confidence=false] [id=2 state=hold xy=(487.721,-336.005) size=(33.225,33.219) sensitivity=0 orientation=0.000 confidence=false]
TOUCH t=8.658 device=0 frame=32 count=3 [id=0 state=hold xy=(703.649,-310.857) size=(33.225,33.219) sensitivity=0 orientation=0.000 confidence=false] [id=1 state=hold xy=(590.423,-375.348) size=(33.225,33.219) sensitivity=0 orientation=0.000 confidence=false] [id=2 state=hold xy=(487.721,-336.005) size=(33.225,33.219) sensitivity=0 orientation=0.000 confidence=false]
TOUCH t=8.662 device=0 frame=33 count=3 [id=0 state=hold xy=(703.649,-310.857) size=(33.225,33.219) sensitivity=0 orientation=0.000 confidence=false] [id=1 state=hold xy=(590.423,-375.348) size=(33.225,33.219) sensitivity=0 orientation=0.000 confidence=false] [id=2 state=hold xy=(487.721,-336.005) size=(33.225,33.219) sensitivity=0 orientation=0.000 confidence=false]
TOUCH t=8.668 device=0 frame=34 count=3 [id=0 state=hold xy=(703.649,-310.857) size=(33.225,33.219) sensitivity=0 orientation=0.000 confidence=false] [id=1 state=hold xy=(590.423,-375.348) size=(33.225,33.219) sensitivity=0 orientation=0.000 confidence=false] [id=2 state=hold xy=(487.721,-336.005) size=(33.225,33.219) sensitivity=0 orientation=0.000 confidence=false]
TOUCH t=8.675 device=0 frame=35 count=3 [id=0 state=hold xy=(703.649,-310.857) size=(33.225,33.219) sensitivity=0 orientation=0.000 confidence=false] [id=1 state=hold xy=(590.423,-375.348) size=(33.225,33.219) sensitivity=0 orientation=0.000 confidence=false] [id=2 state=hold xy=(487.721,-336.005) size=(33.225,33.219) sensitivity=0 orientation=0.000 confidence=false]
TOUCH t=8.679 device=0 frame=36 count=3 [id=0 state=hold xy=(703.649,-310.857) size=(33.225,33.219) sensitivity=0 orientation=0.000 confidence=false] [id=1 state=hold xy=(590.423,-375.348) size=(33.225,33.219) sensitivity=0 orientation=0.000 confidence=false] [id=2 state=hold xy=(487.721,-336.005) size=(33.225,33.219) sensitivity=0 orientation=0.000 confidence=false]
TOUCH t=8.683 device=0 frame=37 count=3 [id=0 state=hold xy=(703.649,-310.857) size=(33.225,33.219) sensitivity=0 orientation=0.000 confidence=false] [id=1 state=hold xy=(590.423,-375.348) size=(33.225,33.219) sensitivity=0 orientation=0.000 confidence=false] [id=2 state=hold xy=(487.721,-336.005) size=(33.225,33.219) sensitivity=0 orientation=0.000 confidence=false]
TOUCH t=8.690 device=0 frame=38 count=3 [id=0 state=hold xy=(703.649,-310.857) size=(33.225,33.219) sensitivity=0 orientation=0.000 confidence=false] [id=1 state=hold xy=(590.423,-375.348) size=(33.225,33.219) sensitivity=0 orientation=0.000 confidence=false] [id=2 state=hold xy=(487.721,-336.005) size=(33.225,33.219) sensitivity=0 orientation=0.000 confidence=false]
TOUCH t=8.696 device=0 frame=39 count=3 [id=0 state=hold xy=(703.649,-310.857) size=(33.225,33.219) sensitivity=0 orientation=0.000 confidence=false] [id=1 state=hold xy=(590.423,-375.348) size=(33.225,33.219) sensitivity=0 orientation=0.000 confidence=false] [id=2 state=hold xy=(487.721,-336.005) size=(33.225,33.219) sensitivity=0 orientation=0.000 confidence=false]
TOUCH t=8.700 device=0 frame=40 count=3 [id=0 state=hold xy=(703.649,-310.857) size=(33.225,33.219) sensitivity=0 orientation=0.000 confidence=false] [id=1 state=hold xy=(590.423,-375.348) size=(33.225,33.219) sensitivity=0 orientation=0.000 confidence=false] [id=2 state=hold xy=(487.721,-336.005) size=(33.225,33.219) sensitivity=0 orientation=0.000 confidence=false]
TOUCH t=8.709 device=0 frame=41 count=3 [id=0 state=hold xy=(703.649,-310.857) size=(33.225,33.219) sensitivity=0 orientation=0.000 confidence=false] [id=1 state=hold xy=(590.423,-375.348) size=(33.225,33.219) sensitivity=0 orientation=0.000 confidence=false] [id=2 state=hold xy=(487.721,-336.005) size=(33.225,33.219) sensitivity=0 orientation=0.000 confidence=false]
TOUCH t=8.713 device=0 frame=42 count=3 [id=0 state=hold xy=(703.649,-310.857) size=(33.225,33.219) sensitivity=0 orientation=0.000 confidence=false] [id=1 state=hold xy=(590.423,-375.348) size=(33.225,33.219) sensitivity=0 orientation=0.000 confidence=false] [id=2 state=hold xy=(487.721,-336.005) size=(33.225,33.219) sensitivity=0 orientation=0.000 confidence=false]
TOUCH t=8.717 device=0 frame=43 count=3 [id=0 state=hold xy=(703.649,-310.857) size=(33.225,33.219) sensitivity=0 orientation=0.000 confidence=false] [id=1 state=hold xy=(590.423,-375.348) size=(33.225,33.219) sensitivity=0 orientation=0.000 confidence=false] [id=2 state=hold xy=(487.721,-336.005) size=(33.225,33.219) sensitivity=0 orientation=0.000 confidence=false]
TOUCH t=8.720 device=0 frame=44 count=3 [id=0 state=hold xy=(703.649,-310.857) size=(33.225,33.219) sensitivity=0 orientation=0.000 confidence=false] [id=1 state=hold xy=(590.423,-375.348) size=(33.225,33.219) sensitivity=0 orientation=0.000 confidence=false] [id=2 state=hold xy=(487.721,-336.005) size=(33.225,33.219) sensitivity=0 orientation=0.000 confidence=false]
TOUCH t=8.725 device=0 frame=45 count=3 [id=0 state=hold xy=(703.649,-310.857) size=(33.225,33.219) sensitivity=0 orientation=0.000 confidence=false] [id=1 state=hold xy=(590.423,-375.348) size=(33.225,33.219) sensitivity=0 orientation=0.000 confidence=false] [id=2 state=hold xy=(487.721,-336.005) size=(33.225,33.219) sensitivity=0 orientation=0.000 confidence=false]
TOUCH t=8.732 device=0 frame=46 count=3 [id=0 state=hold xy=(703.649,-310.857) size=(33.225,33.219) sensitivity=0 orientation=0.000 confidence=false] [id=1 state=hold xy=(590.423,-375.348) size=(33.225,33.219) sensitivity=0 orientation=0.000 confidence=false] [id=2 state=hold xy=(487.721,-336.005) size=(33.225,33.219) sensitivity=0 orientation=0.000 confidence=false]
TOUCH t=8.735 device=0 frame=47 count=3 [id=0 state=hold xy=(703.649,-310.857) size=(33.225,33.219) sensitivity=0 orientation=0.000 confidence=false] [id=1 state=hold xy=(590.423,-375.348) size=(33.225,33.219) sensitivity=0 orientation=0.000 confidence=false] [id=2 state=hold xy=(487.721,-336.005) size=(33.225,33.219) sensitivity=0 orientation=0.000 confidence=false]
TOUCH t=8.741 device=0 frame=48 count=3 [id=0 state=hold xy=(703.649,-310.857) size=(33.225,33.219) sensitivity=0 orientation=0.000 confidence=false] [id=1 state=hold xy=(590.423,-375.420) size=(33.225,33.219) sensitivity=0 orientation=0.000 confidence=false] [id=2 state=hold xy=(487.721,-336.005) size=(33.225,33.219) sensitivity=0 orientation=0.000 confidence=false]
TOUCH t=8.746 device=0 frame=49 count=3 [id=0 state=hold xy=(703.649,-310.857) size=(33.225,33.219) sensitivity=0 orientation=0.000 confidence=false] [id=1 state=hold xy=(590.423,-375.564) size=(33.225,33.219) sensitivity=0 orientation=0.000 confidence=false] [id=2 state=hold xy=(487.721,-336.005) size=(33.225,33.219) sensitivity=0 orientation=0.000 confidence=false]
TOUCH t=8.750 device=0 frame=50 count=3 [id=0 state=hold xy=(703.649,-310.857) size=(33.225,33.219) sensitivity=0 orientation=0.000 confidence=false] [id=1 state=hold xy=(590.423,-375.637) size=(33.225,33.219) sensitivity=0 orientation=0.000 confidence=false] [id=2 state=hold xy=(487.721,-336.005) size=(33.225,33.219) sensitivity=0 orientation=0.000 confidence=false]
TOUCH t=8.759 device=0 frame=51 count=3 [id=0 state=hold xy=(703.649,-310.857) size=(33.225,33.219) sensitivity=0 orientation=0.000 confidence=false] [id=1 state=hold xy=(590.423,-375.709) size=(33.225,33.219) sensitivity=0 orientation=0.000 confidence=false] [id=2 state=hold xy=(487.721,-336.005) size=(33.225,33.219) sensitivity=0 orientation=0.000 confidence=false]
TOUCH t=8.763 device=0 frame=52 count=3 [id=0 state=hold xy=(703.649,-310.857) size=(33.225,33.219) sensitivity=0 orientation=0.000 confidence=false] [id=1 state=hold xy=(590.423,-375.853) size=(33.225,33.219) sensitivity=0 orientation=0.000 confidence=false] [id=2 state=hold xy=(487.721,-336.005) size=(33.225,33.219) sensitivity=0 orientation=0.000 confidence=false]
TOUCH t=8.768 device=0 frame=53 count=3 [id=0 state=hold xy=(703.649,-310.857) size=(33.225,33.219) sensitivity=0 orientation=0.000 confidence=false] [id=1 state=hold xy=(590.423,-375.853) size=(33.225,33.219) sensitivity=0 orientation=0.000 confidence=false] [id=2 state=hold xy=(487.721,-336.005) size=(33.225,33.219) sensitivity=0 orientation=0.000 confidence=false]
TOUCH t=8.774 device=0 frame=54 count=3 [id=0 state=hold xy=(703.649,-310.857) size=(33.225,33.219) sensitivity=0 orientation=0.000 confidence=false] [id=1 state=hold xy=(590.423,-375.853) size=(33.225,33.219) sensitivity=0 orientation=0.000 confidence=false] [id=2 state=hold xy=(487.721,-336.005) size=(33.225,33.219) sensitivity=0 orientation=0.000 confidence=false]
TOUCH t=8.782 device=0 frame=55 count=3 [id=0 state=hold xy=(703.649,-310.857) size=(33.225,33.219) sensitivity=0 orientation=0.000 confidence=false] [id=1 state=hold xy=(590.423,-375.853) size=(33.225,33.219) sensitivity=0 orientation=0.000 confidence=false] [id=2 state=hold xy=(487.721,-336.005) size=(33.225,33.219) sensitivity=0 orientation=0.000 confidence=false]
TOUCH t=8.783 device=0 frame=56 count=3 [id=0 state=hold xy=(703.649,-310.857) size=(33.225,33.219) sensitivity=0 orientation=0.000 confidence=false] [id=1 state=hold xy=(590.423,-375.853) size=(33.225,33.219) sensitivity=0 orientation=0.000 confidence=false] [id=2 state=hold xy=(487.721,-336.005) size=(33.225,33.219) sensitivity=0 orientation=0.000 confidence=false]
TOUCH t=8.790 device=0 frame=57 count=3 [id=0 state=hold xy=(703.649,-310.857) size=(33.225,33.219) sensitivity=0 orientation=0.000 confidence=false] [id=1 state=hold xy=(590.423,-375.853) size=(33.225,33.219) sensitivity=0 orientation=0.000 confidence=false] [id=2 state=hold xy=(487.721,-336.005) size=(33.225,33.219) sensitivity=0 orientation=0.000 confidence=false]
TOUCH t=8.794 device=0 frame=58 count=3 [id=0 state=hold xy=(703.649,-310.857) size=(33.225,33.219) sensitivity=0 orientation=0.000 confidence=false] [id=1 state=hold xy=(590.423,-375.853) size=(33.225,33.219) sensitivity=0 orientation=0.000 confidence=false] [id=2 state=hold xy=(487.721,-336.005) size=(33.225,33.219) sensitivity=0 orientation=0.000 confidence=false]
TOUCH t=8.797 device=0 frame=59 count=3 [id=0 state=hold xy=(703.649,-310.857) size=(33.225,33.219) sensitivity=0 orientation=0.000 confidence=false] [id=1 state=hold xy=(590.423,-375.853) size=(33.225,33.219) sensitivity=0 orientation=0.000 confidence=false] [id=2 state=hold xy=(487.721,-336.005) size=(33.225,33.219) sensitivity=0 orientation=0.000 confidence=false]
TOUCH t=8.804 device=0 frame=60 count=3 [id=0 state=hold xy=(703.649,-310.857) size=(33.225,33.219) sensitivity=0 orientation=0.000 confidence=false] [id=1 state=hold xy=(590.423,-375.853) size=(33.225,33.219) sensitivity=0 orientation=0.000 confidence=false] [id=2 state=hold xy=(487.721,-336.005) size=(33.225,33.219) sensitivity=0 orientation=0.000 confidence=false]
TOUCH t=8.809 device=0 frame=61 count=3 [id=0 state=hold xy=(703.649,-310.857) size=(33.225,33.219) sensitivity=0 orientation=0.000 confidence=false] [id=1 state=hold xy=(590.423,-375.853) size=(33.225,33.219) sensitivity=0 orientation=0.000 confidence=false] [id=2 state=hold xy=(487.721,-336.005) size=(33.225,33.219) sensitivity=0 orientation=0.000 confidence=false]
TOUCH t=8.813 device=0 frame=62 count=3 [id=0 state=hold xy=(703.649,-310.857) size=(33.225,33.219) sensitivity=0 orientation=0.000 confidence=false] [id=1 state=hold xy=(590.423,-375.853) size=(33.225,33.219) sensitivity=0 orientation=0.000 confidence=false] [id=2 state=hold xy=(487.721,-336.005) size=(33.225,33.219) sensitivity=0 orientation=0.000 confidence=false]
TOUCH t=8.818 device=0 frame=63 count=3 [id=0 state=hold xy=(703.649,-310.857) size=(33.225,33.219) sensitivity=0 orientation=0.000 confidence=false] [id=1 state=hold xy=(590.423,-375.853) size=(33.225,33.219) sensitivity=0 orientation=0.000 confidence=false] [id=2 state=hold xy=(487.721,-336.005) size=(33.225,33.219) sensitivity=0 orientation=0.000 confidence=false]
TOUCH t=8.824 device=0 frame=64 count=3 [id=0 state=hold xy=(703.649,-310.857) size=(33.225,33.219) sensitivity=0 orientation=0.000 confidence=false] [id=1 state=hold xy=(590.423,-375.853) size=(33.225,33.219) sensitivity=0 orientation=0.000 confidence=false] [id=2 state=hold xy=(487.721,-336.005) size=(33.225,33.219) sensitivity=0 orientation=0.000 confidence=false]
TOUCH t=8.830 device=0 frame=65 count=3 [id=0 state=hold xy=(703.649,-310.857) size=(33.225,33.219) sensitivity=0 orientation=0.000 confidence=false] [id=1 state=hold xy=(590.423,-375.853) size=(33.225,33.219) sensitivity=0 orientation=0.000 confidence=false] [id=2 state=hold xy=(487.721,-336.005) size=(33.225,33.219) sensitivity=0 orientation=0.000 confidence=false]
TOUCH t=8.835 device=0 frame=66 count=3 [id=0 state=hold xy=(703.649,-310.857) size=(33.225,33.219) sensitivity=0 orientation=0.000 confidence=false] [id=1 state=hold xy=(590.423,-375.853) size=(33.225,33.219) sensitivity=0 orientation=0.000 confidence=false] [id=2 state=hold xy=(487.721,-336.005) size=(33.225,33.219) sensitivity=0 orientation=0.000 confidence=false]
TOUCH t=8.840 device=0 frame=67 count=3 [id=0 state=hold xy=(703.649,-310.857) size=(33.225,33.219) sensitivity=0 orientation=0.000 confidence=false] [id=1 state=hold xy=(590.423,-375.853) size=(33.225,33.219) sensitivity=0 orientation=0.000 confidence=false] [id=2 state=hold xy=(487.721,-336.005) size=(33.225,33.219) sensitivity=0 orientation=0.000 confidence=false]
TOUCH t=8.846 device=0 frame=68 count=3 [id=0 state=hold xy=(703.649,-310.857) size=(33.225,33.219) sensitivity=0 orientation=0.000 confidence=false] [id=1 state=hold xy=(590.423,-375.853) size=(33.225,33.219) sensitivity=0 orientation=0.000 confidence=false] [id=2 state=hold xy=(487.721,-336.005) size=(33.225,33.219) sensitivity=0 orientation=0.000 confidence=false]
TOUCH t=8.851 device=0 frame=69 count=3 [id=0 state=hold xy=(703.649,-310.857) size=(33.225,33.219) sensitivity=0 orientation=0.000 confidence=false] [id=1 state=hold xy=(590.423,-375.853) size=(33.225,33.219) sensitivity=0 orientation=0.000 confidence=false] [id=2 state=hold xy=(487.721,-336.005) size=(33.225,33.219) sensitivity=0 orientation=0.000 confidence=false]
TOUCH t=8.856 device=0 frame=70 count=3 [id=0 state=hold xy=(703.649,-310.857) size=(33.225,33.219) sensitivity=0 orientation=0.000 confidence=false] [id=1 state=hold xy=(590.423,-375.853) size=(33.225,33.219) sensitivity=0 orientation=0.000 confidence=false] [id=2 state=hold xy=(487.721,-336.005) size=(33.225,33.219) sensitivity=0 orientation=0.000 confidence=false]
TOUCH t=8.862 device=0 frame=71 count=3 [id=0 state=hold xy=(703.649,-310.857) size=(33.225,33.219) sensitivity=0 orientation=0.000 confidence=false] [id=1 state=hold xy=(590.423,-375.853) size=(33.225,33.219) sensitivity=0 orientation=0.000 confidence=false] [id=2 state=hold xy=(487.721,-336.005) size=(33.225,33.219) sensitivity=0 orientation=0.000 confidence=false]
TOUCH t=8.866 device=0 frame=72 count=3 [id=0 state=hold xy=(703.649,-310.857) size=(33.225,33.219) sensitivity=0 orientation=0.000 confidence=false] [id=1 state=hold xy=(590.423,-375.853) size=(33.225,33.219) sensitivity=0 orientation=0.000 confidence=false] [id=2 state=hold xy=(487.721,-336.005) size=(33.225,33.219) sensitivity=0 orientation=0.000 confidence=false]
TOUCH t=8.873 device=0 frame=73 count=3 [id=0 state=hold xy=(703.649,-310.857) size=(33.225,33.219) sensitivity=0 orientation=0.000 confidence=false] [id=1 state=hold xy=(590.423,-375.853) size=(33.225,33.219) sensitivity=0 orientation=0.000 confidence=false] [id=2 state=hold xy=(487.721,-336.005) size=(33.225,33.219) sensitivity=0 orientation=0.000 confidence=false]
TOUCH t=8.878 device=0 frame=74 count=3 [id=0 state=hold xy=(703.649,-310.857) size=(33.225,33.219) sensitivity=0 orientation=0.000 confidence=false] [id=1 state=hold xy=(590.423,-375.853) size=(33.225,33.219) sensitivity=0 orientation=0.000 confidence=false] [id=2 state=hold xy=(487.721,-336.005) size=(33.225,33.219) sensitivity=0 orientation=0.000 confidence=false]
TOUCH t=8.882 device=0 frame=75 count=3 [id=0 state=hold xy=(703.649,-310.857) size=(33.225,33.219) sensitivity=0 orientation=0.000 confidence=false] [id=1 state=hold xy=(590.423,-375.853) size=(33.225,33.219) sensitivity=0 orientation=0.000 confidence=false] [id=2 state=hold xy=(487.721,-336.005) size=(33.225,33.219) sensitivity=0 orientation=0.000 confidence=false]
TOUCH t=8.887 device=0 frame=76 count=3 [id=0 state=hold xy=(703.649,-310.857) size=(33.225,33.219) sensitivity=0 orientation=0.000 confidence=false] [id=1 state=hold xy=(590.423,-375.853) size=(33.225,33.219) sensitivity=0 orientation=0.000 confidence=false] [id=2 state=hold xy=(487.721,-336.005) size=(33.225,33.219) sensitivity=0 orientation=0.000 confidence=false]
TOUCH t=8.892 device=0 frame=77 count=3 [id=0 state=hold xy=(703.649,-310.857) size=(33.225,33.219) sensitivity=0 orientation=0.000 confidence=false] [id=1 state=hold xy=(590.423,-375.853) size=(33.225,33.219) sensitivity=0 orientation=0.000 confidence=false] [id=2 state=hold xy=(487.721,-336.005) size=(33.225,33.219) sensitivity=0 orientation=0.000 confidence=false]
TOUCH t=8.898 device=0 frame=78 count=3 [id=0 state=hold xy=(703.649,-310.857) size=(33.225,33.219) sensitivity=0 orientation=0.000 confidence=false] [id=1 state=hold xy=(590.423,-375.853) size=(33.225,33.219) sensitivity=0 orientation=0.000 confidence=false] [id=2 state=hold xy=(487.721,-336.005) size=(33.225,33.219) sensitivity=0 orientation=0.000 confidence=false]
TOUCH t=8.903 device=0 frame=79 count=3 [id=0 state=hold xy=(703.649,-310.857) size=(33.225,33.219) sensitivity=0 orientation=0.000 confidence=false] [id=1 state=hold xy=(590.423,-375.853) size=(33.225,33.219) sensitivity=0 orientation=0.000 confidence=false] [id=2 state=hold xy=(487.721,-336.005) size=(33.225,33.219) sensitivity=0 orientation=0.000 confidence=false]
TOUCH t=8.908 device=0 frame=80 count=3 [id=0 state=hold xy=(703.649,-310.857) size=(33.225,33.219) sensitivity=0 orientation=0.000 confidence=false] [id=1 state=hold xy=(590.423,-375.853) size=(33.225,33.219) sensitivity=0 orientation=0.000 confidence=false] [id=2 state=hold xy=(487.721,-336.005) size=(33.225,33.219) sensitivity=0 orientation=0.000 confidence=false]
TOUCH t=8.913 device=0 frame=81 count=3 [id=0 state=hold xy=(703.649,-310.857) size=(33.225,33.219) sensitivity=0 orientation=0.000 confidence=false] [id=1 state=hold xy=(590.423,-375.853) size=(33.225,33.219) sensitivity=0 orientation=0.000 confidence=false] [id=2 state=hold xy=(487.721,-336.005) size=(33.225,33.219) sensitivity=0 orientation=0.000 confidence=false]
TOUCH t=8.918 device=0 frame=82 count=3 [id=0 state=hold xy=(703.649,-310.857) size=(33.225,33.219) sensitivity=0 orientation=0.000 confidence=false] [id=1 state=hold xy=(590.423,-375.853) size=(33.225,33.219) sensitivity=0 orientation=0.000 confidence=false] [id=2 state=hold xy=(487.721,-336.005) size=(33.225,33.219) sensitivity=0 orientation=0.000 confidence=false]
TOUCH t=8.924 device=0 frame=83 count=3 [id=0 state=hold xy=(703.649,-310.857) size=(33.225,33.219) sensitivity=0 orientation=0.000 confidence=false] [id=1 state=hold xy=(590.423,-375.853) size=(33.225,33.219) sensitivity=0 orientation=0.000 confidence=false] [id=2 state=hold xy=(487.721,-336.005) size=(33.225,33.219) sensitivity=0 orientation=0.000 confidence=false]
TOUCH t=8.929 device=0 frame=84 count=3 [id=0 state=hold xy=(703.649,-310.857) size=(33.225,33.219) sensitivity=0 orientation=0.000 confidence=false] [id=1 state=hold xy=(590.423,-375.853) size=(33.225,33.219) sensitivity=0 orientation=0.000 confidence=false] [id=2 state=hold xy=(487.721,-336.005) size=(33.225,33.219) sensitivity=0 orientation=0.000 confidence=false]
TOUCH t=8.935 device=0 frame=85 count=3 [id=0 state=hold xy=(703.649,-310.857) size=(33.225,33.219) sensitivity=0 orientation=0.000 confidence=false] [id=1 state=hold xy=(590.423,-375.853) size=(33.225,33.219) sensitivity=0 orientation=0.000 confidence=false] [id=2 state=hold xy=(487.721,-336.005) size=(33.225,33.219) sensitivity=0 orientation=0.000 confidence=false]
TOUCH t=8.940 device=0 frame=86 count=3 [id=0 state=hold xy=(703.649,-310.857) size=(33.225,33.219) sensitivity=0 orientation=0.000 confidence=false] [id=1 state=hold xy=(590.423,-375.853) size=(33.225,33.219) sensitivity=0 orientation=0.000 confidence=false] [id=2 state=hold xy=(487.721,-336.005) size=(33.225,33.219) sensitivity=0 orientation=0.000 confidence=false]
TOUCH t=8.949 device=0 frame=87 count=3 [id=0 state=hold xy=(703.649,-310.857) size=(33.225,33.219) sensitivity=0 orientation=0.000 confidence=false] [id=1 state=hold xy=(590.423,-375.853) size=(33.225,33.219) sensitivity=0 orientation=0.000 confidence=false] [id=2 state=hold xy=(487.721,-336.005) size=(33.225,33.219) sensitivity=0 orientation=0.000 confidence=false]
TOUCH t=8.949 device=0 frame=88 count=3 [id=0 state=hold xy=(703.649,-310.857) size=(33.225,33.219) sensitivity=0 orientation=0.000 confidence=false] [id=1 state=hold xy=(590.423,-375.853) size=(33.225,33.219) sensitivity=0 orientation=0.000 confidence=false] [id=2 state=hold xy=(487.721,-336.005) size=(33.225,33.219) sensitivity=0 orientation=0.000 confidence=false]
TOUCH t=8.957 device=0 frame=89 count=3 [id=0 state=hold xy=(703.649,-310.857) size=(33.225,33.219) sensitivity=0 orientation=0.000 confidence=false] [id=1 state=hold xy=(590.423,-375.853) size=(33.225,33.219) sensitivity=0 orientation=0.000 confidence=false] [id=2 state=hold xy=(487.721,-336.005) size=(33.225,33.219) sensitivity=0 orientation=0.000 confidence=false]
TOUCH t=8.962 device=0 frame=90 count=3 [id=0 state=hold xy=(703.649,-310.857) size=(33.225,33.219) sensitivity=0 orientation=0.000 confidence=false] [id=1 state=hold xy=(590.423,-375.853) size=(33.225,33.219) sensitivity=0 orientation=0.000 confidence=false] [id=2 state=hold xy=(487.721,-336.005) size=(33.225,33.219) sensitivity=0 orientation=0.000 confidence=false]
TOUCH t=8.965 device=0 frame=91 count=3 [id=0 state=hold xy=(703.649,-310.857) size=(33.225,33.219) sensitivity=0 orientation=0.000 confidence=false] [id=1 state=hold xy=(590.423,-375.853) size=(33.225,33.219) sensitivity=0 orientation=0.000 confidence=false] [id=2 state=hold xy=(487.721,-336.005) size=(33.225,33.219) sensitivity=0 orientation=0.000 confidence=false]
TOUCH t=8.970 device=0 frame=92 count=3 [id=0 state=hold xy=(703.649,-310.857) size=(33.225,33.219) sensitivity=0 orientation=0.000 confidence=false] [id=1 state=hold xy=(590.423,-375.853) size=(33.225,33.219) sensitivity=0 orientation=0.000 confidence=false] [id=2 state=hold xy=(487.721,-336.005) size=(33.225,33.219) sensitivity=0 orientation=0.000 confidence=false]
TOUCH t=8.978 device=0 frame=93 count=3 [id=0 state=hold xy=(703.649,-310.857) size=(33.225,33.219) sensitivity=0 orientation=0.000 confidence=false] [id=1 state=hold xy=(590.423,-375.853) size=(33.225,33.219) sensitivity=0 orientation=0.000 confidence=false] [id=2 state=hold xy=(487.721,-336.005) size=(33.225,33.219) sensitivity=0 orientation=0.000 confidence=false]
TOUCH t=8.980 device=0 frame=94 count=3 [id=0 state=hold xy=(703.649,-310.857) size=(33.225,33.219) sensitivity=0 orientation=0.000 confidence=false] [id=1 state=hold xy=(590.423,-375.853) size=(33.225,33.219) sensitivity=0 orientation=0.000 confidence=false] [id=2 state=hold xy=(487.721,-336.005) size=(33.225,33.219) sensitivity=0 orientation=0.000 confidence=false]
TOUCH t=8.986 device=0 frame=95 count=3 [id=0 state=hold xy=(703.649,-310.857) size=(33.225,33.219) sensitivity=0 orientation=0.000 confidence=false] [id=1 state=hold xy=(590.423,-375.853) size=(33.225,33.219) sensitivity=0 orientation=0.000 confidence=false] [id=2 state=hold xy=(487.721,-336.005) size=(33.225,33.219) sensitivity=0 orientation=0.000 confidence=false]
TOUCH t=8.996 device=0 frame=96 count=3 [id=0 state=hold xy=(703.649,-310.857) size=(33.225,33.219) sensitivity=0 orientation=0.000 confidence=false] [id=1 state=hold xy=(590.423,-375.853) size=(33.225,33.219) sensitivity=0 orientation=0.000 confidence=false] [id=2 state=hold xy=(487.721,-336.005) size=(33.225,33.219) sensitivity=0 orientation=0.000 confidence=false]
TOUCH t=8.996 device=0 frame=97 count=3 [id=0 state=hold xy=(703.649,-310.857) size=(33.225,33.219) sensitivity=0 orientation=0.000 confidence=false] [id=1 state=hold xy=(590.423,-375.853) size=(33.225,33.219) sensitivity=0 orientation=0.000 confidence=false] [id=2 state=hold xy=(487.721,-336.005) size=(33.225,33.219) sensitivity=0 orientation=0.000 confidence=false]
TOUCH t=9.002 device=0 frame=98 count=3 [id=0 state=hold xy=(703.649,-310.857) size=(33.225,33.219) sensitivity=0 orientation=0.000 confidence=false] [id=1 state=hold xy=(590.423,-375.853) size=(33.225,33.219) sensitivity=0 orientation=0.000 confidence=false] [id=2 state=hold xy=(487.721,-336.005) size=(33.225,33.219) sensitivity=0 orientation=0.000 confidence=false]
TOUCH t=9.008 device=0 frame=99 count=3 [id=0 state=hold xy=(703.649,-310.857) size=(33.225,33.219) sensitivity=0 orientation=0.000 confidence=false] [id=1 state=hold xy=(590.423,-375.853) size=(33.225,33.219) sensitivity=0 orientation=0.000 confidence=false] [id=2 state=hold xy=(487.721,-336.005) size=(33.225,33.219) sensitivity=0 orientation=0.000 confidence=false]
TOUCH t=9.011 device=0 frame=100 count=3 [id=0 state=hold xy=(703.649,-310.857) size=(33.225,33.219) sensitivity=0 orientation=0.000 confidence=false] [id=1 state=hold xy=(590.423,-375.853) size=(33.225,33.219) sensitivity=0 orientation=0.000 confidence=false] [id=2 state=hold xy=(487.721,-336.005) size=(33.225,33.219) sensitivity=0 orientation=0.000 confidence=false]
TOUCH t=9.016 device=0 frame=101 count=3 [id=0 state=hold xy=(703.649,-310.857) size=(33.225,33.219) sensitivity=0 orientation=0.000 confidence=false] [id=1 state=hold xy=(590.423,-375.853) size=(33.225,33.219) sensitivity=0 orientation=0.000 confidence=false] [id=2 state=hold xy=(487.721,-336.005) size=(33.225,33.219) sensitivity=0 orientation=0.000 confidence=false]
TOUCH t=9.022 device=0 frame=102 count=3 [id=0 state=hold xy=(703.649,-310.857) size=(33.225,33.219) sensitivity=0 orientation=0.000 confidence=false] [id=1 state=hold xy=(590.423,-375.853) size=(33.225,33.219) sensitivity=0 orientation=0.000 confidence=false] [id=2 state=hold xy=(487.721,-336.005) size=(33.225,33.219) sensitivity=0 orientation=0.000 confidence=false]
TOUCH t=9.029 device=0 frame=103 count=3 [id=0 state=hold xy=(703.649,-310.857) size=(33.225,33.219) sensitivity=0 orientation=0.000 confidence=false] [id=1 state=hold xy=(590.423,-375.853) size=(33.225,33.219) sensitivity=0 orientation=0.000 confidence=false] [id=2 state=hold xy=(487.721,-336.005) size=(33.225,33.219) sensitivity=0 orientation=0.000 confidence=false]
TOUCH t=9.032 device=0 frame=104 count=3 [id=0 state=hold xy=(703.649,-310.857) size=(33.225,33.219) sensitivity=0 orientation=0.000 confidence=false] [id=1 state=hold xy=(590.423,-375.853) size=(33.225,33.219) sensitivity=0 orientation=0.000 confidence=false] [id=2 state=hold xy=(487.721,-336.005) size=(33.225,33.219) sensitivity=0 orientation=0.000 confidence=false]
TOUCH t=9.037 device=0 frame=105 count=3 [id=0 state=hold xy=(703.649,-310.857) size=(33.225,33.219) sensitivity=0 orientation=0.000 confidence=false] [id=1 state=hold xy=(590.423,-375.853) size=(33.225,33.219) sensitivity=0 orientation=0.000 confidence=false] [id=2 state=hold xy=(487.721,-336.005) size=(33.225,33.219) sensitivity=0 orientation=0.000 confidence=false]
TOUCH t=9.043 device=0 frame=106 count=3 [id=0 state=hold xy=(703.649,-310.857) size=(33.225,33.219) sensitivity=0 orientation=0.000 confidence=false] [id=1 state=hold xy=(590.423,-375.853) size=(33.225,33.219) sensitivity=0 orientation=0.000 confidence=false] [id=2 state=hold xy=(487.721,-336.005) size=(33.225,33.219) sensitivity=0 orientation=0.000 confidence=false]
TOUCH t=9.048 device=0 frame=107 count=3 [id=0 state=hold xy=(703.649,-310.857) size=(33.225,33.219) sensitivity=0 orientation=0.000 confidence=false] [id=1 state=hold xy=(590.423,-375.853) size=(33.225,33.219) sensitivity=0 orientation=0.000 confidence=false] [id=2 state=hold xy=(487.721,-336.005) size=(33.225,33.219) sensitivity=0 orientation=0.000 confidence=false]
TOUCH t=9.053 device=0 frame=108 count=3 [id=0 state=hold xy=(703.649,-310.857) size=(33.225,33.219) sensitivity=0 orientation=0.000 confidence=false] [id=1 state=hold xy=(590.423,-375.853) size=(33.225,33.219) sensitivity=0 orientation=0.000 confidence=false] [id=2 state=hold xy=(487.721,-336.005) size=(33.225,33.219) sensitivity=0 orientation=0.000 confidence=false]
TOUCH t=9.058 device=0 frame=109 count=3 [id=0 state=hold xy=(703.649,-310.857) size=(33.225,33.219) sensitivity=0 orientation=0.000 confidence=false] [id=1 state=hold xy=(590.423,-375.853) size=(33.225,33.219) sensitivity=0 orientation=0.000 confidence=false] [id=2 state=hold xy=(487.721,-336.005) size=(33.225,33.219) sensitivity=0 orientation=0.000 confidence=false]
TOUCH t=9.063 device=0 frame=110 count=3 [id=0 state=hold xy=(703.649,-310.857) size=(33.225,33.219) sensitivity=0 orientation=0.000 confidence=false] [id=1 state=hold xy=(590.423,-375.853) size=(33.225,33.219) sensitivity=0 orientation=0.000 confidence=false] [id=2 state=hold xy=(487.721,-336.005) size=(33.225,33.219) sensitivity=0 orientation=0.000 confidence=false]
TOUCH t=9.068 device=0 frame=111 count=3 [id=0 state=hold xy=(703.649,-310.857) size=(33.225,33.219) sensitivity=0 orientation=0.000 confidence=false] [id=1 state=hold xy=(590.423,-375.853) size=(33.225,33.219) sensitivity=0 orientation=0.000 confidence=false] [id=2 state=hold xy=(487.721,-336.005) size=(33.225,33.219) sensitivity=0 orientation=0.000 confidence=false]
TOUCH t=9.073 device=0 frame=112 count=3 [id=0 state=hold xy=(703.649,-310.857) size=(33.225,33.219) sensitivity=0 orientation=0.000 confidence=false] [id=1 state=hold xy=(590.423,-375.853) size=(33.225,33.219) sensitivity=0 orientation=0.000 confidence=false] [id=2 state=hold xy=(487.721,-336.005) size=(33.225,33.219) sensitivity=0 orientation=0.000 confidence=false]
TOUCH t=9.078 device=0 frame=113 count=3 [id=0 state=hold xy=(703.649,-310.857) size=(33.225,33.219) sensitivity=0 orientation=0.000 confidence=false] [id=1 state=hold xy=(590.423,-375.853) size=(33.225,33.219) sensitivity=0 orientation=0.000 confidence=false] [id=2 state=hold xy=(487.721,-336.005) size=(33.225,33.219) sensitivity=0 orientation=0.000 confidence=false]
TOUCH t=9.085 device=0 frame=114 count=3 [id=0 state=hold xy=(703.649,-310.857) size=(33.225,33.219) sensitivity=0 orientation=0.000 confidence=false] [id=1 state=hold xy=(590.423,-375.853) size=(33.225,33.219) sensitivity=0 orientation=0.000 confidence=false] [id=2 state=hold xy=(487.721,-336.005) size=(33.225,33.219) sensitivity=0 orientation=0.000 confidence=false]
TOUCH t=9.090 device=0 frame=115 count=3 [id=0 state=hold xy=(703.649,-310.857) size=(33.225,33.219) sensitivity=0 orientation=0.000 confidence=false] [id=1 state=hold xy=(590.423,-375.853) size=(33.225,33.219) sensitivity=0 orientation=0.000 confidence=false] [id=2 state=hold xy=(487.721,-336.005) size=(33.225,33.219) sensitivity=0 orientation=0.000 confidence=false]
TOUCH t=9.099 device=0 frame=116 count=3 [id=0 state=hold xy=(703.649,-310.857) size=(33.225,33.219) sensitivity=0 orientation=0.000 confidence=false] [id=1 state=hold xy=(590.423,-375.853) size=(33.225,33.219) sensitivity=0 orientation=0.000 confidence=false] [id=2 state=hold xy=(487.721,-336.005) size=(33.225,33.219) sensitivity=0 orientation=0.000 confidence=false]
TOUCH t=9.099 device=0 frame=117 count=3 [id=0 state=hold xy=(703.649,-310.857) size=(33.225,33.219) sensitivity=0 orientation=0.000 confidence=false] [id=1 state=hold xy=(590.423,-375.853) size=(33.225,33.219) sensitivity=0 orientation=0.000 confidence=false] [id=2 state=hold xy=(487.721,-336.005) size=(33.225,33.219) sensitivity=0 orientation=0.000 confidence=false]
TOUCH t=9.106 device=0 frame=118 count=3 [id=0 state=hold xy=(703.649,-310.857) size=(33.225,33.219) sensitivity=0 orientation=0.000 confidence=false] [id=1 state=hold xy=(590.423,-375.853) size=(33.225,33.219) sensitivity=0 orientation=0.000 confidence=false] [id=2 state=hold xy=(487.721,-336.005) size=(33.225,33.219) sensitivity=0 orientation=0.000 confidence=false]
TOUCH t=9.109 device=0 frame=119 count=3 [id=0 state=hold xy=(703.649,-310.857) size=(33.225,33.219) sensitivity=0 orientation=0.000 confidence=false] [id=1 state=hold xy=(590.423,-375.853) size=(33.225,33.219) sensitivity=0 orientation=0.000 confidence=false] [id=2 state=hold xy=(487.721,-336.005) size=(33.225,33.219) sensitivity=0 orientation=0.000 confidence=false]
TOUCH t=9.115 device=0 frame=120 count=3 [id=0 state=hold xy=(703.649,-310.857) size=(33.225,33.219) sensitivity=0 orientation=0.000 confidence=false] [id=1 state=hold xy=(590.423,-375.853) size=(33.225,33.219) sensitivity=0 orientation=0.000 confidence=false] [id=2 state=hold xy=(487.721,-336.005) size=(33.225,33.219) sensitivity=0 orientation=0.000 confidence=false]
TOUCH t=9.120 device=0 frame=121 count=3 [id=0 state=hold xy=(703.649,-310.857) size=(33.225,33.219) sensitivity=0 orientation=0.000 confidence=false] [id=1 state=hold xy=(590.423,-375.853) size=(33.225,33.219) sensitivity=0 orientation=0.000 confidence=false] [id=2 state=hold xy=(487.721,-336.005) size=(33.225,33.219) sensitivity=0 orientation=0.000 confidence=false]
TOUCH t=9.126 device=0 frame=122 count=3 [id=0 state=hold xy=(703.649,-310.857) size=(33.225,33.219) sensitivity=0 orientation=0.000 confidence=false] [id=1 state=hold xy=(590.423,-375.853) size=(33.225,33.219) sensitivity=0 orientation=0.000 confidence=false] [id=2 state=hold xy=(487.721,-336.005) size=(33.225,33.219) sensitivity=0 orientation=0.000 confidence=false]
TOUCH t=9.130 device=0 frame=123 count=3 [id=0 state=hold xy=(703.649,-310.857) size=(33.225,33.219) sensitivity=0 orientation=0.000 confidence=false] [id=1 state=hold xy=(590.423,-375.853) size=(33.225,33.219) sensitivity=0 orientation=0.000 confidence=false] [id=2 state=hold xy=(487.721,-336.005) size=(33.225,33.219) sensitivity=0 orientation=0.000 confidence=false]
TOUCH t=9.135 device=0 frame=124 count=3 [id=0 state=hold xy=(703.649,-310.857) size=(33.225,33.219) sensitivity=0 orientation=0.000 confidence=false] [id=1 state=hold xy=(590.423,-375.853) size=(33.225,33.219) sensitivity=0 orientation=0.000 confidence=false] [id=2 state=hold xy=(487.721,-336.005) size=(33.225,33.219) sensitivity=0 orientation=0.000 confidence=false]
TOUCH t=9.140 device=0 frame=125 count=3 [id=0 state=hold xy=(703.649,-310.857) size=(33.225,33.219) sensitivity=0 orientation=0.000 confidence=false] [id=1 state=hold xy=(590.423,-375.853) size=(33.225,33.219) sensitivity=0 orientation=0.000 confidence=false] [id=2 state=hold xy=(487.721,-336.005) size=(33.225,33.219) sensitivity=0 orientation=0.000 confidence=false]
TOUCH t=9.145 device=0 frame=126 count=3 [id=0 state=hold xy=(703.649,-310.857) size=(33.225,33.219) sensitivity=0 orientation=0.000 confidence=false] [id=1 state=hold xy=(590.423,-375.853) size=(33.225,33.219) sensitivity=0 orientation=0.000 confidence=false] [id=2 state=hold xy=(487.721,-336.005) size=(33.225,33.219) sensitivity=0 orientation=0.000 confidence=false]
TOUCH t=9.151 device=0 frame=127 count=3 [id=0 state=hold xy=(703.649,-310.857) size=(33.225,33.219) sensitivity=0 orientation=0.000 confidence=false] [id=1 state=hold xy=(590.423,-375.853) size=(33.225,33.219) sensitivity=0 orientation=0.000 confidence=false] [id=2 state=hold xy=(487.721,-336.005) size=(33.225,33.219) sensitivity=0 orientation=0.000 confidence=false]
TOUCH t=9.156 device=0 frame=128 count=3 [id=0 state=hold xy=(703.649,-310.857) size=(33.225,33.219) sensitivity=0 orientation=0.000 confidence=false] [id=1 state=hold xy=(590.423,-375.853) size=(33.225,33.219) sensitivity=0 orientation=0.000 confidence=false] [id=2 state=hold xy=(487.721,-336.005) size=(33.225,33.219) sensitivity=0 orientation=0.000 confidence=false]
TOUCH t=9.161 device=0 frame=129 count=3 [id=0 state=hold xy=(703.649,-310.857) size=(33.225,33.219) sensitivity=0 orientation=0.000 confidence=false] [id=1 state=hold xy=(590.423,-375.853) size=(33.225,33.219) sensitivity=0 orientation=0.000 confidence=false] [id=2 state=hold xy=(487.721,-336.005) size=(33.225,33.219) sensitivity=0 orientation=0.000 confidence=false]
TOUCH t=9.166 device=0 frame=130 count=3 [id=0 state=hold xy=(703.649,-310.857) size=(33.225,33.219) sensitivity=0 orientation=0.000 confidence=false] [id=1 state=hold xy=(590.423,-375.853) size=(33.225,33.219) sensitivity=0 orientation=0.000 confidence=false] [id=2 state=hold xy=(487.721,-336.005) size=(33.225,33.219) sensitivity=0 orientation=0.000 confidence=false]
TOUCH t=9.171 device=0 frame=131 count=3 [id=0 state=hold xy=(703.649,-310.857) size=(33.225,33.219) sensitivity=0 orientation=0.000 confidence=false] [id=1 state=hold xy=(590.423,-375.853) size=(33.225,33.219) sensitivity=0 orientation=0.000 confidence=false] [id=2 state=hold xy=(487.721,-336.005) size=(33.225,33.219) sensitivity=0 orientation=0.000 confidence=false]
TOUCH t=9.176 device=0 frame=132 count=3 [id=0 state=hold xy=(703.649,-310.857) size=(33.225,33.219) sensitivity=0 orientation=0.000 confidence=false] [id=1 state=hold xy=(590.423,-375.853) size=(33.225,33.219) sensitivity=0 orientation=0.000 confidence=false] [id=2 state=hold xy=(487.721,-336.005) size=(33.225,33.219) sensitivity=0 orientation=0.000 confidence=false]
TOUCH t=9.182 device=0 frame=133 count=3 [id=0 state=hold xy=(703.649,-310.857) size=(33.225,33.219) sensitivity=0 orientation=0.000 confidence=false] [id=1 state=hold xy=(590.423,-375.853) size=(33.225,33.219) sensitivity=0 orientation=0.000 confidence=false] [id=2 state=hold xy=(487.721,-336.005) size=(33.225,33.219) sensitivity=0 orientation=0.000 confidence=false]
TOUCH t=9.187 device=0 frame=134 count=3 [id=0 state=hold xy=(703.649,-310.857) size=(33.225,33.219) sensitivity=0 orientation=0.000 confidence=false] [id=1 state=hold xy=(590.423,-375.853) size=(33.225,33.219) sensitivity=0 orientation=0.000 confidence=false] [id=2 state=hold xy=(487.721,-336.005) size=(33.225,33.219) sensitivity=0 orientation=0.000 confidence=false]
TOUCH t=9.192 device=0 frame=135 count=3 [id=0 state=hold xy=(703.649,-310.857) size=(33.225,33.219) sensitivity=0 orientation=0.000 confidence=false] [id=1 state=hold xy=(590.423,-375.853) size=(33.225,33.219) sensitivity=0 orientation=0.000 confidence=false] [id=2 state=hold xy=(487.721,-336.005) size=(33.225,33.219) sensitivity=0 orientation=0.000 confidence=false]
TOUCH t=9.197 device=0 frame=136 count=3 [id=0 state=hold xy=(703.649,-310.857) size=(33.225,33.219) sensitivity=0 orientation=0.000 confidence=false] [id=1 state=hold xy=(590.423,-375.853) size=(33.225,33.219) sensitivity=0 orientation=0.000 confidence=false] [id=2 state=hold xy=(487.721,-336.005) size=(33.225,33.219) sensitivity=0 orientation=0.000 confidence=false]
TOUCH t=9.202 device=0 frame=137 count=3 [id=0 state=hold xy=(703.649,-310.857) size=(33.225,33.219) sensitivity=0 orientation=0.000 confidence=false] [id=1 state=hold xy=(590.423,-375.853) size=(33.225,33.219) sensitivity=0 orientation=0.000 confidence=false] [id=2 state=hold xy=(487.721,-336.005) size=(33.225,33.219) sensitivity=0 orientation=0.000 confidence=false]
TOUCH t=9.207 device=0 frame=138 count=3 [id=0 state=hold xy=(703.649,-310.857) size=(33.225,33.219) sensitivity=0 orientation=0.000 confidence=false] [id=1 state=hold xy=(590.423,-375.853) size=(33.225,33.219) sensitivity=0 orientation=0.000 confidence=false] [id=2 state=hold xy=(487.721,-336.005) size=(33.225,33.219) sensitivity=0 orientation=0.000 confidence=false]
TOUCH t=9.213 device=0 frame=139 count=3 [id=0 state=hold xy=(703.649,-310.857) size=(33.225,33.219) sensitivity=0 orientation=0.000 confidence=false] [id=1 state=hold xy=(590.423,-375.853) size=(33.225,33.219) sensitivity=0 orientation=0.000 confidence=false] [id=2 state=hold xy=(487.721,-336.005) size=(33.225,33.219) sensitivity=0 orientation=0.000 confidence=false]
TOUCH t=9.218 device=0 frame=140 count=3 [id=0 state=hold xy=(703.649,-310.857) size=(33.225,33.219) sensitivity=0 orientation=0.000 confidence=false] [id=1 state=hold xy=(590.423,-375.853) size=(33.225,33.219) sensitivity=0 orientation=0.000 confidence=false] [id=2 state=hold xy=(487.721,-336.005) size=(33.225,33.219) sensitivity=0 orientation=0.000 confidence=false]
TOUCH t=9.226 device=0 frame=141 count=3 [id=0 state=hold xy=(703.649,-310.857) size=(33.225,33.219) sensitivity=0 orientation=0.000 confidence=false] [id=1 state=hold xy=(590.423,-375.853) size=(33.225,33.219) sensitivity=0 orientation=0.000 confidence=false] [id=2 state=hold xy=(487.721,-336.005) size=(33.225,33.219) sensitivity=0 orientation=0.000 confidence=false]
TOUCH t=9.228 device=0 frame=142 count=3 [id=0 state=hold xy=(703.649,-310.857) size=(33.225,33.219) sensitivity=0 orientation=0.000 confidence=false] [id=1 state=hold xy=(590.423,-375.853) size=(33.225,33.219) sensitivity=0 orientation=0.000 confidence=false] [id=2 state=hold xy=(487.721,-336.005) size=(33.225,33.219) sensitivity=0 orientation=0.000 confidence=false]
TOUCH t=9.233 device=0 frame=143 count=3 [id=0 state=hold xy=(703.649,-310.857) size=(33.225,33.219) sensitivity=0 orientation=0.000 confidence=false] [id=1 state=hold xy=(590.423,-375.853) size=(33.225,33.219) sensitivity=0 orientation=0.000 confidence=false] [id=2 state=hold xy=(487.721,-336.005) size=(33.225,33.219) sensitivity=0 orientation=0.000 confidence=false]
TOUCH t=9.238 device=0 frame=144 count=3 [id=0 state=hold xy=(703.649,-310.857) size=(33.225,33.219) sensitivity=0 orientation=0.000 confidence=false] [id=1 state=hold xy=(590.423,-375.853) size=(33.225,33.219) sensitivity=0 orientation=0.000 confidence=false] [id=2 state=hold xy=(487.721,-336.005) size=(33.225,33.219) sensitivity=0 orientation=0.000 confidence=false]
TOUCH t=9.244 device=0 frame=145 count=3 [id=0 state=hold xy=(703.649,-310.857) size=(33.225,33.219) sensitivity=0 orientation=0.000 confidence=false] [id=1 state=hold xy=(590.423,-375.853) size=(33.225,33.219) sensitivity=0 orientation=0.000 confidence=false] [id=2 state=hold xy=(487.721,-336.005) size=(33.225,33.219) sensitivity=0 orientation=0.000 confidence=false]
TOUCH t=9.249 device=0 frame=146 count=3 [id=0 state=hold xy=(703.649,-310.857) size=(33.225,33.219) sensitivity=0 orientation=0.000 confidence=false] [id=1 state=hold xy=(590.423,-375.853) size=(33.225,33.219) sensitivity=0 orientation=0.000 confidence=false] [id=2 state=hold xy=(487.721,-336.005) size=(33.225,33.219) sensitivity=0 orientation=0.000 confidence=false]
TOUCH t=9.254 device=0 frame=147 count=3 [id=0 state=hold xy=(703.649,-310.857) size=(33.225,33.219) sensitivity=0 orientation=0.000 confidence=false] [id=1 state=hold xy=(590.423,-375.853) size=(33.225,33.219) sensitivity=0 orientation=0.000 confidence=false] [id=2 state=hold xy=(487.721,-336.005) size=(33.225,33.219) sensitivity=0 orientation=0.000 confidence=false]
TOUCH t=9.259 device=0 frame=148 count=3 [id=0 state=hold xy=(703.649,-310.857) size=(33.225,33.219) sensitivity=0 orientation=0.000 confidence=false] [id=1 state=hold xy=(590.423,-375.853) size=(33.225,33.219) sensitivity=0 orientation=0.000 confidence=false] [id=2 state=hold xy=(487.721,-336.005) size=(33.225,33.219) sensitivity=0 orientation=0.000 confidence=false]
TOUCH t=9.264 device=0 frame=149 count=3 [id=0 state=hold xy=(703.649,-310.857) size=(33.225,33.219) sensitivity=0 orientation=0.000 confidence=false] [id=1 state=hold xy=(590.423,-375.853) size=(33.225,33.219) sensitivity=0 orientation=0.000 confidence=false] [id=2 state=hold xy=(487.721,-336.005) size=(33.225,33.219) sensitivity=0 orientation=0.000 confidence=false]
TOUCH t=9.269 device=0 frame=150 count=3 [id=0 state=hold xy=(703.649,-310.857) size=(33.225,33.219) sensitivity=0 orientation=0.000 confidence=false] [id=1 state=hold xy=(590.423,-375.853) size=(33.225,33.219) sensitivity=0 orientation=0.000 confidence=false] [id=2 state=hold xy=(487.721,-336.005) size=(33.225,33.219) sensitivity=0 orientation=0.000 confidence=false]
TOUCH t=9.276 device=0 frame=151 count=3 [id=0 state=hold xy=(703.649,-310.857) size=(33.225,33.219) sensitivity=0 orientation=0.000 confidence=false] [id=1 state=hold xy=(590.423,-375.853) size=(33.225,33.219) sensitivity=0 orientation=0.000 confidence=false] [id=2 state=hold xy=(487.721,-336.005) size=(33.225,33.219) sensitivity=0 orientation=0.000 confidence=false]
TOUCH t=9.280 device=0 frame=152 count=3 [id=0 state=hold xy=(703.649,-310.857) size=(33.225,33.219) sensitivity=0 orientation=0.000 confidence=false] [id=1 state=hold xy=(590.423,-375.853) size=(33.225,33.219) sensitivity=0 orientation=0.000 confidence=false] [id=2 state=hold xy=(487.721,-336.005) size=(33.225,33.219) sensitivity=0 orientation=0.000 confidence=false]
TOUCH t=9.285 device=0 frame=153 count=3 [id=0 state=hold xy=(703.649,-310.857) size=(33.225,33.219) sensitivity=0 orientation=0.000 confidence=false] [id=1 state=hold xy=(590.423,-375.853) size=(33.225,33.219) sensitivity=0 orientation=0.000 confidence=false] [id=2 state=hold xy=(487.721,-336.005) size=(33.225,33.219) sensitivity=0 orientation=0.000 confidence=false]
TOUCH t=9.293 device=0 frame=154 count=3 [id=0 state=hold xy=(703.649,-310.857) size=(33.225,33.219) sensitivity=0 orientation=0.000 confidence=false] [id=1 state=hold xy=(590.423,-375.853) size=(33.225,33.219) sensitivity=0 orientation=0.000 confidence=false] [id=2 state=hold xy=(487.721,-336.005) size=(33.225,33.219) sensitivity=0 orientation=0.000 confidence=false]
TOUCH t=9.295 device=0 frame=155 count=3 [id=0 state=hold xy=(703.649,-310.857) size=(33.225,33.219) sensitivity=0 orientation=0.000 confidence=false] [id=1 state=hold xy=(590.423,-375.853) size=(33.225,33.219) sensitivity=0 orientation=0.000 confidence=false] [id=2 state=hold xy=(487.721,-336.005) size=(33.225,33.219) sensitivity=0 orientation=0.000 confidence=false]
TOUCH t=9.300 device=0 frame=156 count=3 [id=0 state=hold xy=(703.649,-310.857) size=(33.225,33.219) sensitivity=0 orientation=0.000 confidence=false] [id=1 state=hold xy=(590.423,-375.853) size=(33.225,33.219) sensitivity=0 orientation=0.000 confidence=false] [id=2 state=hold xy=(487.721,-336.005) size=(33.225,33.219) sensitivity=0 orientation=0.000 confidence=false]
TOUCH t=9.305 device=0 frame=157 count=3 [id=0 state=hold xy=(703.649,-310.857) size=(33.225,33.219) sensitivity=0 orientation=0.000 confidence=false] [id=1 state=hold xy=(590.423,-375.853) size=(33.225,33.219) sensitivity=0 orientation=0.000 confidence=false] [id=2 state=hold xy=(487.721,-336.005) size=(33.225,33.219) sensitivity=0 orientation=0.000 confidence=false]
TOUCH t=9.311 device=0 frame=158 count=3 [id=0 state=hold xy=(703.649,-310.857) size=(33.225,33.219) sensitivity=0 orientation=0.000 confidence=false] [id=1 state=hold xy=(590.423,-375.853) size=(33.225,33.219) sensitivity=0 orientation=0.000 confidence=false] [id=2 state=hold xy=(487.721,-336.005) size=(33.225,33.219) sensitivity=0 orientation=0.000 confidence=false]
TOUCH t=9.316 device=0 frame=159 count=3 [id=0 state=hold xy=(703.649,-310.857) size=(33.225,33.219) sensitivity=0 orientation=0.000 confidence=false] [id=1 state=hold xy=(590.423,-375.853) size=(33.225,33.219) sensitivity=0 orientation=0.000 confidence=false] [id=2 state=hold xy=(487.721,-336.005) size=(33.225,33.219) sensitivity=0 orientation=0.000 confidence=false]
TOUCH t=9.321 device=0 frame=160 count=3 [id=0 state=hold xy=(703.649,-310.857) size=(33.225,33.219) sensitivity=0 orientation=0.000 confidence=false] [id=1 state=hold xy=(590.423,-375.853) size=(33.225,33.219) sensitivity=0 orientation=0.000 confidence=false] [id=2 state=hold xy=(487.721,-336.005) size=(33.225,33.219) sensitivity=0 orientation=0.000 confidence=false]
TOUCH t=9.334 device=0 frame=161 count=3 [id=0 state=hold xy=(703.649,-310.857) size=(33.225,33.219) sensitivity=0 orientation=0.000 confidence=false] [id=1 state=hold xy=(590.423,-375.853) size=(33.225,33.219) sensitivity=0 orientation=0.000 confidence=false] [id=2 state=hold xy=(487.721,-336.005) size=(33.225,33.219) sensitivity=0 orientation=0.000 confidence=false]
TOUCH t=9.334 device=0 frame=162 count=3 [id=0 state=hold xy=(703.649,-310.857) size=(33.225,33.219) sensitivity=0 orientation=0.000 confidence=false] [id=1 state=hold xy=(590.423,-375.853) size=(33.225,33.219) sensitivity=0 orientation=0.000 confidence=false] [id=2 state=hold xy=(487.721,-336.005) size=(33.225,33.219) sensitivity=0 orientation=0.000 confidence=false]
TOUCH t=9.345 device=0 frame=163 count=3 [id=0 state=hold xy=(703.649,-310.857) size=(33.225,33.219) sensitivity=0 orientation=0.000 confidence=false] [id=1 state=hold xy=(590.423,-375.853) size=(33.225,33.219) sensitivity=0 orientation=0.000 confidence=false] [id=2 state=hold xy=(487.721,-336.005) size=(33.225,33.219) sensitivity=0 orientation=0.000 confidence=false]
TOUCH t=9.345 device=0 frame=164 count=3 [id=0 state=hold xy=(703.649,-310.857) size=(33.225,33.219) sensitivity=0 orientation=0.000 confidence=false] [id=1 state=hold xy=(590.423,-375.853) size=(33.225,33.219) sensitivity=0 orientation=0.000 confidence=false] [id=2 state=hold xy=(487.721,-336.005) size=(33.225,33.219) sensitivity=0 orientation=0.000 confidence=false]
TOUCH t=9.347 device=0 frame=165 count=3 [id=0 state=hold xy=(703.649,-310.857) size=(33.225,33.219) sensitivity=0 orientation=0.000 confidence=false] [id=1 state=hold xy=(590.423,-375.853) size=(33.225,33.219) sensitivity=0 orientation=0.000 confidence=false] [id=2 state=hold xy=(487.721,-336.005) size=(33.225,33.219) sensitivity=0 orientation=0.000 confidence=false]
TOUCH t=9.351 device=0 frame=166 count=3 [id=0 state=hold xy=(703.649,-310.857) size=(33.225,33.219) sensitivity=0 orientation=0.000 confidence=false] [id=1 state=hold xy=(590.423,-375.853) size=(33.225,33.219) sensitivity=0 orientation=0.000 confidence=false] [id=2 state=hold xy=(487.721,-336.005) size=(33.225,33.219) sensitivity=0 orientation=0.000 confidence=false]
TOUCH t=9.356 device=0 frame=167 count=3 [id=0 state=hold xy=(703.649,-310.857) size=(33.225,33.219) sensitivity=0 orientation=0.000 confidence=false] [id=1 state=hold xy=(590.423,-375.853) size=(33.225,33.219) sensitivity=0 orientation=0.000 confidence=false] [id=2 state=hold xy=(487.721,-336.005) size=(33.225,33.219) sensitivity=0 orientation=0.000 confidence=false]
TOUCH t=9.362 device=0 frame=168 count=3 [id=0 state=hold xy=(703.649,-310.857) size=(33.225,33.219) sensitivity=0 orientation=0.000 confidence=false] [id=1 state=hold xy=(590.423,-375.853) size=(33.225,33.219) sensitivity=0 orientation=0.000 confidence=false] [id=2 state=hold xy=(487.721,-336.005) size=(33.225,33.219) sensitivity=0 orientation=0.000 confidence=false]
TOUCH t=9.367 device=0 frame=169 count=3 [id=0 state=hold xy=(703.649,-310.857) size=(33.225,33.219) sensitivity=0 orientation=0.000 confidence=false] [id=1 state=hold xy=(590.423,-375.853) size=(33.225,33.219) sensitivity=0 orientation=0.000 confidence=false] [id=2 state=hold xy=(487.721,-336.005) size=(33.225,33.219) sensitivity=0 orientation=0.000 confidence=false]
TOUCH t=9.374 device=0 frame=170 count=3 [id=0 state=hold xy=(703.649,-310.857) size=(33.225,33.219) sensitivity=0 orientation=0.000 confidence=false] [id=1 state=hold xy=(590.423,-375.853) size=(33.225,33.219) sensitivity=0 orientation=0.000 confidence=false] [id=2 state=hold xy=(487.721,-336.005) size=(33.225,33.219) sensitivity=0 orientation=0.000 confidence=false]
TOUCH t=9.378 device=0 frame=171 count=3 [id=0 state=hold xy=(703.649,-310.857) size=(33.225,33.219) sensitivity=0 orientation=0.000 confidence=false] [id=1 state=hold xy=(590.423,-375.853) size=(33.225,33.219) sensitivity=0 orientation=0.000 confidence=false] [id=2 state=hold xy=(487.721,-336.005) size=(33.225,33.219) sensitivity=0 orientation=0.000 confidence=false]
TOUCH t=9.383 device=0 frame=172 count=3 [id=0 state=hold xy=(703.649,-310.857) size=(33.225,33.219) sensitivity=0 orientation=0.000 confidence=false] [id=1 state=hold xy=(590.423,-375.853) size=(33.225,33.219) sensitivity=0 orientation=0.000 confidence=false] [id=2 state=hold xy=(487.721,-336.005) size=(33.225,33.219) sensitivity=0 orientation=0.000 confidence=false]
TOUCH t=9.388 device=0 frame=173 count=3 [id=0 state=hold xy=(703.649,-310.857) size=(33.225,33.219) sensitivity=0 orientation=0.000 confidence=false] [id=1 state=hold xy=(590.423,-375.853) size=(33.225,33.219) sensitivity=0 orientation=0.000 confidence=false] [id=2 state=hold xy=(487.721,-336.005) size=(33.225,33.219) sensitivity=0 orientation=0.000 confidence=false]
TOUCH t=9.393 device=0 frame=174 count=3 [id=0 state=hold xy=(703.649,-310.857) size=(33.225,33.219) sensitivity=0 orientation=0.000 confidence=false] [id=1 state=hold xy=(590.423,-375.853) size=(33.225,33.219) sensitivity=0 orientation=0.000 confidence=false] [id=2 state=hold xy=(487.721,-336.005) size=(33.225,33.219) sensitivity=0 orientation=0.000 confidence=false]
TOUCH t=9.398 device=0 frame=175 count=3 [id=0 state=hold xy=(703.649,-310.857) size=(33.225,33.219) sensitivity=0 orientation=0.000 confidence=false] [id=1 state=hold xy=(590.423,-375.853) size=(33.225,33.219) sensitivity=0 orientation=0.000 confidence=false] [id=2 state=hold xy=(487.721,-336.005) size=(33.225,33.219) sensitivity=0 orientation=0.000 confidence=false]
TOUCH t=9.404 device=0 frame=176 count=3 [id=0 state=hold xy=(703.649,-310.857) size=(33.225,33.219) sensitivity=0 orientation=0.000 confidence=false] [id=1 state=hold xy=(590.423,-375.853) size=(33.225,33.219) sensitivity=0 orientation=0.000 confidence=false] [id=2 state=hold xy=(487.721,-336.005) size=(33.225,33.219) sensitivity=0 orientation=0.000 confidence=false]
TOUCH t=9.409 device=0 frame=177 count=3 [id=0 state=hold xy=(703.649,-310.857) size=(33.225,33.219) sensitivity=0 orientation=0.000 confidence=false] [id=1 state=hold xy=(590.423,-375.853) size=(33.225,33.219) sensitivity=0 orientation=0.000 confidence=false] [id=2 state=hold xy=(487.721,-336.005) size=(33.225,33.219) sensitivity=0 orientation=0.000 confidence=false]
TOUCH t=9.414 device=0 frame=178 count=3 [id=0 state=hold xy=(703.649,-310.857) size=(33.225,33.219) sensitivity=0 orientation=0.000 confidence=false] [id=1 state=hold xy=(590.423,-375.853) size=(33.225,33.219) sensitivity=0 orientation=0.000 confidence=false] [id=2 state=hold xy=(487.721,-336.005) size=(33.225,33.219) sensitivity=0 orientation=0.000 confidence=false]
TOUCH t=9.419 device=0 frame=179 count=3 [id=0 state=hold xy=(703.649,-310.857) size=(33.225,33.219) sensitivity=0 orientation=0.000 confidence=false] [id=1 state=hold xy=(590.423,-375.853) size=(33.225,33.219) sensitivity=0 orientation=0.000 confidence=false] [id=2 state=hold xy=(487.721,-336.005) size=(33.225,33.219) sensitivity=0 orientation=0.000 confidence=false]
TOUCH t=9.424 device=0 frame=180 count=3 [id=0 state=hold xy=(703.649,-310.857) size=(33.225,33.219) sensitivity=0 orientation=0.000 confidence=false] [id=1 state=hold xy=(590.423,-375.853) size=(33.225,33.219) sensitivity=0 orientation=0.000 confidence=false] [id=2 state=hold xy=(487.721,-336.005) size=(33.225,33.219) sensitivity=0 orientation=0.000 confidence=false]
TOUCH t=9.429 device=0 frame=181 count=3 [id=0 state=hold xy=(703.649,-310.857) size=(33.225,33.219) sensitivity=0 orientation=0.000 confidence=false] [id=1 state=hold xy=(590.423,-375.853) size=(33.225,33.219) sensitivity=0 orientation=0.000 confidence=false] [id=2 state=hold xy=(487.721,-336.005) size=(33.225,33.219) sensitivity=0 orientation=0.000 confidence=false]
TOUCH t=9.435 device=0 frame=182 count=3 [id=0 state=hold xy=(703.649,-310.857) size=(33.225,33.219) sensitivity=0 orientation=0.000 confidence=false] [id=1 state=hold xy=(590.423,-375.853) size=(33.225,33.219) sensitivity=0 orientation=0.000 confidence=false] [id=2 state=hold xy=(487.721,-336.005) size=(33.225,33.219) sensitivity=0 orientation=0.000 confidence=false]
TOUCH t=9.440 device=0 frame=183 count=3 [id=0 state=hold xy=(703.649,-310.857) size=(33.225,33.219) sensitivity=0 orientation=0.000 confidence=false] [id=1 state=hold xy=(590.423,-375.853) size=(33.225,33.219) sensitivity=0 orientation=0.000 confidence=false] [id=2 state=hold xy=(487.721,-336.005) size=(33.225,33.219) sensitivity=0 orientation=0.000 confidence=false]
TOUCH t=9.445 device=0 frame=184 count=3 [id=0 state=hold xy=(703.649,-310.857) size=(33.225,33.219) sensitivity=0 orientation=0.000 confidence=false] [id=1 state=hold xy=(590.423,-375.853) size=(33.225,33.219) sensitivity=0 orientation=0.000 confidence=false] [id=2 state=hold xy=(487.721,-336.005) size=(33.225,33.219) sensitivity=0 orientation=0.000 confidence=false]
TOUCH t=9.449 device=0 frame=185 count=3 [id=0 state=hold xy=(703.649,-310.857) size=(33.225,33.219) sensitivity=0 orientation=0.000 confidence=false] [id=1 state=hold xy=(590.423,-375.853) size=(33.225,33.219) sensitivity=0 orientation=0.000 confidence=false] [id=2 state=hold xy=(487.721,-336.005) size=(33.225,33.219) sensitivity=0 orientation=0.000 confidence=false]
TOUCH t=9.454 device=0 frame=186 count=3 [id=0 state=hold xy=(703.649,-310.857) size=(33.225,33.219) sensitivity=0 orientation=0.000 confidence=false] [id=1 state=hold xy=(590.423,-375.853) size=(33.225,33.219) sensitivity=0 orientation=0.000 confidence=false] [id=2 state=hold xy=(487.721,-336.005) size=(33.225,33.219) sensitivity=0 orientation=0.000 confidence=false]
TOUCH t=9.459 device=0 frame=187 count=3 [id=0 state=hold xy=(703.649,-310.857) size=(33.225,33.219) sensitivity=0 orientation=0.000 confidence=false] [id=1 state=hold xy=(590.423,-375.853) size=(33.225,33.219) sensitivity=0 orientation=0.000 confidence=false] [id=2 state=hold xy=(487.721,-336.005) size=(33.225,33.219) sensitivity=0 orientation=0.000 confidence=false]
TOUCH t=9.465 device=0 frame=188 count=3 [id=0 state=hold xy=(703.649,-310.857) size=(33.225,33.219) sensitivity=0 orientation=0.000 confidence=false] [id=1 state=hold xy=(590.423,-375.853) size=(33.225,33.219) sensitivity=0 orientation=0.000 confidence=false] [id=2 state=hold xy=(487.721,-336.005) size=(33.225,33.219) sensitivity=0 orientation=0.000 confidence=false]
TOUCH t=9.470 device=0 frame=189 count=3 [id=0 state=hold xy=(703.649,-310.857) size=(33.225,33.219) sensitivity=0 orientation=0.000 confidence=false] [id=1 state=hold xy=(590.423,-375.853) size=(33.225,33.219) sensitivity=0 orientation=0.000 confidence=false] [id=2 state=hold xy=(487.721,-336.005) size=(33.225,33.219) sensitivity=0 orientation=0.000 confidence=false]
TOUCH t=9.475 device=0 frame=190 count=3 [id=0 state=hold xy=(703.649,-310.857) size=(33.225,33.219) sensitivity=0 orientation=0.000 confidence=false] [id=1 state=hold xy=(590.423,-375.853) size=(33.225,33.219) sensitivity=0 orientation=0.000 confidence=false] [id=2 state=hold xy=(487.721,-336.005) size=(33.225,33.219) sensitivity=0 orientation=0.000 confidence=false]
TOUCH t=9.480 device=0 frame=191 count=3 [id=0 state=hold xy=(703.649,-310.857) size=(33.225,33.219) sensitivity=0 orientation=0.000 confidence=false] [id=1 state=hold xy=(590.423,-375.853) size=(33.225,33.219) sensitivity=0 orientation=0.000 confidence=false] [id=2 state=hold xy=(487.721,-336.005) size=(33.225,33.219) sensitivity=0 orientation=0.000 confidence=false]
TOUCH t=9.485 device=0 frame=192 count=3 [id=0 state=hold xy=(703.649,-310.857) size=(33.225,33.219) sensitivity=0 orientation=0.000 confidence=false] [id=1 state=hold xy=(590.423,-375.853) size=(33.225,33.219) sensitivity=0 orientation=0.000 confidence=false] [id=2 state=hold xy=(487.721,-336.005) size=(33.225,33.219) sensitivity=0 orientation=0.000 confidence=false]
TOUCH t=9.490 device=0 frame=193 count=3 [id=0 state=hold xy=(703.649,-310.857) size=(33.225,33.219) sensitivity=0 orientation=0.000 confidence=false] [id=1 state=hold xy=(590.423,-375.853) size=(33.225,33.219) sensitivity=0 orientation=0.000 confidence=false] [id=2 state=hold xy=(487.721,-336.005) size=(33.225,33.219) sensitivity=0 orientation=0.000 confidence=false]
TOUCH t=9.496 device=0 frame=194 count=3 [id=0 state=hold xy=(703.649,-310.857) size=(33.225,33.219) sensitivity=0 orientation=0.000 confidence=false] [id=1 state=hold xy=(590.423,-375.853) size=(33.225,33.219) sensitivity=0 orientation=0.000 confidence=false] [id=2 state=hold xy=(487.721,-336.005) size=(33.225,33.219) sensitivity=0 orientation=0.000 confidence=false]
TOUCH t=9.501 device=0 frame=195 count=3 [id=0 state=hold xy=(703.649,-310.857) size=(33.225,33.219) sensitivity=0 orientation=0.000 confidence=false] [id=1 state=hold xy=(590.423,-375.853) size=(33.225,33.219) sensitivity=0 orientation=0.000 confidence=false] [id=2 state=hold xy=(487.721,-336.005) size=(33.225,33.219) sensitivity=0 orientation=0.000 confidence=false]
TOUCH t=9.506 device=0 frame=196 count=3 [id=0 state=hold xy=(703.649,-310.857) size=(33.225,33.219) sensitivity=0 orientation=0.000 confidence=false] [id=1 state=hold xy=(590.423,-375.853) size=(33.225,33.219) sensitivity=0 orientation=0.000 confidence=false] [id=2 state=hold xy=(487.721,-336.005) size=(33.225,33.219) sensitivity=0 orientation=0.000 confidence=false]
TOUCH t=9.511 device=0 frame=197 count=3 [id=0 state=hold xy=(703.649,-310.857) size=(33.225,33.219) sensitivity=0 orientation=0.000 confidence=false] [id=1 state=hold xy=(590.423,-375.853) size=(33.225,33.219) sensitivity=0 orientation=0.000 confidence=false] [id=2 state=hold xy=(487.721,-336.005) size=(33.225,33.219) sensitivity=0 orientation=0.000 confidence=false]
TOUCH t=9.516 device=0 frame=198 count=3 [id=0 state=hold xy=(703.649,-310.857) size=(33.225,33.219) sensitivity=0 orientation=0.000 confidence=false] [id=1 state=hold xy=(590.423,-375.853) size=(33.225,33.219) sensitivity=0 orientation=0.000 confidence=false] [id=2 state=hold xy=(487.721,-336.005) size=(33.225,33.219) sensitivity=0 orientation=0.000 confidence=false]
TOUCH t=9.522 device=0 frame=199 count=3 [id=0 state=hold xy=(703.649,-310.857) size=(33.225,33.219) sensitivity=0 orientation=0.000 confidence=false] [id=1 state=hold xy=(590.423,-375.853) size=(33.225,33.219) sensitivity=0 orientation=0.000 confidence=false] [id=2 state=hold xy=(487.721,-336.005) size=(33.225,33.219) sensitivity=0 orientation=0.000 confidence=false]
TOUCH t=9.527 device=0 frame=200 count=3 [id=0 state=hold xy=(703.649,-310.857) size=(33.225,33.219) sensitivity=0 orientation=0.000 confidence=false] [id=1 state=hold xy=(590.423,-375.853) size=(33.225,33.219) sensitivity=0 orientation=0.000 confidence=false] [id=2 state=hold xy=(487.721,-336.005) size=(33.225,33.219) sensitivity=0 orientation=0.000 confidence=false]
TOUCH t=9.533 device=0 frame=201 count=3 [id=0 state=hold xy=(703.649,-310.857) size=(33.225,33.219) sensitivity=0 orientation=0.000 confidence=false] [id=1 state=hold xy=(590.423,-375.853) size=(33.225,33.219) sensitivity=0 orientation=0.000 confidence=false] [id=2 state=hold xy=(487.721,-336.005) size=(33.225,33.219) sensitivity=0 orientation=0.000 confidence=false]
TOUCH t=9.537 device=0 frame=202 count=3 [id=0 state=hold xy=(703.649,-310.857) size=(33.225,33.219) sensitivity=0 orientation=0.000 confidence=false] [id=1 state=hold xy=(590.423,-375.853) size=(33.225,33.219) sensitivity=0 orientation=0.000 confidence=false] [id=2 state=hold xy=(487.721,-336.005) size=(33.225,33.219) sensitivity=0 orientation=0.000 confidence=false]
TOUCH t=9.542 device=0 frame=203 count=3 [id=0 state=hold xy=(703.649,-310.857) size=(33.225,33.219) sensitivity=0 orientation=0.000 confidence=false] [id=1 state=hold xy=(590.423,-375.853) size=(33.225,33.219) sensitivity=0 orientation=0.000 confidence=false] [id=2 state=hold xy=(487.721,-336.005) size=(33.225,33.219) sensitivity=0 orientation=0.000 confidence=false]
TOUCH t=9.547 device=0 frame=204 count=3 [id=0 state=hold xy=(703.649,-310.857) size=(33.225,33.219) sensitivity=0 orientation=0.000 confidence=false] [id=1 state=hold xy=(590.423,-375.853) size=(33.225,33.219) sensitivity=0 orientation=0.000 confidence=false] [id=2 state=hold xy=(487.721,-336.005) size=(33.225,33.219) sensitivity=0 orientation=0.000 confidence=false]
TOUCH t=9.552 device=0 frame=205 count=3 [id=0 state=hold xy=(703.649,-310.857) size=(33.225,33.219) sensitivity=0 orientation=0.000 confidence=false] [id=1 state=hold xy=(590.423,-375.853) size=(33.225,33.219) sensitivity=0 orientation=0.000 confidence=false] [id=2 state=hold xy=(487.721,-336.005) size=(33.225,33.219) sensitivity=0 orientation=0.000 confidence=false]
TOUCH t=9.557 device=0 frame=206 count=3 [id=0 state=hold xy=(703.649,-310.857) size=(33.225,33.219) sensitivity=0 orientation=0.000 confidence=false] [id=1 state=hold xy=(590.423,-375.853) size=(33.225,33.219) sensitivity=0 orientation=0.000 confidence=false] [id=2 state=hold xy=(487.721,-336.005) size=(33.225,33.219) sensitivity=0 orientation=0.000 confidence=false]
TOUCH t=9.563 device=0 frame=207 count=3 [id=0 state=hold xy=(703.649,-310.857) size=(33.225,33.219) sensitivity=0 orientation=0.000 confidence=false] [id=1 state=hold xy=(590.423,-375.853) size=(33.225,33.219) sensitivity=0 orientation=0.000 confidence=false] [id=2 state=hold xy=(487.721,-336.005) size=(33.225,33.219) sensitivity=0 orientation=0.000 confidence=false]
TOUCH t=9.568 device=0 frame=208 count=3 [id=0 state=hold xy=(703.649,-310.857) size=(33.225,33.219) sensitivity=0 orientation=0.000 confidence=false] [id=1 state=hold xy=(590.423,-375.853) size=(33.225,33.219) sensitivity=0 orientation=0.000 confidence=false] [id=2 state=hold xy=(487.721,-336.005) size=(33.225,33.219) sensitivity=0 orientation=0.000 confidence=false]
TOUCH t=9.573 device=0 frame=209 count=3 [id=0 state=hold xy=(703.649,-310.857) size=(33.225,33.219) sensitivity=0 orientation=0.000 confidence=false] [id=1 state=hold xy=(590.423,-375.853) size=(33.225,33.219) sensitivity=0 orientation=0.000 confidence=false] [id=2 state=hold xy=(487.721,-336.005) size=(33.225,33.219) sensitivity=0 orientation=0.000 confidence=false]
TOUCH t=9.578 device=0 frame=210 count=3 [id=0 state=hold xy=(703.649,-310.857) size=(33.225,33.219) sensitivity=0 orientation=0.000 confidence=false] [id=1 state=hold xy=(590.423,-375.853) size=(33.225,33.219) sensitivity=0 orientation=0.000 confidence=false] [id=2 state=hold xy=(487.721,-336.005) size=(33.225,33.219) sensitivity=0 orientation=0.000 confidence=false]
TOUCH t=9.583 device=0 frame=211 count=3 [id=0 state=hold xy=(703.649,-310.857) size=(33.225,33.219) sensitivity=0 orientation=0.000 confidence=false] [id=1 state=hold xy=(590.423,-375.853) size=(33.225,33.219) sensitivity=0 orientation=0.000 confidence=false] [id=2 state=hold xy=(487.721,-336.005) size=(33.225,33.219) sensitivity=0 orientation=0.000 confidence=false]
TOUCH t=9.589 device=0 frame=212 count=3 [id=0 state=hold xy=(703.649,-310.857) size=(33.225,33.219) sensitivity=0 orientation=0.000 confidence=false] [id=1 state=hold xy=(590.423,-375.853) size=(33.225,33.219) sensitivity=0 orientation=0.000 confidence=false] [id=2 state=hold xy=(487.721,-336.005) size=(33.225,33.219) sensitivity=0 orientation=0.000 confidence=false]
TOUCH t=9.595 device=0 frame=213 count=3 [id=0 state=hold xy=(703.649,-310.857) size=(33.225,33.219) sensitivity=0 orientation=0.000 confidence=false] [id=1 state=hold xy=(590.423,-375.853) size=(33.225,33.219) sensitivity=0 orientation=0.000 confidence=false] [id=2 state=hold xy=(487.721,-336.005) size=(33.225,33.219) sensitivity=0 orientation=0.000 confidence=false]
TOUCH t=9.599 device=0 frame=214 count=3 [id=0 state=hold xy=(703.649,-310.857) size=(33.225,33.219) sensitivity=0 orientation=0.000 confidence=false] [id=1 state=hold xy=(590.423,-375.853) size=(33.225,33.219) sensitivity=0 orientation=0.000 confidence=false] [id=2 state=hold xy=(487.721,-336.005) size=(33.225,33.219) sensitivity=0 orientation=0.000 confidence=false]
TOUCH t=9.605 device=0 frame=215 count=3 [id=0 state=hold xy=(703.649,-310.857) size=(33.225,33.219) sensitivity=0 orientation=0.000 confidence=false] [id=1 state=hold xy=(590.423,-375.853) size=(33.225,33.219) sensitivity=0 orientation=0.000 confidence=false] [id=2 state=hold xy=(487.721,-336.005) size=(33.225,33.219) sensitivity=0 orientation=0.000 confidence=false]
TOUCH t=9.609 device=0 frame=216 count=3 [id=0 state=hold xy=(703.649,-310.857) size=(33.225,33.219) sensitivity=0 orientation=0.000 confidence=false] [id=1 state=hold xy=(590.423,-375.853) size=(33.225,33.219) sensitivity=0 orientation=0.000 confidence=false] [id=2 state=hold xy=(487.721,-336.077) size=(33.225,33.219) sensitivity=0 orientation=0.000 confidence=false]
TOUCH t=9.615 device=0 frame=217 count=3 [id=0 state=hold xy=(703.649,-310.857) size=(33.225,33.219) sensitivity=0 orientation=0.000 confidence=false] [id=1 state=hold xy=(590.423,-375.853) size=(33.225,33.219) sensitivity=0 orientation=0.000 confidence=false] [id=2 state=hold xy=(487.649,-336.221) size=(33.225,33.219) sensitivity=0 orientation=0.000 confidence=false]
TOUCH t=9.619 device=0 frame=218 count=3 [id=0 state=hold xy=(703.577,-310.929) size=(33.225,33.219) sensitivity=0 orientation=0.000 confidence=false] [id=1 state=hold xy=(590.351,-375.925) size=(33.225,33.219) sensitivity=0 orientation=0.000 confidence=false] [id=2 state=hold xy=(487.577,-336.365) size=(33.225,33.219) sensitivity=0 orientation=0.000 confidence=false]
TOUCH t=9.624 device=0 frame=219 count=3 [id=0 state=hold xy=(703.432,-311.073) size=(33.225,33.219) sensitivity=0 orientation=0.000 confidence=false] [id=1 state=hold xy=(590.279,-376.069) size=(33.225,33.219) sensitivity=0 orientation=0.000 confidence=false] [id=2 state=hold xy=(487.360,-336.797) size=(33.225,33.219) sensitivity=0 orientation=0.000 confidence=false]
TOUCH t=9.631 device=0 frame=220 count=3 [id=0 state=hold xy=(703.288,-311.145) size=(33.225,33.219) sensitivity=0 orientation=0.000 confidence=false] [id=1 state=hold xy=(590.207,-376.141) size=(33.225,33.219) sensitivity=0 orientation=0.000 confidence=false] [id=2 state=hold xy=(487.144,-337.158) size=(33.225,33.219) sensitivity=0 orientation=0.000 confidence=false]
TOUCH t=9.635 device=0 frame=221 count=3 [id=0 state=hold xy=(703.144,-311.217) size=(33.225,33.219) sensitivity=0 orientation=0.000 confidence=false] [id=1 state=hold xy=(589.991,-376.573) size=(33.225,33.219) sensitivity=0 orientation=0.000 confidence=false] [id=2 state=hold xy=(486.928,-337.590) size=(33.225,33.219) sensitivity=0 orientation=0.000 confidence=false]
TOUCH t=9.640 device=0 frame=222 count=3 [id=0 state=hold xy=(702.640,-311.577) size=(33.225,33.219) sensitivity=0 orientation=0.000 confidence=false] [id=1 state=hold xy=(589.775,-377.006) size=(33.225,33.219) sensitivity=0 orientation=0.000 confidence=false] [id=2 state=hold xy=(486.712,-337.950) size=(33.225,33.219) sensitivity=0 orientation=0.000 confidence=false]
TOUCH t=9.646 device=0 frame=223 count=3 [id=0 state=hold xy=(702.135,-311.938) size=(33.225,33.219) sensitivity=0 orientation=0.000 confidence=false] [id=1 state=hold xy=(589.559,-377.366) size=(33.225,33.219) sensitivity=0 orientation=0.000 confidence=false] [id=2 state=hold xy=(486.495,-338.239) size=(33.225,33.219) sensitivity=0 orientation=0.000 confidence=false]
TOUCH t=9.650 device=0 frame=224 count=3 [id=0 state=hold xy=(701.559,-312.370) size=(33.225,33.219) sensitivity=0 orientation=0.000 confidence=false] [id=1 state=hold xy=(589.342,-377.798) size=(33.225,33.219) sensitivity=0 orientation=0.000 confidence=false] [id=2 state=hold xy=(486.351,-338.527) size=(33.225,33.219) sensitivity=0 orientation=0.000 confidence=false]
TOUCH t=9.656 device=0 frame=225 count=3 [id=0 state=hold xy=(700.838,-312.802) size=(33.225,33.219) sensitivity=0 orientation=0.000 confidence=false] [id=1 state=hold xy=(589.198,-378.231) size=(33.225,33.219) sensitivity=0 orientation=0.000 confidence=false] [id=2 state=hold xy=(486.135,-338.815) size=(33.225,33.219) sensitivity=0 orientation=0.000 confidence=false]
TOUCH t=9.662 device=0 frame=226 count=3 [id=0 state=hold xy=(699.973,-313.307) size=(33.225,33.219) sensitivity=0 orientation=0.000 confidence=false] [id=1 state=hold xy=(588.982,-378.591) size=(33.225,33.219) sensitivity=0 orientation=0.000 confidence=false] [id=2 state=hold xy=(485.919,-339.031) size=(16.613,16.610) sensitivity=0 orientation=0.000 confidence=false]
TOUCH t=9.666 device=0 frame=227 count=3 [id=0 state=hold xy=(699.108,-313.811) size=(33.225,33.219) sensitivity=0 orientation=0.000 confidence=false] [id=1 state=hold xy=(588.766,-378.879) size=(33.225,33.219) sensitivity=0 orientation=0.000 confidence=false] [id=2 state=hold xy=(485.631,-339.319) size=(16.613,16.610) sensitivity=0 orientation=0.000 confidence=false]
TOUCH t=9.672 device=0 frame=228 count=3 [id=0 state=hold xy=(698.027,-314.460) size=(33.225,33.219) sensitivity=0 orientation=0.000 confidence=false] [id=1 state=hold xy=(588.405,-379.239) size=(33.225,33.219) sensitivity=0 orientation=0.000 confidence=false] [id=2 state=hold xy=(485.342,-339.680) size=(16.613,16.610) sensitivity=0 orientation=0.000 confidence=false]
TOUCH t=9.676 device=0 frame=229 count=3 [id=0 state=hold xy=(696.946,-315.036) size=(33.225,33.219) sensitivity=0 orientation=0.000 confidence=false] [id=1 state=hold xy=(587.973,-379.600) size=(33.225,33.219) sensitivity=0 orientation=0.000 confidence=false] [id=2 state=hold xy=(484.982,-339.968) size=(16.613,16.610) sensitivity=0 orientation=0.000 confidence=false]
TOUCH t=9.681 device=0 frame=230 count=3 [id=0 state=hold xy=(695.649,-315.757) size=(33.225,33.219) sensitivity=0 orientation=0.000 confidence=false] [id=1 state=hold xy=(587.252,-379.960) size=(33.225,33.219) sensitivity=0 orientation=0.000 confidence=false] [id=2 state=hold xy=(484.333,-340.328) size=(16.613,16.610) sensitivity=0 orientation=0.000 confidence=false]
TOUCH t=9.686 device=0 frame=231 count=3 [id=0 state=hold xy=(694.351,-316.477) size=(33.225,33.219) sensitivity=0 orientation=0.000 confidence=false] [id=1 state=hold xy=(586.171,-380.392) size=(33.225,33.219) sensitivity=0 orientation=0.000 confidence=false] [id=2 state=hold xy=(483.468,-340.761) size=(16.613,16.610) sensitivity=0 orientation=0.000 confidence=false]
TOUCH t=9.691 device=0 frame=232 count=3 [id=0 state=hold xy=(692.910,-317.198) size=(33.225,33.219) sensitivity=0 orientation=0.000 confidence=false] [id=1 state=hold xy=(584.802,-380.969) size=(33.225,33.219) sensitivity=0 orientation=0.000 confidence=false] [id=2 state=hold xy=(482.243,-341.121) size=(16.613,16.610) sensitivity=0 orientation=0.000 confidence=false]
TOUCH t=9.698 device=0 frame=233 count=3 [id=0 state=hold xy=(691.324,-317.990) size=(33.225,33.219) sensitivity=0 orientation=0.000 confidence=false] [id=1 state=hold xy=(583.072,-381.545) size=(33.225,33.219) sensitivity=0 orientation=0.000 confidence=false] [id=2 state=hold xy=(480.730,-341.553) size=(16.613,16.610) sensitivity=0 orientation=0.000 confidence=false]
TOUCH t=9.702 device=0 frame=234 count=3 [id=0 state=hold xy=(689.595,-318.927) size=(33.225,33.219) sensitivity=0 orientation=0.000 confidence=false] [id=1 state=hold xy=(581.126,-382.194) size=(33.225,33.219) sensitivity=0 orientation=0.000 confidence=false] [id=2 state=hold xy=(479.072,-341.914) size=(16.613,16.610) sensitivity=0 orientation=0.000 confidence=false]
TOUCH t=9.707 device=0 frame=235 count=3 [id=0 state=hold xy=(687.721,-320.008) size=(33.225,33.219) sensitivity=0 orientation=0.000 confidence=false] [id=1 state=hold xy=(578.964,-382.842) size=(33.225,33.219) sensitivity=0 orientation=0.000 confidence=false] [id=2 state=hold xy=(477.126,-342.346) size=(16.613,16.610) sensitivity=0 orientation=0.000 confidence=false]
TOUCH t=9.712 device=0 frame=236 count=3 [id=0 state=hold xy=(685.631,-321.161) size=(33.225,33.219) sensitivity=0 orientation=0.000 confidence=false] [id=1 state=hold xy=(576.586,-383.635) size=(33.225,33.219) sensitivity=0 orientation=0.000 confidence=false] [id=2 state=hold xy=(475.108,-342.922) size=(16.613,16.610) sensitivity=0 orientation=0.000 confidence=false]
TOUCH t=9.718 device=0 frame=237 count=3 [id=0 state=hold xy=(681.883,-323.179) size=(33.225,33.219) sensitivity=0 orientation=0.000 confidence=false] [id=1 state=hold xy=(574.063,-384.428) size=(33.225,33.219) sensitivity=0 orientation=0.000 confidence=false] [id=2 state=hold xy=(472.874,-343.427) size=(16.613,16.610) sensitivity=0 orientation=0.000 confidence=false]
TOUCH t=9.723 device=0 frame=238 count=3 [id=0 state=hold xy=(678.207,-325.124) size=(33.225,33.219) sensitivity=0 orientation=0.000 confidence=false] [id=1 state=hold xy=(569.667,-385.869) size=(33.225,33.219) sensitivity=0 orientation=0.000 confidence=false] [id=2 state=hold xy=(470.495,-344.075) size=(16.613,16.610) sensitivity=0 orientation=0.000 confidence=false]
TOUCH t=9.729 device=0 frame=239 count=3 [id=0 state=hold xy=(674.676,-326.926) size=(33.225,33.219) sensitivity=0 orientation=0.000 confidence=false] [id=1 state=hold xy=(565.414,-387.310) size=(33.225,33.219) sensitivity=0 orientation=0.000 confidence=false] [id=2 state=hold xy=(466.315,-345.012) size=(16.613,16.610) sensitivity=0 orientation=0.000 confidence=false]
TOUCH t=9.733 device=0 frame=240 count=3 [id=0 state=hold xy=(670.351,-329.015) size=(16.613,16.610) sensitivity=0 orientation=0.000 confidence=false] [id=1 state=hold xy=(561.378,-388.823) size=(33.225,33.219) sensitivity=0 orientation=0.000 confidence=false] [id=2 state=hold xy=(462.279,-345.877) size=(16.613,16.610) sensitivity=0 orientation=0.000 confidence=false]
TOUCH t=9.739 device=0 frame=241 count=3 [id=0 state=hold xy=(666.532,-330.817) size=(16.613,16.610) sensitivity=0 orientation=0.000 confidence=false] [id=1 state=hold xy=(556.405,-390.625) size=(33.225,33.219) sensitivity=0 orientation=0.000 confidence=false] [id=2 state=hold xy=(458.315,-346.741) size=(16.613,16.610) sensitivity=0 orientation=0.000 confidence=false]
TOUCH t=9.744 device=0 frame=242 count=3 [id=0 state=hold xy=(663.000,-332.546) size=(33.225,33.219) sensitivity=0 orientation=0.000 confidence=false] [id=1 state=hold xy=(552.081,-392.138) size=(33.225,33.219) sensitivity=0 orientation=0.000 confidence=false] [id=2 state=hold xy=(453.486,-347.894) size=(16.613,16.610) sensitivity=0 orientation=0.000 confidence=false]
TOUCH t=9.748 device=0 frame=243 count=3 [id=0 state=hold xy=(659.685,-334.275) size=(33.225,33.219) sensitivity=0 orientation=0.000 confidence=false] [id=1 state=hold xy=(548.045,-393.507) size=(33.225,33.219) sensitivity=0 orientation=0.000 confidence=false] [id=2 state=hold xy=(449.018,-348.975) size=(16.613,16.610) sensitivity=0 orientation=0.000 confidence=false]
TOUCH t=9.753 device=0 frame=244 count=3 [id=0 state=hold xy=(656.441,-336.149) size=(16.613,16.610) sensitivity=0 orientation=0.000 confidence=false] [id=1 state=hold xy=(544.297,-394.660) size=(33.225,33.219) sensitivity=0 orientation=0.000 confidence=false] [id=2 state=hold xy=(444.982,-349.984) size=(16.613,16.610) sensitivity=0 orientation=0.000 confidence=false]
TOUCH t=9.760 device=0 frame=245 count=3 [id=0 state=hold xy=(653.126,-338.022) size=(16.613,16.610) sensitivity=0 orientation=0.000 confidence=false] [id=1 state=hold xy=(540.477,-395.885) size=(33.225,33.219) sensitivity=0 orientation=0.000 confidence=false] [id=2 state=hold xy=(441.162,-350.633) size=(16.613,16.610) sensitivity=0 orientation=0.000 confidence=false]
TOUCH t=9.764 device=0 frame=246 count=3 [id=0 state=hold xy=(649.883,-339.896) size=(16.613,16.610) sensitivity=0 orientation=0.000 confidence=false] [id=1 state=hold xy=(536.658,-397.254) size=(33.225,33.219) sensitivity=0 orientation=0.000 confidence=false] [id=2 state=hold xy=(437.414,-351.209) size=(16.613,16.610) sensitivity=0 orientation=0.000 confidence=false]
TOUCH t=9.769 device=0 frame=247 count=3 [id=0 state=hold xy=(646.568,-341.553) size=(33.225,33.219) sensitivity=0 orientation=0.000 confidence=false] [id=1 state=hold xy=(532.838,-398.551) size=(33.225,33.219) sensitivity=0 orientation=0.000 confidence=false] [id=2 state=hold xy=(433.811,-351.641) size=(16.613,16.610) sensitivity=0 orientation=0.000 confidence=false]
TOUCH t=9.774 device=0 frame=248 count=3 [id=0 state=hold xy=(643.252,-342.994) size=(33.225,33.219) sensitivity=0 orientation=0.000 confidence=false] [id=1 state=hold xy=(529.018,-399.704) size=(33.225,33.219) sensitivity=0 orientation=0.000 confidence=false] [id=2 state=hold xy=(430.135,-352.146) size=(16.613,16.610) sensitivity=0 orientation=0.000 confidence=false]
TOUCH t=9.779 device=0 frame=249 count=3 [id=0 state=hold xy=(639.793,-344.436) size=(33.225,33.219) sensitivity=0 orientation=0.000 confidence=false] [id=1 state=hold xy=(525.126,-400.785) size=(33.225,33.219) sensitivity=0 orientation=0.000 confidence=false] [id=2 state=hold xy=(426.387,-352.650) size=(16.613,16.610) sensitivity=0 orientation=0.000 confidence=false]
TOUCH t=9.784 device=0 frame=250 count=3 [id=0 state=hold xy=(636.333,-345.805) size=(33.225,33.219) sensitivity=0 orientation=0.000 confidence=false] [id=1 state=hold xy=(521.162,-401.721) size=(33.225,33.219) sensitivity=0 orientation=0.000 confidence=false] [id=2 state=hold xy=(422.568,-353.082) size=(16.613,16.610) sensitivity=0 orientation=0.000 confidence=false]
TOUCH t=9.790 device=0 frame=251 count=3 [id=0 state=hold xy=(632.730,-347.246) size=(33.225,33.219) sensitivity=0 orientation=0.000 confidence=false] [id=1 state=hold xy=(517.126,-402.658) size=(33.225,33.219) sensitivity=0 orientation=0.000 confidence=false] [id=2 state=hold xy=(418.748,-353.587) size=(16.613,16.610) sensitivity=0 orientation=0.000 confidence=false]
TOUCH t=9.795 device=0 frame=252 count=3 [id=0 state=hold xy=(629.126,-348.615) size=(33.225,33.219) sensitivity=0 orientation=0.000 confidence=false] [id=1 state=hold xy=(513.234,-403.667) size=(33.225,33.219) sensitivity=0 orientation=0.000 confidence=false] [id=2 state=hold xy=(415.072,-354.019) size=(16.613,16.610) sensitivity=0 orientation=0.000 confidence=false]
TOUCH t=9.800 device=0 frame=253 count=3 [id=0 state=hold xy=(625.450,-350.056) size=(33.225,33.219) sensitivity=0 orientation=0.000 confidence=false] [id=1 state=hold xy=(509.342,-404.532) size=(33.225,33.219) sensitivity=0 orientation=0.000 confidence=false] [id=2 state=hold xy=(411.324,-354.524) size=(16.613,16.610) sensitivity=0 orientation=0.000 confidence=false]
TOUCH t=9.805 device=0 frame=254 count=3 [id=0 state=hold xy=(621.775,-351.425) size=(33.225,33.219) sensitivity=0 orientation=0.000 confidence=false] [id=1 state=hold xy=(505.378,-405.396) size=(33.225,33.219) sensitivity=0 orientation=0.000 confidence=false] [id=2 state=hold xy=(407.360,-354.884) size=(16.613,16.610) sensitivity=0 orientation=0.000 confidence=false]
TOUCH t=9.810 device=0 frame=255 count=3 [id=0 state=hold xy=(617.955,-352.866) size=(33.225,33.219) sensitivity=0 orientation=0.000 confidence=false] [id=1 state=hold xy=(501.342,-406.189) size=(33.225,33.219) sensitivity=0 orientation=0.000 confidence=false] [id=2 state=hold xy=(403.252,-355.100) size=(16.613,16.610) sensitivity=0 orientation=0.000 confidence=false]
TOUCH t=9.815 device=0 frame=256 count=3 [id=0 state=hold xy=(613.991,-354.307) size=(33.225,33.219) sensitivity=0 orientation=0.000 confidence=false] [id=1 state=hold xy=(497.306,-406.982) size=(33.225,33.219) sensitivity=0 orientation=0.000 confidence=false] [id=2 state=hold xy=(399.216,-355.316) size=(16.613,16.610) sensitivity=0 orientation=0.000 confidence=false]
TOUCH t=9.822 device=0 frame=257 count=3 [id=0 state=hold xy=(610.099,-355.677) size=(33.225,33.219) sensitivity=0 orientation=0.000 confidence=false] [id=1 state=hold xy=(493.270,-407.486) size=(33.225,33.219) sensitivity=0 orientation=0.000 confidence=false] [id=2 state=hold xy=(395.396,-355.604) size=(16.613,16.610) sensitivity=0 orientation=0.000 confidence=false]
TOUCH t=9.827 device=0 frame=258 count=3 [id=0 state=hold xy=(606.351,-357.118) size=(33.225,33.219) sensitivity=0 orientation=0.000 confidence=false] [id=1 state=hold xy=(489.306,-408.351) size=(33.225,33.219) sensitivity=0 orientation=0.000 confidence=false] [id=2 state=hold xy=(391.577,-355.749) size=(16.613,16.610) sensitivity=0 orientation=0.000 confidence=false]
TOUCH t=9.831 device=0 frame=259 count=3 [id=0 state=hold xy=(602.676,-358.271) size=(33.225,33.219) sensitivity=0 orientation=0.000 confidence=false] [id=1 state=hold xy=(485.342,-409.143) size=(33.225,33.219) sensitivity=0 orientation=0.000 confidence=false] [id=2 state=hold xy=(387.757,-355.677) size=(16.613,16.610) sensitivity=0 orientation=0.000 confidence=false]
TOUCH t=9.836 device=0 frame=260 count=3 [id=0 state=hold xy=(599.072,-359.207) size=(33.225,33.219) sensitivity=0 orientation=0.000 confidence=false] [id=1 state=hold xy=(481.450,-409.720) size=(33.225,33.219) sensitivity=0 orientation=0.000 confidence=false] [id=2 state=hold xy=(384.153,-355.388) size=(16.613,16.610) sensitivity=0 orientation=0.000 confidence=false]
TOUCH t=9.841 device=0 frame=261 count=3 [id=0 state=hold xy=(595.468,-360.072) size=(33.225,33.219) sensitivity=0 orientation=0.000 confidence=false] [id=1 state=hold xy=(477.775,-410.657) size=(33.225,33.219) sensitivity=0 orientation=0.000 confidence=false] [id=2 state=hold xy=(380.766,-355.028) size=(16.613,16.610) sensitivity=0 orientation=0.000 confidence=false]
TOUCH t=9.847 device=0 frame=262 count=3 [id=0 state=hold xy=(592.009,-360.937) size=(33.225,33.219) sensitivity=0 orientation=0.000 confidence=false] [id=1 state=hold xy=(474.315,-411.089) size=(33.225,33.219) sensitivity=0 orientation=0.000 confidence=false] [id=2 state=hold xy=(377.595,-355.028) size=(16.613,16.610) sensitivity=0 orientation=0.000 confidence=false]
TOUCH t=9.854 device=0 frame=263 count=3 [id=0 state=hold xy=(588.766,-361.874) size=(33.225,33.219) sensitivity=0 orientation=0.000 confidence=false] [id=1 state=hold xy=(471.072,-411.449) size=(33.225,33.219) sensitivity=0 orientation=0.000 confidence=false] [id=2 state=hold xy=(374.495,-355.028) size=(16.613,16.610) sensitivity=0 orientation=0.000 confidence=false]
TOUCH t=9.858 device=0 frame=264 count=3 [id=0 state=hold xy=(585.883,-362.594) size=(33.225,33.219) sensitivity=0 orientation=0.000 confidence=false] [id=1 state=hold xy=(468.189,-411.882) size=(33.225,33.219) sensitivity=0 orientation=0.000 confidence=false] [id=2 state=hold xy=(371.468,-354.740) size=(16.613,16.610) sensitivity=0 orientation=0.000 confidence=false]
TOUCH t=9.863 device=0 frame=265 count=3 [id=0 state=hold xy=(583.144,-363.098) size=(33.225,33.219) sensitivity=0 orientation=0.000 confidence=false] [id=1 state=hold xy=(465.378,-412.098) size=(33.225,33.219) sensitivity=0 orientation=0.000 confidence=false] [id=2 state=hold xy=(368.586,-354.235) size=(16.613,16.610) sensitivity=0 orientation=0.000 confidence=false]
TOUCH t=9.867 device=0 frame=266 count=3 [id=0 state=hold xy=(580.622,-363.459) size=(33.225,33.219) sensitivity=0 orientation=0.000 confidence=false] [id=1 state=hold xy=(462.712,-412.098) size=(33.225,33.219) sensitivity=0 orientation=0.000 confidence=false] [id=2 state=hold xy=(365.847,-353.587) size=(16.613,16.610) sensitivity=0 orientation=0.000 confidence=false]
TOUCH t=9.873 device=0 frame=267 count=3 [id=0 state=hold xy=(578.171,-363.603) size=(33.225,33.219) sensitivity=0 orientation=0.000 confidence=false] [id=1 state=hold xy=(460.261,-412.026) size=(33.225,33.219) sensitivity=0 orientation=0.000 confidence=false] [id=2 state=hold xy=(363.468,-353.082) size=(16.613,16.610) sensitivity=0 orientation=0.000 confidence=false]
TOUCH t=9.878 device=0 frame=268 count=3 [id=0 state=hold xy=(575.793,-363.675) size=(33.225,33.219) sensitivity=0 orientation=0.000 confidence=false] [id=1 state=hold xy=(457.883,-411.954) size=(33.225,33.219) sensitivity=0 orientation=0.000 confidence=false] [id=2 state=hold xy=(361.234,-352.794) size=(16.613,16.610) sensitivity=0 orientation=0.000 confidence=false]
TOUCH t=9.883 device=0 frame=269 count=3 [id=0 state=hold xy=(573.631,-363.675) size=(33.225,33.219) sensitivity=0 orientation=0.000 confidence=false] [id=1 state=hold xy=(455.721,-411.882) size=(33.225,33.219) sensitivity=0 orientation=0.000 confidence=false] [id=2 state=hold xy=(359.144,-352.434) size=(16.613,16.610) sensitivity=0 orientation=0.000 confidence=false]
TOUCH t=9.889 device=0 frame=270 count=3 [id=0 state=hold xy=(571.685,-363.603) size=(33.225,33.219) sensitivity=0 orientation=0.000 confidence=false] [id=1 state=hold xy=(453.703,-411.593) size=(33.225,33.219) sensitivity=0 orientation=0.000 confidence=false] [id=2 state=hold xy=(357.126,-352.074) size=(16.613,16.610) sensitivity=0 orientation=0.000 confidence=false]
TOUCH t=9.896 device=0 frame=271 count=3 [id=0 state=hold xy=(569.811,-363.387) size=(33.225,33.219) sensitivity=0 orientation=0.000 confidence=false] [id=1 state=hold xy=(451.829,-411.161) size=(33.225,33.219) sensitivity=0 orientation=0.000 confidence=false] [id=2 state=hold xy=(355.252,-351.641) size=(16.613,16.610) sensitivity=0 orientation=0.000 confidence=false]
TOUCH t=9.898 device=0 frame=272 count=3 [id=0 state=hold xy=(568.081,-363.171) size=(33.225,33.219) sensitivity=0 orientation=0.000 confidence=false] [id=1 state=hold xy=(450.027,-410.801) size=(33.225,33.219) sensitivity=0 orientation=0.000 confidence=false] [id=2 state=hold xy=(353.523,-350.993) size=(16.613,16.610) sensitivity=0 orientation=0.000 confidence=false]
TOUCH t=9.903 device=0 frame=273 count=3 [id=0 state=hold xy=(566.423,-362.882) size=(33.225,33.219) sensitivity=0 orientation=0.000 confidence=false] [id=1 state=hold xy=(448.225,-410.440) size=(33.225,33.219) sensitivity=0 orientation=0.000 confidence=false] [id=2 state=hold xy=(351.793,-350.344) size=(16.613,16.610) sensitivity=0 orientation=0.000 confidence=false]
TOUCH t=9.909 device=0 frame=274 count=3 [id=0 state=hold xy=(564.910,-362.522) size=(33.225,33.219) sensitivity=0 orientation=0.000 confidence=false] [id=1 state=hold xy=(446.495,-410.152) size=(33.225,33.219) sensitivity=0 orientation=0.000 confidence=false] [id=2 state=hold xy=(350.207,-349.696) size=(16.613,16.610) sensitivity=0 orientation=0.000 confidence=false]
TOUCH t=9.913 device=0 frame=275 count=3 [id=0 state=hold xy=(563.468,-362.090) size=(33.225,33.219) sensitivity=0 orientation=0.000 confidence=false] [id=1 state=hold xy=(444.838,-409.720) size=(33.225,33.219) sensitivity=0 orientation=0.000 confidence=false] [id=2 state=hold xy=(348.766,-348.975) size=(16.613,16.610) sensitivity=0 orientation=0.000 confidence=false]
TOUCH t=9.919 device=0 frame=276 count=3 [id=0 state=hold xy=(562.171,-361.585) size=(33.225,33.219) sensitivity=0 orientation=0.000 confidence=false] [id=1 state=hold xy=(443.324,-409.287) size=(33.225,33.219) sensitivity=0 orientation=0.000 confidence=false] [id=2 state=hold xy=(347.396,-348.327) size=(16.613,16.610) sensitivity=0 orientation=0.000 confidence=false]
TOUCH t=9.924 device=0 frame=277 count=3 [id=0 state=hold xy=(560.874,-361.081) size=(33.225,33.219) sensitivity=0 orientation=0.000 confidence=false] [id=1 state=hold xy=(441.955,-408.783) size=(33.225,33.219) sensitivity=0 orientation=0.000 confidence=false] [id=2 state=hold xy=(346.171,-347.534) size=(16.613,16.610) sensitivity=0 orientation=0.000 confidence=false]
TOUCH t=9.930 device=0 frame=278 count=3 [id=0 state=hold xy=(559.721,-360.504) size=(33.225,33.219) sensitivity=0 orientation=0.000 confidence=false] [id=1 state=hold xy=(440.658,-408.207) size=(33.225,33.219) sensitivity=0 orientation=0.000 confidence=false] [id=2 state=hold xy=(345.018,-346.669) size=(16.613,16.610) sensitivity=0 orientation=0.000 confidence=false]
TOUCH t=9.934 device=0 frame=279 count=3 [id=0 state=hold xy=(558.712,-359.928) size=(33.225,33.219) sensitivity=0 orientation=0.000 confidence=false] [id=1 state=hold xy=(439.505,-407.558) size=(33.225,33.219) sensitivity=0 orientation=0.000 confidence=false] [id=2 state=hold xy=(343.937,-345.805) size=(16.613,16.610) sensitivity=0 orientation=0.000 confidence=false]
TOUCH t=9.939 device=0 frame=280 count=3 [id=0 state=hold xy=(557.847,-359.351) size=(33.225,33.219) sensitivity=0 orientation=0.000 confidence=false] [id=1 state=hold xy=(438.423,-406.910) size=(33.225,33.219) sensitivity=0 orientation=0.000 confidence=false] [id=2 state=hold xy=(342.928,-344.940) size=(16.613,16.610) sensitivity=0 orientation=0.000 confidence=false]
TOUCH t=9.944 device=0 frame=281 count=3 [id=0 state=hold xy=(557.126,-358.631) size=(33.225,33.219) sensitivity=0 orientation=0.000 confidence=false] [id=1 state=hold xy=(437.486,-406.261) size=(33.225,33.219) sensitivity=0 orientation=0.000 confidence=false] [id=2 state=hold xy=(341.991,-344.075) size=(16.613,16.610) sensitivity=0 orientation=0.000 confidence=false]
TOUCH t=9.950 device=0 frame=282 count=3 [id=0 state=hold xy=(556.405,-357.982) size=(33.225,33.219) sensitivity=0 orientation=0.000 confidence=false] [id=1 state=hold xy=(436.622,-405.612) size=(33.225,33.219) sensitivity=0 orientation=0.000 confidence=false] [id=2 state=hold xy=(341.198,-343.139) size=(16.613,16.610) sensitivity=0 orientation=0.000 confidence=false]
TOUCH t=9.956 device=0 frame=283 count=3 [id=0 state=hold xy=(555.757,-357.262) size=(33.225,33.219) sensitivity=0 orientation=0.000 confidence=false] [id=1 state=hold xy=(435.829,-404.964) size=(33.225,33.219) sensitivity=0 orientation=0.000 confidence=false] [id=2 state=hold xy=(340.477,-342.274) size=(16.613,16.610) sensitivity=0 orientation=0.000 confidence=false]
TOUCH t=9.961 device=0 frame=284 count=3 [id=0 state=hold xy=(555.180,-356.469) size=(33.225,33.219) sensitivity=0 orientation=0.000 confidence=false] [id=1 state=hold xy=(435.108,-404.315) size=(33.225,33.219) sensitivity=0 orientation=0.000 confidence=false] [id=2 state=hold xy=(339.901,-341.337) size=(16.613,16.610) sensitivity=0 orientation=0.000 confidence=false]
TOUCH t=9.965 device=0 frame=285 count=3 [id=0 state=hold xy=(554.748,-355.677) size=(33.225,33.219) sensitivity=0 orientation=0.000 confidence=false] [id=1 state=hold xy=(434.459,-403.667) size=(33.225,33.219) sensitivity=0 orientation=0.000 confidence=false] [id=2 state=hold xy=(339.324,-340.400) size=(16.613,16.610) sensitivity=0 orientation=0.000 confidence=false]
TOUCH t=9.970 device=0 frame=286 count=3 [id=0 state=hold xy=(554.315,-354.956) size=(33.225,33.219) sensitivity=0 orientation=0.000 confidence=false] [id=1 state=hold xy=(433.883,-403.018) size=(33.225,33.219) sensitivity=0 orientation=0.000 confidence=false] [id=2 state=hold xy=(338.748,-339.392) size=(16.613,16.610) sensitivity=0 orientation=0.000 confidence=false]
TOUCH t=9.975 device=0 frame=287 count=3 [id=0 state=hold xy=(553.739,-354.307) size=(33.225,33.219) sensitivity=0 orientation=0.000 confidence=false] [id=1 state=hold xy=(433.378,-402.226) size=(33.225,33.219) sensitivity=0 orientation=0.000 confidence=false] [id=2 state=hold xy=(338.315,-338.455) size=(16.613,16.610) sensitivity=0 orientation=0.000 confidence=false]
TOUCH t=9.981 device=0 frame=288 count=3 [id=0 state=hold xy=(553.234,-353.659) size=(33.225,33.219) sensitivity=0 orientation=0.000 confidence=false] [id=1 state=hold xy=(432.874,-401.505) size=(33.225,33.219) sensitivity=0 orientation=0.000 confidence=false] [id=2 state=hold xy=(337.883,-337.446) size=(16.613,16.610) sensitivity=0 orientation=0.000 confidence=false]
TOUCH t=9.986 device=0 frame=289 count=3 [id=0 state=hold xy=(552.802,-352.938) size=(33.225,33.219) sensitivity=0 orientation=0.000 confidence=false] [id=1 state=hold xy=(432.297,-400.785) size=(33.225,33.219) sensitivity=0 orientation=0.000 confidence=false] [id=2 state=hold xy=(337.523,-336.365) size=(16.613,16.610) sensitivity=0 orientation=0.000 confidence=false]
TOUCH t=9.991 device=0 frame=290 count=3 [id=0 state=hold xy=(552.369,-352.290) size=(33.225,33.219) sensitivity=0 orientation=0.000 confidence=false] [id=1 state=hold xy=(431.721,-400.064) size=(33.225,33.219) sensitivity=0 orientation=0.000 confidence=false] [id=2 state=hold xy=(337.234,-335.356) size=(16.613,16.610) sensitivity=0 orientation=0.000 confidence=false]
TOUCH t=9.996 device=0 frame=291 count=3 [id=0 state=hold xy=(552.009,-351.641) size=(33.225,33.219) sensitivity=0 orientation=0.000 confidence=false] [id=1 state=hold xy=(431.144,-399.343) size=(33.225,33.219) sensitivity=0 orientation=0.000 confidence=false] [id=2 state=hold xy=(337.018,-334.420) size=(16.613,16.610) sensitivity=0 orientation=0.000 confidence=false]
TOUCH t=10.001 device=0 frame=292 count=3 [id=0 state=hold xy=(551.721,-350.993) size=(33.225,33.219) sensitivity=0 orientation=0.000 confidence=false] [id=1 state=hold xy=(430.640,-398.623) size=(33.225,33.219) sensitivity=0 orientation=0.000 confidence=false] [id=2 state=hold xy=(336.802,-333.483) size=(16.613,16.610) sensitivity=0 orientation=0.000 confidence=false]
TOUCH t=10.007 device=0 frame=293 count=3 [id=0 state=hold xy=(551.505,-350.272) size=(33.225,33.219) sensitivity=0 orientation=0.000 confidence=false] [id=1 state=hold xy=(430.135,-397.830) size=(33.225,33.219) sensitivity=0 orientation=0.000 confidence=false] [id=2 state=hold xy=(336.586,-332.474) size=(16.613,16.610) sensitivity=0 orientation=0.000 confidence=false]
TOUCH t=10.012 device=0 frame=294 count=3 [id=0 state=hold xy=(551.288,-349.480) size=(33.225,33.219) sensitivity=0 orientation=0.000 confidence=false] [id=1 state=hold xy=(429.703,-397.038) size=(33.225,33.219) sensitivity=0 orientation=0.000 confidence=false] [id=2 state=hold xy=(336.441,-331.393) size=(16.613,16.610) sensitivity=0 orientation=0.000 confidence=false]
TOUCH t=10.017 device=0 frame=295 count=3 [id=0 state=hold xy=(551.216,-348.687) size=(33.225,33.219) sensitivity=0 orientation=0.000 confidence=false] [id=1 state=hold xy=(429.342,-396.245) size=(33.225,33.219) sensitivity=0 orientation=0.000 confidence=false] [id=2 state=hold xy=(336.441,-330.168) size=(16.613,16.610) sensitivity=0 orientation=0.000 confidence=false]
TOUCH t=10.023 device=0 frame=296 count=3 [id=0 state=hold xy=(551.144,-347.894) size=(33.225,33.219) sensitivity=0 orientation=0.000 confidence=false] [id=1 state=hold xy=(428.982,-395.380) size=(33.225,33.219) sensitivity=0 orientation=0.000 confidence=false] [id=2 state=hold xy=(336.441,-328.943) size=(16.613,16.610) sensitivity=0 orientation=0.000 confidence=false]
TOUCH t=10.028 device=0 frame=297 count=3 [id=0 state=hold xy=(551.144,-347.030) size=(33.225,33.219) sensitivity=0 orientation=0.000 confidence=false] [id=1 state=hold xy=(428.766,-394.516) size=(33.225,33.219) sensitivity=0 orientation=0.000 confidence=false] [id=2 state=hold xy=(336.658,-327.646) size=(16.613,16.610) sensitivity=0 orientation=0.000 confidence=false]
TOUCH t=10.032 device=0 frame=298 count=3 [id=0 state=hold xy=(551.216,-346.165) size=(33.225,33.219) sensitivity=0 orientation=0.000 confidence=false] [id=1 state=hold xy=(428.550,-393.579) size=(33.225,33.219) sensitivity=0 orientation=0.000 confidence=false] [id=2 state=hold xy=(336.946,-326.277) size=(16.613,16.610) sensitivity=0 orientation=0.000 confidence=false]
TOUCH t=10.037 device=0 frame=299 count=3 [id=0 state=hold xy=(551.432,-345.228) size=(33.225,33.219) sensitivity=0 orientation=0.000 confidence=false] [id=1 state=hold xy=(428.405,-392.570) size=(33.225,33.219) sensitivity=0 orientation=0.000 confidence=false] [id=2 state=hold xy=(337.450,-324.908) size=(16.613,16.610) sensitivity=0 orientation=0.000 confidence=false]
TOUCH t=10.042 device=0 frame=300 count=3 [id=0 state=hold xy=(551.721,-344.219) size=(33.225,33.219) sensitivity=0 orientation=0.000 confidence=false] [id=1 state=hold xy=(428.333,-391.417) size=(33.225,33.219) sensitivity=0 orientation=0.000 confidence=false] [id=2 state=hold xy=(338.027,-323.467) size=(16.613,16.610) sensitivity=0 orientation=0.000 confidence=false]
TOUCH t=10.048 device=0 frame=301 count=3 [id=0 state=hold xy=(552.153,-342.994) size=(33.225,33.219) sensitivity=0 orientation=0.000 confidence=false] [id=1 state=hold xy=(428.405,-390.336) size=(33.225,33.219) sensitivity=0 orientation=0.000 confidence=false] [id=2 state=hold xy=(338.820,-322.098) size=(16.613,16.610) sensitivity=0 orientation=0.000 confidence=false]
TOUCH t=10.053 device=0 frame=302 count=3 [id=0 state=hold xy=(552.730,-341.769) size=(33.225,33.219) sensitivity=0 orientation=0.000 confidence=false] [id=1 state=hold xy=(429.054,-388.823) size=(33.225,33.219) sensitivity=0 orientation=0.000 confidence=false] [id=2 state=hold xy=(339.685,-320.657) size=(16.613,16.610) sensitivity=0 orientation=0.000 confidence=false]
TOUCH t=10.058 device=0 frame=303 count=3 [id=0 state=hold xy=(553.450,-340.400) size=(33.225,33.219) sensitivity=0 orientation=0.000 confidence=false] [id=1 state=hold xy=(429.703,-387.310) size=(33.225,33.219) sensitivity=0 orientation=0.000 confidence=false] [id=2 state=hold xy=(340.766,-319.143) size=(16.613,16.610) sensitivity=0 orientation=0.000 confidence=false]
TOUCH t=10.063 device=0 frame=304 count=3 [id=0 state=hold xy=(555.180,-338.455) size=(33.225,33.219) sensitivity=0 orientation=0.000 confidence=false] [id=1 state=hold xy=(430.495,-385.797) size=(33.225,33.219) sensitivity=0 orientation=0.000 confidence=false] [id=2 state=hold xy=(341.847,-317.558) size=(16.613,16.610) sensitivity=0 orientation=0.000 confidence=false]
TOUCH t=10.068 device=0 frame=305 count=3 [id=0 state=hold xy=(556.910,-336.581) size=(33.225,33.219) sensitivity=0 orientation=0.000 confidence=false] [id=1 state=hold xy=(431.360,-384.211) size=(33.225,33.219) sensitivity=0 orientation=0.000 confidence=false] [id=2 state=hold xy=(343.000,-316.045) size=(16.613,16.610) sensitivity=0 orientation=0.000 confidence=false]
TOUCH t=10.073 device=0 frame=306 count=3 [id=0 state=hold xy=(558.640,-334.708) size=(33.225,33.219) sensitivity=0 orientation=0.000 confidence=false] [id=1 state=hold xy=(432.369,-382.698) size=(33.225,33.219) sensitivity=0 orientation=0.000 confidence=false] [id=2 state=hold xy=(344.225,-314.532) size=(16.613,16.610) sensitivity=0 orientation=0.000 confidence=false]
TOUCH t=10.079 device=0 frame=307 count=3 [id=0 state=hold xy=(560.441,-332.906) size=(33.225,33.219) sensitivity=0 orientation=0.000 confidence=false] [id=1 state=hold xy=(433.378,-381.185) size=(33.225,33.219) sensitivity=0 orientation=0.000 confidence=false] [id=2 state=hold xy=(345.450,-313.235) size=(16.613,16.610) sensitivity=0 orientation=0.000 confidence=false]
TOUCH t=10.085 device=0 frame=308 count=3 [id=0 state=hold xy=(562.243,-331.393) size=(33.225,33.219) sensitivity=0 orientation=0.000 confidence=false] [id=1 state=hold xy=(434.532,-379.672) size=(33.225,33.219) sensitivity=0 orientation=0.000 confidence=false] [id=2 state=hold xy=(346.892,-312.010) size=(16.613,16.610) sensitivity=0 orientation=0.000 confidence=false]
TOUCH t=10.090 device=0 frame=309 count=3 [id=0 state=hold xy=(564.117,-329.880) size=(33.225,33.219) sensitivity=0 orientation=0.000 confidence=false] [id=1 state=hold xy=(435.757,-378.231) size=(33.225,33.219) sensitivity=0 orientation=0.000 confidence=false] [id=2 state=hold xy=(348.333,-310.857) size=(16.613,16.610) sensitivity=0 orientation=0.000 confidence=false]
TOUCH t=10.095 device=0 frame=310 count=3 [id=0 state=hold xy=(565.919,-328.511) size=(33.225,33.219) sensitivity=0 orientation=0.000 confidence=false] [id=1 state=hold xy=(437.054,-376.789) size=(33.225,33.219) sensitivity=0 orientation=0.000 confidence=false] [id=2 state=hold xy=(349.775,-309.776) size=(16.613,16.610) sensitivity=0 orientation=0.000 confidence=false]
TOUCH t=10.099 device=0 frame=311 count=3 [id=0 state=hold xy=(567.721,-327.214) size=(33.225,33.219) sensitivity=0 orientation=0.000 confidence=false] [id=1 state=hold xy=(438.423,-375.420) size=(33.225,33.219) sensitivity=0 orientation=0.000 confidence=false] [id=2 state=hold xy=(351.288,-308.767) size=(16.613,16.610) sensitivity=0 orientation=0.000 confidence=false]
TOUCH t=10.104 device=0 frame=312 count=3 [id=0 state=hold xy=(569.523,-325.845) size=(33.225,33.219) sensitivity=0 orientation=0.000 confidence=false] [id=1 state=hold xy=(439.793,-374.123) size=(33.225,33.219) sensitivity=0 orientation=0.000 confidence=false] [id=2 state=hold xy=(352.802,-307.830) size=(16.613,16.610) sensitivity=0 orientation=0.000 confidence=false]
TOUCH t=10.109 device=0 frame=313 count=3 [id=0 state=hold xy=(571.252,-324.548) size=(33.225,33.219) sensitivity=0 orientation=0.000 confidence=false] [id=1 state=hold xy=(441.234,-372.826) size=(33.225,33.219) sensitivity=0 orientation=0.000 confidence=false] [id=2 state=hold xy=(354.387,-306.894) size=(16.613,16.610) sensitivity=0 orientation=0.000 confidence=false]
TOUCH t=10.115 device=0 frame=314 count=3 [id=0 state=hold xy=(573.054,-323.323) size=(33.225,33.219) sensitivity=0 orientation=0.000 confidence=false] [id=1 state=hold xy=(442.748,-371.601) size=(33.225,33.219) sensitivity=0 orientation=0.000 confidence=false] [id=2 state=hold xy=(356.045,-306.029) size=(16.613,16.610) sensitivity=0 orientation=0.000 confidence=false]
TOUCH t=10.120 device=0 frame=315 count=3 [id=0 state=hold xy=(574.928,-322.098) size=(33.225,33.219) sensitivity=0 orientation=0.000 confidence=false] [id=1 state=hold xy=(444.405,-370.520) size=(33.225,33.219) sensitivity=0 orientation=0.000 confidence=false] [id=2 state=hold xy=(357.775,-305.092) size=(16.613,16.610) sensitivity=0 orientation=0.000 confidence=false]
TOUCH t=10.125 device=0 frame=316 count=3 [id=0 state=hold xy=(576.802,-321.017) size=(33.225,33.219) sensitivity=0 orientation=0.000 confidence=false] [id=1 state=hold xy=(446.135,-369.440) size=(33.225,33.219) sensitivity=0 orientation=0.000 confidence=false] [id=2 state=hold xy=(359.577,-304.155) size=(16.613,16.610) sensitivity=0 orientation=0.000 confidence=false]
TOUCH t=10.131 device=0 frame=317 count=3 [id=0 state=hold xy=(578.604,-319.936) size=(33.225,33.219) sensitivity=0 orientation=0.000 confidence=false] [id=1 state=hold xy=(448.009,-368.359) size=(33.225,33.219) sensitivity=0 orientation=0.000 confidence=false] [id=2 state=hold xy=(361.378,-303.291) size=(16.613,16.610) sensitivity=0 orientation=0.000 confidence=false]
TOUCH t=10.135 device=0 frame=318 count=3 [id=0 state=hold xy=(580.694,-318.711) size=(33.225,33.219) sensitivity=0 orientation=0.000 confidence=false] [id=1 state=hold xy=(449.883,-367.206) size=(33.225,33.219) sensitivity=0 orientation=0.000 confidence=false] [id=2 state=hold xy=(363.252,-302.426) size=(16.613,16.610) sensitivity=0 orientation=0.000 confidence=false]
TOUCH t=10.141 device=0 frame=319 count=3 [id=0 state=hold xy=(582.856,-317.414) size=(33.225,33.219) sensitivity=0 orientation=0.000 confidence=false] [id=1 state=hold xy=(451.901,-365.981) size=(33.225,33.219) sensitivity=0 orientation=0.000 confidence=false] [id=2 state=hold xy=(365.270,-301.417) size=(33.225,33.219) sensitivity=0 orientation=0.000 confidence=false]
TOUCH t=10.147 device=0 frame=320 count=3 [id=0 state=hold xy=(585.234,-316.045) size=(33.225,33.219) sensitivity=0 orientation=0.000 confidence=false] [id=1 state=hold xy=(454.351,-364.684) size=(33.225,33.219) sensitivity=0 orientation=0.000 confidence=false] [id=2 state=hold xy=(367.505,-300.408) size=(33.225,33.219) sensitivity=0 orientation=0.000 confidence=false]
TOUCH t=10.151 device=0 frame=321 count=3 [id=0 state=hold xy=(587.685,-314.676) size=(33.225,33.219) sensitivity=0 orientation=0.000 confidence=false] [id=1 state=hold xy=(457.090,-363.459) size=(33.225,33.219) sensitivity=0 orientation=0.000 confidence=false] [id=2 state=hold xy=(369.883,-299.400) size=(16.613,16.610) sensitivity=0 orientation=0.000 confidence=false]
TOUCH t=10.157 device=0 frame=322 count=3 [id=0 state=hold xy=(590.207,-313.379) size=(33.225,33.219) sensitivity=0 orientation=0.000 confidence=false] [id=1 state=hold xy=(459.973,-362.234) size=(33.225,33.219) sensitivity=0 orientation=0.000 confidence=false] [id=2 state=hold xy=(372.477,-298.535) size=(16.613,16.610) sensitivity=0 orientation=0.000 confidence=false]
TOUCH t=10.161 device=0 frame=323 count=3 [id=0 state=hold xy=(592.802,-312.154) size=(33.225,33.219) sensitivity=0 orientation=0.000 confidence=false] [id=1 state=hold xy=(462.928,-361.153) size=(33.225,33.219) sensitivity=0 orientation=0.000 confidence=false] [id=2 state=hold xy=(375.144,-297.742) size=(16.613,16.610) sensitivity=0 orientation=0.000 confidence=false]
TOUCH t=10.166 device=0 frame=324 count=3 [id=0 state=hold xy=(595.613,-310.785) size=(33.225,33.219) sensitivity=0 orientation=0.000 confidence=false] [id=1 state=hold xy=(466.027,-360.072) size=(33.225,33.219) sensitivity=0 orientation=0.000 confidence=false] [id=2 state=hold xy=(377.955,-297.022) size=(16.613,16.610) sensitivity=0 orientation=0.000 confidence=false]
TOUCH t=10.172 device=0 frame=325 count=3 [id=0 state=hold xy=(598.712,-309.416) size=(33.225,33.219) sensitivity=0 orientation=0.000 confidence=false] [id=1 state=hold xy=(469.270,-358.775) size=(33.225,33.219) sensitivity=0 orientation=0.000 confidence=false] [id=2 state=hold xy=(380.910,-296.301) size=(16.613,16.610) sensitivity=0 orientation=0.000 confidence=false]
TOUCH t=10.179 device=0 frame=326 count=3 [id=0 state=hold xy=(601.883,-307.974) size=(33.225,33.219) sensitivity=0 orientation=0.000 confidence=false] [id=1 state=hold xy=(472.658,-357.406) size=(33.225,33.219) sensitivity=0 orientation=0.000 confidence=false] [id=2 state=hold xy=(384.009,-295.436) size=(16.613,16.610) sensitivity=0 orientation=0.000 confidence=false]
TOUCH t=10.183 device=0 frame=327 count=3 [id=0 state=hold xy=(605.054,-306.533) size=(33.225,33.219) sensitivity=0 orientation=0.000 confidence=false] [id=1 state=hold xy=(476.117,-356.037) size=(33.225,33.219) sensitivity=0 orientation=0.000 confidence=false] [id=2 state=hold xy=(387.324,-294.572) size=(16.613,16.610) sensitivity=0 orientation=0.000 confidence=false]
TOUCH t=10.188 device=0 frame=328 count=3 [id=0 state=hold xy=(608.297,-305.092) size=(33.225,33.219) sensitivity=0 orientation=0.000 confidence=false] [id=1 state=hold xy=(479.793,-354.740) size=(33.225,33.219) sensitivity=0 orientation=0.000 confidence=false] [id=2 state=hold xy=(390.784,-293.779) size=(16.613,16.610) sensitivity=0 orientation=0.000 confidence=false]
TOUCH t=10.192 device=0 frame=329 count=3 [id=0 state=hold xy=(611.685,-303.435) size=(33.225,33.219) sensitivity=0 orientation=0.000 confidence=false] [id=1 state=hold xy=(483.613,-353.587) size=(33.225,33.219) sensitivity=0 orientation=0.000 confidence=false] [id=2 state=hold xy=(394.243,-293.130) size=(16.613,16.610) sensitivity=0 orientation=0.000 confidence=false]
TOUCH t=10.197 device=0 frame=330 count=3 [id=0 state=hold xy=(615.360,-301.561) size=(33.225,33.219) sensitivity=0 orientation=0.000 confidence=false] [id=1 state=hold xy=(487.360,-352.434) size=(33.225,33.219) sensitivity=0 orientation=0.000 confidence=false] [id=2 state=hold xy=(397.847,-292.554) size=(16.613,16.610) sensitivity=0 orientation=0.000 confidence=false]
TOUCH t=10.202 device=0 frame=331 count=3 [id=0 state=hold xy=(619.685,-299.544) size=(33.225,33.219) sensitivity=0 orientation=0.000 confidence=false] [id=1 state=hold xy=(491.180,-351.209) size=(33.225,33.219) sensitivity=0 orientation=0.000 confidence=false] [id=2 state=hold xy=(401.523,-291.978) size=(16.613,16.610) sensitivity=0 orientation=0.000 confidence=false]
TOUCH t=10.208 device=0 frame=332 count=3 [id=0 state=hold xy=(623.649,-297.814) size=(33.225,33.219) sensitivity=0 orientation=0.000 confidence=false] [id=1 state=hold xy=(495.000,-350.128) size=(33.225,33.219) sensitivity=0 orientation=0.000 confidence=false] [id=2 state=hold xy=(405.198,-291.257) size=(16.613,16.610) sensitivity=0 orientation=0.000 confidence=false]
TOUCH t=10.214 device=0 frame=333 count=3 [id=0 state=hold xy=(627.685,-296.229) size=(33.225,33.219) sensitivity=0 orientation=0.000 confidence=false] [id=1 state=hold xy=(498.964,-349.191) size=(33.225,33.219) sensitivity=0 orientation=0.000 confidence=false] [id=2 state=hold xy=(409.018,-290.681) size=(16.613,16.610) sensitivity=0 orientation=0.000 confidence=false]
TOUCH t=10.219 device=0 frame=334 count=3 [id=0 state=hold xy=(631.649,-294.500) size=(33.225,33.219) sensitivity=0 orientation=0.000 confidence=false] [id=1 state=hold xy=(503.216,-348.255) size=(33.225,33.219) sensitivity=0 orientation=0.000 confidence=false] [id=2 state=hold xy=(412.982,-290.032) size=(16.613,16.610) sensitivity=0 orientation=0.000 confidence=false]
TOUCH t=10.224 device=0 frame=335 count=3 [id=0 state=hold xy=(635.757,-292.770) size=(33.225,33.219) sensitivity=0 orientation=0.000 confidence=false] [id=1 state=hold xy=(507.324,-347.246) size=(33.225,33.219) sensitivity=0 orientation=0.000 confidence=false] [id=2 state=hold xy=(416.946,-289.384) size=(16.613,16.610) sensitivity=0 orientation=0.000 confidence=false]
TOUCH t=10.229 device=0 frame=336 count=3 [id=0 state=hold xy=(639.865,-291.257) size=(33.225,33.219) sensitivity=0 orientation=0.000 confidence=false] [id=1 state=hold xy=(511.505,-346.237) size=(33.225,33.219) sensitivity=0 orientation=0.000 confidence=false] [id=2 state=hold xy=(421.198,-288.951) size=(16.613,16.610) sensitivity=0 orientation=0.000 confidence=false]
TOUCH t=10.233 device=0 frame=337 count=3 [id=0 state=hold xy=(643.901,-289.528) size=(33.225,33.219) sensitivity=0 orientation=0.000 confidence=false] [id=1 state=hold xy=(515.757,-345.084) size=(33.225,33.219) sensitivity=0 orientation=0.000 confidence=false] [id=2 state=hold xy=(425.378,-288.375) size=(16.613,16.610) sensitivity=0 orientation=0.000 confidence=false]
TOUCH t=10.239 device=0 frame=338 count=3 [id=0 state=hold xy=(648.009,-288.086) size=(33.225,33.219) sensitivity=0 orientation=0.000 confidence=false] [id=1 state=hold xy=(520.009,-344.003) size=(33.225,33.219) sensitivity=0 orientation=0.000 confidence=false] [id=2 state=hold xy=(429.486,-287.942) size=(16.613,16.610) sensitivity=0 orientation=0.000 confidence=false]
TOUCH t=10.244 device=0 frame=339 count=3 [id=0 state=hold xy=(651.973,-286.789) size=(16.613,16.610) sensitivity=0 orientation=0.000 confidence=false] [id=1 state=hold xy=(524.333,-342.994) size=(33.225,33.219) sensitivity=0 orientation=0.000 confidence=false] [id=2 state=hold xy=(433.739,-287.510) size=(16.613,16.610) sensitivity=0 orientation=0.000 confidence=false]
TOUCH t=10.249 device=0 frame=340 count=3 [id=0 state=hold xy=(655.937,-285.276) size=(16.613,16.610) sensitivity=0 orientation=0.000 confidence=false] [id=1 state=hold xy=(528.658,-342.130) size=(33.225,33.219) sensitivity=0 orientation=0.000 confidence=false] [id=2 state=hold xy=(437.991,-286.934) size=(16.613,16.610) sensitivity=0 orientation=0.000 confidence=false]
TOUCH t=10.255 device=0 frame=341 count=3 [id=0 state=hold xy=(659.757,-283.835) size=(33.225,33.219) sensitivity=0 orientation=0.000 confidence=false] [id=1 state=hold xy=(532.982,-341.193) size=(33.225,33.219) sensitivity=0 orientation=0.000 confidence=false] [id=2 state=hold xy=(442.243,-286.285) size=(16.613,16.610) sensitivity=0 orientation=0.000 confidence=false]
TOUCH t=10.259 device=0 frame=342 count=3 [id=0 state=hold xy=(663.721,-282.394) size=(33.225,33.219) sensitivity=0 orientation=0.000 confidence=false] [id=1 state=hold xy=(537.162,-340.472) size=(33.225,33.219) sensitivity=0 orientation=0.000 confidence=false] [id=2 state=hold xy=(446.495,-285.853) size=(16.613,16.610) sensitivity=0 orientation=0.000 confidence=false]
TOUCH t=10.264 device=0 frame=343 count=3 [id=0 state=hold xy=(667.685,-280.953) size=(33.225,33.219) sensitivity=0 orientation=0.000 confidence=false] [id=1 state=hold xy=(541.342,-339.752) size=(33.225,33.219) sensitivity=0 orientation=0.000 confidence=false] [id=2 state=hold xy=(450.748,-285.492) size=(16.613,16.610) sensitivity=0 orientation=0.000 confidence=false]
TOUCH t=10.270 device=0 frame=344 count=3 [id=0 state=hold xy=(671.721,-279.728) size=(33.225,33.219) sensitivity=0 orientation=0.000 confidence=false] [id=1 state=hold xy=(545.523,-338.743) size=(33.225,33.219) sensitivity=0 orientation=0.000 confidence=false] [id=2 state=hold xy=(454.928,-285.204) size=(16.613,16.610) sensitivity=0 orientation=0.000 confidence=false]
TOUCH t=10.275 device=0 frame=345 count=3 [id=0 state=hold xy=(675.757,-278.503) size=(33.225,33.219) sensitivity=0 orientation=0.000 confidence=false] [id=1 state=hold xy=(549.703,-338.022) size=(33.225,33.219) sensitivity=0 orientation=0.000 confidence=false] [id=2 state=hold xy=(459.180,-284.916) size=(16.613,16.610) sensitivity=0 orientation=0.000 confidence=false]
TOUCH t=10.280 device=0 frame=346 count=3 [id=0 state=hold xy=(679.649,-277.422) size=(33.225,33.219) sensitivity=0 orientation=0.000 confidence=false] [id=1 state=hold xy=(553.955,-337.518) size=(33.225,33.219) sensitivity=0 orientation=0.000 confidence=false] [id=2 state=hold xy=(463.432,-284.412) size=(16.613,16.610) sensitivity=0 orientation=0.000 confidence=false]
TOUCH t=10.285 device=0 frame=347 count=3 [id=0 state=hold xy=(683.613,-276.269) size=(33.225,33.219) sensitivity=0 orientation=0.000 confidence=false] [id=1 state=hold xy=(558.207,-336.942) size=(33.225,33.219) sensitivity=0 orientation=0.000 confidence=false] [id=2 state=hold xy=(467.613,-284.123) size=(16.613,16.610) sensitivity=0 orientation=0.000 confidence=false]
TOUCH t=10.290 device=0 frame=348 count=3 [id=0 state=hold xy=(687.505,-275.044) size=(33.225,33.219) sensitivity=0 orientation=0.000 confidence=false] [id=1 state=hold xy=(562.459,-336.437) size=(33.225,33.219) sensitivity=0 orientation=0.000 confidence=false] [id=2 state=hold xy=(471.793,-283.763) size=(16.613,16.610) sensitivity=0 orientation=0.000 confidence=false]
TOUCH t=10.296 device=0 frame=349 count=3 [id=0 state=hold xy=(691.396,-273.819) size=(33.225,33.219) sensitivity=0 orientation=0.000 confidence=false] [id=1 state=hold xy=(566.640,-336.077) size=(33.225,33.219) sensitivity=0 orientation=0.000 confidence=false] [id=2 state=hold xy=(475.901,-283.403) size=(16.613,16.610) sensitivity=0 orientation=0.000 confidence=false]
TOUCH t=10.300 device=0 frame=350 count=3 [id=0 state=hold xy=(695.144,-272.666) size=(33.225,33.219) sensitivity=0 orientation=0.000 confidence=false] [id=1 state=hold xy=(570.748,-335.500) size=(33.225,33.219) sensitivity=0 orientation=0.000 confidence=false] [id=2 state=hold xy=(479.937,-283.331) size=(16.613,16.610) sensitivity=0 orientation=0.000 confidence=false]
TOUCH t=10.307 device=0 frame=351 count=3 [id=0 state=hold xy=(698.892,-271.585) size=(33.225,33.219) sensitivity=0 orientation=0.000 confidence=false] [id=1 state=hold xy=(574.784,-335.068) size=(33.225,33.219) sensitivity=0 orientation=0.000 confidence=false] [id=2 state=hold xy=(483.829,-283.042) size=(16.613,16.610) sensitivity=0 orientation=0.000 confidence=false]
TOUCH t=10.312 device=0 frame=352 count=3 [id=0 state=hold xy=(702.423,-270.649) size=(33.225,33.219) sensitivity=0 orientation=0.000 confidence=false] [id=1 state=hold xy=(578.604,-334.708) size=(33.225,33.219) sensitivity=0 orientation=0.000 confidence=false] [id=2 state=hold xy=(487.505,-282.898) size=(16.613,16.610) sensitivity=0 orientation=0.000 confidence=false]
TOUCH t=10.316 device=0 frame=353 count=3 [id=0 state=hold xy=(705.883,-269.712) size=(33.225,33.219) sensitivity=0 orientation=0.000 confidence=false] [id=1 state=hold xy=(582.351,-334.203) size=(33.225,33.219) sensitivity=0 orientation=0.000 confidence=false] [id=2 state=hold xy=(490.892,-282.754) size=(16.613,16.610) sensitivity=0 orientation=0.000 confidence=false]
TOUCH t=10.321 device=0 frame=354 count=3 [id=0 state=hold xy=(709.270,-268.919) size=(33.225,33.219) sensitivity=0 orientation=0.000 confidence=false] [id=1 state=hold xy=(585.883,-333.771) size=(33.225,33.219) sensitivity=0 orientation=0.000 confidence=false] [id=2 state=hold xy=(494.063,-282.754) size=(16.613,16.610) sensitivity=0 orientation=0.000 confidence=false]
TOUCH t=10.327 device=0 frame=355 count=3 [id=0 state=hold xy=(712.513,-268.126) size=(33.225,33.219) sensitivity=0 orientation=0.000 confidence=false] [id=1 state=hold xy=(589.342,-333.411) size=(33.225,33.219) sensitivity=0 orientation=0.000 confidence=false] [id=2 state=hold xy=(497.306,-282.754) size=(16.613,16.610) sensitivity=0 orientation=0.000 confidence=false]
TOUCH t=10.331 device=0 frame=356 count=3 [id=0 state=hold xy=(715.541,-267.406) size=(33.225,33.219) sensitivity=0 orientation=0.000 confidence=false] [id=1 state=hold xy=(592.586,-333.122) size=(33.225,33.219) sensitivity=0 orientation=0.000 confidence=false] [id=2 state=hold xy=(500.405,-282.898) size=(16.613,16.610) sensitivity=0 orientation=0.000 confidence=false]
TOUCH t=10.337 device=0 frame=357 count=3 [id=0 state=hold xy=(718.351,-266.902) size=(33.225,33.219) sensitivity=0 orientation=0.000 confidence=false] [id=1 state=hold xy=(595.613,-332.906) size=(33.225,33.219) sensitivity=0 orientation=0.000 confidence=false] [id=2 state=hold xy=(503.360,-283.115) size=(16.613,16.610) sensitivity=0 orientation=0.000 confidence=false]
TOUCH t=10.343 device=0 frame=358 count=3 [id=0 state=hold xy=(721.018,-266.613) size=(33.225,33.219) sensitivity=0 orientation=0.000 confidence=false] [id=1 state=hold xy=(598.423,-332.834) size=(33.225,33.219) sensitivity=0 orientation=0.000 confidence=false] [id=2 state=hold xy=(506.027,-283.403) size=(16.613,16.610) sensitivity=0 orientation=0.000 confidence=false]
TOUCH t=10.348 device=0 frame=359 count=3 [id=0 state=hold xy=(723.541,-266.325) size=(33.225,33.219) sensitivity=0 orientation=0.000 confidence=false] [id=1 state=hold xy=(601.018,-332.762) size=(33.225,33.219) sensitivity=0 orientation=0.000 confidence=false] [id=2 state=hold xy=(508.477,-283.691) size=(16.613,16.610) sensitivity=0 orientation=0.000 confidence=false]
TOUCH t=10.352 device=0 frame=360 count=3 [id=0 state=hold xy=(725.847,-266.109) size=(33.225,33.219) sensitivity=0 orientation=0.000 confidence=false] [id=1 state=hold xy=(603.396,-332.762) size=(33.225,33.219) sensitivity=0 orientation=0.000 confidence=false] [id=2 state=hold xy=(510.784,-284.123) size=(16.613,16.610) sensitivity=0 orientation=0.000 confidence=false]
TOUCH t=10.357 device=0 frame=361 count=3 [id=0 state=hold xy=(728.009,-265.965) size=(33.225,33.219) sensitivity=0 orientation=0.000 confidence=false] [id=1 state=hold xy=(605.559,-332.906) size=(33.225,33.219) sensitivity=0 orientation=0.000 confidence=false] [id=2 state=hold xy=(512.946,-284.484) size=(16.613,16.610) sensitivity=0 orientation=0.000 confidence=false]
TOUCH t=10.362 device=0 frame=362 count=3 [id=0 state=hold xy=(729.883,-265.821) size=(33.225,33.219) sensitivity=0 orientation=0.000 confidence=false] [id=1 state=hold xy=(607.577,-332.978) size=(33.225,33.219) sensitivity=0 orientation=0.000 confidence=false] [id=2 state=hold xy=(514.964,-284.772) size=(16.613,16.610) sensitivity=0 orientation=0.000 confidence=false]
TOUCH t=10.369 device=0 frame=363 count=3 [id=0 state=hold xy=(731.613,-265.965) size=(33.225,33.219) sensitivity=0 orientation=0.000 confidence=false] [id=1 state=hold xy=(609.378,-333.195) size=(33.225,33.219) sensitivity=0 orientation=0.000 confidence=false] [id=2 state=hold xy=(516.622,-284.916) size=(16.613,16.610) sensitivity=0 orientation=0.000 confidence=false]
TOUCH t=10.374 device=0 frame=364 count=3 [id=0 state=hold xy=(733.198,-266.109) size=(33.225,33.219) sensitivity=0 orientation=0.000 confidence=false] [id=1 state=hold xy=(611.036,-333.483) size=(33.225,33.219) sensitivity=0 orientation=0.000 confidence=false] [id=2 state=hold xy=(518.279,-285.276) size=(16.613,16.610) sensitivity=0 orientation=0.000 confidence=false]
TOUCH t=10.379 device=0 frame=365 count=3 [id=0 state=hold xy=(734.423,-266.325) size=(33.225,33.219) sensitivity=0 orientation=0.000 confidence=false] [id=1 state=hold xy=(612.622,-333.843) size=(33.225,33.219) sensitivity=0 orientation=0.000 confidence=false] [id=2 state=hold xy=(519.865,-285.781) size=(16.613,16.610) sensitivity=0 orientation=0.000 confidence=false]
TOUCH t=10.384 device=0 frame=366 count=3 [id=0 state=hold xy=(735.432,-266.613) size=(33.225,33.219) sensitivity=0 orientation=0.000 confidence=false] [id=1 state=hold xy=(613.919,-334.275) size=(33.225,33.219) sensitivity=0 orientation=0.000 confidence=false] [id=2 state=hold xy=(521.234,-286.285) size=(16.613,16.610) sensitivity=0 orientation=0.000 confidence=false]
TOUCH t=10.389 device=0 frame=367 count=3 [id=0 state=hold xy=(736.225,-266.829) size=(33.225,33.219) sensitivity=0 orientation=0.000 confidence=false] [id=1 state=hold xy=(615.072,-334.636) size=(33.225,33.219) sensitivity=0 orientation=0.000 confidence=false] [id=2 state=hold xy=(522.387,-286.861) size=(16.613,16.610) sensitivity=0 orientation=0.000 confidence=false]
TOUCH t=10.395 device=0 frame=368 count=3 [id=0 state=hold xy=(736.874,-267.118) size=(33.225,33.219) sensitivity=0 orientation=0.000 confidence=false] [id=1 state=hold xy=(615.937,-334.996) size=(33.225,33.219) sensitivity=0 orientation=0.000 confidence=false] [id=2 state=hold xy=(523.396,-287.294) size=(16.613,16.610) sensitivity=0 orientation=0.000 confidence=false]
TOUCH t=10.400 device=0 frame=369 count=3 [id=0 state=hold xy=(737.306,-267.262) size=(16.613,16.610) sensitivity=0 orientation=0.000 confidence=false] [id=1 state=hold xy=(616.586,-335.284) size=(33.225,33.219) sensitivity=0 orientation=0.000 confidence=false] [id=2 state=hold xy=(524.117,-287.726) size=(16.613,16.610) sensitivity=0 orientation=0.000 confidence=false]
TOUCH t=10.405 device=0 frame=370 count=3 [id=0 state=hold xy=(737.955,-267.478) size=(16.613,16.610) sensitivity=0 orientation=0.000 confidence=false] [id=1 state=hold xy=(617.090,-335.500) size=(33.225,33.219) sensitivity=0 orientation=0.000 confidence=false] [id=2 state=hold xy=(524.694,-288.159) size=(16.613,16.610) sensitivity=0 orientation=0.000 confidence=false]
TOUCH t=10.409 device=0 frame=371 count=3 [id=0 state=hold xy=(738.459,-267.694) size=(16.613,16.610) sensitivity=0 orientation=0.000 confidence=false] [id=1 state=hold xy=(617.667,-335.645) size=(33.225,33.219) sensitivity=0 orientation=0.000 confidence=false] [id=2 state=hold xy=(525.126,-288.591) size=(16.613,16.610) sensitivity=0 orientation=0.000 confidence=false]
TOUCH t=10.414 device=0 frame=372 count=3 [id=0 state=hold xy=(738.820,-267.982) size=(16.613,16.610) sensitivity=0 orientation=0.000 confidence=false] [id=1 state=hold xy=(618.171,-335.861) size=(33.225,33.219) sensitivity=0 orientation=0.000 confidence=false] [id=2 state=hold xy=(525.703,-289.023) size=(16.613,16.610) sensitivity=0 orientation=0.000 confidence=false]
TOUCH t=10.419 device=0 frame=373 count=3 [id=0 state=hold xy=(739.108,-268.271) size=(16.613,16.610) sensitivity=0 orientation=0.000 confidence=false] [id=1 state=hold xy=(618.532,-336.149) size=(33.225,33.219) sensitivity=0 orientation=0.000 confidence=false] [id=2 state=hold xy=(526.135,-289.384) size=(16.613,16.610) sensitivity=0 orientation=0.000 confidence=false]
TOUCH t=10.424 device=0 frame=374 count=3 [id=0 state=hold xy=(739.252,-268.559) size=(16.613,16.610) sensitivity=0 orientation=0.000 confidence=false] [id=1 state=hold xy=(618.820,-336.365) size=(33.225,33.219) sensitivity=0 orientation=0.000 confidence=false] [id=2 state=hold xy=(526.423,-289.744) size=(16.613,16.610) sensitivity=0 orientation=0.000 confidence=false]
TOUCH t=10.430 device=0 frame=375 count=3 [id=0 state=hold xy=(739.396,-268.775) size=(16.613,16.610) sensitivity=0 orientation=0.000 confidence=false] [id=1 state=hold xy=(619.036,-336.581) size=(33.225,33.219) sensitivity=0 orientation=0.000 confidence=false] [id=2 state=hold xy=(526.712,-290.032) size=(16.613,16.610) sensitivity=0 orientation=0.000 confidence=false]
TOUCH t=10.435 device=0 frame=376 count=3 [id=0 state=hold xy=(739.396,-268.991) size=(16.613,16.610) sensitivity=0 orientation=0.000 confidence=false] [id=1 state=hold xy=(619.252,-336.797) size=(33.225,33.219) sensitivity=0 orientation=0.000 confidence=false] [id=2 state=hold xy=(526.856,-290.320) size=(16.613,16.610) sensitivity=0 orientation=0.000 confidence=false]
TOUCH t=10.440 device=0 frame=377 count=3 [id=0 state=hold xy=(739.396,-269.207) size=(16.613,16.610) sensitivity=0 orientation=0.000 confidence=false] [id=1 state=hold xy=(619.396,-336.942) size=(33.225,33.219) sensitivity=0 orientation=0.000 confidence=false] [id=2 state=hold xy=(526.928,-290.536) size=(16.613,16.610) sensitivity=0 orientation=0.000 confidence=false]
TOUCH t=10.446 device=0 frame=378 count=3 [id=0 state=hold xy=(739.252,-269.424) size=(16.613,16.610) sensitivity=0 orientation=0.000 confidence=false] [id=1 state=hold xy=(619.396,-337.158) size=(33.225,33.219) sensitivity=0 orientation=0.000 confidence=false] [id=2 state=hold xy=(526.928,-290.753) size=(16.613,16.610) sensitivity=0 orientation=0.000 confidence=false]
TOUCH t=10.450 device=0 frame=379 count=3 [id=0 state=hold xy=(739.108,-269.640) size=(16.613,16.610) sensitivity=0 orientation=0.000 confidence=false] [id=1 state=hold xy=(619.324,-337.374) size=(33.225,33.219) sensitivity=0 orientation=0.000 confidence=false] [id=2 state=hold xy=(526.928,-291.041) size=(16.613,16.610) sensitivity=0 orientation=0.000 confidence=false]
TOUCH t=10.456 device=0 frame=380 count=3 [id=0 state=hold xy=(738.892,-269.856) size=(16.613,16.610) sensitivity=0 orientation=0.000 confidence=false] [id=1 state=hold xy=(619.108,-337.734) size=(33.225,33.219) sensitivity=0 orientation=0.000 confidence=false] [id=2 state=hold xy=(526.928,-291.185) size=(16.613,16.610) sensitivity=0 orientation=0.000 confidence=false]
TOUCH t=10.461 device=0 frame=381 count=3 [id=0 state=hold xy=(738.748,-270.072) size=(33.225,33.219) sensitivity=0 orientation=0.000 confidence=false] [id=1 state=hold xy=(618.892,-338.022) size=(33.225,33.219) sensitivity=0 orientation=0.000 confidence=false] [id=2 state=hold xy=(526.784,-291.473) size=(16.613,16.610) sensitivity=0 orientation=0.000 confidence=false]
TOUCH t=10.466 device=0 frame=382 count=3 [id=0 state=hold xy=(738.532,-270.288) size=(33.225,33.219) sensitivity=0 orientation=0.000 confidence=false] [id=1 state=hold xy=(618.676,-338.239) size=(33.225,33.219) sensitivity=0 orientation=0.000 confidence=false] [id=2 state=hold xy=(526.712,-291.689) size=(16.613,16.610) sensitivity=0 orientation=0.000 confidence=false]
TOUCH t=10.471 device=0 frame=383 count=3 [id=0 state=hold xy=(738.315,-270.504) size=(33.225,33.219) sensitivity=0 orientation=0.000 confidence=false] [id=1 state=hold xy=(618.387,-338.455) size=(33.225,33.219) sensitivity=0 orientation=0.000 confidence=false] [id=2 state=hold xy=(526.568,-291.906) size=(16.613,16.610) sensitivity=0 orientation=0.000 confidence=false]
TOUCH t=10.479 device=0 frame=384 count=3 [id=0 state=hold xy=(738.099,-270.649) size=(33.225,33.219) sensitivity=0 orientation=0.000 confidence=false] [id=1 state=hold xy=(618.171,-338.743) size=(33.225,33.219) sensitivity=0 orientation=0.000 confidence=false] [id=2 state=hold xy=(526.423,-292.194) size=(16.613,16.610) sensitivity=0 orientation=0.000 confidence=false]
TOUCH t=10.481 device=0 frame=385 count=3 [id=0 state=hold xy=(737.811,-270.793) size=(33.225,33.219) sensitivity=0 orientation=0.000 confidence=false] [id=1 state=hold xy=(617.883,-338.959) size=(33.225,33.219) sensitivity=0 orientation=0.000 confidence=false] [id=2 state=hold xy=(526.207,-292.410) size=(16.613,16.610) sensitivity=0 orientation=0.000 confidence=false]
TOUCH t=10.486 device=0 frame=386 count=3 [id=0 state=hold xy=(737.523,-270.937) size=(33.225,33.219) sensitivity=0 orientation=0.000 confidence=false] [id=1 state=hold xy=(617.667,-339.247) size=(33.225,33.219) sensitivity=0 orientation=0.000 confidence=false] [id=2 state=hold xy=(525.991,-292.698) size=(16.613,16.610) sensitivity=0 orientation=0.000 confidence=false]
TOUCH t=10.491 device=0 frame=387 count=3 [id=0 state=hold xy=(737.234,-271.153) size=(33.225,33.219) sensitivity=0 orientation=0.000 confidence=false] [id=1 state=hold xy=(617.378,-339.464) size=(33.225,33.219) sensitivity=0 orientation=0.000 confidence=false] [id=2 state=hold xy=(525.703,-293.058) size=(16.613,16.610) sensitivity=0 orientation=0.000 confidence=false]
TOUCH t=10.498 device=0 frame=388 count=3 [id=0 state=hold xy=(736.946,-271.297) size=(33.225,33.219) sensitivity=0 orientation=0.000 confidence=false] [id=1 state=hold xy=(617.162,-339.680) size=(33.225,33.219) sensitivity=0 orientation=0.000 confidence=false] [id=2 state=hold xy=(525.270,-293.491) size=(16.613,16.610) sensitivity=0 orientation=0.000 confidence=false]
TOUCH t=10.503 device=0 frame=389 count=3 [id=0 state=hold xy=(736.586,-271.513) size=(33.225,33.219) sensitivity=0 orientation=0.000 confidence=false] [id=1 state=hold xy=(616.874,-339.896) size=(33.225,33.219) sensitivity=0 orientation=0.000 confidence=false] [id=2 state=hold xy=(524.838,-293.923) size=(16.613,16.610) sensitivity=0 orientation=0.000 confidence=false]
TOUCH t=10.507 device=0 frame=390 count=3 [id=0 state=hold xy=(736.153,-271.729) size=(33.225,33.219) sensitivity=0 orientation=0.000 confidence=false] [id=1 state=hold xy=(616.658,-340.040) size=(33.225,33.219) sensitivity=0 orientation=0.000 confidence=false] [id=2 state=hold xy=(524.261,-294.355) size=(16.613,16.610) sensitivity=0 orientation=0.000 confidence=false]
TOUCH t=10.513 device=0 frame=391 count=3 [id=0 state=hold xy=(735.721,-271.946) size=(33.225,33.219) sensitivity=0 orientation=0.000 confidence=false] [id=1 state=hold xy=(616.369,-340.184) size=(33.225,33.219) sensitivity=0 orientation=0.000 confidence=false] [id=2 state=hold xy=(523.613,-294.932) size=(16.613,16.610) sensitivity=0 orientation=0.000 confidence=false]
TOUCH t=10.517 device=0 frame=392 count=3 [id=0 state=hold xy=(735.072,-272.306) size=(33.225,33.219) sensitivity=0 orientation=0.000 confidence=false] [id=1 state=hold xy=(616.081,-340.400) size=(33.225,33.219) sensitivity=0 orientation=0.000 confidence=false] [id=2 state=hold xy=(522.892,-295.436) size=(16.613,16.610) sensitivity=0 orientation=0.000 confidence=false]
TOUCH t=10.522 device=0 frame=393 count=3 [id=0 state=hold xy=(734.279,-272.810) size=(16.613,16.610) sensitivity=0 orientation=0.000 confidence=false] [id=1 state=hold xy=(615.793,-340.544) size=(33.225,33.219) sensitivity=0 orientation=0.000 confidence=false] [id=2 state=hold xy=(522.099,-296.013) size=(16.613,16.610) sensitivity=0 orientation=0.000 confidence=false]
TOUCH t=10.528 device=0 frame=394 count=3 [id=0 state=hold xy=(733.342,-273.387) size=(16.613,16.610) sensitivity=0 orientation=0.000 confidence=false] [id=1 state=hold xy=(615.505,-340.761) size=(33.225,33.219) sensitivity=0 orientation=0.000 confidence=false] [id=2 state=hold xy=(521.234,-296.589) size=(16.613,16.610) sensitivity=0 orientation=0.000 confidence=false]
TOUCH t=10.533 device=0 frame=395 count=3 [id=0 state=hold xy=(732.261,-274.107) size=(16.613,16.610) sensitivity=0 orientation=0.000 confidence=false] [id=1 state=hold xy=(615.072,-340.977) size=(33.225,33.219) sensitivity=0 orientation=0.000 confidence=false] [id=2 state=hold xy=(520.225,-297.166) size=(16.613,16.610) sensitivity=0 orientation=0.000 confidence=false]
TOUCH t=10.538 device=0 frame=396 count=3 [id=0 state=hold xy=(730.964,-274.972) size=(16.613,16.610) sensitivity=0 orientation=0.000 confidence=false] [id=1 state=hold xy=(614.568,-341.265) size=(33.225,33.219) sensitivity=0 orientation=0.000 confidence=false] [id=2 state=hold xy=(519.072,-297.886) size=(16.613,16.610) sensitivity=0 orientation=0.000 confidence=false]
TOUCH t=10.543 device=0 frame=397 count=3 [id=0 state=hold xy=(729.450,-275.981) size=(16.613,16.610) sensitivity=0 orientation=0.000 confidence=false] [id=1 state=hold xy=(613.847,-341.697) size=(33.225,33.219) sensitivity=0 orientation=0.000 confidence=false] [id=2 state=hold xy=(517.775,-298.607) size=(16.613,16.610) sensitivity=0 orientation=0.000 confidence=false]
TOUCH t=10.548 device=0 frame=398 count=3 [id=0 state=hold xy=(727.649,-277.062) size=(33.225,33.219) sensitivity=0 orientation=0.000 confidence=false] [id=1 state=hold xy=(612.838,-342.274) size=(33.225,33.219) sensitivity=0 orientation=0.000 confidence=false] [id=2 state=hold xy=(516.405,-299.472) size=(16.613,16.610) sensitivity=0 orientation=0.000 confidence=false]
TOUCH t=10.553 device=0 frame=399 count=3 [id=0 state=hold xy=(725.775,-278.287) size=(33.225,33.219) sensitivity=0 orientation=0.000 confidence=false] [id=1 state=hold xy=(611.541,-343.066) size=(33.225,33.219) sensitivity=0 orientation=0.000 confidence=false] [id=2 state=hold xy=(514.892,-300.480) size=(16.613,16.610) sensitivity=0 orientation=0.000 confidence=false]
TOUCH t=10.561 device=0 frame=400 count=3 [id=0 state=hold xy=(723.685,-279.656) size=(33.225,33.219) sensitivity=0 orientation=0.000 confidence=false] [id=1 state=hold xy=(609.955,-343.931) size=(33.225,33.219) sensitivity=0 orientation=0.000 confidence=false] [id=2 state=hold xy=(513.162,-301.561) size=(16.613,16.610) sensitivity=0 orientation=0.000 confidence=false]
TOUCH t=10.564 device=0 frame=401 count=3 [id=0 state=hold xy=(721.378,-281.097) size=(33.225,33.219) sensitivity=0 orientation=0.000 confidence=false] [id=1 state=hold xy=(608.153,-345.012) size=(33.225,33.219) sensitivity=0 orientation=0.000 confidence=false] [id=2 state=hold xy=(511.288,-302.642) size=(16.613,16.610) sensitivity=0 orientation=0.000 confidence=false]
TOUCH t=10.569 device=0 frame=402 count=3 [id=0 state=hold xy=(718.928,-282.610) size=(33.225,33.219) sensitivity=0 orientation=0.000 confidence=false] [id=1 state=hold xy=(606.063,-346.237) size=(33.225,33.219) sensitivity=0 orientation=0.000 confidence=false] [id=2 state=hold xy=(509.126,-303.867) size=(16.613,16.610) sensitivity=0 orientation=0.000 confidence=false]
TOUCH t=10.575 device=0 frame=403 count=3 [id=0 state=hold xy=(714.387,-285.204) size=(16.613,16.610) sensitivity=0 orientation=0.000 confidence=false] [id=1 state=hold xy=(603.757,-347.606) size=(33.225,33.219) sensitivity=0 orientation=0.000 confidence=false] [id=2 state=hold xy=(506.748,-305.092) size=(16.613,16.610) sensitivity=0 orientation=0.000 confidence=false]
TOUCH t=10.580 device=0 frame=404 count=3 [id=0 state=hold xy=(710.063,-287.726) size=(33.225,33.219) sensitivity=0 orientation=0.000 confidence=false] [id=1 state=hold xy=(601.162,-349.119) size=(33.225,33.219) sensitivity=0 orientation=0.000 confidence=false] [id=2 state=hold xy=(502.351,-307.038) size=(16.613,16.610) sensitivity=0 orientation=0.000 confidence=false]
TOUCH t=10.584 device=0 frame=405 count=3 [id=0 state=hold xy=(705.883,-290.248) size=(33.225,33.219) sensitivity=0 orientation=0.000 confidence=false] [id=1 state=hold xy=(596.261,-351.857) size=(33.225,33.219) sensitivity=0 orientation=0.000 confidence=false] [id=2 state=hold xy=(498.171,-308.911) size=(16.613,16.610) sensitivity=0 orientation=0.000 confidence=false]
TOUCH t=10.590 device=0 frame=406 count=3 [id=0 state=hold xy=(700.622,-293.347) size=(33.225,33.219) sensitivity=0 orientation=0.000 confidence=false] [id=1 state=hold xy=(591.505,-354.668) size=(33.225,33.219) sensitivity=0 orientation=0.000 confidence=false] [id=2 state=hold xy=(494.135,-310.713) size=(16.613,16.610) sensitivity=0 orientation=0.000 confidence=false]
TOUCH t=10.596 device=0 frame=407 count=3 [id=0 state=hold xy=(695.793,-296.445) size=(33.225,33.219) sensitivity=0 orientation=0.000 confidence=false] [id=1 state=hold xy=(585.378,-358.271) size=(33.225,33.219) sensitivity=0 orientation=0.000 confidence=false] [id=2 state=hold xy=(488.946,-312.874) size=(16.613,16.610) sensitivity=0 orientation=0.000 confidence=false]
TOUCH t=10.600 device=0 frame=408 count=3 [id=0 state=hold xy=(691.252,-299.544) size=(33.225,33.219) sensitivity=0 orientation=0.000 confidence=false] [id=1 state=hold xy=(579.901,-361.369) size=(33.225,33.219) sensitivity=0 orientation=0.000 confidence=false] [id=2 state=hold xy=(484.189,-314.964) size=(16.613,16.610) sensitivity=0 orientation=0.000 confidence=false]
TOUCH t=10.606 device=0 frame=409 count=3 [id=0 state=hold xy=(685.919,-303.435) size=(16.613,16.610) sensitivity=0 orientation=0.000 confidence=false] [id=1 state=hold xy=(574.784,-364.179) size=(33.225,33.219) sensitivity=0 orientation=0.000 confidence=false] [id=2 state=hold xy=(479.649,-317.054) size=(16.613,16.610) sensitivity=0 orientation=0.000 confidence=false]
TOUCH t=10.611 device=0 frame=410 count=3 [id=0 state=hold xy=(681.811,-306.389) size=(16.613,16.610) sensitivity=0 orientation=0.000 confidence=false] [id=1 state=hold xy=(568.730,-367.566) size=(33.225,33.219) sensitivity=0 orientation=0.000 confidence=false] [id=2 state=hold xy=(475.252,-319.215) size=(16.613,16.610) sensitivity=0 orientation=0.000 confidence=false]
TOUCH t=10.615 device=0 frame=411 count=3 [id=0 state=hold xy=(677.631,-309.416) size=(16.613,16.610) sensitivity=0 orientation=0.000 confidence=false] [id=1 state=hold xy=(564.261,-370.160) size=(33.225,33.219) sensitivity=0 orientation=0.000 confidence=false] [id=2 state=hold xy=(470.279,-321.809) size=(16.613,16.610) sensitivity=0 orientation=0.000 confidence=false]
TOUCH t=10.620 device=0 frame=412 count=3 [id=0 state=hold xy=(673.162,-312.586) size=(16.613,16.610) sensitivity=0 orientation=0.000 confidence=false] [id=1 state=hold xy=(559.577,-373.187) size=(33.225,33.219) sensitivity=0 orientation=0.000 confidence=false] [id=2 state=hold xy=(465.955,-323.827) size=(16.613,16.610) sensitivity=0 orientation=0.000 confidence=false]
TOUCH t=10.628 device=0 frame=413 count=3 [id=0 state=hold xy=(668.333,-316.045) size=(16.613,16.610) sensitivity=0 orientation=0.000 confidence=false] [id=1 state=hold xy=(554.676,-376.213) size=(33.225,33.219) sensitivity=0 orientation=0.000 confidence=false] [id=2 state=hold xy=(461.342,-325.773) size=(16.613,16.610) sensitivity=0 orientation=0.000 confidence=false]
TOUCH t=10.632 device=0 frame=414 count=3 [id=0 state=hold xy=(663.360,-319.792) size=(16.613,16.610) sensitivity=0 orientation=0.000 confidence=false] [id=1 state=hold xy=(549.631,-379.167) size=(33.225,33.219) sensitivity=0 orientation=0.000 confidence=false] [id=2 state=hold xy=(456.441,-327.934) size=(16.613,16.610) sensitivity=0 orientation=0.000 confidence=false]
TOUCH t=10.636 device=0 frame=415 count=3 [id=0 state=hold xy=(658.243,-323.683) size=(16.613,16.610) sensitivity=0 orientation=0.000 confidence=false] [id=1 state=hold xy=(544.369,-382.338) size=(33.225,33.219) sensitivity=0 orientation=0.000 confidence=false] [id=2 state=hold xy=(451.324,-329.880) size=(16.613,16.610) sensitivity=0 orientation=0.000 confidence=false]
TOUCH t=10.641 device=0 frame=416 count=3 [id=0 state=hold xy=(652.982,-327.574) size=(16.613,16.610) sensitivity=0 orientation=0.000 confidence=false] [id=1 state=hold xy=(538.964,-385.364) size=(33.225,33.219) sensitivity=0 orientation=0.000 confidence=false] [id=2 state=hold xy=(445.991,-332.186) size=(16.613,16.610) sensitivity=0 orientation=0.000 confidence=false]
TOUCH t=10.646 device=0 frame=417 count=3 [id=0 state=hold xy=(647.649,-331.609) size=(16.613,16.610) sensitivity=0 orientation=0.000 confidence=false] [id=1 state=hold xy=(533.342,-388.391) size=(33.225,33.219) sensitivity=0 orientation=0.000 confidence=false] [id=2 state=hold xy=(440.441,-334.996) size=(16.613,16.610) sensitivity=0 orientation=0.000 confidence=false]
TOUCH t=10.651 device=0 frame=418 count=3 [id=0 state=hold xy=(642.099,-335.789) size=(16.613,16.610) sensitivity=0 orientation=0.000 confidence=false] [id=1 state=hold xy=(527.505,-391.922) size=(33.225,33.219) sensitivity=0 orientation=0.000 confidence=false] [id=2 state=hold xy=(434.964,-337.734) size=(16.613,16.610) sensitivity=0 orientation=0.000 confidence=false]
TOUCH t=10.656 device=0 frame=419 count=3 [id=0 state=hold xy=(636.261,-340.112) size=(16.613,16.610) sensitivity=0 orientation=0.000 confidence=false] [id=1 state=hold xy=(521.523,-395.452) size=(33.225,33.219) sensitivity=0 orientation=0.000 confidence=false] [id=2 state=hold xy=(429.198,-340.905) size=(16.613,16.610) sensitivity=0 orientation=0.000 confidence=false]
TOUCH t=10.663 device=0 frame=420 count=3 [id=0 state=hold xy=(630.423,-344.724) size=(16.613,16.610) sensitivity=0 orientation=0.000 confidence=false] [id=1 state=hold xy=(515.252,-399.055) size=(33.225,33.219) sensitivity=0 orientation=0.000 confidence=false] [id=2 state=hold xy=(423.144,-343.859) size=(16.613,16.610) sensitivity=0 orientation=0.000 confidence=false]
TOUCH t=10.667 device=0 frame=421 count=3 [id=0 state=hold xy=(624.153,-349.552) size=(16.613,16.610) sensitivity=0 orientation=0.000 confidence=false] [id=1 state=hold xy=(508.622,-402.946) size=(33.225,33.219) sensitivity=0 orientation=0.000 confidence=false] [id=2 state=hold xy=(416.946,-346.525) size=(16.613,16.610) sensitivity=0 orientation=0.000 confidence=false]
TOUCH t=10.673 device=0 frame=422 count=3 [id=0 state=hold xy=(617.739,-354.740) size=(33.225,33.219) sensitivity=0 orientation=0.000 confidence=false] [id=1 state=hold xy=(501.775,-407.054) size=(33.225,33.219) sensitivity=0 orientation=0.000 confidence=false] [id=2 state=hold xy=(410.387,-349.335) size=(16.613,16.610) sensitivity=0 orientation=0.000 confidence=false]
TOUCH t=10.680 device=0 frame=423 count=3 [id=0 state=hold xy=(611.180,-359.928) size=(33.225,33.219) sensitivity=0 orientation=0.000 confidence=false] [id=1 state=hold xy=(494.712,-411.233) size=(33.225,33.219) sensitivity=0 orientation=0.000 confidence=false] [id=2 state=hold xy=(403.757,-352.290) size=(16.613,16.610) sensitivity=0 orientation=0.000 confidence=false]
TOUCH t=10.683 device=0 frame=424 count=3 [id=0 state=hold xy=(604.261,-365.260) size=(33.225,33.219) sensitivity=0 orientation=0.000 confidence=false] [id=1 state=hold xy=(487.432,-415.340) size=(33.225,33.219) sensitivity=0 orientation=0.000 confidence=false] [id=2 state=hold xy=(396.982,-355.677) size=(16.613,16.610) sensitivity=0 orientation=0.000 confidence=false]
TOUCH t=10.688 device=0 frame=425 count=3 [id=0 state=hold xy=(597.270,-370.737) size=(33.225,33.219) sensitivity=0 orientation=0.000 confidence=false] [id=1 state=hold xy=(480.153,-419.303) size=(33.225,33.219) sensitivity=0 orientation=0.000 confidence=false] [id=2 state=hold xy=(389.991,-359.063) size=(16.613,16.610) sensitivity=0 orientation=0.000 confidence=false]
TOUCH t=10.694 device=0 frame=426 count=3 [id=0 state=hold xy=(590.135,-376.069) size=(33.225,33.219) sensitivity=0 orientation=0.000 confidence=false] [id=1 state=hold xy=(472.586,-423.411) size=(33.225,33.219) sensitivity=0 orientation=0.000 confidence=false] [id=2 state=hold xy=(382.928,-362.450) size=(16.613,16.610) sensitivity=0 orientation=0.000 confidence=false]
TOUCH t=10.698 device=0 frame=427 count=3 [id=0 state=hold xy=(582.640,-381.689) size=(33.225,33.219) sensitivity=0 orientation=0.000 confidence=false] [id=1 state=hold xy=(465.018,-427.662) size=(33.225,33.219) sensitivity=0 orientation=0.000 confidence=false] [id=2 state=hold xy=(375.577,-365.837) size=(16.613,16.610) sensitivity=0 orientation=0.000 confidence=false]
TOUCH t=10.704 device=0 frame=428 count=3 [id=0 state=hold xy=(575.144,-387.310) size=(16.613,16.610) sensitivity=0 orientation=0.000 confidence=false] [id=1 state=hold xy=(457.234,-431.986) size=(33.225,33.219) sensitivity=0 orientation=0.000 confidence=false] [id=2 state=hold xy=(368.153,-369.295) size=(16.613,16.610) sensitivity=0 orientation=0.000 confidence=false]
TOUCH t=10.708 device=0 frame=429 count=3 [id=0 state=hold xy=(567.649,-392.642) size=(16.613,16.610) sensitivity=0 orientation=0.000 confidence=false] [id=1 state=hold xy=(449.378,-436.381) size=(33.225,33.219) sensitivity=0 orientation=0.000 confidence=false] [id=2 state=hold xy=(360.658,-372.898) size=(16.613,16.610) sensitivity=0 orientation=0.000 confidence=false]
TOUCH t=10.713 device=0 frame=430 count=3 [id=0 state=hold xy=(560.081,-397.830) size=(16.613,16.610) sensitivity=0 orientation=0.000 confidence=false] [id=1 state=hold xy=(441.306,-440.705) size=(33.225,33.219) sensitivity=0 orientation=0.000 confidence=false] [id=2 state=hold xy=(352.946,-376.573) size=(16.613,16.610) sensitivity=0 orientation=0.000 confidence=false]
TOUCH t=10.718 device=0 frame=431 count=3 [id=0 state=hold xy=(552.513,-403.235) size=(16.613,16.610) sensitivity=0 orientation=0.000 confidence=false] [id=1 state=hold xy=(432.946,-445.028) size=(33.225,33.219) sensitivity=0 orientation=0.000 confidence=false] [id=2 state=hold xy=(345.234,-380.248) size=(16.613,16.610) sensitivity=0 orientation=0.000 confidence=false]
TOUCH t=10.724 device=0 frame=432 count=3 [id=0 state=hold xy=(544.802,-408.423) size=(16.613,16.610) sensitivity=0 orientation=0.000 confidence=false] [id=1 state=hold xy=(424.441,-449.496) size=(16.613,16.610) sensitivity=0 orientation=0.000 confidence=false] [id=2 state=hold xy=(337.378,-383.563) size=(16.613,16.610) sensitivity=0 orientation=0.000 confidence=false]
TOUCH t=10.730 device=0 frame=433 count=3 [id=0 state=hold xy=(536.802,-413.755) size=(16.613,16.610) sensitivity=0 orientation=0.000 confidence=false] [id=1 state=hold xy=(415.649,-453.963) size=(16.613,16.610) sensitivity=0 orientation=0.000 confidence=false] [id=2 state=hold xy=(329.450,-386.950) size=(16.613,16.610) sensitivity=0 orientation=0.000 confidence=false]
TOUCH t=10.734 device=0 frame=434 count=3 [id=0 state=hold xy=(528.297,-419.159) size=(16.613,16.610) sensitivity=0 orientation=0.000 confidence=false] [id=1 state=hold xy=(406.784,-458.359) size=(16.613,16.610) sensitivity=0 orientation=0.000 confidence=false] [id=2 state=hold xy=(321.378,-390.552) size=(16.613,16.610) sensitivity=0 orientation=0.000 confidence=false]
TOUCH t=10.740 device=0 frame=435 count=3 [id=0 state=hold xy=(519.721,-424.420) size=(16.613,16.610) sensitivity=0 orientation=0.000 confidence=false] [id=1 state=hold xy=(397.919,-462.754) size=(33.225,33.219) sensitivity=0 orientation=0.000 confidence=false] [id=2 state=hold xy=(313.306,-394.083) size=(16.613,16.610) sensitivity=0 orientation=0.000 confidence=false]
TOUCH t=10.745 device=0 frame=436 count=3 [id=0 state=hold xy=(510.928,-429.752) size=(16.613,16.610) sensitivity=0 orientation=0.000 confidence=false] [id=1 state=hold xy=(389.054,-466.861) size=(33.225,33.219) sensitivity=0 orientation=0.000 confidence=false] [id=2 state=hold xy=(304.874,-397.686) size=(16.613,16.610) sensitivity=0 orientation=0.000 confidence=false]
TOUCH t=10.749 device=0 frame=437 count=3 [id=0 state=hold xy=(501.991,-434.940) size=(16.613,16.610) sensitivity=0 orientation=0.000 confidence=false] [id=1 state=hold xy=(380.045,-471.041) size=(33.225,33.219) sensitivity=0 orientation=0.000 confidence=false] [id=2 state=hold xy=(296.441,-401.073) size=(16.613,16.610) sensitivity=0 orientation=0.000 confidence=false]
TOUCH t=10.756 device=0 frame=438 count=3 [id=0 state=hold xy=(493.054,-440.128) size=(16.613,16.610) sensitivity=0 orientation=0.000 confidence=false] [id=1 state=hold xy=(370.892,-475.004) size=(16.613,16.610) sensitivity=0 orientation=0.000 confidence=false] [id=2 state=hold xy=(287.793,-404.388) size=(16.613,16.610) sensitivity=0 orientation=0.000 confidence=false]
TOUCH t=10.762 device=0 frame=439 count=3 [id=0 state=hold xy=(484.045,-445.172) size=(16.613,16.610) sensitivity=0 orientation=0.000 confidence=false] [id=1 state=hold xy=(361.523,-478.751) size=(16.613,16.610) sensitivity=0 orientation=0.000 confidence=false] [id=2 state=hold xy=(279.288,-408.062) size=(16.613,16.610) sensitivity=0 orientation=0.000 confidence=false]
TOUCH t=10.765 device=0 frame=440 count=3 [id=0 state=hold xy=(474.820,-450.144) size=(16.613,16.610) sensitivity=0 orientation=0.000 confidence=false] [id=1 state=hold xy=(352.081,-482.426) size=(16.613,16.610) sensitivity=0 orientation=0.000 confidence=false] [id=2 state=hold xy=(270.712,-411.882) size=(16.613,16.610) sensitivity=0 orientation=0.000 confidence=false]
TOUCH t=10.771 device=0 frame=441 count=3 [id=0 state=hold xy=(465.450,-454.828) size=(16.613,16.610) sensitivity=0 orientation=0.000 confidence=false] [id=1 state=hold xy=(342.640,-486.029) size=(16.613,16.610) sensitivity=0 orientation=0.000 confidence=false] [id=2 state=hold xy=(261.847,-415.556) size=(16.613,16.610) sensitivity=0 orientation=0.000 confidence=false]
TOUCH t=10.775 device=0 frame=442 count=3 [id=0 state=hold xy=(455.865,-459.440) size=(16.613,16.610) sensitivity=0 orientation=0.000 confidence=false] [id=1 state=hold xy=(333.342,-489.343) size=(16.613,16.610) sensitivity=0 orientation=0.000 confidence=false] [id=2 state=hold xy=(253.198,-419.087) size=(16.613,16.610) sensitivity=0 orientation=0.000 confidence=false]
TOUCH t=10.781 device=0 frame=443 count=3 [id=0 state=hold xy=(446.135,-463.835) size=(16.613,16.610) sensitivity=0 orientation=0.000 confidence=false] [id=1 state=hold xy=(323.901,-492.586) size=(16.613,16.610) sensitivity=0 orientation=0.000 confidence=false] [id=2 state=hold xy=(244.261,-422.330) size=(16.613,16.610) sensitivity=0 orientation=0.000 confidence=false]
TOUCH t=10.786 device=0 frame=444 count=3 [id=0 state=hold xy=(436.333,-468.086) size=(16.613,16.610) sensitivity=0 orientation=0.000 confidence=false] [id=1 state=hold xy=(314.459,-495.757) size=(16.613,16.610) sensitivity=0 orientation=0.000 confidence=false] [id=2 state=up xy=(235.324,-425.284) size=(16.613,16.610) sensitivity=0 orientation=0.000 confidence=false]
TOUCH t=10.790 device=0 frame=445 count=2 [id=0 state=hold xy=(426.315,-471.906) size=(16.613,16.610) sensitivity=0 orientation=0.000 confidence=false] [id=1 state=hold xy=(304.874,-498.711) size=(16.613,16.610) sensitivity=0 orientation=0.000 confidence=false]
TOUCH t=10.795 device=0 frame=446 count=2 [id=0 state=hold xy=(416.441,-475.436) size=(16.613,16.610) sensitivity=0 orientation=0.000 confidence=false] [id=1 state=hold xy=(295.216,-501.593) size=(16.613,16.610) sensitivity=0 orientation=0.000 confidence=false]
TOUCH t=10.800 device=0 frame=447 count=2 [id=0 state=hold xy=(406.640,-478.967) size=(16.613,16.610) sensitivity=0 orientation=0.000 confidence=false] [id=1 state=up xy=(285.703,-504.404) size=(16.613,16.610) sensitivity=0 orientation=0.000 confidence=false]
TOUCH t=10.806 device=0 frame=448 count=1 [id=0 state=hold xy=(396.838,-482.426) size=(16.613,16.610) sensitivity=0 orientation=0.000 confidence=false]
TOUCH t=10.810 device=0 frame=449 count=1 [id=0 state=hold xy=(387.252,-486.173) size=(16.613,16.610) sensitivity=0 orientation=0.000 confidence=false]
TOUCH t=10.815 device=0 frame=450 count=1 [id=0 state=up xy=(377.739,-490.136) size=(16.613,16.610) sensitivity=0 orientation=0.000 confidence=false]
TOUCH t=15.002 device=0 frame=1 count=1 [id=0 state=down xy=(665.595,-535.460) size=(16.613,16.610) sensitivity=0 orientation=0.000 confidence=true]
TOUCH t=15.007 device=0 frame=2 count=2 [id=0 state=hold xy=(665.595,-535.460) size=(16.613,16.610) sensitivity=0 orientation=0.000 confidence=true] [id=1 state=down xy=(759.505,-502.242) size=(16.613,16.610) sensitivity=0 orientation=0.000 confidence=true]
TOUCH t=15.013 device=0 frame=3 count=2 [id=0 state=hold xy=(665.595,-535.460) size=(16.613,16.610) sensitivity=0 orientation=0.000 confidence=true] [id=1 state=hold xy=(759.505,-502.314) size=(16.613,16.610) sensitivity=0 orientation=0.000 confidence=true]
TOUCH t=15.018 device=0 frame=4 count=2 [id=0 state=hold xy=(665.595,-535.388) size=(16.613,16.610) sensitivity=0 orientation=0.000 confidence=true] [id=1 state=hold xy=(759.505,-502.242) size=(16.613,16.610) sensitivity=0 orientation=0.000 confidence=true]
TOUCH t=15.022 device=0 frame=5 count=2 [id=0 state=hold xy=(665.595,-535.316) size=(16.613,16.610) sensitivity=0 orientation=0.000 confidence=true] [id=1 state=hold xy=(759.505,-502.170) size=(16.613,16.610) sensitivity=0 orientation=0.000 confidence=true]
TOUCH t=15.028 device=0 frame=6 count=2 [id=0 state=hold xy=(665.667,-535.244) size=(16.613,16.610) sensitivity=0 orientation=0.000 confidence=true] [id=1 state=hold xy=(759.505,-502.026) size=(16.613,16.610) sensitivity=0 orientation=0.000 confidence=true]
TOUCH t=15.033 device=0 frame=7 count=2 [id=0 state=hold xy=(665.667,-535.172) size=(33.225,33.219) sensitivity=0 orientation=0.000 confidence=true] [id=1 state=hold xy=(759.577,-501.954) size=(16.613,16.610) sensitivity=0 orientation=0.000 confidence=true]
TOUCH t=15.038 device=0 frame=8 count=2 [id=0 state=hold xy=(665.667,-535.028) size=(33.225,33.219) sensitivity=0 orientation=0.000 confidence=true] [id=1 state=hold xy=(759.577,-501.737) size=(16.613,16.610) sensitivity=0 orientation=0.000 confidence=true]
TOUCH t=15.044 device=0 frame=9 count=2 [id=0 state=hold xy=(665.739,-534.884) size=(33.225,33.219) sensitivity=0 orientation=0.000 confidence=true] [id=1 state=hold xy=(759.505,-501.593) size=(16.613,16.610) sensitivity=0 orientation=0.000 confidence=true]
TOUCH t=15.049 device=0 frame=10 count=2 [id=0 state=hold xy=(665.739,-534.668) size=(33.225,33.219) sensitivity=0 orientation=0.000 confidence=true] [id=1 state=hold xy=(759.505,-501.377) size=(16.613,16.610) sensitivity=0 orientation=0.000 confidence=true]
TOUCH t=15.053 device=0 frame=11 count=2 [id=0 state=hold xy=(665.883,-534.091) size=(33.225,33.219) sensitivity=0 orientation=0.000 confidence=true] [id=1 state=hold xy=(759.432,-500.801) size=(16.613,16.610) sensitivity=0 orientation=0.000 confidence=true]
TOUCH t=15.058 device=0 frame=12 count=2 [id=0 state=hold xy=(665.955,-533.443) size=(33.225,33.219) sensitivity=0 orientation=0.000 confidence=true] [id=1 state=hold xy=(759.360,-500.224) size=(16.613,16.610) sensitivity=0 orientation=0.000 confidence=true]
TOUCH t=15.064 device=0 frame=13 count=2 [id=0 state=hold xy=(666.027,-532.794) size=(33.225,33.219) sensitivity=0 orientation=0.000 confidence=true] [id=1 state=hold xy=(759.216,-499.576) size=(16.613,16.610) sensitivity=0 orientation=0.000 confidence=true]
TOUCH t=15.069 device=0 frame=14 count=2 [id=0 state=hold xy=(666.027,-532.218) size=(33.225,33.219) sensitivity=0 orientation=0.000 confidence=true] [id=1 state=hold xy=(759.072,-498.999) size=(16.613,16.610) sensitivity=0 orientation=0.000 confidence=true]
TOUCH t=15.074 device=0 frame=15 count=2 [id=0 state=hold xy=(666.027,-531.641) size=(33.225,33.219) sensitivity=0 orientation=0.000 confidence=true] [id=1 state=hold xy=(758.856,-498.423) size=(16.613,16.610) sensitivity=0 orientation=0.000 confidence=true]
TOUCH t=15.080 device=0 frame=16 count=2 [id=0 state=hold xy=(665.955,-531.065) size=(33.225,33.219) sensitivity=0 orientation=0.000 confidence=true] [id=1 state=hold xy=(758.640,-497.846) size=(16.613,16.610) sensitivity=0 orientation=0.000 confidence=true]
TOUCH t=15.085 device=0 frame=17 count=2 [id=0 state=hold xy=(665.883,-530.488) size=(33.225,33.219) sensitivity=0 orientation=0.000 confidence=true] [id=1 state=hold xy=(758.351,-497.342) size=(16.613,16.610) sensitivity=0 orientation=0.000 confidence=true]
TOUCH t=15.090 device=0 frame=18 count=2 [id=0 state=hold xy=(665.739,-529.840) size=(33.225,33.219) sensitivity=0 orientation=0.000 confidence=true] [id=1 state=hold xy=(758.063,-496.765) size=(33.225,33.219) sensitivity=0 orientation=0.000 confidence=true]
TOUCH t=15.096 device=0 frame=19 count=2 [id=0 state=hold xy=(665.595,-529.191) size=(33.225,33.219) sensitivity=0 orientation=0.000 confidence=true] [id=1 state=hold xy=(757.775,-496.189) size=(33.225,33.219) sensitivity=0 orientation=0.000 confidence=true]
TOUCH t=15.100 device=0 frame=20 count=2 [id=0 state=hold xy=(665.450,-528.615) size=(33.225,33.219) sensitivity=0 orientation=0.000 confidence=true] [id=1 state=hold xy=(757.487,-495.612) size=(33.225,33.219) sensitivity=0 orientation=0.000 confidence=true]
TOUCH t=15.106 device=0 frame=21 count=2 [id=0 state=hold xy=(665.234,-527.966) size=(33.225,33.219) sensitivity=0 orientation=0.000 confidence=true] [id=1 state=hold xy=(757.198,-495.108) size=(33.225,33.219) sensitivity=0 orientation=0.000 confidence=true]
TOUCH t=15.111 device=0 frame=22 count=2 [id=0 state=hold xy=(665.018,-527.462) size=(33.225,33.219) sensitivity=0 orientation=0.000 confidence=true] [id=1 state=hold xy=(756.910,-494.604) size=(33.225,33.219) sensitivity=0 orientation=0.000 confidence=true]
TOUCH t=15.116 device=0 frame=23 count=2 [id=0 state=hold xy=(664.730,-526.885) size=(33.225,33.219) sensitivity=0 orientation=0.000 confidence=true] [id=1 state=hold xy=(756.622,-494.099) size=(33.225,33.219) sensitivity=0 orientation=0.000 confidence=true]
TOUCH t=15.123 device=0 frame=24 count=2 [id=0 state=hold xy=(664.513,-526.309) size=(33.225,33.219) sensitivity=0 orientation=0.000 confidence=true] [id=1 state=hold xy=(756.333,-493.667) size=(33.225,33.219) sensitivity=0 orientation=0.000 confidence=true]
TOUCH t=15.126 device=0 frame=25 count=2 [id=0 state=hold xy=(664.225,-525.805) size=(33.225,33.219) sensitivity=0 orientation=0.000 confidence=true] [id=1 state=hold xy=(756.045,-493.235) size=(33.225,33.219) sensitivity=0 orientation=0.000 confidence=true]
TOUCH t=15.131 device=0 frame=26 count=2 [id=0 state=hold xy=(664.009,-525.372) size=(33.225,33.219) sensitivity=0 orientation=0.000 confidence=true] [id=1 state=hold xy=(755.757,-492.730) size=(33.225,33.219) sensitivity=0 orientation=0.000 confidence=true]
TOUCH t=15.136 device=0 frame=27 count=2 [id=0 state=hold xy=(663.793,-525.012) size=(33.225,33.219) sensitivity=0 orientation=0.000 confidence=true] [id=1 state=hold xy=(755.541,-492.298) size=(33.225,33.219) sensitivity=0 orientation=0.000 confidence=true]
TOUCH t=15.141 device=0 frame=28 count=2 [id=0 state=hold xy=(663.577,-524.652) size=(33.225,33.219) sensitivity=0 orientation=0.000 confidence=true] [id=1 state=hold xy=(755.324,-491.938) size=(33.225,33.219) sensitivity=0 orientation=0.000 confidence=true]
TOUCH t=15.147 device=0 frame=29 count=2 [id=0 state=hold xy=(663.360,-524.363) size=(33.225,33.219) sensitivity=0 orientation=0.000 confidence=true] [id=1 state=hold xy=(755.108,-491.577) size=(33.225,33.219) sensitivity=0 orientation=0.000 confidence=true]
TOUCH t=15.152 device=0 frame=30 count=2 [id=0 state=hold xy=(663.144,-524.003) size=(33.225,33.219) sensitivity=0 orientation=0.000 confidence=true] [id=1 state=hold xy=(754.964,-491.217) size=(33.225,33.219) sensitivity=0 orientation=0.000 confidence=true]
TOUCH t=15.157 device=0 frame=31 count=2 [id=0 state=hold xy=(662.928,-523.715) size=(33.225,33.219) sensitivity=0 orientation=0.000 confidence=true] [id=1 state=hold xy=(754.748,-490.857) size=(33.225,33.219) sensitivity=0 orientation=0.000 confidence=true]
TOUCH t=15.162 device=0 frame=32 count=2 [id=0 state=hold xy=(662.784,-523.427) size=(33.225,33.219) sensitivity=0 orientation=0.000 confidence=true] [id=1 state=hold xy=(754.604,-490.496) size=(33.225,33.219) sensitivity=0 orientation=0.000 confidence=true]
TOUCH t=15.166 device=0 frame=33 count=2 [id=0 state=hold xy=(662.568,-523.138) size=(33.225,33.219) sensitivity=0 orientation=0.000 confidence=true] [id=1 state=hold xy=(754.387,-490.136) size=(33.225,33.219) sensitivity=0 orientation=0.000 confidence=true]
TOUCH t=15.173 device=0 frame=34 count=2 [id=0 state=hold xy=(662.351,-522.922) size=(33.225,33.219) sensitivity=0 orientation=0.000 confidence=true] [id=1 state=hold xy=(754.243,-489.776) size=(33.225,33.219) sensitivity=0 orientation=0.000 confidence=true]
TOUCH t=15.178 device=0 frame=35 count=2 [id=0 state=hold xy=(662.207,-522.634) size=(33.225,33.219) sensitivity=0 orientation=0.000 confidence=true] [id=1 state=hold xy=(754.027,-489.488) size=(33.225,33.219) sensitivity=0 orientation=0.000 confidence=true]
TOUCH t=15.183 device=0 frame=36 count=2 [id=0 state=hold xy=(661.991,-522.274) size=(33.225,33.219) sensitivity=0 orientation=0.000 confidence=true] [id=1 state=hold xy=(753.811,-489.127) size=(33.225,33.219) sensitivity=0 orientation=0.000 confidence=true]
TOUCH t=15.188 device=0 frame=37 count=2 [id=0 state=hold xy=(661.775,-521.914) size=(33.225,33.219) sensitivity=0 orientation=0.000 confidence=true] [id=1 state=hold xy=(753.595,-488.839) size=(33.225,33.219) sensitivity=0 orientation=0.000 confidence=true]
TOUCH t=15.192 device=0 frame=38 count=2 [id=0 state=hold xy=(661.631,-521.625) size=(33.225,33.219) sensitivity=0 orientation=0.000 confidence=true] [id=1 state=hold xy=(753.306,-488.479) size=(33.225,33.219) sensitivity=0 orientation=0.000 confidence=true]
TOUCH t=15.198 device=0 frame=39 count=2 [id=0 state=hold xy=(661.414,-521.265) size=(33.225,33.219) sensitivity=0 orientation=0.000 confidence=true] [id=1 state=hold xy=(753.090,-488.118) size=(33.225,33.219) sensitivity=0 orientation=0.000 confidence=true]
TOUCH t=15.204 device=0 frame=40 count=2 [id=0 state=hold xy=(661.198,-520.905) size=(33.225,33.219) sensitivity=0 orientation=0.000 confidence=true] [id=1 state=hold xy=(752.874,-487.758) size=(33.225,33.219) sensitivity=0 orientation=0.000 confidence=true]
TOUCH t=15.208 device=0 frame=41 count=2 [id=0 state=hold xy=(660.982,-520.617) size=(33.225,33.219) sensitivity=0 orientation=0.000 confidence=true] [id=1 state=hold xy=(752.658,-487.326) size=(33.225,33.219) sensitivity=0 orientation=0.000 confidence=true]
TOUCH t=15.214 device=0 frame=42 count=2 [id=0 state=hold xy=(660.766,-520.328) size=(33.225,33.219) sensitivity=0 orientation=0.000 confidence=true] [id=1 state=hold xy=(752.441,-486.966) size=(33.225,33.219) sensitivity=0 orientation=0.000 confidence=true]
TOUCH t=15.219 device=0 frame=43 count=2 [id=0 state=hold xy=(660.550,-520.112) size=(33.225,33.219) sensitivity=0 orientation=0.000 confidence=true] [id=1 state=hold xy=(752.225,-486.533) size=(33.225,33.219) sensitivity=0 orientation=0.000 confidence=true]
TOUCH t=15.224 device=0 frame=44 count=2 [id=0 state=hold xy=(660.333,-519.824) size=(33.225,33.219) sensitivity=0 orientation=0.000 confidence=true] [id=1 state=hold xy=(752.009,-486.245) size=(33.225,33.219) sensitivity=0 orientation=0.000 confidence=true]
TOUCH t=15.229 device=0 frame=45 count=2 [id=0 state=hold xy=(660.189,-519.608) size=(33.225,33.219) sensitivity=0 orientation=0.000 confidence=true] [id=1 state=hold xy=(751.793,-485.885) size=(33.225,33.219) sensitivity=0 orientation=0.000 confidence=true]
TOUCH t=15.235 device=0 frame=46 count=2 [id=0 state=hold xy=(659.973,-519.392) size=(33.225,33.219) sensitivity=0 orientation=0.000 confidence=true] [id=1 state=hold xy=(751.649,-485.596) size=(33.225,33.219) sensitivity=0 orientation=0.000 confidence=true]
TOUCH t=15.240 device=0 frame=47 count=2 [id=0 state=hold xy=(659.901,-519.175) size=(33.225,33.219) sensitivity=0 orientation=0.000 confidence=true] [id=1 state=hold xy=(751.432,-485.308) size=(33.225,33.219) sensitivity=0 orientation=0.000 confidence=true]
TOUCH t=15.245 device=0 frame=48 count=2 [id=0 state=hold xy=(659.757,-518.959) size=(33.225,33.219) sensitivity=0 orientation=0.000 confidence=true] [id=1 state=hold xy=(751.288,-485.020) size=(33.225,33.219) sensitivity=0 orientation=0.000 confidence=true]
TOUCH t=15.250 device=0 frame=49 count=2 [id=0 state=hold xy=(659.613,-518.815) size=(33.225,33.219) sensitivity=0 orientation=0.000 confidence=true] [id=1 state=hold xy=(751.144,-484.732) size=(33.225,33.219) sensitivity=0 orientation=0.000 confidence=true]
TOUCH t=15.255 device=0 frame=50 count=2 [id=0 state=hold xy=(659.468,-518.671) size=(33.225,33.219) sensitivity=0 orientation=0.000 confidence=true] [id=1 state=hold xy=(750.928,-484.444) size=(33.225,33.219) sensitivity=0 orientation=0.000 confidence=true]
TOUCH t=15.260 device=0 frame=51 count=2 [id=0 state=hold xy=(659.396,-518.527) size=(33.225,33.219) sensitivity=0 orientation=0.000 confidence=true] [id=1 state=hold xy=(750.784,-484.227) size=(33.225,33.219) sensitivity=0 orientation=0.000 confidence=true]
TOUCH t=15.266 device=0 frame=52 count=2 [id=0 state=hold xy=(659.324,-518.383) size=(33.225,33.219) sensitivity=0 orientation=0.000 confidence=true] [id=1 state=hold xy=(750.640,-484.083) size=(33.225,33.219) sensitivity=0 orientation=0.000 confidence=true]
TOUCH t=15.271 device=0 frame=53 count=2 [id=0 state=hold xy=(659.180,-518.239) size=(33.225,33.219) sensitivity=0 orientation=0.000 confidence=true] [id=1 state=hold xy=(750.495,-483.867) size=(33.225,33.219) sensitivity=0 orientation=0.000 confidence=true]
TOUCH t=15.275 device=0 frame=54 count=2 [id=0 state=hold xy=(659.108,-518.094) size=(33.225,33.219) sensitivity=0 orientation=0.000 confidence=true] [id=1 state=hold xy=(750.351,-483.723) size=(33.225,33.219) sensitivity=0 orientation=0.000 confidence=true]
TOUCH t=15.281 device=0 frame=55 count=2 [id=0 state=hold xy=(659.036,-518.022) size=(33.225,33.219) sensitivity=0 orientation=0.000 confidence=true] [id=1 state=hold xy=(750.207,-483.507) size=(33.225,33.219) sensitivity=0 orientation=0.000 confidence=true]
TOUCH t=15.286 device=0 frame=56 count=2 [id=0 state=hold xy=(658.964,-517.878) size=(33.225,33.219) sensitivity=0 orientation=0.000 confidence=true] [id=1 state=hold xy=(750.135,-483.363) size=(33.225,33.219) sensitivity=0 orientation=0.000 confidence=true]
TOUCH t=15.290 device=0 frame=57 count=2 [id=0 state=hold xy=(658.820,-517.806) size=(33.225,33.219) sensitivity=0 orientation=0.000 confidence=true] [id=1 state=hold xy=(749.991,-483.219) size=(33.225,33.219) sensitivity=0 orientation=0.000 confidence=true]
TOUCH t=15.297 device=0 frame=58 count=2 [id=0 state=hold xy=(658.748,-517.734) size=(33.225,33.219) sensitivity=0 orientation=0.000 confidence=true] [id=1 state=hold xy=(749.919,-483.002) size=(33.225,33.219) sensitivity=0 orientation=0.000 confidence=true]
TOUCH t=15.302 device=0 frame=59 count=2 [id=0 state=hold xy=(658.676,-517.662) size=(33.225,33.219) sensitivity=0 orientation=0.000 confidence=true] [id=1 state=hold xy=(749.847,-482.786) size=(33.225,33.219) sensitivity=0 orientation=0.000 confidence=true]
TOUCH t=15.307 device=0 frame=60 count=2 [id=0 state=hold xy=(658.604,-517.590) size=(33.225,33.219) sensitivity=0 orientation=0.000 confidence=true] [id=1 state=hold xy=(749.775,-482.570) size=(33.225,33.219) sensitivity=0 orientation=0.000 confidence=true]
TOUCH t=15.312 device=0 frame=61 count=2 [id=0 state=hold xy=(658.532,-517.518) size=(33.225,33.219) sensitivity=0 orientation=0.000 confidence=true] [id=1 state=hold xy=(749.703,-482.426) size=(33.225,33.219) sensitivity=0 orientation=0.000 confidence=true]
TOUCH t=15.317 device=0 frame=62 count=2 [id=0 state=hold xy=(658.459,-517.446) size=(33.225,33.219) sensitivity=0 orientation=0.000 confidence=true] [id=1 state=hold xy=(749.631,-482.354) size=(33.225,33.219) sensitivity=0 orientation=0.000 confidence=true]
TOUCH t=15.322 device=0 frame=63 count=2 [id=0 state=hold xy=(658.459,-517.374) size=(33.225,33.219) sensitivity=0 orientation=0.000 confidence=true] [id=1 state=hold xy=(749.559,-482.210) size=(33.225,33.219) sensitivity=0 orientation=0.000 confidence=true]
TOUCH t=15.328 device=0 frame=64 count=2 [id=0 state=hold xy=(658.387,-517.230) size=(33.225,33.219) sensitivity=0 orientation=0.000 confidence=true] [id=1 state=hold xy=(749.487,-482.210) size=(33.225,33.219) sensitivity=0 orientation=0.000 confidence=true]
TOUCH t=15.333 device=0 frame=65 count=2 [id=0 state=hold xy=(658.315,-517.158) size=(33.225,33.219) sensitivity=0 orientation=0.000 confidence=true] [id=1 state=hold xy=(749.414,-482.138) size=(33.225,33.219) sensitivity=0 orientation=0.000 confidence=true]
TOUCH t=15.338 device=0 frame=66 count=2 [id=0 state=hold xy=(658.243,-517.086) size=(33.225,33.219) sensitivity=0 orientation=0.000 confidence=true] [id=1 state=hold xy=(749.342,-481.994) size=(33.225,33.219) sensitivity=0 orientation=0.000 confidence=true]
TOUCH t=15.343 device=0 frame=67 count=2 [id=0 state=hold xy=(658.171,-517.014) size=(33.225,33.219) sensitivity=0 orientation=0.000 confidence=true] [id=1 state=hold xy=(749.342,-481.922) size=(33.225,33.219) sensitivity=0 orientation=0.000 confidence=true]
TOUCH t=15.347 device=0 frame=68 count=2 [id=0 state=hold xy=(658.099,-516.942) size=(33.225,33.219) sensitivity=0 orientation=0.000 confidence=true] [id=1 state=hold xy=(749.270,-481.777) size=(33.225,33.219) sensitivity=0 orientation=0.000 confidence=true]
TOUCH t=15.353 device=0 frame=69 count=2 [id=0 state=hold xy=(657.955,-516.942) size=(33.225,33.219) sensitivity=0 orientation=0.000 confidence=true] [id=1 state=hold xy=(749.198,-481.705) size=(33.225,33.219) sensitivity=0 orientation=0.000 confidence=true]
TOUCH t=15.358 device=0 frame=70 count=2 [id=0 state=hold xy=(657.883,-516.870) size=(33.225,33.219) sensitivity=0 orientation=0.000 confidence=true] [id=1 state=hold xy=(749.126,-481.633) size=(33.225,33.219) sensitivity=0 orientation=0.000 confidence=true]
TOUCH t=15.364 device=0 frame=71 count=2 [id=0 state=hold xy=(657.811,-516.870) size=(33.225,33.219) sensitivity=0 orientation=0.000 confidence=true] [id=1 state=hold xy=(748.982,-481.561) size=(33.225,33.219) sensitivity=0 orientation=0.000 confidence=true]
TOUCH t=15.370 device=0 frame=72 count=2 [id=0 state=hold xy=(657.667,-516.797) size=(33.225,33.219) sensitivity=0 orientation=0.000 confidence=true] [id=1 state=hold xy=(748.910,-481.489) size=(33.225,33.219) sensitivity=0 orientation=0.000 confidence=true]
TOUCH t=15.375 device=0 frame=73 count=2 [id=0 state=hold xy=(657.523,-516.797) size=(33.225,33.219) sensitivity=0 orientation=0.000 confidence=true] [id=1 state=hold xy=(748.838,-481.417) size=(33.225,33.219) sensitivity=0 orientation=0.000 confidence=true]
TOUCH t=15.379 device=0 frame=74 count=2 [id=0 state=hold xy=(657.450,-516.725) size=(33.225,33.219) sensitivity=0 orientation=0.000 confidence=true] [id=1 state=hold xy=(748.766,-481.273) size=(33.225,33.219) sensitivity=0 orientation=0.000 confidence=true]
TOUCH t=15.384 device=0 frame=75 count=2 [id=0 state=hold xy=(657.306,-516.581) size=(33.225,33.219) sensitivity=0 orientation=0.000 confidence=true] [id=1 state=hold xy=(748.622,-481.201) size=(33.225,33.219) sensitivity=0 orientation=0.000 confidence=true]
TOUCH t=15.389 device=0 frame=76 count=2 [id=0 state=hold xy=(657.162,-516.509) size=(33.225,33.219) sensitivity=0 orientation=0.000 confidence=true] [id=1 state=hold xy=(748.477,-481.057) size=(33.225,33.219) sensitivity=0 orientation=0.000 confidence=true]
TOUCH t=15.395 device=0 frame=77 count=2 [id=0 state=hold xy=(656.946,-516.437) size=(33.225,33.219) sensitivity=0 orientation=0.000 confidence=true] [id=1 state=hold xy=(748.333,-480.913) size=(33.225,33.219) sensitivity=0 orientation=0.000 confidence=true]
TOUCH t=15.400 device=0 frame=78 count=2 [id=0 state=hold xy=(656.730,-516.293) size=(33.225,33.219) sensitivity=0 orientation=0.000 confidence=true] [id=1 state=hold xy=(748.117,-480.769) size=(33.225,33.219) sensitivity=0 orientation=0.000 confidence=true]
TOUCH t=15.405 device=0 frame=79 count=2 [id=0 state=hold xy=(656.513,-516.149) size=(33.225,33.219) sensitivity=0 orientation=0.000 confidence=true] [id=1 state=hold xy=(747.901,-480.697) size=(33.225,33.219) sensitivity=0 orientation=0.000 confidence=true]
TOUCH t=15.410 device=0 frame=80 count=2 [id=0 state=hold xy=(656.225,-516.005) size=(33.225,33.219) sensitivity=0 orientation=0.000 confidence=true] [id=1 state=hold xy=(747.757,-480.480) size=(33.225,33.219) sensitivity=0 orientation=0.000 confidence=true]
TOUCH t=15.414 device=0 frame=81 count=2 [id=0 state=hold xy=(655.865,-515.933) size=(33.225,33.219) sensitivity=0 orientation=0.000 confidence=true] [id=1 state=hold xy=(747.468,-480.336) size=(33.225,33.219) sensitivity=0 orientation=0.000 confidence=true]
TOUCH t=15.419 device=0 frame=82 count=2 [id=0 state=hold xy=(655.577,-515.861) size=(33.225,33.219) sensitivity=0 orientation=0.000 confidence=true] [id=1 state=hold xy=(747.252,-480.192) size=(33.225,33.219) sensitivity=0 orientation=0.000 confidence=true]
TOUCH t=15.425 device=0 frame=83 count=2 [id=0 state=hold xy=(655.216,-515.717) size=(33.225,33.219) sensitivity=0 orientation=0.000 confidence=true] [id=1 state=hold xy=(747.036,-479.976) size=(33.225,33.219) sensitivity=0 orientation=0.000 confidence=true]
TOUCH t=15.431 device=0 frame=84 count=2 [id=0 state=hold xy=(654.856,-515.645) size=(33.225,33.219) sensitivity=0 orientation=0.000 confidence=true] [id=1 state=hold xy=(746.820,-479.832) size=(33.225,33.219) sensitivity=0 orientation=0.000 confidence=true]
TOUCH t=15.436 device=0 frame=85 count=2 [id=0 state=hold xy=(654.568,-515.500) size=(33.225,33.219) sensitivity=0 orientation=0.000 confidence=true] [id=1 state=hold xy=(746.532,-479.688) size=(33.225,33.219) sensitivity=0 orientation=0.000 confidence=true]
TOUCH t=15.440 device=0 frame=86 count=2 [id=0 state=hold xy=(654.207,-515.428) size=(33.225,33.219) sensitivity=0 orientation=0.000 confidence=true] [id=1 state=hold xy=(746.243,-479.472) size=(33.225,33.219) sensitivity=0 orientation=0.000 confidence=true]
TOUCH t=15.446 device=0 frame=87 count=2 [id=0 state=hold xy=(653.847,-515.284) size=(33.225,33.219) sensitivity=0 orientation=0.000 confidence=true] [id=1 state=hold xy=(745.955,-479.255) size=(33.225,33.219) sensitivity=0 orientation=0.000 confidence=true]
TOUCH t=15.451 device=0 frame=88 count=2 [id=0 state=hold xy=(653.487,-515.068) size=(33.225,33.219) sensitivity=0 orientation=0.000 confidence=true] [id=1 state=hold xy=(745.667,-479.039) size=(33.225,33.219) sensitivity=0 orientation=0.000 confidence=true]
TOUCH t=15.457 device=0 frame=89 count=2 [id=0 state=hold xy=(653.126,-514.852) size=(33.225,33.219) sensitivity=0 orientation=0.000 confidence=true] [id=1 state=hold xy=(745.378,-478.823) size=(33.225,33.219) sensitivity=0 orientation=0.000 confidence=true]
TOUCH t=15.461 device=0 frame=90 count=2 [id=0 state=hold xy=(652.766,-514.636) size=(33.225,33.219) sensitivity=0 orientation=0.000 confidence=true] [id=1 state=hold xy=(745.090,-478.679) size=(33.225,33.219) sensitivity=0 orientation=0.000 confidence=true]
TOUCH t=15.466 device=0 frame=91 count=2 [id=0 state=hold xy=(652.405,-514.347) size=(33.225,33.219) sensitivity=0 orientation=0.000 confidence=true] [id=1 state=hold xy=(744.730,-478.391) size=(33.225,33.219) sensitivity=0 orientation=0.000 confidence=true]
TOUCH t=15.471 device=0 frame=92 count=2 [id=0 state=hold xy=(651.973,-514.131) size=(33.225,33.219) sensitivity=0 orientation=0.000 confidence=true] [id=1 state=hold xy=(744.369,-478.102) size=(33.225,33.219) sensitivity=0 orientation=0.000 confidence=true]
TOUCH t=15.477 device=0 frame=93 count=2 [id=0 state=hold xy=(651.541,-513.843) size=(33.225,33.219) sensitivity=0 orientation=0.000 confidence=true] [id=1 state=hold xy=(743.937,-477.814) size=(33.225,33.219) sensitivity=0 orientation=0.000 confidence=true]
TOUCH t=15.482 device=0 frame=94 count=2 [id=0 state=hold xy=(651.036,-513.555) size=(33.225,33.219) sensitivity=0 orientation=0.000 confidence=true] [id=1 state=hold xy=(743.432,-477.454) size=(33.225,33.219) sensitivity=0 orientation=0.000 confidence=true]
TOUCH t=15.486 device=0 frame=95 count=2 [id=0 state=hold xy=(650.532,-513.267) size=(33.225,33.219) sensitivity=0 orientation=0.000 confidence=true] [id=1 state=hold xy=(742.928,-477.166) size=(33.225,33.219) sensitivity=0 orientation=0.000 confidence=true]
TOUCH t=15.493 device=0 frame=96 count=2 [id=0 state=hold xy=(650.027,-512.978) size=(33.225,33.219) sensitivity=0 orientation=0.000 confidence=true] [id=1 state=hold xy=(742.423,-476.805) size=(33.225,33.219) sensitivity=0 orientation=0.000 confidence=true]
TOUCH t=15.498 device=0 frame=97 count=2 [id=0 state=hold xy=(649.450,-512.690) size=(33.225,33.219) sensitivity=0 orientation=0.000 confidence=true] [id=1 state=hold xy=(741.919,-476.445) size=(33.225,33.219) sensitivity=0 orientation=0.000 confidence=true]
TOUCH t=15.503 device=0 frame=98 count=2 [id=0 state=hold xy=(648.874,-512.402) size=(33.225,33.219) sensitivity=0 orientation=0.000 confidence=true] [id=1 state=hold xy=(741.342,-476.085) size=(33.225,33.219) sensitivity=0 orientation=0.000 confidence=true]
TOUCH t=15.507 device=0 frame=99 count=2 [id=0 state=hold xy=(648.297,-512.114) size=(33.225,33.219) sensitivity=0 orientation=0.000 confidence=true] [id=1 state=hold xy=(740.838,-475.725) size=(33.225,33.219) sensitivity=0 orientation=0.000 confidence=true]
TOUCH t=15.513 device=0 frame=100 count=2 [id=0 state=hold xy=(647.721,-511.825) size=(33.225,33.219) sensitivity=0 orientation=0.000 confidence=true] [id=1 state=hold xy=(740.261,-475.364) size=(33.225,33.219) sensitivity=0 orientation=0.000 confidence=true]
TOUCH t=15.518 device=0 frame=101 count=2 [id=0 state=hold xy=(647.144,-511.465) size=(33.225,33.219) sensitivity=0 orientation=0.000 confidence=true] [id=1 state=hold xy=(739.685,-474.932) size=(33.225,33.219) sensitivity=0 orientation=0.000 confidence=true]
TOUCH t=15.524 device=0 frame=102 count=2 [id=0 state=hold xy=(646.495,-511.033) size=(33.225,33.219) sensitivity=0 orientation=0.000 confidence=true] [id=1 state=hold xy=(739.108,-474.572) size=(33.225,33.219) sensitivity=0 orientation=0.000 confidence=true]
TOUCH t=15.529 device=0 frame=103 count=2 [id=0 state=hold xy=(645.919,-510.673) size=(33.225,33.219) sensitivity=0 orientation=0.000 confidence=true] [id=1 state=hold xy=(738.532,-474.211) size=(33.225,33.219) sensitivity=0 orientation=0.000 confidence=true]
TOUCH t=15.534 device=0 frame=104 count=2 [id=0 state=hold xy=(645.270,-510.240) size=(33.225,33.219) sensitivity=0 orientation=0.000 confidence=true] [id=1 state=hold xy=(737.955,-473.851) size=(33.225,33.219) sensitivity=0 orientation=0.000 confidence=true]
TOUCH t=15.538 device=0 frame=105 count=2 [id=0 state=hold xy=(644.694,-509.880) size=(33.225,33.219) sensitivity=0 orientation=0.000 confidence=true] [id=1 state=hold xy=(737.306,-473.491) size=(33.225,33.219) sensitivity=0 orientation=0.000 confidence=true]
TOUCH t=15.544 device=0 frame=106 count=2 [id=0 state=hold xy=(644.045,-509.448) size=(33.225,33.219) sensitivity=0 orientation=0.000 confidence=true] [id=1 state=hold xy=(736.730,-473.058) size=(33.225,33.219) sensitivity=0 orientation=0.000 confidence=true]
TOUCH t=15.549 device=0 frame=107 count=2 [id=0 state=hold xy=(643.396,-509.087) size=(33.225,33.219) sensitivity=0 orientation=0.000 confidence=true] [id=1 state=hold xy=(736.153,-472.626) size=(33.225,33.219) sensitivity=0 orientation=0.000 confidence=true]
TOUCH t=15.554 device=0 frame=108 count=2 [id=0 state=hold xy=(642.748,-508.655) size=(33.225,33.219) sensitivity=0 orientation=0.000 confidence=true] [id=1 state=hold xy=(735.577,-472.266) size=(33.225,33.219) sensitivity=0 orientation=0.000 confidence=true]
TOUCH t=15.559 device=0 frame=109 count=2 [id=0 state=hold xy=(642.099,-508.295) size=(33.225,33.219) sensitivity=0 orientation=0.000 confidence=true] [id=1 state=hold xy=(735.000,-471.833) size=(33.225,33.219) sensitivity=0 orientation=0.000 confidence=true]
TOUCH t=15.565 device=0 frame=110 count=2 [id=0 state=hold xy=(641.450,-507.934) size=(33.225,33.219) sensitivity=0 orientation=0.000 confidence=true] [id=1 state=hold xy=(734.423,-471.401) size=(33.225,33.219) sensitivity=0 orientation=0.000 confidence=true]
TOUCH t=15.570 device=0 frame=111 count=2 [id=0 state=hold xy=(640.802,-507.574) size=(33.225,33.219) sensitivity=0 orientation=0.000 confidence=true] [id=1 state=hold xy=(733.847,-470.969) size=(33.225,33.219) sensitivity=0 orientation=0.000 confidence=true]
TOUCH t=15.574 device=0 frame=112 count=2 [id=0 state=hold xy=(640.153,-507.142) size=(33.225,33.219) sensitivity=0 orientation=0.000 confidence=true] [id=1 state=hold xy=(733.270,-470.536) size=(33.225,33.219) sensitivity=0 orientation=0.000 confidence=true]
TOUCH t=15.579 device=0 frame=113 count=2 [id=0 state=hold xy=(639.505,-506.637) size=(33.225,33.219) sensitivity=0 orientation=0.000 confidence=true] [id=1 state=hold xy=(732.694,-470.176) size=(33.225,33.219) sensitivity=0 orientation=0.000 confidence=true]
TOUCH t=15.586 device=0 frame=114 count=2 [id=0 state=hold xy=(638.856,-506.205) size=(33.225,33.219) sensitivity=0 orientation=0.000 confidence=true] [id=1 state=hold xy=(732.045,-469.744) size=(33.225,33.219) sensitivity=0 orientation=0.000 confidence=true]
TOUCH t=15.591 device=0 frame=115 count=2 [id=0 state=hold xy=(638.207,-505.773) size=(33.225,33.219) sensitivity=0 orientation=0.000 confidence=true] [id=1 state=hold xy=(731.468,-469.311) size=(33.225,33.219) sensitivity=0 orientation=0.000 confidence=true]
TOUCH t=15.596 device=0 frame=116 count=2 [id=0 state=hold xy=(637.559,-505.340) size=(33.225,33.219) sensitivity=0 orientation=0.000 confidence=true] [id=1 state=hold xy=(730.892,-468.879) size=(33.225,33.219) sensitivity=0 orientation=0.000 confidence=true]
TOUCH t=15.601 device=0 frame=117 count=2 [id=0 state=hold xy=(636.910,-504.908) size=(33.225,33.219) sensitivity=0 orientation=0.000 confidence=true] [id=1 state=hold xy=(730.315,-468.303) size=(33.225,33.219) sensitivity=0 orientation=0.000 confidence=true]
TOUCH t=15.607 device=0 frame=118 count=2 [id=0 state=hold xy=(636.261,-504.548) size=(33.225,33.219) sensitivity=0 orientation=0.000 confidence=true] [id=1 state=hold xy=(729.739,-467.798) size=(33.225,33.219) sensitivity=0 orientation=0.000 confidence=true]
TOUCH t=15.612 device=0 frame=119 count=2 [id=0 state=hold xy=(635.685,-504.115) size=(33.225,33.219) sensitivity=0 orientation=0.000 confidence=true] [id=1 state=hold xy=(729.162,-467.294) size=(33.225,33.219) sensitivity=0 orientation=0.000 confidence=true]
TOUCH t=15.617 device=0 frame=120 count=2 [id=0 state=hold xy=(635.108,-503.755) size=(33.225,33.219) sensitivity=0 orientation=0.000 confidence=true] [id=1 state=hold xy=(728.586,-466.861) size=(33.225,33.219) sensitivity=0 orientation=0.000 confidence=true]
TOUCH t=15.621 device=0 frame=121 count=2 [id=0 state=hold xy=(634.604,-503.323) size=(33.225,33.219) sensitivity=0 orientation=0.000 confidence=true] [id=1 state=hold xy=(728.009,-466.285) size=(33.225,33.219) sensitivity=0 orientation=0.000 confidence=true]
TOUCH t=15.628 device=0 frame=122 count=2 [id=0 state=hold xy=(634.099,-502.962) size=(33.225,33.219) sensitivity=0 orientation=0.000 confidence=true] [id=1 state=hold xy=(727.505,-465.781) size=(33.225,33.219) sensitivity=0 orientation=0.000 confidence=true]
TOUCH t=15.632 device=0 frame=123 count=2 [id=0 state=hold xy=(633.595,-502.602) size=(33.225,33.219) sensitivity=0 orientation=0.000 confidence=true] [id=1 state=hold xy=(726.928,-465.276) size=(33.225,33.219) sensitivity=0 orientation=0.000 confidence=true]
TOUCH t=15.637 device=0 frame=124 count=2 [id=0 state=hold xy=(633.090,-502.170) size=(33.225,33.219) sensitivity=0 orientation=0.000 confidence=true] [id=1 state=hold xy=(726.495,-464.844) size=(33.225,33.219) sensitivity=0 orientation=0.000 confidence=true]
TOUCH t=15.642 device=0 frame=125 count=2 [id=0 state=hold xy=(632.586,-501.737) size=(33.225,33.219) sensitivity=0 orientation=0.000 confidence=true] [id=1 state=hold xy=(725.991,-464.339) size=(33.225,33.219) sensitivity=0 orientation=0.000 confidence=true]
TOUCH t=15.647 device=0 frame=126 count=2 [id=0 state=hold xy=(632.081,-501.233) size=(33.225,33.219) sensitivity=0 orientation=0.000 confidence=true] [id=1 state=hold xy=(725.487,-463.835) size=(33.225,33.219) sensitivity=0 orientation=0.000 confidence=true]
TOUCH t=15.653 device=0 frame=127 count=2 [id=0 state=hold xy=(631.577,-500.729) size=(33.225,33.219) sensitivity=0 orientation=0.000 confidence=true] [id=1 state=hold xy=(725.054,-463.331) size=(33.225,33.219) sensitivity=0 orientation=0.000 confidence=true]
TOUCH t=15.657 device=0 frame=128 count=2 [id=0 state=hold xy=(631.072,-500.152) size=(33.225,33.219) sensitivity=0 orientation=0.000 confidence=true] [id=1 state=hold xy=(724.550,-462.754) size=(33.225,33.219) sensitivity=0 orientation=0.000 confidence=true]
TOUCH t=15.662 device=0 frame=129 count=2 [id=0 state=hold xy=(630.568,-499.648) size=(33.225,33.219) sensitivity=0 orientation=0.000 confidence=true] [id=1 state=hold xy=(724.045,-462.178) size=(33.225,33.219) sensitivity=0 orientation=0.000 confidence=true]
TOUCH t=15.668 device=0 frame=130 count=2 [id=0 state=hold xy=(630.063,-499.071) size=(33.225,33.219) sensitivity=0 orientation=0.000 confidence=true] [id=1 state=hold xy=(723.613,-461.673) size=(33.225,33.219) sensitivity=0 orientation=0.000 confidence=true]
TOUCH t=15.673 device=0 frame=131 count=2 [id=0 state=hold xy=(629.487,-498.495) size=(33.225,33.219) sensitivity=0 orientation=0.000 confidence=true] [id=1 state=hold xy=(723.108,-461.097) size=(33.225,33.219) sensitivity=0 orientation=0.000 confidence=true]
TOUCH t=15.679 device=0 frame=132 count=2 [id=0 state=hold xy=(628.982,-497.918) size=(33.225,33.219) sensitivity=0 orientation=0.000 confidence=true] [id=1 state=hold xy=(722.676,-460.592) size=(33.225,33.219) sensitivity=0 orientation=0.000 confidence=true]
TOUCH t=15.684 device=0 frame=133 count=2 [id=0 state=hold xy=(628.477,-497.270) size=(33.225,33.219) sensitivity=0 orientation=0.000 confidence=true] [id=1 state=hold xy=(722.171,-460.088) size=(33.225,33.219) sensitivity=0 orientation=0.000 confidence=true]
TOUCH t=15.689 device=0 frame=134 count=2 [id=0 state=hold xy=(627.973,-496.549) size=(33.225,33.219) sensitivity=0 orientation=0.000 confidence=true] [id=1 state=hold xy=(721.739,-459.512) size=(33.225,33.219) sensitivity=0 orientation=0.000 confidence=true]
TOUCH t=15.694 device=0 frame=135 count=2 [id=0 state=hold xy=(627.468,-495.901) size=(33.225,33.219) sensitivity=0 orientation=0.000 confidence=true] [id=1 state=hold xy=(721.306,-458.863) size=(33.225,33.219) sensitivity=0 orientation=0.000 confidence=true]
TOUCH t=15.698 device=0 frame=136 count=2 [id=0 state=hold xy=(627.036,-495.180) size=(33.225,33.219) sensitivity=0 orientation=0.000 confidence=true] [id=1 state=hold xy=(720.946,-458.215) size=(33.225,33.219) sensitivity=0 orientation=0.000 confidence=true]
TOUCH t=15.704 device=0 frame=137 count=2 [id=0 state=hold xy=(626.604,-494.460) size=(33.225,33.219) sensitivity=0 orientation=0.000 confidence=true] [id=1 state=hold xy=(720.513,-457.566) size=(33.225,33.219) sensitivity=0 orientation=0.000 confidence=true]
TOUCH t=15.709 device=0 frame=138 count=2 [id=0 state=hold xy=(626.171,-493.739) size=(33.225,33.219) sensitivity=0 orientation=0.000 confidence=true] [id=1 state=hold xy=(720.153,-456.918) size=(33.225,33.219) sensitivity=0 orientation=0.000 confidence=true]
TOUCH t=15.715 device=0 frame=139 count=2 [id=0 state=hold xy=(625.811,-493.018) size=(33.225,33.219) sensitivity=0 orientation=0.000 confidence=true] [id=1 state=hold xy=(719.793,-456.197) size=(33.225,33.219) sensitivity=0 orientation=0.000 confidence=true]
TOUCH t=15.720 device=0 frame=140 count=2 [id=0 state=hold xy=(625.450,-492.298) size=(33.225,33.219) sensitivity=0 orientation=0.000 confidence=true] [id=1 state=hold xy=(719.505,-455.548) size=(33.225,33.219) sensitivity=0 orientation=0.000 confidence=true]
TOUCH t=15.725 device=0 frame=141 count=2 [id=0 state=hold xy=(625.162,-491.649) size=(33.225,33.219) sensitivity=0 orientation=0.000 confidence=true] [id=1 state=hold xy=(719.216,-454.828) size=(33.225,33.219) sensitivity=0 orientation=0.000 confidence=true]
TOUCH t=15.730 device=0 frame=142 count=2 [id=0 state=hold xy=(624.874,-491.001) size=(33.225,33.219) sensitivity=0 orientation=0.000 confidence=true] [id=1 state=hold xy=(718.928,-454.107) size=(33.225,33.219) sensitivity=0 orientation=0.000 confidence=true]
TOUCH t=15.734 device=0 frame=143 count=2 [id=0 state=hold xy=(624.586,-490.352) size=(33.225,33.219) sensitivity=0 orientation=0.000 confidence=true] [id=1 state=hold xy=(718.712,-453.387) size=(33.225,33.219) sensitivity=0 orientation=0.000 confidence=true]
TOUCH t=15.739 device=0 frame=144 count=2 [id=0 state=hold xy=(624.369,-489.776) size=(33.225,33.219) sensitivity=0 orientation=0.000 confidence=true] [id=1 state=hold xy=(718.495,-452.666) size=(33.225,33.219) sensitivity=0 orientation=0.000 confidence=true]
TOUCH t=15.745 device=0 frame=145 count=2 [id=0 state=hold xy=(624.153,-489.127) size=(33.225,33.219) sensitivity=0 orientation=0.000 confidence=true] [id=1 state=hold xy=(718.279,-451.946) size=(33.225,33.219) sensitivity=0 orientation=0.000 confidence=true]
TOUCH t=15.750 device=0 frame=146 count=2 [id=0 state=hold xy=(624.009,-488.551) size=(33.225,33.219) sensitivity=0 orientation=0.000 confidence=true] [id=1 state=hold xy=(718.063,-451.297) size=(33.225,33.219) sensitivity=0 orientation=0.000 confidence=true]
TOUCH t=15.756 device=0 frame=147 count=2 [id=0 state=hold xy=(623.793,-488.046) size=(33.225,33.219) sensitivity=0 orientation=0.000 confidence=true] [id=1 state=hold xy=(717.919,-450.721) size=(33.225,33.219) sensitivity=0 orientation=0.000 confidence=true]
TOUCH t=15.762 device=0 frame=148 count=2 [id=0 state=hold xy=(623.649,-487.542) size=(33.225,33.219) sensitivity=0 orientation=0.000 confidence=true] [id=1 state=hold xy=(717.775,-450.072) size=(33.225,33.219) sensitivity=0 orientation=0.000 confidence=true]
TOUCH t=15.765 device=0 frame=149 count=2 [id=0 state=hold xy=(623.432,-487.038) size=(33.225,33.219) sensitivity=0 orientation=0.000 confidence=true] [id=1 state=hold xy=(717.631,-449.568) size=(33.225,33.219) sensitivity=0 orientation=0.000 confidence=true]
TOUCH t=15.771 device=0 frame=150 count=2 [id=0 state=hold xy=(623.288,-486.605) size=(33.225,33.219) sensitivity=0 orientation=0.000 confidence=true] [id=1 state=hold xy=(717.487,-448.991) size=(33.225,33.219) sensitivity=0 orientation=0.000 confidence=true]
TOUCH t=15.776 device=0 frame=151 count=2 [id=0 state=hold xy=(623.144,-486.101) size=(33.225,33.219) sensitivity=0 orientation=0.000 confidence=true] [id=1 state=hold xy=(717.414,-448.415) size=(33.225,33.219) sensitivity=0 orientation=0.000 confidence=true]
TOUCH t=15.782 device=0 frame=152 count=2 [id=0 state=hold xy=(623.000,-485.596) size=(33.225,33.219) sensitivity=0 orientation=0.000 confidence=true] [id=1 state=hold xy=(717.270,-447.910) size=(33.225,33.219) sensitivity=0 orientation=0.000 confidence=true]
TOUCH t=15.787 device=0 frame=153 count=2 [id=0 state=hold xy=(622.856,-485.164) size=(33.225,33.219) sensitivity=0 orientation=0.000 confidence=true] [id=1 state=hold xy=(717.198,-447.334) size=(33.225,33.219) sensitivity=0 orientation=0.000 confidence=true]
TOUCH t=15.791 device=0 frame=154 count=2 [id=0 state=hold xy=(622.784,-484.660) size=(33.225,33.219) sensitivity=0 orientation=0.000 confidence=true] [id=1 state=hold xy=(717.126,-446.757) size=(33.225,33.219) sensitivity=0 orientation=0.000 confidence=true]
TOUCH t=15.797 device=0 frame=155 count=2 [id=0 state=hold xy=(622.712,-484.155) size=(33.225,33.219) sensitivity=0 orientation=0.000 confidence=true] [id=1 state=hold xy=(717.054,-446.253) size=(33.225,33.219) sensitivity=0 orientation=0.000 confidence=true]
TOUCH t=15.802 device=0 frame=156 count=2 [id=0 state=hold xy=(622.712,-483.651) size=(33.225,33.219) sensitivity=0 orientation=0.000 confidence=true] [id=1 state=hold xy=(717.054,-445.749) size=(33.225,33.219) sensitivity=0 orientation=0.000 confidence=true]
TOUCH t=15.807 device=0 frame=157 count=2 [id=0 state=hold xy=(622.640,-483.147) size=(33.225,33.219) sensitivity=0 orientation=0.000 confidence=true] [id=1 state=hold xy=(717.054,-445.316) size=(33.225,33.219) sensitivity=0 orientation=0.000 confidence=true]
TOUCH t=15.813 device=0 frame=158 count=2 [id=0 state=hold xy=(622.568,-482.570) size=(33.225,33.219) sensitivity=0 orientation=0.000 confidence=true] [id=1 state=hold xy=(717.054,-444.812) size=(33.225,33.219) sensitivity=0 orientation=0.000 confidence=true]
TOUCH t=15.817 device=0 frame=159 count=2 [id=0 state=hold xy=(622.568,-482.138) size=(33.225,33.219) sensitivity=0 orientation=0.000 confidence=true] [id=1 state=hold xy=(717.054,-444.307) size=(33.225,33.219) sensitivity=0 orientation=0.000 confidence=true]
TOUCH t=15.823 device=0 frame=160 count=2 [id=0 state=hold xy=(622.495,-481.633) size=(33.225,33.219) sensitivity=0 orientation=0.000 confidence=true] [id=1 state=hold xy=(717.054,-443.803) size=(33.225,33.219) sensitivity=0 orientation=0.000 confidence=true]
TOUCH t=15.828 device=0 frame=161 count=2 [id=0 state=hold xy=(622.495,-481.129) size=(33.225,33.219) sensitivity=0 orientation=0.000 confidence=true] [id=1 state=hold xy=(717.054,-443.299) size=(33.225,33.219) sensitivity=0 orientation=0.000 confidence=true]
TOUCH t=15.833 device=0 frame=162 count=2 [id=0 state=hold xy=(622.423,-480.625) size=(33.225,33.219) sensitivity=0 orientation=0.000 confidence=true] [id=1 state=hold xy=(717.126,-442.794) size=(33.225,33.219) sensitivity=0 orientation=0.000 confidence=true]
TOUCH t=15.838 device=0 frame=163 count=2 [id=0 state=hold xy=(622.351,-480.048) size=(33.225,33.219) sensitivity=0 orientation=0.000 confidence=true] [id=1 state=hold xy=(717.126,-442.290) size=(33.225,33.219) sensitivity=0 orientation=0.000 confidence=true]
TOUCH t=15.845 device=0 frame=164 count=2 [id=0 state=hold xy=(622.351,-479.544) size=(33.225,33.219) sensitivity=0 orientation=0.000 confidence=true] [id=1 state=hold xy=(717.198,-441.785) size=(33.225,33.219) sensitivity=0 orientation=0.000 confidence=true]
TOUCH t=15.849 device=0 frame=165 count=2 [id=0 state=hold xy=(622.279,-478.967) size=(33.225,33.219) sensitivity=0 orientation=0.000 confidence=true] [id=1 state=hold xy=(717.198,-441.281) size=(33.225,33.219) sensitivity=0 orientation=0.000 confidence=true]
TOUCH t=15.853 device=0 frame=166 count=2 [id=0 state=hold xy=(622.207,-478.391) size=(33.225,33.219) sensitivity=0 orientation=0.000 confidence=true] [id=1 state=hold xy=(717.198,-440.705) size=(33.225,33.219) sensitivity=0 orientation=0.000 confidence=true]
TOUCH t=15.859 device=0 frame=167 count=2 [id=0 state=hold xy=(622.135,-477.814) size=(33.225,33.219) sensitivity=0 orientation=0.000 confidence=true] [id=1 state=hold xy=(717.270,-440.200) size=(33.225,33.219) sensitivity=0 orientation=0.000 confidence=true]
TOUCH t=15.865 device=0 frame=168 count=2 [id=0 state=hold xy=(622.135,-477.238) size=(33.225,33.219) sensitivity=0 orientation=0.000 confidence=true] [id=1 state=hold xy=(717.270,-439.696) size=(33.225,33.219) sensitivity=0 orientation=0.000 confidence=true]
TOUCH t=15.868 device=0 frame=169 count=2 [id=0 state=hold xy=(622.063,-476.589) size=(33.225,33.219) sensitivity=0 orientation=0.000 confidence=true] [id=1 state=hold xy=(717.342,-439.191) size=(33.225,33.219) sensitivity=0 orientation=0.000 confidence=true]
TOUCH t=15.875 device=0 frame=170 count=2 [id=0 state=hold xy=(622.063,-476.013) size=(33.225,33.219) sensitivity=0 orientation=0.000 confidence=true] [id=1 state=hold xy=(717.414,-438.615) size=(33.225,33.219) sensitivity=0 orientation=0.000 confidence=true]
TOUCH t=15.880 device=0 frame=171 count=2 [id=0 state=hold xy=(621.991,-475.436) size=(33.225,33.219) sensitivity=0 orientation=0.000 confidence=true] [id=1 state=hold xy=(717.414,-438.110) size=(33.225,33.219) sensitivity=0 orientation=0.000 confidence=true]
TOUCH t=15.885 device=0 frame=172 count=2 [id=0 state=hold xy=(621.991,-474.932) size=(33.225,33.219) sensitivity=0 orientation=0.000 confidence=true] [id=1 state=hold xy=(717.414,-437.534) size=(33.225,33.219) sensitivity=0 orientation=0.000 confidence=true]
TOUCH t=15.890 device=0 frame=173 count=2 [id=0 state=hold xy=(621.919,-474.355) size=(33.225,33.219) sensitivity=0 orientation=0.000 confidence=true] [id=1 state=hold xy=(717.487,-437.030) size=(33.225,33.219) sensitivity=0 orientation=0.000 confidence=true]
TOUCH t=15.895 device=0 frame=174 count=2 [id=0 state=hold xy=(621.847,-473.779) size=(33.225,33.219) sensitivity=0 orientation=0.000 confidence=true] [id=1 state=hold xy=(717.487,-436.525) size=(33.225,33.219) sensitivity=0 orientation=0.000 confidence=true]
TOUCH t=15.900 device=0 frame=175 count=2 [id=0 state=hold xy=(621.775,-473.203) size=(33.225,33.219) sensitivity=0 orientation=0.000 confidence=true] [id=1 state=hold xy=(717.487,-436.021) size=(33.225,33.219) sensitivity=0 orientation=0.000 confidence=true]
TOUCH t=15.905 device=0 frame=176 count=2 [id=0 state=hold xy=(621.703,-472.626) size=(33.225,33.219) sensitivity=0 orientation=0.000 confidence=true] [id=1 state=hold xy=(717.487,-435.516) size=(33.225,33.219) sensitivity=0 orientation=0.000 confidence=true]
TOUCH t=15.911 device=0 frame=177 count=2 [id=0 state=hold xy=(621.703,-472.122) size=(33.225,33.219) sensitivity=0 orientation=0.000 confidence=true] [id=1 state=hold xy=(717.487,-434.940) size=(33.225,33.219) sensitivity=0 orientation=0.000 confidence=true]
TOUCH t=15.916 device=0 frame=178 count=2 [id=0 state=hold xy=(621.631,-471.617) size=(33.225,33.219) sensitivity=0 orientation=0.000 confidence=true] [id=1 state=hold xy=(717.487,-434.436) size=(33.225,33.219) sensitivity=0 orientation=0.000 confidence=true]
TOUCH t=15.921 device=0 frame=179 count=2 [id=0 state=hold xy=(621.559,-471.185) size=(33.225,33.219) sensitivity=0 orientation=0.000 confidence=true] [id=1 state=hold xy=(717.414,-433.931) size=(33.225,33.219) sensitivity=0 orientation=0.000 confidence=true]
TOUCH t=15.927 device=0 frame=180 count=2 [id=0 state=hold xy=(621.487,-470.681) size=(33.225,33.219) sensitivity=0 orientation=0.000 confidence=true] [id=1 state=hold xy=(717.414,-433.355) size=(33.225,33.219) sensitivity=0 orientation=0.000 confidence=true]
TOUCH t=15.931 device=0 frame=181 count=2 [id=0 state=hold xy=(621.414,-470.248) size=(33.225,33.219) sensitivity=0 orientation=0.000 confidence=true] [id=1 state=hold xy=(717.414,-432.850) size=(33.225,33.219) sensitivity=0 orientation=0.000 confidence=true]
TOUCH t=15.936 device=0 frame=182 count=2 [id=0 state=hold xy=(621.342,-469.744) size=(33.225,33.219) sensitivity=0 orientation=0.000 confidence=true] [id=1 state=hold xy=(717.342,-432.346) size=(33.225,33.219) sensitivity=0 orientation=0.000 confidence=true]
TOUCH t=15.942 device=0 frame=183 count=2 [id=0 state=hold xy=(621.270,-469.311) size=(33.225,33.219) sensitivity=0 orientation=0.000 confidence=true] [id=1 state=hold xy=(717.342,-431.841) size=(33.225,33.219) sensitivity=0 orientation=0.000 confidence=true]
TOUCH t=15.947 device=0 frame=184 count=2 [id=0 state=hold xy=(621.198,-468.807) size=(33.225,33.219) sensitivity=0 orientation=0.000 confidence=true] [id=1 state=hold xy=(717.342,-431.265) size=(33.225,33.219) sensitivity=0 orientation=0.000 confidence=true]
TOUCH t=15.951 device=0 frame=185 count=2 [id=0 state=hold xy=(621.054,-468.375) size=(33.225,33.219) sensitivity=0 orientation=0.000 confidence=true] [id=1 state=hold xy=(717.270,-430.616) size=(33.225,33.219) sensitivity=0 orientation=0.000 confidence=true]
TOUCH t=15.957 device=0 frame=186 count=2 [id=0 state=hold xy=(620.982,-467.870) size=(33.225,33.219) sensitivity=0 orientation=0.000 confidence=true] [id=1 state=hold xy=(717.270,-429.968) size=(33.225,33.219) sensitivity=0 orientation=0.000 confidence=true]
TOUCH t=15.962 device=0 frame=187 count=2 [id=0 state=hold xy=(620.910,-467.366) size=(33.225,33.219) sensitivity=0 orientation=0.000 confidence=true] [id=1 state=hold xy=(717.270,-429.319) size=(33.225,33.219) sensitivity=0 orientation=0.000 confidence=true]
TOUCH t=15.967 device=0 frame=188 count=2 [id=0 state=hold xy=(620.766,-466.934) size=(33.225,33.219) sensitivity=0 orientation=0.000 confidence=true] [id=1 state=hold xy=(717.270,-428.599) size=(33.225,33.219) sensitivity=0 orientation=0.000 confidence=true]
TOUCH t=15.973 device=0 frame=189 count=2 [id=0 state=hold xy=(620.694,-466.429) size=(33.225,33.219) sensitivity=0 orientation=0.000 confidence=true] [id=1 state=hold xy=(717.342,-427.950) size=(33.225,33.219) sensitivity=0 orientation=0.000 confidence=true]
TOUCH t=15.978 device=0 frame=190 count=2 [id=0 state=hold xy=(620.550,-465.853) size=(33.225,33.219) sensitivity=0 orientation=0.000 confidence=true] [id=1 state=hold xy=(717.342,-427.302) size=(33.225,33.219) sensitivity=0 orientation=0.000 confidence=true]
TOUCH t=15.982 device=0 frame=191 count=2 [id=0 state=hold xy=(620.477,-465.276) size=(33.225,33.219) sensitivity=0 orientation=0.000 confidence=true] [id=1 state=hold xy=(717.414,-426.653) size=(33.225,33.219) sensitivity=0 orientation=0.000 confidence=true]
TOUCH t=15.988 device=0 frame=192 count=2 [id=0 state=hold xy=(620.405,-464.628) size=(33.225,33.219) sensitivity=0 orientation=0.000 confidence=true] [id=1 state=hold xy=(717.487,-426.077) size=(33.225,33.219) sensitivity=0 orientation=0.000 confidence=true]
TOUCH t=15.993 device=0 frame=193 count=2 [id=0 state=hold xy=(620.333,-464.051) size=(33.225,33.219) sensitivity=0 orientation=0.000 confidence=true] [id=1 state=hold xy=(717.559,-425.428) size=(33.225,33.219) sensitivity=0 orientation=0.000 confidence=true]
TOUCH t=15.997 device=0 frame=194 count=2 [id=0 state=hold xy=(620.261,-463.403) size=(33.225,33.219) sensitivity=0 orientation=0.000 confidence=true] [id=1 state=hold xy=(717.631,-424.780) size=(33.225,33.219) sensitivity=0 orientation=0.000 confidence=true]
TOUCH t=16.004 device=0 frame=195 count=2 [id=0 state=hold xy=(620.189,-462.898) size=(33.225,33.219) sensitivity=0 orientation=0.000 confidence=true] [id=1 state=hold xy=(717.631,-424.131) size=(33.225,33.219) sensitivity=0 orientation=0.000 confidence=true]
TOUCH t=16.010 device=0 frame=196 count=2 [id=0 state=hold xy=(620.117,-462.250) size=(33.225,33.219) sensitivity=0 orientation=0.000 confidence=true] [id=1 state=hold xy=(717.703,-423.483) size=(33.225,33.219) sensitivity=0 orientation=0.000 confidence=true]
TOUCH t=16.013 device=0 frame=197 count=2 [id=0 state=hold xy=(620.117,-461.601) size=(33.225,33.219) sensitivity=0 orientation=0.000 confidence=true] [id=1 state=hold xy=(717.775,-422.906) size=(33.225,33.219) sensitivity=0 orientation=0.000 confidence=true]
TOUCH t=16.019 device=0 frame=198 count=2 [id=0 state=hold xy=(620.117,-460.953) size=(33.225,33.219) sensitivity=0 orientation=0.000 confidence=true] [id=1 state=hold xy=(717.847,-422.330) size=(33.225,33.219) sensitivity=0 orientation=0.000 confidence=true]
TOUCH t=16.024 device=0 frame=199 count=2 [id=0 state=hold xy=(620.045,-460.304) size=(33.225,33.219) sensitivity=0 orientation=0.000 confidence=true] [id=1 state=hold xy=(717.919,-421.753) size=(33.225,33.219) sensitivity=0 orientation=0.000 confidence=true]
TOUCH t=16.029 device=0 frame=200 count=2 [id=0 state=hold xy=(620.045,-459.656) size=(33.225,33.219) sensitivity=0 orientation=0.000 confidence=true] [id=1 state=hold xy=(717.991,-421.249) size=(33.225,33.219) sensitivity=0 orientation=0.000 confidence=true]
TOUCH t=16.035 device=0 frame=201 count=2 [id=0 state=hold xy=(620.045,-459.079) size=(33.225,33.219) sensitivity=0 orientation=0.000 confidence=true] [id=1 state=hold xy=(717.991,-420.745) size=(33.225,33.219) sensitivity=0 orientation=0.000 confidence=true]
TOUCH t=16.040 device=0 frame=202 count=2 [id=0 state=hold xy=(620.045,-458.503) size=(33.225,33.219) sensitivity=0 orientation=0.000 confidence=true] [id=1 state=hold xy=(718.063,-420.240) size=(33.225,33.219) sensitivity=0 orientation=0.000 confidence=true]
TOUCH t=16.046 device=0 frame=203 count=2 [id=0 state=hold xy=(620.045,-457.926) size=(33.225,33.219) sensitivity=0 orientation=0.000 confidence=true] [id=1 state=hold xy=(718.135,-419.736) size=(33.225,33.219) sensitivity=0 orientation=0.000 confidence=true]
TOUCH t=16.049 device=0 frame=204 count=2 [id=0 state=hold xy=(620.045,-457.350) size=(33.225,33.219) sensitivity=0 orientation=0.000 confidence=true] [id=1 state=hold xy=(718.135,-419.231) size=(33.225,33.219) sensitivity=0 orientation=0.000 confidence=true]
TOUCH t=16.055 device=0 frame=205 count=2 [id=0 state=hold xy=(620.045,-456.773) size=(33.225,33.219) sensitivity=0 orientation=0.000 confidence=true] [id=1 state=hold xy=(718.207,-418.727) size=(33.225,33.219) sensitivity=0 orientation=0.000 confidence=true]
TOUCH t=16.060 device=0 frame=206 count=2 [id=0 state=hold xy=(620.045,-456.197) size=(33.225,33.219) sensitivity=0 orientation=0.000 confidence=true] [id=1 state=hold xy=(718.207,-418.295) size=(33.225,33.219) sensitivity=0 orientation=0.000 confidence=true]
TOUCH t=16.065 device=0 frame=207 count=2 [id=0 state=hold xy=(620.117,-455.693) size=(33.225,33.219) sensitivity=0 orientation=0.000 confidence=true] [id=1 state=hold xy=(718.207,-417.790) size=(33.225,33.219) sensitivity=0 orientation=0.000 confidence=true]
TOUCH t=16.071 device=0 frame=208 count=2 [id=0 state=hold xy=(620.117,-455.188) size=(33.225,33.219) sensitivity=0 orientation=0.000 confidence=true] [id=1 state=hold xy=(718.207,-417.286) size=(33.225,33.219) sensitivity=0 orientation=0.000 confidence=true]
TOUCH t=16.076 device=0 frame=209 count=2 [id=0 state=hold xy=(620.117,-454.684) size=(33.225,33.219) sensitivity=0 orientation=0.000 confidence=true] [id=1 state=hold xy=(718.207,-416.781) size=(33.225,33.219) sensitivity=0 orientation=0.000 confidence=true]
TOUCH t=16.081 device=0 frame=210 count=2 [id=0 state=hold xy=(620.117,-454.251) size=(33.225,33.219) sensitivity=0 orientation=0.000 confidence=true] [id=1 state=hold xy=(718.207,-416.349) size=(33.225,33.219) sensitivity=0 orientation=0.000 confidence=true]
TOUCH t=16.085 device=0 frame=211 count=2 [id=0 state=hold xy=(620.045,-453.819) size=(33.225,33.219) sensitivity=0 orientation=0.000 confidence=true] [id=1 state=hold xy=(718.207,-415.845) size=(33.225,33.219) sensitivity=0 orientation=0.000 confidence=true]
TOUCH t=16.091 device=0 frame=212 count=2 [id=0 state=hold xy=(620.045,-453.387) size=(33.225,33.219) sensitivity=0 orientation=0.000 confidence=true] [id=1 state=hold xy=(718.135,-415.340) size=(33.225,33.219) sensitivity=0 orientation=0.000 confidence=true]
TOUCH t=16.095 device=0 frame=213 count=2 [id=0 state=hold xy=(620.117,-452.882) size=(33.225,33.219) sensitivity=0 orientation=0.000 confidence=true] [id=1 state=hold xy=(718.135,-414.908) size=(33.225,33.219) sensitivity=0 orientation=0.000 confidence=true]
TOUCH t=16.102 device=0 frame=214 count=2 [id=0 state=hold xy=(620.117,-452.450) size=(33.225,33.219) sensitivity=0 orientation=0.000 confidence=true] [id=1 state=hold xy=(718.135,-414.476) size=(33.225,33.219) sensitivity=0 orientation=0.000 confidence=true]
TOUCH t=16.108 device=0 frame=215 count=2 [id=0 state=hold xy=(620.045,-452.018) size=(33.225,33.219) sensitivity=0 orientation=0.000 confidence=true] [id=1 state=hold xy=(718.135,-413.971) size=(33.225,33.219) sensitivity=0 orientation=0.000 confidence=true]
TOUCH t=16.112 device=0 frame=216 count=2 [id=0 state=hold xy=(620.045,-451.585) size=(33.225,33.219) sensitivity=0 orientation=0.000 confidence=true] [id=1 state=hold xy=(718.135,-413.611) size=(33.225,33.219) sensitivity=0 orientation=0.000 confidence=true]
TOUCH t=16.118 device=0 frame=217 count=2 [id=0 state=hold xy=(620.045,-451.225) size=(33.225,33.219) sensitivity=0 orientation=0.000 confidence=true] [id=1 state=hold xy=(718.063,-413.251) size=(33.225,33.219) sensitivity=0 orientation=0.000 confidence=true]
TOUCH t=16.122 device=0 frame=218 count=2 [id=0 state=hold xy=(619.973,-450.865) size=(33.225,33.219) sensitivity=0 orientation=0.000 confidence=true] [id=1 state=hold xy=(718.063,-412.890) size=(33.225,33.219) sensitivity=0 orientation=0.000 confidence=true]
TOUCH t=16.127 device=0 frame=219 count=2 [id=0 state=hold xy=(619.973,-450.576) size=(33.225,33.219) sensitivity=0 orientation=0.000 confidence=true] [id=1 state=hold xy=(718.063,-412.602) size=(33.225,33.219) sensitivity=0 orientation=0.000 confidence=true]
TOUCH t=16.132 device=0 frame=220 count=2 [id=0 state=hold xy=(619.973,-450.288) size=(33.225,33.219) sensitivity=0 orientation=0.000 confidence=true] [id=1 state=hold xy=(718.063,-412.314) size=(33.225,33.219) sensitivity=0 orientation=0.000 confidence=true]
TOUCH t=16.138 device=0 frame=221 count=2 [id=0 state=hold xy=(619.973,-450.000) size=(33.225,33.219) sensitivity=0 orientation=0.000 confidence=true] [id=1 state=hold xy=(718.063,-412.026) size=(33.225,33.219) sensitivity=0 orientation=0.000 confidence=true]
TOUCH t=16.143 device=0 frame=222 count=2 [id=0 state=hold xy=(619.973,-449.784) size=(33.225,33.219) sensitivity=0 orientation=0.000 confidence=true] [id=1 state=hold xy=(718.063,-411.737) size=(33.225,33.219) sensitivity=0 orientation=0.000 confidence=true]
TOUCH t=16.149 device=0 frame=223 count=2 [id=0 state=hold xy=(620.045,-449.640) size=(33.225,33.219) sensitivity=0 orientation=0.000 confidence=true] [id=1 state=hold xy=(718.063,-411.521) size=(33.225,33.219) sensitivity=0 orientation=0.000 confidence=true]
TOUCH t=16.152 device=0 frame=224 count=2 [id=0 state=hold xy=(620.045,-449.496) size=(33.225,33.219) sensitivity=0 orientation=0.000 confidence=true] [id=1 state=hold xy=(717.991,-411.377) size=(33.225,33.219) sensitivity=0 orientation=0.000 confidence=true]
TOUCH t=16.158 device=0 frame=225 count=2 [id=0 state=hold xy=(620.045,-449.351) size=(33.225,33.219) sensitivity=0 orientation=0.000 confidence=true] [id=1 state=hold xy=(717.991,-411.089) size=(33.225,33.219) sensitivity=0 orientation=0.000 confidence=true]
TOUCH t=16.164 device=0 frame=226 count=2 [id=0 state=hold xy=(619.973,-449.279) size=(33.225,33.219) sensitivity=0 orientation=0.000 confidence=true] [id=1 state=hold xy=(717.991,-410.945) size=(33.225,33.219) sensitivity=0 orientation=0.000 confidence=true]
TOUCH t=16.168 device=0 frame=227 count=2 [id=0 state=hold xy=(619.973,-449.207) size=(33.225,33.219) sensitivity=0 orientation=0.000 confidence=true] [id=1 state=hold xy=(717.919,-410.729) size=(33.225,33.219) sensitivity=0 orientation=0.000 confidence=true]
TOUCH t=16.174 device=0 frame=228 count=2 [id=0 state=hold xy=(619.973,-449.135) size=(33.225,33.219) sensitivity=0 orientation=0.000 confidence=true] [id=1 state=hold xy=(717.919,-410.584) size=(33.225,33.219) sensitivity=0 orientation=0.000 confidence=true]
TOUCH t=16.179 device=0 frame=229 count=2 [id=0 state=hold xy=(619.973,-448.991) size=(33.225,33.219) sensitivity=0 orientation=0.000 confidence=true] [id=1 state=hold xy=(717.919,-410.440) size=(33.225,33.219) sensitivity=0 orientation=0.000 confidence=true]
TOUCH t=16.184 device=0 frame=230 count=2 [id=0 state=hold xy=(619.973,-448.919) size=(33.225,33.219) sensitivity=0 orientation=0.000 confidence=true] [id=1 state=hold xy=(717.919,-410.368) size=(33.225,33.219) sensitivity=0 orientation=0.000 confidence=true]
TOUCH t=16.188 device=0 frame=231 count=2 [id=0 state=hold xy=(619.973,-448.847) size=(33.225,33.219) sensitivity=0 orientation=0.000 confidence=true] [id=1 state=hold xy=(717.847,-410.296) size=(33.225,33.219) sensitivity=0 orientation=0.000 confidence=true]
TOUCH t=16.195 device=0 frame=232 count=2 [id=0 state=hold xy=(619.901,-448.775) size=(33.225,33.219) sensitivity=0 orientation=0.000 confidence=true] [id=1 state=hold xy=(717.847,-410.296) size=(33.225,33.219) sensitivity=0 orientation=0.000 confidence=true]
TOUCH t=16.199 device=0 frame=233 count=2 [id=0 state=hold xy=(619.901,-448.703) size=(33.225,33.219) sensitivity=0 orientation=0.000 confidence=true] [id=1 state=hold xy=(717.847,-410.224) size=(33.225,33.219) sensitivity=0 orientation=0.000 confidence=true]
TOUCH t=16.205 device=0 frame=234 count=2 [id=0 state=hold xy=(619.901,-448.631) size=(33.225,33.219) sensitivity=0 orientation=0.000 confidence=true] [id=1 state=hold xy=(717.775,-410.152) size=(33.225,33.219) sensitivity=0 orientation=0.000 confidence=true]
TOUCH t=16.210 device=0 frame=235 count=2 [id=0 state=hold xy=(619.901,-448.487) size=(33.225,33.219) sensitivity=0 orientation=0.000 confidence=true] [id=1 state=hold xy=(717.775,-410.152) size=(33.225,33.219) sensitivity=0 orientation=0.000 confidence=true]
TOUCH t=16.216 device=0 frame=236 count=2 [id=0 state=hold xy=(619.901,-448.415) size=(33.225,33.219) sensitivity=0 orientation=0.000 confidence=true] [id=1 state=hold xy=(717.775,-410.080) size=(33.225,33.219) sensitivity=0 orientation=0.000 confidence=true]
TOUCH t=16.221 device=0 frame=237 count=2 [id=0 state=hold xy=(619.901,-448.343) size=(33.225,33.219) sensitivity=0 orientation=0.000 confidence=true] [id=1 state=hold xy=(717.703,-410.008) size=(33.225,33.219) sensitivity=0 orientation=0.000 confidence=true]
TOUCH t=16.227 device=0 frame=238 count=2 [id=0 state=hold xy=(619.901,-448.271) size=(33.225,33.219) sensitivity=0 orientation=0.000 confidence=true] [id=1 state=hold xy=(717.703,-409.936) size=(33.225,33.219) sensitivity=0 orientation=0.000 confidence=true]
TOUCH t=16.232 device=0 frame=239 count=2 [id=0 state=hold xy=(619.829,-448.199) size=(33.225,33.219) sensitivity=0 orientation=0.000 confidence=true] [id=1 state=hold xy=(717.631,-409.936) size=(33.225,33.219) sensitivity=0 orientation=0.000 confidence=true]
TOUCH t=16.238 device=0 frame=240 count=2 [id=0 state=hold xy=(619.829,-448.126) size=(33.225,33.219) sensitivity=0 orientation=0.000 confidence=true] [id=1 state=hold xy=(717.631,-409.864) size=(33.225,33.219) sensitivity=0 orientation=0.000 confidence=true]
TOUCH t=16.243 device=0 frame=241 count=2 [id=0 state=hold xy=(619.829,-448.054) size=(33.225,33.219) sensitivity=0 orientation=0.000 confidence=true] [id=1 state=hold xy=(717.559,-409.792) size=(33.225,33.219) sensitivity=0 orientation=0.000 confidence=true]
TOUCH t=16.249 device=0 frame=242 count=2 [id=0 state=hold xy=(619.829,-447.982) size=(33.225,33.219) sensitivity=0 orientation=0.000 confidence=true] [id=1 state=hold xy=(717.559,-409.648) size=(33.225,33.219) sensitivity=0 orientation=0.000 confidence=true]
TOUCH t=16.253 device=0 frame=243 count=2 [id=0 state=hold xy=(619.757,-447.982) size=(33.225,33.219) sensitivity=0 orientation=0.000 confidence=true] [id=1 state=hold xy=(717.559,-409.504) size=(33.225,33.219) sensitivity=0 orientation=0.000 confidence=true]
TOUCH t=16.261 device=0 frame=244 count=2 [id=0 state=hold xy=(619.757,-447.910) size=(33.225,33.219) sensitivity=0 orientation=0.000 confidence=false] [id=1 state=hold xy=(717.487,-409.432) size=(33.225,33.219) sensitivity=0 orientation=0.000 confidence=false]
TOUCH t=16.263 device=0 frame=245 count=2 [id=0 state=hold xy=(619.757,-447.838) size=(33.225,33.219) sensitivity=0 orientation=0.000 confidence=false] [id=1 state=hold xy=(717.414,-409.287) size=(33.225,33.219) sensitivity=0 orientation=0.000 confidence=false]
TOUCH t=16.270 device=0 frame=246 count=2 [id=0 state=hold xy=(619.757,-447.766) size=(33.225,33.219) sensitivity=0 orientation=0.000 confidence=false] [id=1 state=hold xy=(717.414,-409.215) size=(33.225,33.219) sensitivity=0 orientation=0.000 confidence=false]
TOUCH t=16.275 device=0 frame=247 count=2 [id=0 state=hold xy=(619.829,-447.694) size=(33.225,33.219) sensitivity=0 orientation=0.000 confidence=false] [id=1 state=hold xy=(717.342,-409.143) size=(33.225,33.219) sensitivity=0 orientation=0.000 confidence=false]
TOUCH t=16.281 device=0 frame=248 count=2 [id=0 state=hold xy=(619.829,-447.550) size=(33.225,33.219) sensitivity=0 orientation=0.000 confidence=false] [id=1 state=hold xy=(717.342,-408.999) size=(33.225,33.219) sensitivity=0 orientation=0.000 confidence=false]
TOUCH t=16.285 device=0 frame=249 count=2 [id=0 state=hold xy=(619.829,-447.550) size=(33.225,33.219) sensitivity=0 orientation=0.000 confidence=false] [id=1 state=hold xy=(717.270,-408.783) size=(33.225,33.219) sensitivity=0 orientation=0.000 confidence=false]
TOUCH t=16.291 device=0 frame=250 count=2 [id=0 state=hold xy=(619.829,-447.478) size=(33.225,33.219) sensitivity=0 orientation=0.000 confidence=false] [id=1 state=hold xy=(717.270,-408.639) size=(33.225,33.219) sensitivity=0 orientation=0.000 confidence=false]
TOUCH t=16.300 device=0 frame=251 count=2 [id=0 state=hold xy=(619.757,-447.478) size=(33.225,33.219) sensitivity=0 orientation=0.000 confidence=false] [id=1 state=hold xy=(717.198,-408.495) size=(33.225,33.219) sensitivity=0 orientation=0.000 confidence=false]
TOUCH t=16.301 device=0 frame=252 count=2 [id=0 state=hold xy=(619.757,-447.406) size=(33.225,33.219) sensitivity=0 orientation=0.000 confidence=false] [id=1 state=hold xy=(717.198,-408.279) size=(33.225,33.219) sensitivity=0 orientation=0.000 confidence=false]
TOUCH t=16.310 device=0 frame=253 count=2 [id=0 state=hold xy=(619.757,-447.262) size=(33.225,33.219) sensitivity=0 orientation=0.000 confidence=false] [id=1 state=hold xy=(717.126,-408.207) size=(33.225,33.219) sensitivity=0 orientation=0.000 confidence=false]
TOUCH t=16.314 device=0 frame=254 count=2 [id=0 state=hold xy=(619.829,-447.190) size=(33.225,33.219) sensitivity=0 orientation=0.000 confidence=false] [id=1 state=hold xy=(717.054,-407.990) size=(33.225,33.219) sensitivity=0 orientation=0.000 confidence=false]
TOUCH t=16.317 device=0 frame=255 count=2 [id=0 state=hold xy=(619.829,-447.118) size=(33.225,33.219) sensitivity=0 orientation=0.000 confidence=false] [id=1 state=hold xy=(717.054,-407.846) size=(33.225,33.219) sensitivity=0 orientation=0.000 confidence=false]
TOUCH t=16.322 device=0 frame=256 count=2 [id=0 state=hold xy=(619.829,-447.046) size=(33.225,33.219) sensitivity=0 orientation=0.000 confidence=false] [id=1 state=hold xy=(716.982,-407.774) size=(33.225,33.219) sensitivity=0 orientation=0.000 confidence=false]
TOUCH t=16.327 device=0 frame=257 count=2 [id=0 state=hold xy=(619.829,-446.902) size=(33.225,33.219) sensitivity=0 orientation=0.000 confidence=false] [id=1 state=hold xy=(716.982,-407.630) size=(33.225,33.219) sensitivity=0 orientation=0.000 confidence=false]
TOUCH t=16.333 device=0 frame=258 count=2 [id=0 state=hold xy=(619.757,-446.829) size=(33.225,33.219) sensitivity=0 orientation=0.000 confidence=false] [id=1 state=hold xy=(716.910,-407.558) size=(33.225,33.219) sensitivity=0 orientation=0.000 confidence=false]
TOUCH t=16.338 device=0 frame=259 count=2 [id=0 state=hold xy=(619.757,-446.757) size=(33.225,33.219) sensitivity=0 orientation=0.000 confidence=false] [id=1 state=hold xy=(716.838,-407.414) size=(33.225,33.219) sensitivity=0 orientation=0.000 confidence=false]
TOUCH t=16.344 device=0 frame=260 count=2 [id=0 state=hold xy=(619.757,-446.685) size=(33.225,33.219) sensitivity=0 orientation=0.000 confidence=false] [id=1 state=hold xy=(716.838,-407.270) size=(33.225,33.219) sensitivity=0 orientation=0.000 confidence=false]
TOUCH t=16.351 device=0 frame=261 count=2 [id=0 state=hold xy=(619.757,-446.541) size=(33.225,33.219) sensitivity=0 orientation=0.000 confidence=false] [id=1 state=hold xy=(716.766,-407.198) size=(33.225,33.219) sensitivity=0 orientation=0.000 confidence=false]
TOUCH t=16.353 device=0 frame=262 count=2 [id=0 state=hold xy=(619.757,-446.469) size=(33.225,33.219) sensitivity=0 orientation=0.000 confidence=false] [id=1 state=hold xy=(716.766,-407.054) size=(33.225,33.219) sensitivity=0 orientation=0.000 confidence=false]
TOUCH t=16.357 device=0 frame=263 count=2 [id=0 state=hold xy=(619.685,-446.397) size=(33.225,33.219) sensitivity=0 orientation=0.000 confidence=false] [id=1 state=hold xy=(716.694,-406.982) size=(33.225,33.219) sensitivity=0 orientation=0.000 confidence=false]
TOUCH t=16.365 device=0 frame=264 count=2 [id=0 state=hold xy=(619.685,-446.253) size=(33.225,33.219) sensitivity=0 orientation=0.000 confidence=false] [id=1 state=hold xy=(716.622,-406.982) size=(33.225,33.219) sensitivity=0 orientation=0.000 confidence=false]
TOUCH t=16.369 device=0 frame=265 count=2 [id=0 state=hold xy=(619.757,-446.181) size=(33.225,33.219) sensitivity=0 orientation=0.000 confidence=false] [id=1 state=hold xy=(716.622,-406.910) size=(33.225,33.219) sensitivity=0 orientation=0.000 confidence=false]
TOUCH t=16.376 device=0 frame=266 count=2 [id=0 state=hold xy=(619.685,-446.109) size=(33.225,33.219) sensitivity=0 orientation=0.000 confidence=false] [id=1 state=hold xy=(716.550,-406.837) size=(33.225,33.219) sensitivity=0 orientation=0.000 confidence=false]
TOUCH t=16.382 device=0 frame=267 count=2 [id=0 state=hold xy=(619.685,-446.037) size=(33.225,33.219) sensitivity=0 orientation=0.000 confidence=false] [id=1 state=hold xy=(716.477,-406.837) size=(33.225,33.219) sensitivity=0 orientation=0.000 confidence=false]
TOUCH t=16.385 device=0 frame=268 count=2 [id=0 state=hold xy=(619.685,-445.965) size=(33.225,33.219) sensitivity=0 orientation=0.000 confidence=false] [id=1 state=hold xy=(716.477,-406.765) size=(33.225,33.219) sensitivity=0 orientation=0.000 confidence=false]
TOUCH t=16.392 device=0 frame=269 count=2 [id=0 state=hold xy=(619.685,-445.893) size=(33.225,33.219) sensitivity=0 orientation=0.000 confidence=false] [id=1 state=hold xy=(716.405,-406.693) size=(33.225,33.219) sensitivity=0 orientation=0.000 confidence=false]
TOUCH t=16.395 device=0 frame=270 count=2 [id=0 state=hold xy=(619.685,-445.821) size=(33.225,33.219) sensitivity=0 orientation=0.000 confidence=false] [id=1 state=hold xy=(716.405,-406.621) size=(33.225,33.219) sensitivity=0 orientation=0.000 confidence=false]
TOUCH t=16.402 device=0 frame=271 count=2 [id=0 state=hold xy=(619.685,-445.821) size=(33.225,33.219) sensitivity=0 orientation=0.000 confidence=false] [id=1 state=hold xy=(716.333,-406.621) size=(33.225,33.219) sensitivity=0 orientation=0.000 confidence=false]
TOUCH t=16.406 device=0 frame=272 count=2 [id=0 state=hold xy=(619.613,-445.749) size=(33.225,33.219) sensitivity=0 orientation=0.000 confidence=false] [id=1 state=hold xy=(716.333,-406.549) size=(33.225,33.219) sensitivity=0 orientation=0.000 confidence=false]
TOUCH t=16.413 device=0 frame=273 count=2 [id=0 state=hold xy=(619.613,-445.749) size=(33.225,33.219) sensitivity=0 orientation=0.000 confidence=false] [id=1 state=hold xy=(716.333,-406.549) size=(33.225,33.219) sensitivity=0 orientation=0.000 confidence=false]
TOUCH t=16.415 device=0 frame=274 count=2 [id=0 state=hold xy=(619.613,-445.749) size=(33.225,33.219) sensitivity=0 orientation=0.000 confidence=false] [id=1 state=hold xy=(716.333,-406.549) size=(33.225,33.219) sensitivity=0 orientation=0.000 confidence=false]
TOUCH t=16.422 device=0 frame=275 count=2 [id=0 state=hold xy=(619.613,-445.749) size=(33.225,33.219) sensitivity=0 orientation=0.000 confidence=false] [id=1 state=hold xy=(716.333,-406.477) size=(33.225,33.219) sensitivity=0 orientation=0.000 confidence=false]
TOUCH t=16.427 device=0 frame=276 count=2 [id=0 state=hold xy=(619.613,-445.677) size=(33.225,33.219) sensitivity=0 orientation=0.000 confidence=false] [id=1 state=hold xy=(716.333,-406.405) size=(33.225,33.219) sensitivity=0 orientation=0.000 confidence=false]
TOUCH t=16.431 device=0 frame=277 count=2 [id=0 state=hold xy=(619.613,-445.677) size=(33.225,33.219) sensitivity=0 orientation=0.000 confidence=false] [id=1 state=hold xy=(716.333,-406.333) size=(33.225,33.219) sensitivity=0 orientation=0.000 confidence=false]
TOUCH t=16.439 device=0 frame=278 count=2 [id=0 state=hold xy=(619.613,-445.604) size=(33.225,33.219) sensitivity=0 orientation=0.000 confidence=false] [id=1 state=hold xy=(716.333,-406.261) size=(33.225,33.219) sensitivity=0 orientation=0.000 confidence=false]
TOUCH t=16.444 device=0 frame=279 count=2 [id=0 state=hold xy=(619.613,-445.532) size=(33.225,33.219) sensitivity=0 orientation=0.000 confidence=false] [id=1 state=hold xy=(716.261,-406.189) size=(33.225,33.219) sensitivity=0 orientation=0.000 confidence=false]
TOUCH t=16.447 device=0 frame=280 count=2 [id=0 state=hold xy=(619.541,-445.460) size=(33.225,33.219) sensitivity=0 orientation=0.000 confidence=false] [id=1 state=hold xy=(716.261,-406.117) size=(33.225,33.219) sensitivity=0 orientation=0.000 confidence=false]
TOUCH t=16.454 device=0 frame=281 count=2 [id=0 state=hold xy=(619.541,-445.460) size=(33.225,33.219) sensitivity=0 orientation=0.000 confidence=false] [id=1 state=hold xy=(716.261,-406.117) size=(33.225,33.219) sensitivity=0 orientation=0.000 confidence=false]
TOUCH t=16.460 device=0 frame=282 count=2 [id=0 state=hold xy=(619.541,-445.388) size=(33.225,33.219) sensitivity=0 orientation=0.000 confidence=false] [id=1 state=hold xy=(716.261,-406.045) size=(33.225,33.219) sensitivity=0 orientation=0.000 confidence=false]
TOUCH t=16.463 device=0 frame=283 count=2 [id=0 state=hold xy=(619.541,-445.316) size=(33.225,33.219) sensitivity=0 orientation=0.000 confidence=false] [id=1 state=hold xy=(716.261,-406.045) size=(33.225,33.219) sensitivity=0 orientation=0.000 confidence=false]
TOUCH t=16.467 device=0 frame=284 count=2 [id=0 state=hold xy=(619.468,-445.244) size=(33.225,33.219) sensitivity=0 orientation=0.000 confidence=false] [id=1 state=hold xy=(716.261,-405.973) size=(33.225,33.219) sensitivity=0 orientation=0.000 confidence=false]
TOUCH t=16.474 device=0 frame=285 count=2 [id=0 state=hold xy=(619.468,-445.172) size=(33.225,33.219) sensitivity=0 orientation=0.000 confidence=false] [id=1 state=hold xy=(716.261,-405.973) size=(33.225,33.219) sensitivity=0 orientation=0.000 confidence=false]
TOUCH t=16.481 device=0 frame=286 count=2 [id=0 state=hold xy=(619.468,-445.100) size=(33.225,33.219) sensitivity=0 orientation=0.000 confidence=false] [id=1 state=hold xy=(716.189,-405.901) size=(33.225,33.219) sensitivity=0 orientation=0.000 confidence=false]
TOUCH t=16.484 device=0 frame=287 count=2 [id=0 state=hold xy=(619.468,-445.100) size=(33.225,33.219) sensitivity=0 orientation=0.000 confidence=false] [id=1 state=hold xy=(716.189,-405.901) size=(33.225,33.219) sensitivity=0 orientation=0.000 confidence=false]
TOUCH t=16.490 device=0 frame=288 count=2 [id=0 state=hold xy=(619.468,-445.028) size=(33.225,33.219) sensitivity=0 orientation=0.000 confidence=false] [id=1 state=hold xy=(716.189,-405.901) size=(33.225,33.219) sensitivity=0 orientation=0.000 confidence=false]
TOUCH t=16.495 device=0 frame=289 count=2 [id=0 state=hold xy=(619.396,-444.956) size=(33.225,33.219) sensitivity=0 orientation=0.000 confidence=false] [id=1 state=hold xy=(716.189,-405.757) size=(33.225,33.219) sensitivity=0 orientation=0.000 confidence=false]
TOUCH t=16.499 device=0 frame=290 count=2 [id=0 state=hold xy=(619.396,-444.884) size=(33.225,33.219) sensitivity=0 orientation=0.000 confidence=false] [id=1 state=hold xy=(716.189,-405.757) size=(33.225,33.219) sensitivity=0 orientation=0.000 confidence=false]
TOUCH t=16.506 device=0 frame=291 count=2 [id=0 state=hold xy=(619.396,-444.812) size=(33.225,33.219) sensitivity=0 orientation=0.000 confidence=false] [id=1 state=hold xy=(716.117,-405.685) size=(33.225,33.219) sensitivity=0 orientation=0.000 confidence=false]
TOUCH t=16.511 device=0 frame=292 count=2 [id=0 state=hold xy=(619.396,-444.740) size=(33.225,33.219) sensitivity=0 orientation=0.000 confidence=false] [id=1 state=hold xy=(716.117,-405.612) size=(33.225,33.219) sensitivity=0 orientation=0.000 confidence=false]
TOUCH t=16.517 device=0 frame=293 count=2 [id=0 state=hold xy=(619.324,-444.668) size=(33.225,33.219) sensitivity=0 orientation=0.000 confidence=false] [id=1 state=hold xy=(716.045,-405.468) size=(33.225,33.219) sensitivity=0 orientation=0.000 confidence=false]
TOUCH t=16.522 device=0 frame=294 count=2 [id=0 state=hold xy=(619.324,-444.596) size=(33.225,33.219) sensitivity=0 orientation=0.000 confidence=false] [id=1 state=hold xy=(716.045,-405.396) size=(33.225,33.219) sensitivity=0 orientation=0.000 confidence=false]
TOUCH t=16.527 device=0 frame=295 count=2 [id=0 state=hold xy=(619.324,-444.524) size=(33.225,33.219) sensitivity=0 orientation=0.000 confidence=false] [id=1 state=hold xy=(716.045,-405.324) size=(33.225,33.219) sensitivity=0 orientation=0.000 confidence=false]
TOUCH t=16.532 device=0 frame=296 count=2 [id=0 state=hold xy=(619.324,-444.452) size=(33.225,33.219) sensitivity=0 orientation=0.000 confidence=false] [id=1 state=hold xy=(716.045,-405.252) size=(33.225,33.219) sensitivity=0 orientation=0.000 confidence=false]
TOUCH t=16.536 device=0 frame=297 count=2 [id=0 state=hold xy=(619.324,-444.380) size=(33.225,33.219) sensitivity=0 orientation=0.000 confidence=false] [id=1 state=hold xy=(716.045,-405.180) size=(33.225,33.219) sensitivity=0 orientation=0.000 confidence=false]
TOUCH t=16.544 device=0 frame=298 count=2 [id=0 state=hold xy=(619.252,-444.307) size=(33.225,33.219) sensitivity=0 orientation=0.000 confidence=false] [id=1 state=hold xy=(715.973,-405.108) size=(33.225,33.219) sensitivity=0 orientation=0.000 confidence=false]
TOUCH t=16.549 device=0 frame=299 count=2 [id=0 state=hold xy=(619.252,-444.235) size=(33.225,33.219) sensitivity=0 orientation=0.000 confidence=false] [id=1 state=hold xy=(715.973,-405.036) size=(33.225,33.219) sensitivity=0 orientation=0.000 confidence=false]
TOUCH t=16.552 device=0 frame=300 count=2 [id=0 state=hold xy=(619.252,-444.235) size=(33.225,33.219) sensitivity=0 orientation=0.000 confidence=false] [id=1 state=hold xy=(715.973,-404.964) size=(33.225,33.219) sensitivity=0 orientation=0.000 confidence=false]
TOUCH t=16.560 device=0 frame=301 count=2 [id=0 state=hold xy=(619.180,-444.163) size=(33.225,33.219) sensitivity=0 orientation=0.000 confidence=false] [id=1 state=hold xy=(715.973,-404.892) size=(33.225,33.219) sensitivity=0 orientation=0.000 confidence=false]
TOUCH t=16.564 device=0 frame=302 count=2 [id=0 state=hold xy=(619.180,-444.163) size=(33.225,33.219) sensitivity=0 orientation=0.000 confidence=false] [id=1 state=hold xy=(715.973,-404.820) size=(33.225,33.219) sensitivity=0 orientation=0.000 confidence=false]
TOUCH t=16.567 device=0 frame=303 count=2 [id=0 state=hold xy=(619.180,-444.091) size=(33.225,33.219) sensitivity=0 orientation=0.000 confidence=false] [id=1 state=hold xy=(715.901,-404.748) size=(33.225,33.219) sensitivity=0 orientation=0.000 confidence=false]
TOUCH t=16.575 device=0 frame=304 count=2 [id=0 state=hold xy=(619.108,-444.019) size=(33.225,33.219) sensitivity=0 orientation=0.000 confidence=false] [id=1 state=hold xy=(715.901,-404.676) size=(33.225,33.219) sensitivity=0 orientation=0.000 confidence=false]
TOUCH t=16.578 device=0 frame=305 count=2 [id=0 state=hold xy=(619.108,-444.019) size=(33.225,33.219) sensitivity=0 orientation=0.000 confidence=false] [id=1 state=hold xy=(715.901,-404.604) size=(33.225,33.219) sensitivity=0 orientation=0.000 confidence=false]
TOUCH t=16.584 device=0 frame=306 count=2 [id=0 state=hold xy=(619.108,-443.947) size=(33.225,33.219) sensitivity=0 orientation=0.000 confidence=false] [id=1 state=hold xy=(715.901,-404.532) size=(33.225,33.219) sensitivity=0 orientation=0.000 confidence=false]
TOUCH t=16.591 device=0 frame=307 count=2 [id=0 state=hold xy=(619.036,-443.875) size=(33.225,33.219) sensitivity=0 orientation=0.000 confidence=false] [id=1 state=hold xy=(715.829,-404.532) size=(33.225,33.219) sensitivity=0 orientation=0.000 confidence=false]
TOUCH t=16.595 device=0 frame=308 count=2 [id=0 state=hold xy=(619.036,-443.875) size=(33.225,33.219) sensitivity=0 orientation=0.000 confidence=false] [id=1 state=hold xy=(715.829,-404.460) size=(33.225,33.219) sensitivity=0 orientation=0.000 confidence=false]
TOUCH t=16.600 device=0 frame=309 count=2 [id=0 state=hold xy=(619.036,-443.803) size=(33.225,33.219) sensitivity=0 orientation=0.000 confidence=false] [id=1 state=hold xy=(715.829,-404.388) size=(33.225,33.219) sensitivity=0 orientation=0.000 confidence=false]
TOUCH t=16.606 device=0 frame=310 count=2 [id=0 state=hold xy=(619.036,-443.731) size=(33.225,33.219) sensitivity=0 orientation=0.000 confidence=false] [id=1 state=hold xy=(715.829,-404.315) size=(33.225,33.219) sensitivity=0 orientation=0.000 confidence=false]
TOUCH t=16.610 device=0 frame=311 count=2 [id=0 state=hold xy=(619.036,-443.659) size=(33.225,33.219) sensitivity=0 orientation=0.000 confidence=false] [id=1 state=hold xy=(715.757,-404.315) size=(33.225,33.219) sensitivity=0 orientation=0.000 confidence=false]
TOUCH t=16.615 device=0 frame=312 count=2 [id=0 state=hold xy=(618.964,-443.587) size=(33.225,33.219) sensitivity=0 orientation=0.000 confidence=false] [id=1 state=hold xy=(715.757,-404.243) size=(33.225,33.219) sensitivity=0 orientation=0.000 confidence=false]
TOUCH t=16.630 device=0 frame=313 count=2 [id=0 state=hold xy=(618.964,-443.587) size=(33.225,33.219) sensitivity=0 orientation=0.000 confidence=false] [id=1 state=hold xy=(715.757,-404.171) size=(33.225,33.219) sensitivity=0 orientation=0.000 confidence=false]
TOUCH t=16.631 device=0 frame=314 count=2 [id=0 state=hold xy=(618.892,-443.515) size=(33.225,33.219) sensitivity=0 orientation=0.000 confidence=false] [id=1 state=hold xy=(715.685,-404.099) size=(33.225,33.219) sensitivity=0 orientation=0.000 confidence=false]
TOUCH t=16.631 device=0 frame=315 count=2 [id=0 state=hold xy=(618.892,-443.515) size=(33.225,33.219) sensitivity=0 orientation=0.000 confidence=false] [id=1 state=hold xy=(715.685,-404.027) size=(33.225,33.219) sensitivity=0 orientation=0.000 confidence=false]
TOUCH t=16.637 device=0 frame=316 count=2 [id=0 state=hold xy=(618.820,-443.443) size=(33.225,33.219) sensitivity=0 orientation=0.000 confidence=false] [id=1 state=hold xy=(715.685,-403.955) size=(33.225,33.219) sensitivity=0 orientation=0.000 confidence=false]
TOUCH t=16.645 device=0 frame=317 count=2 [id=0 state=hold xy=(618.820,-443.443) size=(33.225,33.219) sensitivity=0 orientation=0.000 confidence=false] [id=1 state=hold xy=(715.613,-403.883) size=(33.225,33.219) sensitivity=0 orientation=0.000 confidence=false]
TOUCH t=16.646 device=0 frame=318 count=2 [id=0 state=hold xy=(618.820,-443.371) size=(33.225,33.219) sensitivity=0 orientation=0.000 confidence=false] [id=1 state=hold xy=(715.613,-403.811) size=(33.225,33.219) sensitivity=0 orientation=0.000 confidence=false]
TOUCH t=16.654 device=0 frame=319 count=2 [id=0 state=hold xy=(618.748,-443.371) size=(33.225,33.219) sensitivity=0 orientation=0.000 confidence=false] [id=1 state=hold xy=(715.541,-403.739) size=(33.225,33.219) sensitivity=0 orientation=0.000 confidence=false]
TOUCH t=16.658 device=0 frame=320 count=2 [id=0 state=hold xy=(618.748,-443.299) size=(33.225,33.219) sensitivity=0 orientation=0.000 confidence=false] [id=1 state=hold xy=(715.541,-403.667) size=(33.225,33.219) sensitivity=0 orientation=0.000 confidence=false]
TOUCH t=16.662 device=0 frame=321 count=2 [id=0 state=hold xy=(618.676,-443.227) size=(33.225,33.219) sensitivity=0 orientation=0.000 confidence=false] [id=1 state=hold xy=(715.468,-403.595) size=(33.225,33.219) sensitivity=0 orientation=0.000 confidence=false]
TOUCH t=16.667 device=0 frame=322 count=2 [id=0 state=hold xy=(618.676,-443.227) size=(33.225,33.219) sensitivity=0 orientation=0.000 confidence=false] [id=1 state=hold xy=(715.468,-403.523) size=(33.225,33.219) sensitivity=0 orientation=0.000 confidence=false]
TOUCH t=16.676 device=0 frame=323 count=2 [id=0 state=hold xy=(618.604,-443.227) size=(33.225,33.219) sensitivity=0 orientation=0.000 confidence=false] [id=1 state=hold xy=(715.396,-403.451) size=(33.225,33.219) sensitivity=0 orientation=0.000 confidence=false]
TOUCH t=16.678 device=0 frame=324 count=2 [id=0 state=hold xy=(618.532,-443.155) size=(33.225,33.219) sensitivity=0 orientation=0.000 confidence=false] [id=1 state=hold xy=(715.396,-403.379) size=(33.225,33.219) sensitivity=0 orientation=0.000 confidence=false]
TOUCH t=16.682 device=0 frame=325 count=2 [id=0 state=hold xy=(618.532,-443.155) size=(33.225,33.219) sensitivity=0 orientation=0.000 confidence=false] [id=1 state=hold xy=(715.324,-403.307) size=(33.225,33.219) sensitivity=0 orientation=0.000 confidence=false]
TOUCH t=16.690 device=0 frame=326 count=2 [id=0 state=hold xy=(618.459,-443.082) size=(33.225,33.219) sensitivity=0 orientation=0.000 confidence=false] [id=1 state=hold xy=(715.324,-403.235) size=(33.225,33.219) sensitivity=0 orientation=0.000 confidence=false]
TOUCH t=16.694 device=0 frame=327 count=2 [id=0 state=hold xy=(618.459,-443.010) size=(33.225,33.219) sensitivity=0 orientation=0.000 confidence=false] [id=1 state=hold xy=(715.252,-403.163) size=(33.225,33.219) sensitivity=0 orientation=0.000 confidence=false]
TOUCH t=16.699 device=0 frame=328 count=2 [id=0 state=hold xy=(618.387,-442.938) size=(33.225,33.219) sensitivity=0 orientation=0.000 confidence=false] [id=1 state=hold xy=(715.252,-403.090) size=(33.225,33.219) sensitivity=0 orientation=0.000 confidence=false]
TOUCH t=16.706 device=0 frame=329 count=2 [id=0 state=hold xy=(618.315,-442.866) size=(33.225,33.219) sensitivity=0 orientation=0.000 confidence=false] [id=1 state=hold xy=(715.180,-403.018) size=(33.225,33.219) sensitivity=0 orientation=0.000 confidence=false]
TOUCH t=16.711 device=0 frame=330 count=2 [id=0 state=hold xy=(618.315,-442.866) size=(33.225,33.219) sensitivity=0 orientation=0.000 confidence=false] [id=1 state=hold xy=(715.108,-402.946) size=(33.225,33.219) sensitivity=0 orientation=0.000 confidence=false]
TOUCH t=16.715 device=0 frame=331 count=2 [id=0 state=hold xy=(618.243,-442.794) size=(33.225,33.219) sensitivity=0 orientation=0.000 confidence=false] [id=1 state=hold xy=(715.108,-402.874) size=(33.225,33.219) sensitivity=0 orientation=0.000 confidence=false]
TOUCH t=16.721 device=0 frame=332 count=2 [id=0 state=hold xy=(618.171,-442.722) size=(33.225,33.219) sensitivity=0 orientation=0.000 confidence=false] [id=1 state=hold xy=(715.036,-402.802) size=(33.225,33.219) sensitivity=0 orientation=0.000 confidence=false]
TOUCH t=16.726 device=0 frame=333 count=2 [id=0 state=hold xy=(618.099,-442.650) size=(33.225,33.219) sensitivity=0 orientation=0.000 confidence=false] [id=1 state=hold xy=(714.892,-402.802) size=(33.225,33.219) sensitivity=0 orientation=0.000 confidence=false]
TOUCH t=16.731 device=0 frame=334 count=2 [id=0 state=hold xy=(618.027,-442.650) size=(33.225,33.219) sensitivity=0 orientation=0.000 confidence=false] [id=1 state=hold xy=(714.892,-402.730) size=(33.225,33.219) sensitivity=0 orientation=0.000 confidence=false]
TOUCH t=16.735 device=0 frame=335 count=2 [id=0 state=hold xy=(617.883,-442.578) size=(33.225,33.219) sensitivity=0 orientation=0.000 confidence=false] [id=1 state=hold xy=(714.820,-402.658) size=(33.225,33.219) sensitivity=0 orientation=0.000 confidence=false]
TOUCH t=16.741 device=0 frame=336 count=2 [id=0 state=hold xy=(617.739,-442.578) size=(33.225,33.219) sensitivity=0 orientation=0.000 confidence=false] [id=1 state=hold xy=(714.748,-402.586) size=(33.225,33.219) sensitivity=0 orientation=0.000 confidence=false]
TOUCH t=16.749 device=0 frame=337 count=2 [id=0 state=hold xy=(617.667,-442.506) size=(33.225,33.219) sensitivity=0 orientation=0.000 confidence=false] [id=1 state=hold xy=(714.604,-402.586) size=(33.225,33.219) sensitivity=0 orientation=0.000 confidence=false]
TOUCH t=16.750 device=0 frame=338 count=2 [id=0 state=hold xy=(617.523,-442.434) size=(33.225,33.219) sensitivity=0 orientation=0.000 confidence=false] [id=1 state=hold xy=(714.532,-402.514) size=(33.225,33.219) sensitivity=0 orientation=0.000 confidence=false]
TOUCH t=16.756 device=0 frame=339 count=2 [id=0 state=hold xy=(617.450,-442.290) size=(33.225,33.219) sensitivity=0 orientation=0.000 confidence=false] [id=1 state=hold xy=(714.387,-402.442) size=(33.225,33.219) sensitivity=0 orientation=0.000 confidence=false]
TOUCH t=16.763 device=0 frame=340 count=2 [id=0 state=hold xy=(617.306,-442.146) size=(33.225,33.219) sensitivity=0 orientation=0.000 confidence=false] [id=1 state=hold xy=(714.243,-402.298) size=(33.225,33.219) sensitivity=0 orientation=0.000 confidence=false]
TOUCH t=16.766 device=0 frame=341 count=2 [id=0 state=hold xy=(617.234,-441.930) size=(33.225,33.219) sensitivity=0 orientation=0.000 confidence=false] [id=1 state=hold xy=(714.099,-402.226) size=(33.225,33.219) sensitivity=0 orientation=0.000 confidence=false]
TOUCH t=16.772 device=0 frame=342 count=2 [id=0 state=hold xy=(617.090,-441.713) size=(33.225,33.219) sensitivity=0 orientation=0.000 confidence=false] [id=1 state=hold xy=(713.955,-402.082) size=(33.225,33.219) sensitivity=0 orientation=0.000 confidence=false]
TOUCH t=16.778 device=0 frame=343 count=2 [id=0 state=hold xy=(617.018,-441.569) size=(33.225,33.219) sensitivity=0 orientation=0.000 confidence=false] [id=1 state=hold xy=(713.883,-402.010) size=(33.225,33.219) sensitivity=0 orientation=0.000 confidence=false]
TOUCH t=16.783 device=0 frame=344 count=2 [id=0 state=hold xy=(616.946,-441.353) size=(33.225,33.219) sensitivity=0 orientation=0.000 confidence=false] [id=1 state=hold xy=(713.739,-401.865) size=(33.225,33.219) sensitivity=0 orientation=0.000 confidence=false]
TOUCH t=16.788 device=0 frame=345 count=2 [id=0 state=hold xy=(616.802,-441.209) size=(33.225,33.219) sensitivity=0 orientation=0.000 confidence=false] [id=1 state=hold xy=(713.667,-401.721) size=(33.225,33.219) sensitivity=0 orientation=0.000 confidence=false]
TOUCH t=16.798 device=0 frame=346 count=2 [id=0 state=hold xy=(616.658,-441.065) size=(33.225,33.219) sensitivity=0 orientation=0.000 confidence=false] [id=1 state=hold xy=(713.523,-401.505) size=(33.225,33.219) sensitivity=0 orientation=0.000 confidence=false]
TOUCH t=16.798 device=0 frame=347 count=2 [id=0 state=hold xy=(616.586,-440.921) size=(33.225,33.219) sensitivity=0 orientation=0.000 confidence=false] [id=1 state=hold xy=(713.450,-401.361) size=(33.225,33.219) sensitivity=0 orientation=0.000 confidence=false]
TOUCH t=16.805 device=0 frame=348 count=2 [id=0 state=hold xy=(616.441,-440.777) size=(33.225,33.219) sensitivity=0 orientation=0.000 confidence=false] [id=1 state=hold xy=(713.378,-401.217) size=(33.225,33.219) sensitivity=0 orientation=0.000 confidence=false]
TOUCH t=16.809 device=0 frame=349 count=2 [id=0 state=hold xy=(616.369,-440.633) size=(33.225,33.219) sensitivity=0 orientation=0.000 confidence=false] [id=1 state=hold xy=(713.306,-401.001) size=(33.225,33.219) sensitivity=0 orientation=0.000 confidence=false]
TOUCH t=16.814 device=0 frame=350 count=2 [id=0 state=hold xy=(616.225,-440.488) size=(33.225,33.219) sensitivity=0 orientation=0.000 confidence=false] [id=1 state=hold xy=(713.162,-400.857) size=(33.225,33.219) sensitivity=0 orientation=0.000 confidence=false]
TOUCH t=16.821 device=0 frame=351 count=2 [id=0 state=hold xy=(616.153,-440.344) size=(33.225,33.219) sensitivity=0 orientation=0.000 confidence=false] [id=1 state=hold xy=(713.090,-400.713) size=(33.225,33.219) sensitivity=0 orientation=0.000 confidence=false]
TOUCH t=16.824 device=0 frame=352 count=2 [id=0 state=hold xy=(616.009,-440.128) size=(33.225,33.219) sensitivity=0 orientation=0.000 confidence=false] [id=1 state=hold xy=(712.946,-400.641) size=(33.225,33.219) sensitivity=0 orientation=0.000 confidence=false]
TOUCH t=16.830 device=0 frame=353 count=2 [id=0 state=hold xy=(615.937,-439.984) size=(33.225,33.219) sensitivity=0 orientation=0.000 confidence=false] [id=1 state=hold xy=(712.874,-400.496) size=(33.225,33.219) sensitivity=0 orientation=0.000 confidence=false]
TOUCH t=16.837 device=0 frame=354 count=2 [id=0 state=hold xy=(615.793,-439.840) size=(33.225,33.219) sensitivity=0 orientation=0.000 confidence=false] [id=1 state=hold xy=(712.802,-400.424) size=(33.225,33.219) sensitivity=0 orientation=0.000 confidence=false]
TOUCH t=16.840 device=0 frame=355 count=2 [id=0 state=hold xy=(615.649,-439.696) size=(33.225,33.219) sensitivity=0 orientation=0.000 confidence=false] [id=1 state=hold xy=(712.730,-400.280) size=(33.225,33.219) sensitivity=0 orientation=0.000 confidence=false]
TOUCH t=16.845 device=0 frame=356 count=2 [id=0 state=hold xy=(615.577,-439.624) size=(33.225,33.219) sensitivity=0 orientation=0.000 confidence=false] [id=1 state=hold xy=(712.658,-400.136) size=(33.225,33.219) sensitivity=0 orientation=0.000 confidence=false]
TOUCH t=16.849 device=0 frame=357 count=2 [id=0 state=hold xy=(615.432,-439.552) size=(33.225,33.219) sensitivity=0 orientation=0.000 confidence=false] [id=1 state=hold xy=(712.586,-399.992) size=(33.225,33.219) sensitivity=0 orientation=0.000 confidence=false]
TOUCH t=16.855 device=0 frame=358 count=2 [id=0 state=hold xy=(615.360,-439.408) size=(33.225,33.219) sensitivity=0 orientation=0.000 confidence=false] [id=1 state=hold xy=(712.513,-399.848) size=(33.225,33.219) sensitivity=0 orientation=0.000 confidence=false]
TOUCH t=16.862 device=0 frame=359 count=2 [id=0 state=hold xy=(615.288,-439.335) size=(33.225,33.219) sensitivity=0 orientation=0.000 confidence=false] [id=1 state=hold xy=(712.441,-399.704) size=(33.225,33.219) sensitivity=0 orientation=0.000 confidence=false]
TOUCH t=16.866 device=0 frame=360 count=2 [id=0 state=hold xy=(615.216,-439.191) size=(33.225,33.219) sensitivity=0 orientation=0.000 confidence=false] [id=1 state=hold xy=(712.369,-399.560) size=(33.225,33.219) sensitivity=0 orientation=0.000 confidence=false]
TOUCH t=16.872 device=0 frame=361 count=2 [id=0 state=hold xy=(615.216,-439.047) size=(33.225,33.219) sensitivity=0 orientation=0.000 confidence=false] [id=1 state=hold xy=(712.369,-399.488) size=(33.225,33.219) sensitivity=0 orientation=0.000 confidence=false]
TOUCH t=16.877 device=0 frame=362 count=2 [id=0 state=hold xy=(615.144,-438.975) size=(33.225,33.219) sensitivity=0 orientation=0.000 confidence=false] [id=1 state=hold xy=(712.297,-399.416) size=(33.225,33.219) sensitivity=0 orientation=0.000 confidence=false]
TOUCH t=16.882 device=0 frame=363 count=2 [id=0 state=hold xy=(615.072,-438.903) size=(33.225,33.219) sensitivity=0 orientation=0.000 confidence=false] [id=1 state=hold xy=(712.297,-399.343) size=(33.225,33.219) sensitivity=0 orientation=0.000 confidence=false]
TOUCH t=16.888 device=0 frame=364 count=2 [id=0 state=hold xy=(615.072,-438.831) size=(33.225,33.219) sensitivity=0 orientation=0.000 confidence=false] [id=1 state=hold xy=(712.225,-399.343) size=(33.225,33.219) sensitivity=0 orientation=0.000 confidence=false]
TOUCH t=16.897 device=0 frame=365 count=2 [id=0 state=hold xy=(615.000,-438.831) size=(33.225,33.219) sensitivity=0 orientation=0.000 confidence=false] [id=1 state=hold xy=(712.225,-399.271) size=(33.225,33.219) sensitivity=0 orientation=0.000 confidence=false]
TOUCH t=16.897 device=0 frame=366 count=2 [id=0 state=hold xy=(614.928,-438.759) size=(33.225,33.219) sensitivity=0 orientation=0.000 confidence=false] [id=1 state=hold xy=(712.153,-399.199) size=(33.225,33.219) sensitivity=0 orientation=0.000 confidence=false]
TOUCH t=16.903 device=0 frame=367 count=2 [id=0 state=hold xy=(614.928,-438.759) size=(33.225,33.219) sensitivity=0 orientation=0.000 confidence=false] [id=1 state=hold xy=(712.153,-399.127) size=(33.225,33.219) sensitivity=0 orientation=0.000 confidence=false]
TOUCH t=16.908 device=0 frame=368 count=2 [id=0 state=hold xy=(614.856,-438.759) size=(33.225,33.219) sensitivity=0 orientation=0.000 confidence=false] [id=1 state=hold xy=(712.153,-399.055) size=(33.225,33.219) sensitivity=0 orientation=0.000 confidence=false]
TOUCH t=16.914 device=0 frame=369 count=2 [id=0 state=hold xy=(614.856,-438.687) size=(33.225,33.219) sensitivity=0 orientation=0.000 confidence=false] [id=1 state=hold xy=(712.153,-398.983) size=(33.225,33.219) sensitivity=0 orientation=0.000 confidence=false]
TOUCH t=16.924 device=0 frame=370 count=2 [id=0 state=hold xy=(614.784,-438.687) size=(33.225,33.219) sensitivity=0 orientation=0.000 confidence=false] [id=1 state=hold xy=(712.081,-398.911) size=(33.225,33.219) sensitivity=0 orientation=0.000 confidence=false]
TOUCH t=16.928 device=0 frame=371 count=2 [id=0 state=hold xy=(614.784,-438.615) size=(33.225,33.219) sensitivity=0 orientation=0.000 confidence=false] [id=1 state=hold xy=(712.081,-398.839) size=(33.225,33.219) sensitivity=0 orientation=0.000 confidence=false]
TOUCH t=16.929 device=0 frame=372 count=2 [id=0 state=hold xy=(614.784,-438.543) size=(33.225,33.219) sensitivity=0 orientation=0.000 confidence=false] [id=1 state=hold xy=(712.081,-398.767) size=(33.225,33.219) sensitivity=0 orientation=0.000 confidence=false]
TOUCH t=16.933 device=0 frame=373 count=2 [id=0 state=hold xy=(614.712,-438.543) size=(33.225,33.219) sensitivity=0 orientation=0.000 confidence=false] [id=1 state=hold xy=(712.081,-398.695) size=(33.225,33.219) sensitivity=0 orientation=0.000 confidence=false]
TOUCH t=16.941 device=0 frame=374 count=2 [id=0 state=hold xy=(614.712,-438.543) size=(33.225,33.219) sensitivity=0 orientation=0.000 confidence=false] [id=1 state=hold xy=(712.081,-398.623) size=(33.225,33.219) sensitivity=0 orientation=0.000 confidence=false]
TOUCH t=16.945 device=0 frame=375 count=2 [id=0 state=hold xy=(614.640,-438.543) size=(33.225,33.219) sensitivity=0 orientation=0.000 confidence=false] [id=1 state=hold xy=(712.009,-398.623) size=(33.225,33.219) sensitivity=0 orientation=0.000 confidence=false]
TOUCH t=16.950 device=0 frame=376 count=2 [id=0 state=hold xy=(614.640,-438.543) size=(33.225,33.219) sensitivity=0 orientation=0.000 confidence=false] [id=1 state=hold xy=(712.009,-398.551) size=(33.225,33.219) sensitivity=0 orientation=0.000 confidence=false]
TOUCH t=16.956 device=0 frame=377 count=2 [id=0 state=hold xy=(614.640,-438.543) size=(33.225,33.219) sensitivity=0 orientation=0.000 confidence=false] [id=1 state=hold xy=(712.009,-398.551) size=(33.225,33.219) sensitivity=0 orientation=0.000 confidence=false]
TOUCH t=16.962 device=0 frame=378 count=2 [id=0 state=hold xy=(614.640,-438.543) size=(33.225,33.219) sensitivity=0 orientation=0.000 confidence=false] [id=1 state=hold xy=(712.009,-398.479) size=(33.225,33.219) sensitivity=0 orientation=0.000 confidence=false]
TOUCH t=16.966 device=0 frame=379 count=2 [id=0 state=hold xy=(614.640,-438.543) size=(33.225,33.219) sensitivity=0 orientation=0.000 confidence=false] [id=1 state=hold xy=(712.009,-398.479) size=(33.225,33.219) sensitivity=0 orientation=0.000 confidence=false]
TOUCH t=16.971 device=0 frame=380 count=2 [id=0 state=hold xy=(614.640,-438.543) size=(33.225,33.219) sensitivity=0 orientation=0.000 confidence=false] [id=1 state=hold xy=(712.009,-398.407) size=(33.225,33.219) sensitivity=0 orientation=0.000 confidence=false]
TOUCH t=16.975 device=0 frame=381 count=2 [id=0 state=hold xy=(614.640,-438.543) size=(33.225,33.219) sensitivity=0 orientation=0.000 confidence=false] [id=1 state=hold xy=(712.009,-398.407) size=(33.225,33.219) sensitivity=0 orientation=0.000 confidence=false]
TOUCH t=16.982 device=0 frame=382 count=2 [id=0 state=hold xy=(614.640,-438.543) size=(33.225,33.219) sensitivity=0 orientation=0.000 confidence=false] [id=1 state=hold xy=(712.009,-398.407) size=(33.225,33.219) sensitivity=0 orientation=0.000 confidence=false]
TOUCH t=16.987 device=0 frame=383 count=2 [id=0 state=hold xy=(614.568,-438.543) size=(33.225,33.219) sensitivity=0 orientation=0.000 confidence=false] [id=1 state=hold xy=(712.009,-398.407) size=(33.225,33.219) sensitivity=0 orientation=0.000 confidence=false]
TOUCH t=16.991 device=0 frame=384 count=2 [id=0 state=hold xy=(614.568,-438.471) size=(33.225,33.219) sensitivity=0 orientation=0.000 confidence=false] [id=1 state=hold xy=(712.009,-398.407) size=(33.225,33.219) sensitivity=0 orientation=0.000 confidence=false]
TOUCH t=16.998 device=0 frame=385 count=2 [id=0 state=hold xy=(614.568,-438.471) size=(33.225,33.219) sensitivity=0 orientation=0.000 confidence=false] [id=1 state=hold xy=(712.009,-398.407) size=(33.225,33.219) sensitivity=0 orientation=0.000 confidence=false]
TOUCH t=17.001 device=0 frame=386 count=2 [id=0 state=hold xy=(614.568,-438.471) size=(33.225,33.219) sensitivity=0 orientation=0.000 confidence=false] [id=1 state=hold xy=(712.009,-398.407) size=(33.225,33.219) sensitivity=0 orientation=0.000 confidence=false]
TOUCH t=17.011 device=0 frame=387 count=2 [id=0 state=hold xy=(614.495,-438.471) size=(33.225,33.219) sensitivity=0 orientation=0.000 confidence=false] [id=1 state=hold xy=(712.009,-398.407) size=(33.225,33.219) sensitivity=0 orientation=0.000 confidence=false]
TOUCH t=17.013 device=0 frame=388 count=2 [id=0 state=hold xy=(614.495,-438.471) size=(33.225,33.219) sensitivity=0 orientation=0.000 confidence=false] [id=1 state=hold xy=(712.009,-398.407) size=(33.225,33.219) sensitivity=0 orientation=0.000 confidence=false]
TOUCH t=17.019 device=0 frame=389 count=2 [id=0 state=hold xy=(614.495,-438.399) size=(33.225,33.219) sensitivity=0 orientation=0.000 confidence=false] [id=1 state=hold xy=(712.009,-398.407) size=(33.225,33.219) sensitivity=0 orientation=0.000 confidence=false]
TOUCH t=17.023 device=0 frame=390 count=2 [id=0 state=hold xy=(614.495,-438.399) size=(33.225,33.219) sensitivity=0 orientation=0.000 confidence=false] [id=1 state=hold xy=(712.009,-398.479) size=(33.225,33.219) sensitivity=0 orientation=0.000 confidence=false]
TOUCH t=17.028 device=0 frame=391 count=2 [id=0 state=hold xy=(614.495,-438.399) size=(33.225,33.219) sensitivity=0 orientation=0.000 confidence=false] [id=1 state=hold xy=(712.009,-398.479) size=(33.225,33.219) sensitivity=0 orientation=0.000 confidence=false]
TOUCH t=17.035 device=0 frame=392 count=2 [id=0 state=hold xy=(614.423,-438.399) size=(33.225,33.219) sensitivity=0 orientation=0.000 confidence=false] [id=1 state=hold xy=(712.009,-398.479) size=(33.225,33.219) sensitivity=0 orientation=0.000 confidence=false]
TOUCH t=17.040 device=0 frame=393 count=2 [id=0 state=hold xy=(614.423,-438.399) size=(33.225,33.219) sensitivity=0 orientation=0.000 confidence=false] [id=1 state=hold xy=(712.009,-398.479) size=(33.225,33.219) sensitivity=0 orientation=0.000 confidence=false]
TOUCH t=17.045 device=0 frame=394 count=2 [id=0 state=hold xy=(614.423,-438.399) size=(33.225,33.219) sensitivity=0 orientation=0.000 confidence=false] [id=1 state=hold xy=(712.009,-398.551) size=(33.225,33.219) sensitivity=0 orientation=0.000 confidence=false]
TOUCH t=17.049 device=0 frame=395 count=2 [id=0 state=hold xy=(614.351,-438.399) size=(33.225,33.219) sensitivity=0 orientation=0.000 confidence=false] [id=1 state=hold xy=(712.009,-398.551) size=(33.225,33.219) sensitivity=0 orientation=0.000 confidence=false]
TOUCH t=17.053 device=0 frame=396 count=2 [id=0 state=hold xy=(614.351,-438.471) size=(33.225,33.219) sensitivity=0 orientation=0.000 confidence=false] [id=1 state=hold xy=(712.081,-398.551) size=(33.225,33.219) sensitivity=0 orientation=0.000 confidence=false]
TOUCH t=17.061 device=0 frame=397 count=2 [id=0 state=hold xy=(614.351,-438.471) size=(33.225,33.219) sensitivity=0 orientation=0.000 confidence=false] [id=1 state=hold xy=(712.081,-398.551) size=(33.225,33.219) sensitivity=0 orientation=0.000 confidence=false]
TOUCH t=17.065 device=0 frame=398 count=2 [id=0 state=hold xy=(614.351,-438.471) size=(33.225,33.219) sensitivity=0 orientation=0.000 confidence=false] [id=1 state=hold xy=(712.081,-398.551) size=(33.225,33.219) sensitivity=0 orientation=0.000 confidence=false]
TOUCH t=17.069 device=0 frame=399 count=2 [id=0 state=hold xy=(614.279,-438.471) size=(33.225,33.219) sensitivity=0 orientation=0.000 confidence=false] [id=1 state=hold xy=(712.081,-398.551) size=(33.225,33.219) sensitivity=0 orientation=0.000 confidence=false]
TOUCH t=17.075 device=0 frame=400 count=2 [id=0 state=hold xy=(614.279,-438.471) size=(33.225,33.219) sensitivity=0 orientation=0.000 confidence=false] [id=1 state=hold xy=(712.081,-398.551) size=(33.225,33.219) sensitivity=0 orientation=0.000 confidence=false]
TOUCH t=17.082 device=0 frame=401 count=2 [id=0 state=hold xy=(614.279,-438.399) size=(33.225,33.219) sensitivity=0 orientation=0.000 confidence=false] [id=1 state=hold xy=(712.081,-398.551) size=(33.225,33.219) sensitivity=0 orientation=0.000 confidence=false]
TOUCH t=17.087 device=0 frame=402 count=2 [id=0 state=hold xy=(614.279,-438.399) size=(33.225,33.219) sensitivity=0 orientation=0.000 confidence=false] [id=1 state=hold xy=(712.081,-398.551) size=(33.225,33.219) sensitivity=0 orientation=0.000 confidence=false]
TOUCH t=17.091 device=0 frame=403 count=2 [id=0 state=hold xy=(614.279,-438.399) size=(33.225,33.219) sensitivity=0 orientation=0.000 confidence=false] [id=1 state=hold xy=(712.081,-398.551) size=(33.225,33.219) sensitivity=0 orientation=0.000 confidence=false]
TOUCH t=17.096 device=0 frame=404 count=2 [id=0 state=hold xy=(614.279,-438.327) size=(33.225,33.219) sensitivity=0 orientation=0.000 confidence=false] [id=1 state=hold xy=(712.081,-398.551) size=(33.225,33.219) sensitivity=0 orientation=0.000 confidence=false]
TOUCH t=17.103 device=0 frame=405 count=2 [id=0 state=hold xy=(614.279,-438.327) size=(33.225,33.219) sensitivity=0 orientation=0.000 confidence=false] [id=1 state=hold xy=(712.081,-398.551) size=(33.225,33.219) sensitivity=0 orientation=0.000 confidence=false]
TOUCH t=17.107 device=0 frame=406 count=2 [id=0 state=hold xy=(614.207,-438.327) size=(33.225,33.219) sensitivity=0 orientation=0.000 confidence=false] [id=1 state=hold xy=(712.081,-398.551) size=(33.225,33.219) sensitivity=0 orientation=0.000 confidence=false]
TOUCH t=17.112 device=0 frame=407 count=2 [id=0 state=hold xy=(614.207,-438.255) size=(33.225,33.219) sensitivity=0 orientation=0.000 confidence=false] [id=1 state=hold xy=(712.081,-398.551) size=(33.225,33.219) sensitivity=0 orientation=0.000 confidence=false]
TOUCH t=17.121 device=0 frame=408 count=2 [id=0 state=hold xy=(614.207,-438.255) size=(33.225,33.219) sensitivity=0 orientation=0.000 confidence=false] [id=1 state=hold xy=(712.081,-398.479) size=(33.225,33.219) sensitivity=0 orientation=0.000 confidence=false]
TOUCH t=17.131 device=0 frame=409 count=2 [id=0 state=hold xy=(614.207,-438.183) size=(33.225,33.219) sensitivity=0 orientation=0.000 confidence=false] [id=1 state=hold xy=(712.153,-398.479) size=(33.225,33.219) sensitivity=0 orientation=0.000 confidence=false]
TOUCH t=17.138 device=0 frame=410 count=2 [id=0 state=hold xy=(614.207,-438.183) size=(33.225,33.219) sensitivity=0 orientation=0.000 confidence=false] [id=1 state=hold xy=(712.153,-398.479) size=(33.225,33.219) sensitivity=0 orientation=0.000 confidence=false]
TOUCH t=17.141 device=0 frame=411 count=2 [id=0 state=hold xy=(614.207,-438.110) size=(33.225,33.219) sensitivity=0 orientation=0.000 confidence=false] [id=1 state=hold xy=(712.153,-398.479) size=(33.225,33.219) sensitivity=0 orientation=0.000 confidence=false]
TOUCH t=17.147 device=0 frame=412 count=2 [id=0 state=hold xy=(614.207,-438.110) size=(33.225,33.219) sensitivity=0 orientation=0.000 confidence=false] [id=1 state=hold xy=(712.153,-398.479) size=(33.225,33.219) sensitivity=0 orientation=0.000 confidence=false]
TOUCH t=17.154 device=0 frame=413 count=2 [id=0 state=hold xy=(614.207,-438.038) size=(33.225,33.219) sensitivity=0 orientation=0.000 confidence=false] [id=1 state=hold xy=(712.153,-398.407) size=(33.225,33.219) sensitivity=0 orientation=0.000 confidence=false]
TOUCH t=17.156 device=0 frame=414 count=2 [id=0 state=hold xy=(614.207,-437.966) size=(33.225,33.219) sensitivity=0 orientation=0.000 confidence=false] [id=1 state=hold xy=(712.153,-398.407) size=(33.225,33.219) sensitivity=0 orientation=0.000 confidence=false]
TOUCH t=17.162 device=0 frame=415 count=2 [id=0 state=hold xy=(614.207,-437.966) size=(33.225,33.219) sensitivity=0 orientation=0.000 confidence=false] [id=1 state=hold xy=(712.153,-398.335) size=(33.225,33.219) sensitivity=0 orientation=0.000 confidence=false]
TOUCH t=17.166 device=0 frame=416 count=2 [id=0 state=hold xy=(614.207,-437.894) size=(33.225,33.219) sensitivity=0 orientation=0.000 confidence=false] [id=1 state=hold xy=(712.153,-398.335) size=(33.225,33.219) sensitivity=0 orientation=0.000 confidence=false]
TOUCH t=17.173 device=0 frame=417 count=2 [id=0 state=hold xy=(614.207,-437.894) size=(33.225,33.219) sensitivity=0 orientation=0.000 confidence=false] [id=1 state=hold xy=(712.153,-398.263) size=(33.225,33.219) sensitivity=0 orientation=0.000 confidence=false]
TOUCH t=17.178 device=0 frame=418 count=2 [id=0 state=hold xy=(614.207,-437.894) size=(33.225,33.219) sensitivity=0 orientation=0.000 confidence=false] [id=1 state=hold xy=(712.153,-398.263) size=(33.225,33.219) sensitivity=0 orientation=0.000 confidence=false]
TOUCH t=17.182 device=0 frame=419 count=2 [id=0 state=hold xy=(614.207,-437.822) size=(33.225,33.219) sensitivity=0 orientation=0.000 confidence=false] [id=1 state=hold xy=(712.153,-398.191) size=(33.225,33.219) sensitivity=0 orientation=0.000 confidence=false]
TOUCH t=17.188 device=0 frame=420 count=2 [id=0 state=hold xy=(614.207,-437.822) size=(33.225,33.219) sensitivity=0 orientation=0.000 confidence=false] [id=1 state=hold xy=(712.153,-398.191) size=(33.225,33.219) sensitivity=0 orientation=0.000 confidence=false]
TOUCH t=17.193 device=0 frame=421 count=2 [id=0 state=hold xy=(614.207,-437.750) size=(33.225,33.219) sensitivity=0 orientation=0.000 confidence=false] [id=1 state=hold xy=(712.153,-398.191) size=(33.225,33.219) sensitivity=0 orientation=0.000 confidence=false]
TOUCH t=17.198 device=0 frame=422 count=2 [id=0 state=hold xy=(614.207,-437.750) size=(33.225,33.219) sensitivity=0 orientation=0.000 confidence=false] [id=1 state=hold xy=(712.153,-398.191) size=(33.225,33.219) sensitivity=0 orientation=0.000 confidence=false]
TOUCH t=17.206 device=0 frame=423 count=2 [id=0 state=hold xy=(614.207,-437.750) size=(33.225,33.219) sensitivity=0 orientation=0.000 confidence=false] [id=1 state=hold xy=(712.225,-398.191) size=(33.225,33.219) sensitivity=0 orientation=0.000 confidence=false]
TOUCH t=17.209 device=0 frame=424 count=2 [id=0 state=hold xy=(614.207,-437.750) size=(33.225,33.219) sensitivity=0 orientation=0.000 confidence=false] [id=1 state=hold xy=(712.225,-398.118) size=(33.225,33.219) sensitivity=0 orientation=0.000 confidence=false]
TOUCH t=17.214 device=0 frame=425 count=2 [id=0 state=hold xy=(614.207,-437.678) size=(33.225,33.219) sensitivity=0 orientation=0.000 confidence=false] [id=1 state=hold xy=(712.225,-398.118) size=(33.225,33.219) sensitivity=0 orientation=0.000 confidence=false]
TOUCH t=17.225 device=0 frame=426 count=2 [id=0 state=hold xy=(614.207,-437.678) size=(33.225,33.219) sensitivity=0 orientation=0.000 confidence=false] [id=1 state=hold xy=(712.225,-398.118) size=(33.225,33.219) sensitivity=0 orientation=0.000 confidence=false]
TOUCH t=17.226 device=0 frame=427 count=2 [id=0 state=hold xy=(614.207,-437.678) size=(33.225,33.219) sensitivity=0 orientation=0.000 confidence=false] [id=1 state=hold xy=(712.225,-398.118) size=(33.225,33.219) sensitivity=0 orientation=0.000 confidence=false]
TOUCH t=17.230 device=0 frame=428 count=2 [id=0 state=hold xy=(614.207,-437.678) size=(33.225,33.219) sensitivity=0 orientation=0.000 confidence=false] [id=1 state=hold xy=(712.225,-398.118) size=(33.225,33.219) sensitivity=0 orientation=0.000 confidence=false]
TOUCH t=17.234 device=0 frame=429 count=2 [id=0 state=hold xy=(614.135,-437.606) size=(33.225,33.219) sensitivity=0 orientation=0.000 confidence=false] [id=1 state=hold xy=(712.225,-398.046) size=(33.225,33.219) sensitivity=0 orientation=0.000 confidence=false]
TOUCH t=17.241 device=0 frame=430 count=2 [id=0 state=hold xy=(614.135,-437.606) size=(33.225,33.219) sensitivity=0 orientation=0.000 confidence=false] [id=1 state=hold xy=(712.225,-398.046) size=(33.225,33.219) sensitivity=0 orientation=0.000 confidence=false]
TOUCH t=17.248 device=0 frame=431 count=2 [id=0 state=hold xy=(614.207,-437.606) size=(33.225,33.219) sensitivity=0 orientation=0.000 confidence=false] [id=1 state=hold xy=(712.297,-398.046) size=(33.225,33.219) sensitivity=0 orientation=0.000 confidence=false]
TOUCH t=17.251 device=0 frame=432 count=2 [id=0 state=hold xy=(614.207,-437.606) size=(33.225,33.219) sensitivity=0 orientation=0.000 confidence=false] [id=1 state=hold xy=(712.297,-398.046) size=(33.225,33.219) sensitivity=0 orientation=0.000 confidence=false]
TOUCH t=17.256 device=0 frame=433 count=2 [id=0 state=hold xy=(614.135,-437.606) size=(33.225,33.219) sensitivity=0 orientation=0.000 confidence=false] [id=1 state=hold xy=(712.297,-398.046) size=(33.225,33.219) sensitivity=0 orientation=0.000 confidence=false]
TOUCH t=17.263 device=0 frame=434 count=2 [id=0 state=hold xy=(614.135,-437.606) size=(33.225,33.219) sensitivity=0 orientation=0.000 confidence=false] [id=1 state=hold xy=(712.297,-397.974) size=(33.225,33.219) sensitivity=0 orientation=0.000 confidence=false]
TOUCH t=17.267 device=0 frame=435 count=2 [id=0 state=hold xy=(614.135,-437.606) size=(33.225,33.219) sensitivity=0 orientation=0.000 confidence=false] [id=1 state=hold xy=(712.297,-397.974) size=(33.225,33.219) sensitivity=0 orientation=0.000 confidence=false]
TOUCH t=17.275 device=0 frame=436 count=2 [id=0 state=hold xy=(614.135,-437.606) size=(33.225,33.219) sensitivity=0 orientation=0.000 confidence=false] [id=1 state=hold xy=(712.297,-397.974) size=(33.225,33.219) sensitivity=0 orientation=0.000 confidence=false]
TOUCH t=17.278 device=0 frame=437 count=2 [id=0 state=hold xy=(614.135,-437.606) size=(33.225,33.219) sensitivity=0 orientation=0.000 confidence=false] [id=1 state=hold xy=(712.297,-397.974) size=(33.225,33.219) sensitivity=0 orientation=0.000 confidence=false]
TOUCH t=17.282 device=0 frame=438 count=2 [id=0 state=hold xy=(614.135,-437.606) size=(33.225,33.219) sensitivity=0 orientation=0.000 confidence=false] [id=1 state=hold xy=(712.369,-397.902) size=(33.225,33.219) sensitivity=0 orientation=0.000 confidence=false]
TOUCH t=17.291 device=0 frame=439 count=2 [id=0 state=hold xy=(614.135,-437.606) size=(33.225,33.219) sensitivity=0 orientation=0.000 confidence=false] [id=1 state=hold xy=(712.369,-397.902) size=(33.225,33.219) sensitivity=0 orientation=0.000 confidence=false]
TOUCH t=17.295 device=0 frame=440 count=2 [id=0 state=hold xy=(614.135,-437.606) size=(33.225,33.219) sensitivity=0 orientation=0.000 confidence=false] [id=1 state=hold xy=(712.369,-397.830) size=(33.225,33.219) sensitivity=0 orientation=0.000 confidence=false]
TOUCH t=17.300 device=0 frame=441 count=2 [id=0 state=hold xy=(614.135,-437.606) size=(33.225,33.219) sensitivity=0 orientation=0.000 confidence=false] [id=1 state=hold xy=(712.369,-397.830) size=(33.225,33.219) sensitivity=0 orientation=0.000 confidence=false]
TOUCH t=17.304 device=0 frame=442 count=2 [id=0 state=hold xy=(614.135,-437.606) size=(33.225,33.219) sensitivity=0 orientation=0.000 confidence=false] [id=1 state=hold xy=(712.297,-397.830) size=(33.225,33.219) sensitivity=0 orientation=0.000 confidence=false]
TOUCH t=17.308 device=0 frame=443 count=2 [id=0 state=hold xy=(614.135,-437.606) size=(33.225,33.219) sensitivity=0 orientation=0.000 confidence=false] [id=1 state=hold xy=(712.297,-397.758) size=(33.225,33.219) sensitivity=0 orientation=0.000 confidence=false]
TOUCH t=17.316 device=0 frame=444 count=2 [id=0 state=hold xy=(614.135,-437.606) size=(33.225,33.219) sensitivity=0 orientation=0.000 confidence=false] [id=1 state=hold xy=(712.297,-397.758) size=(33.225,33.219) sensitivity=0 orientation=0.000 confidence=false]
TOUCH t=17.319 device=0 frame=445 count=2 [id=0 state=hold xy=(614.135,-437.606) size=(33.225,33.219) sensitivity=0 orientation=0.000 confidence=false] [id=1 state=hold xy=(712.297,-397.686) size=(33.225,33.219) sensitivity=0 orientation=0.000 confidence=false]
TOUCH t=17.324 device=0 frame=446 count=2 [id=0 state=hold xy=(614.135,-437.606) size=(33.225,33.219) sensitivity=0 orientation=0.000 confidence=false] [id=1 state=hold xy=(712.297,-397.686) size=(33.225,33.219) sensitivity=0 orientation=0.000 confidence=false]
TOUCH t=17.330 device=0 frame=447 count=2 [id=0 state=hold xy=(614.135,-437.606) size=(33.225,33.219) sensitivity=0 orientation=0.000 confidence=false] [id=1 state=hold xy=(712.225,-397.614) size=(33.225,33.219) sensitivity=0 orientation=0.000 confidence=false]
TOUCH t=17.334 device=0 frame=448 count=2 [id=0 state=hold xy=(614.135,-437.606) size=(33.225,33.219) sensitivity=0 orientation=0.000 confidence=false] [id=1 state=hold xy=(712.225,-397.542) size=(33.225,33.219) sensitivity=0 orientation=0.000 confidence=false]
TOUCH t=17.340 device=0 frame=449 count=2 [id=0 state=hold xy=(614.135,-437.606) size=(33.225,33.219) sensitivity=0 orientation=0.000 confidence=false] [id=1 state=hold xy=(712.225,-397.470) size=(33.225,33.219) sensitivity=0 orientation=0.000 confidence=false]
TOUCH t=17.346 device=0 frame=450 count=2 [id=0 state=hold xy=(614.135,-437.606) size=(33.225,33.219) sensitivity=0 orientation=0.000 confidence=false] [id=1 state=hold xy=(712.225,-397.470) size=(33.225,33.219) sensitivity=0 orientation=0.000 confidence=false]
TOUCH t=17.349 device=0 frame=451 count=2 [id=0 state=hold xy=(614.135,-437.606) size=(33.225,33.219) sensitivity=0 orientation=0.000 confidence=false] [id=1 state=hold xy=(712.153,-397.398) size=(33.225,33.219) sensitivity=0 orientation=0.000 confidence=false]
TOUCH t=17.355 device=0 frame=452 count=2 [id=0 state=hold xy=(614.135,-437.606) size=(33.225,33.219) sensitivity=0 orientation=0.000 confidence=false] [id=1 state=hold xy=(712.153,-397.326) size=(33.225,33.219) sensitivity=0 orientation=0.000 confidence=false]
TOUCH t=17.361 device=0 frame=453 count=2 [id=0 state=hold xy=(614.135,-437.606) size=(33.225,33.219) sensitivity=0 orientation=0.000 confidence=false] [id=1 state=hold xy=(712.081,-397.254) size=(33.225,33.219) sensitivity=0 orientation=0.000 confidence=false]
TOUCH t=17.365 device=0 frame=454 count=2 [id=0 state=hold xy=(614.135,-437.606) size=(33.225,33.219) sensitivity=0 orientation=0.000 confidence=false] [id=1 state=hold xy=(712.081,-397.110) size=(33.225,33.219) sensitivity=0 orientation=0.000 confidence=false]
TOUCH t=17.374 device=0 frame=455 count=2 [id=0 state=hold xy=(614.135,-437.606) size=(33.225,33.219) sensitivity=0 orientation=0.000 confidence=false] [id=1 state=hold xy=(712.081,-396.966) size=(33.225,33.219) sensitivity=0 orientation=0.000 confidence=false]
TOUCH t=17.375 device=0 frame=456 count=2 [id=0 state=hold xy=(614.135,-437.606) size=(33.225,33.219) sensitivity=0 orientation=0.000 confidence=false] [id=1 state=hold xy=(712.009,-396.894) size=(33.225,33.219) sensitivity=0 orientation=0.000 confidence=false]
TOUCH t=17.382 device=0 frame=457 count=2 [id=0 state=hold xy=(614.135,-437.606) size=(33.225,33.219) sensitivity=0 orientation=0.000 confidence=false] [id=1 state=hold xy=(712.009,-396.749) size=(33.225,33.219) sensitivity=0 orientation=0.000 confidence=false]
TOUCH t=17.412 device=0 frame=458 count=2 [id=0 state=hold xy=(614.135,-437.606) size=(33.225,33.219) sensitivity=0 orientation=0.000 confidence=false] [id=1 state=hold xy=(711.937,-396.677) size=(33.225,33.219) sensitivity=0 orientation=0.000 confidence=false]
TOUCH t=17.412 device=0 frame=459 count=2 [id=0 state=hold xy=(614.135,-437.606) size=(33.225,33.219) sensitivity=0 orientation=0.000 confidence=false] [id=1 state=hold xy=(711.937,-396.605) size=(33.225,33.219) sensitivity=0 orientation=0.000 confidence=false]
TOUCH t=17.412 device=0 frame=460 count=2 [id=0 state=hold xy=(614.135,-437.606) size=(33.225,33.219) sensitivity=0 orientation=0.000 confidence=false] [id=1 state=hold xy=(711.937,-396.533) size=(33.225,33.219) sensitivity=0 orientation=0.000 confidence=false]
TOUCH t=17.413 device=0 frame=461 count=2 [id=0 state=hold xy=(614.135,-437.606) size=(33.225,33.219) sensitivity=0 orientation=0.000 confidence=false] [id=1 state=hold xy=(711.937,-396.461) size=(33.225,33.219) sensitivity=0 orientation=0.000 confidence=false]
TOUCH t=17.413 device=0 frame=462 count=2 [id=0 state=hold xy=(614.135,-437.606) size=(33.225,33.219) sensitivity=0 orientation=0.000 confidence=false] [id=1 state=hold xy=(711.865,-396.389) size=(33.225,33.219) sensitivity=0 orientation=0.000 confidence=false]
TOUCH t=17.413 device=0 frame=463 count=2 [id=0 state=hold xy=(614.135,-437.606) size=(33.225,33.219) sensitivity=0 orientation=0.000 confidence=false] [id=1 state=hold xy=(711.865,-396.245) size=(33.225,33.219) sensitivity=0 orientation=0.000 confidence=false]
TOUCH t=17.420 device=0 frame=464 count=2 [id=0 state=hold xy=(614.135,-437.606) size=(33.225,33.219) sensitivity=0 orientation=0.000 confidence=false] [id=1 state=hold xy=(711.865,-396.245) size=(33.225,33.219) sensitivity=0 orientation=0.000 confidence=false]
TOUCH t=17.423 device=0 frame=465 count=2 [id=0 state=hold xy=(614.135,-437.606) size=(33.225,33.219) sensitivity=0 orientation=0.000 confidence=false] [id=1 state=hold xy=(711.865,-396.173) size=(33.225,33.219) sensitivity=0 orientation=0.000 confidence=false]
TOUCH t=17.429 device=0 frame=466 count=2 [id=0 state=hold xy=(614.135,-437.606) size=(33.225,33.219) sensitivity=0 orientation=0.000 confidence=false] [id=1 state=hold xy=(711.793,-396.101) size=(33.225,33.219) sensitivity=0 orientation=0.000 confidence=false]
TOUCH t=17.433 device=0 frame=467 count=2 [id=0 state=hold xy=(614.135,-437.606) size=(33.225,33.219) sensitivity=0 orientation=0.000 confidence=false] [id=1 state=hold xy=(711.865,-396.029) size=(33.225,33.219) sensitivity=0 orientation=0.000 confidence=false]
TOUCH t=17.439 device=0 frame=468 count=2 [id=0 state=hold xy=(614.135,-437.606) size=(33.225,33.219) sensitivity=0 orientation=0.000 confidence=false] [id=1 state=hold xy=(711.865,-396.029) size=(33.225,33.219) sensitivity=0 orientation=0.000 confidence=false]
TOUCH t=17.446 device=0 frame=469 count=2 [id=0 state=hold xy=(614.135,-437.606) size=(33.225,33.219) sensitivity=0 orientation=0.000 confidence=false] [id=1 state=hold xy=(711.865,-395.957) size=(33.225,33.219) sensitivity=0 orientation=0.000 confidence=false]
TOUCH t=17.449 device=0 frame=470 count=2 [id=0 state=hold xy=(614.135,-437.606) size=(33.225,33.219) sensitivity=0 orientation=0.000 confidence=false] [id=1 state=hold xy=(711.865,-395.957) size=(33.225,33.219) sensitivity=0 orientation=0.000 confidence=false]
TOUCH t=17.455 device=0 frame=471 count=2 [id=0 state=hold xy=(614.135,-437.606) size=(33.225,33.219) sensitivity=0 orientation=0.000 confidence=false] [id=1 state=hold xy=(711.865,-395.885) size=(33.225,33.219) sensitivity=0 orientation=0.000 confidence=false]
TOUCH t=17.461 device=0 frame=472 count=2 [id=0 state=hold xy=(614.135,-437.606) size=(33.225,33.219) sensitivity=0 orientation=0.000 confidence=false] [id=1 state=hold xy=(711.865,-395.885) size=(33.225,33.219) sensitivity=0 orientation=0.000 confidence=false]
TOUCH t=17.466 device=0 frame=473 count=2 [id=0 state=hold xy=(614.135,-437.606) size=(33.225,33.219) sensitivity=0 orientation=0.000 confidence=false] [id=1 state=hold xy=(711.865,-395.813) size=(33.225,33.219) sensitivity=0 orientation=0.000 confidence=false]
TOUCH t=17.472 device=0 frame=474 count=2 [id=0 state=hold xy=(614.135,-437.606) size=(33.225,33.219) sensitivity=0 orientation=0.000 confidence=false] [id=1 state=hold xy=(711.865,-395.813) size=(33.225,33.219) sensitivity=0 orientation=0.000 confidence=false]
TOUCH t=17.478 device=0 frame=475 count=2 [id=0 state=hold xy=(614.135,-437.606) size=(33.225,33.219) sensitivity=0 orientation=0.000 confidence=false] [id=1 state=hold xy=(711.865,-395.813) size=(33.225,33.219) sensitivity=0 orientation=0.000 confidence=false]
TOUCH t=17.482 device=0 frame=476 count=2 [id=0 state=hold xy=(614.135,-437.606) size=(33.225,33.219) sensitivity=0 orientation=0.000 confidence=false] [id=1 state=hold xy=(711.865,-395.813) size=(33.225,33.219) sensitivity=0 orientation=0.000 confidence=false]
TOUCH t=17.485 device=0 frame=477 count=2 [id=0 state=hold xy=(614.135,-437.606) size=(33.225,33.219) sensitivity=0 orientation=0.000 confidence=false] [id=1 state=hold xy=(711.865,-395.741) size=(33.225,33.219) sensitivity=0 orientation=0.000 confidence=false]
TOUCH t=17.493 device=0 frame=478 count=2 [id=0 state=hold xy=(614.135,-437.606) size=(33.225,33.219) sensitivity=0 orientation=0.000 confidence=false] [id=1 state=hold xy=(711.865,-395.741) size=(33.225,33.219) sensitivity=0 orientation=0.000 confidence=false]
TOUCH t=17.497 device=0 frame=479 count=2 [id=0 state=hold xy=(614.135,-437.606) size=(33.225,33.219) sensitivity=0 orientation=0.000 confidence=false] [id=1 state=hold xy=(711.865,-395.741) size=(33.225,33.219) sensitivity=0 orientation=0.000 confidence=false]
TOUCH t=17.502 device=0 frame=480 count=2 [id=0 state=hold xy=(614.135,-437.606) size=(33.225,33.219) sensitivity=0 orientation=0.000 confidence=false] [id=1 state=hold xy=(711.865,-395.669) size=(33.225,33.219) sensitivity=0 orientation=0.000 confidence=false]
TOUCH t=17.508 device=0 frame=481 count=2 [id=0 state=hold xy=(614.135,-437.606) size=(33.225,33.219) sensitivity=0 orientation=0.000 confidence=false] [id=1 state=hold xy=(711.865,-395.596) size=(33.225,33.219) sensitivity=0 orientation=0.000 confidence=false]
TOUCH t=17.515 device=0 frame=482 count=2 [id=0 state=hold xy=(614.135,-437.606) size=(33.225,33.219) sensitivity=0 orientation=0.000 confidence=false] [id=1 state=hold xy=(711.865,-395.524) size=(33.225,33.219) sensitivity=0 orientation=0.000 confidence=false]
TOUCH t=17.520 device=0 frame=483 count=2 [id=0 state=hold xy=(614.135,-437.606) size=(33.225,33.219) sensitivity=0 orientation=0.000 confidence=false] [id=1 state=hold xy=(711.865,-395.524) size=(33.225,33.219) sensitivity=0 orientation=0.000 confidence=false]
TOUCH t=17.524 device=0 frame=484 count=2 [id=0 state=hold xy=(614.135,-437.462) size=(33.225,33.219) sensitivity=0 orientation=0.000 confidence=false] [id=1 state=hold xy=(711.865,-395.452) size=(33.225,33.219) sensitivity=0 orientation=0.000 confidence=false]
TOUCH t=17.530 device=0 frame=485 count=2 [id=0 state=hold xy=(614.135,-437.318) size=(33.225,33.219) sensitivity=0 orientation=0.000 confidence=false] [id=1 state=hold xy=(711.865,-395.308) size=(33.225,33.219) sensitivity=0 orientation=0.000 confidence=false]
TOUCH t=17.534 device=0 frame=486 count=2 [id=0 state=hold xy=(614.135,-437.246) size=(33.225,33.219) sensitivity=0 orientation=0.000 confidence=false] [id=1 state=hold xy=(711.865,-395.236) size=(33.225,33.219) sensitivity=0 orientation=0.000 confidence=false]
TOUCH t=17.540 device=0 frame=487 count=2 [id=0 state=hold xy=(614.135,-437.102) size=(33.225,33.219) sensitivity=0 orientation=0.000 confidence=false] [id=1 state=hold xy=(711.865,-395.092) size=(33.225,33.219) sensitivity=0 orientation=0.000 confidence=false]
TOUCH t=17.545 device=0 frame=488 count=2 [id=0 state=hold xy=(614.135,-436.958) size=(33.225,33.219) sensitivity=0 orientation=0.000 confidence=false] [id=1 state=hold xy=(711.865,-395.020) size=(33.225,33.219) sensitivity=0 orientation=0.000 confidence=false]
TOUCH t=17.550 device=0 frame=489 count=2 [id=0 state=hold xy=(614.135,-436.885) size=(33.225,33.219) sensitivity=0 orientation=0.000 confidence=false] [id=1 state=hold xy=(711.865,-394.804) size=(33.225,33.219) sensitivity=0 orientation=0.000 confidence=false]
TOUCH t=17.555 device=0 frame=490 count=2 [id=0 state=hold xy=(614.135,-436.741) size=(33.225,33.219) sensitivity=0 orientation=0.000 confidence=false] [id=1 state=hold xy=(711.865,-394.660) size=(33.225,33.219) sensitivity=0 orientation=0.000 confidence=false]
TOUCH t=17.559 device=0 frame=491 count=2 [id=0 state=hold xy=(614.207,-436.525) size=(33.225,33.219) sensitivity=0 orientation=0.000 confidence=false] [id=1 state=hold xy=(711.937,-394.516) size=(33.225,33.219) sensitivity=0 orientation=0.000 confidence=false]
TOUCH t=17.565 device=0 frame=492 count=2 [id=0 state=hold xy=(614.207,-436.381) size=(33.225,33.219) sensitivity=0 orientation=0.000 confidence=false] [id=1 state=hold xy=(711.937,-394.011) size=(33.225,33.219) sensitivity=0 orientation=0.000 confidence=false]
TOUCH t=17.569 device=0 frame=493 count=2 [id=0 state=hold xy=(614.207,-436.165) size=(33.225,33.219) sensitivity=0 orientation=0.000 confidence=false] [id=1 state=hold xy=(712.009,-393.579) size=(33.225,33.219) sensitivity=0 orientation=0.000 confidence=false]
TOUCH t=17.575 device=0 frame=494 count=2 [id=0 state=hold xy=(614.207,-436.021) size=(33.225,33.219) sensitivity=0 orientation=0.000 confidence=false] [id=1 state=hold xy=(712.009,-393.074) size=(16.613,16.610) sensitivity=0 orientation=0.000 confidence=false]
TOUCH t=17.585 device=0 frame=495 count=2 [id=0 state=hold xy=(614.207,-435.805) size=(33.225,33.219) sensitivity=0 orientation=0.000 confidence=false] [id=1 state=hold xy=(712.081,-392.570) size=(16.613,16.610) sensitivity=0 orientation=0.000 confidence=false]
TOUCH t=17.586 device=0 frame=496 count=2 [id=0 state=hold xy=(614.207,-435.516) size=(33.225,33.219) sensitivity=0 orientation=0.000 confidence=false] [id=1 state=hold xy=(712.153,-392.066) size=(33.225,33.219) sensitivity=0 orientation=0.000 confidence=false]
TOUCH t=17.591 device=0 frame=497 count=2 [id=0 state=hold xy=(614.207,-434.868) size=(33.225,33.219) sensitivity=0 orientation=0.000 confidence=false] [id=1 state=hold xy=(712.153,-391.561) size=(33.225,33.219) sensitivity=0 orientation=0.000 confidence=false]
TOUCH t=17.597 device=0 frame=498 count=2 [id=0 state=hold xy=(614.207,-434.219) size=(33.225,33.219) sensitivity=0 orientation=0.000 confidence=false] [id=1 state=hold xy=(712.225,-391.057) size=(33.225,33.219) sensitivity=0 orientation=0.000 confidence=false]
TOUCH t=17.601 device=0 frame=499 count=2 [id=0 state=hold xy=(614.279,-433.499) size=(33.225,33.219) sensitivity=0 orientation=0.000 confidence=false] [id=1 state=hold xy=(712.297,-390.625) size=(33.225,33.219) sensitivity=0 orientation=0.000 confidence=false]
TOUCH t=17.607 device=0 frame=500 count=2 [id=0 state=hold xy=(614.279,-432.850) size=(33.225,33.219) sensitivity=0 orientation=0.000 confidence=false] [id=1 state=hold xy=(712.297,-390.120) size=(33.225,33.219) sensitivity=0 orientation=0.000 confidence=false]
TOUCH t=17.611 device=0 frame=501 count=2 [id=0 state=hold xy=(614.351,-432.202) size=(33.225,33.219) sensitivity=0 orientation=0.000 confidence=false] [id=1 state=hold xy=(712.369,-389.616) size=(33.225,33.219) sensitivity=0 orientation=0.000 confidence=false]
TOUCH t=17.617 device=0 frame=502 count=2 [id=0 state=hold xy=(614.423,-431.625) size=(33.225,33.219) sensitivity=0 orientation=0.000 confidence=false] [id=1 state=hold xy=(712.441,-389.183) size=(33.225,33.219) sensitivity=0 orientation=0.000 confidence=false]
TOUCH t=17.624 device=0 frame=503 count=2 [id=0 state=hold xy=(614.423,-430.977) size=(33.225,33.219) sensitivity=0 orientation=0.000 confidence=false] [id=1 state=hold xy=(712.513,-388.679) size=(33.225,33.219) sensitivity=0 orientation=0.000 confidence=false]
TOUCH t=17.628 device=0 frame=504 count=2 [id=0 state=hold xy=(614.495,-430.400) size=(33.225,33.219) sensitivity=0 orientation=0.000 confidence=false] [id=1 state=hold xy=(712.513,-388.102) size=(33.225,33.219) sensitivity=0 orientation=0.000 confidence=false]
TOUCH t=17.632 device=0 frame=505 count=2 [id=0 state=hold xy=(614.568,-429.824) size=(33.225,33.219) sensitivity=0 orientation=0.000 confidence=false] [id=1 state=hold xy=(712.586,-387.598) size=(33.225,33.219) sensitivity=0 orientation=0.000 confidence=false]
TOUCH t=17.640 device=0 frame=506 count=2 [id=0 state=hold xy=(614.640,-429.175) size=(33.225,33.219) sensitivity=0 orientation=0.000 confidence=false] [id=1 state=hold xy=(712.658,-387.166) size=(33.225,33.219) sensitivity=0 orientation=0.000 confidence=false]
TOUCH t=17.645 device=0 frame=507 count=2 [id=0 state=hold xy=(614.712,-428.599) size=(33.225,33.219) sensitivity=0 orientation=0.000 confidence=false] [id=1 state=hold xy=(712.730,-386.661) size=(33.225,33.219) sensitivity=0 orientation=0.000 confidence=false]
TOUCH t=17.648 device=0 frame=508 count=2 [id=0 state=hold xy=(614.784,-428.094) size=(33.225,33.219) sensitivity=0 orientation=0.000 confidence=false] [id=1 state=hold xy=(712.730,-386.157) size=(33.225,33.219) sensitivity=0 orientation=0.000 confidence=false]
TOUCH t=17.655 device=0 frame=509 count=2 [id=0 state=hold xy=(614.856,-427.518) size=(33.225,33.219) sensitivity=0 orientation=0.000 confidence=false] [id=1 state=hold xy=(712.802,-385.653) size=(33.225,33.219) sensitivity=0 orientation=0.000 confidence=false]
TOUCH t=17.660 device=0 frame=510 count=2 [id=0 state=hold xy=(614.928,-427.014) size=(33.225,33.219) sensitivity=0 orientation=0.000 confidence=false] [id=1 state=hold xy=(712.874,-385.148) size=(33.225,33.219) sensitivity=0 orientation=0.000 confidence=false]
TOUCH t=17.666 device=0 frame=511 count=2 [id=0 state=hold xy=(615.000,-426.437) size=(33.225,33.219) sensitivity=0 orientation=0.000 confidence=false] [id=1 state=hold xy=(712.874,-384.644) size=(33.225,33.219) sensitivity=0 orientation=0.000 confidence=false]
TOUCH t=17.671 device=0 frame=512 count=2 [id=0 state=hold xy=(615.000,-425.933) size=(33.225,33.219) sensitivity=0 orientation=0.000 confidence=false] [id=1 state=hold xy=(712.946,-384.139) size=(33.225,33.219) sensitivity=0 orientation=0.000 confidence=false]
TOUCH t=17.676 device=0 frame=513 count=2 [id=0 state=hold xy=(615.072,-425.356) size=(33.225,33.219) sensitivity=0 orientation=0.000 confidence=false] [id=1 state=hold xy=(713.018,-383.563) size=(33.225,33.219) sensitivity=0 orientation=0.000 confidence=false]
TOUCH t=17.681 device=0 frame=514 count=2 [id=0 state=hold xy=(615.072,-424.852) size=(33.225,33.219) sensitivity=0 orientation=0.000 confidence=false] [id=1 state=hold xy=(713.018,-383.058) size=(33.225,33.219) sensitivity=0 orientation=0.000 confidence=false]
TOUCH t=17.687 device=0 frame=515 count=2 [id=0 state=hold xy=(615.072,-424.275) size=(33.225,33.219) sensitivity=0 orientation=0.000 confidence=false] [id=1 state=hold xy=(713.090,-382.482) size=(33.225,33.219) sensitivity=0 orientation=0.000 confidence=false]
TOUCH t=17.691 device=0 frame=516 count=2 [id=0 state=hold xy=(615.072,-423.699) size=(33.225,33.219) sensitivity=0 orientation=0.000 confidence=false] [id=1 state=hold xy=(713.090,-381.978) size=(33.225,33.219) sensitivity=0 orientation=0.000 confidence=false]
TOUCH t=17.696 device=0 frame=517 count=2 [id=0 state=hold xy=(615.072,-423.195) size=(33.225,33.219) sensitivity=0 orientation=0.000 confidence=false] [id=1 state=hold xy=(713.162,-381.545) size=(33.225,33.219) sensitivity=0 orientation=0.000 confidence=false]
TOUCH t=17.701 device=0 frame=518 count=2 [id=0 state=hold xy=(615.144,-422.690) size=(33.225,33.219) sensitivity=0 orientation=0.000 confidence=false] [id=1 state=hold xy=(713.162,-381.041) size=(33.225,33.219) sensitivity=0 orientation=0.000 confidence=false]
TOUCH t=17.706 device=0 frame=519 count=2 [id=0 state=hold xy=(615.072,-422.258) size=(33.225,33.219) sensitivity=0 orientation=0.000 confidence=false] [id=1 state=hold xy=(713.162,-380.536) size=(33.225,33.219) sensitivity=0 orientation=0.000 confidence=false]
TOUCH t=17.711 device=0 frame=520 count=2 [id=0 state=hold xy=(615.072,-421.825) size=(33.225,33.219) sensitivity=0 orientation=0.000 confidence=false] [id=1 state=hold xy=(713.162,-380.032) size=(33.225,33.219) sensitivity=0 orientation=0.000 confidence=false]
TOUCH t=17.716 device=0 frame=521 count=2 [id=0 state=hold xy=(615.072,-421.321) size=(33.225,33.219) sensitivity=0 orientation=0.000 confidence=false] [id=1 state=hold xy=(713.234,-379.528) size=(33.225,33.219) sensitivity=0 orientation=0.000 confidence=false]
TOUCH t=17.722 device=0 frame=522 count=2 [id=0 state=hold xy=(615.072,-420.889) size=(33.225,33.219) sensitivity=0 orientation=0.000 confidence=false] [id=1 state=hold xy=(713.234,-379.095) size=(33.225,33.219) sensitivity=0 orientation=0.000 confidence=false]
TOUCH t=17.728 device=0 frame=523 count=2 [id=0 state=hold xy=(615.072,-420.456) size=(33.225,33.219) sensitivity=0 orientation=0.000 confidence=false] [id=1 state=hold xy=(713.306,-378.591) size=(33.225,33.219) sensitivity=0 orientation=0.000 confidence=false]
TOUCH t=17.732 device=0 frame=524 count=2 [id=0 state=hold xy=(615.000,-420.024) size=(33.225,33.219) sensitivity=0 orientation=0.000 confidence=false] [id=1 state=hold xy=(713.306,-378.159) size=(33.225,33.219) sensitivity=0 orientation=0.000 confidence=false]
TOUCH t=17.737 device=0 frame=525 count=2 [id=0 state=hold xy=(615.000,-419.592) size=(33.225,33.219) sensitivity=0 orientation=0.000 confidence=false] [id=1 state=hold xy=(713.234,-377.726) size=(33.225,33.219) sensitivity=0 orientation=0.000 confidence=false]
TOUCH t=17.744 device=0 frame=526 count=2 [id=0 state=hold xy=(615.000,-419.231) size=(33.225,33.219) sensitivity=0 orientation=0.000 confidence=false] [id=1 state=hold xy=(713.234,-377.222) size=(33.225,33.219) sensitivity=0 orientation=0.000 confidence=false]
TOUCH t=17.749 device=0 frame=527 count=2 [id=0 state=hold xy=(614.928,-418.871) size=(33.225,33.219) sensitivity=0 orientation=0.000 confidence=false] [id=1 state=hold xy=(713.162,-376.717) size=(16.613,16.610) sensitivity=0 orientation=0.000 confidence=false]
TOUCH t=17.754 device=0 frame=528 count=2 [id=0 state=hold xy=(614.856,-418.583) size=(33.225,33.219) sensitivity=0 orientation=0.000 confidence=false] [id=1 state=hold xy=(713.018,-376.285) size=(16.613,16.610) sensitivity=0 orientation=0.000 confidence=false]
TOUCH t=17.758 device=0 frame=529 count=2 [id=0 state=hold xy=(614.856,-418.223) size=(33.225,33.219) sensitivity=0 orientation=0.000 confidence=false] [id=1 state=hold xy=(712.946,-375.853) size=(16.613,16.610) sensitivity=0 orientation=0.000 confidence=false]
TOUCH t=17.764 device=0 frame=530 count=2 [id=0 state=hold xy=(614.784,-417.862) size=(33.225,33.219) sensitivity=0 orientation=0.000 confidence=false] [id=1 state=hold xy=(712.874,-375.420) size=(16.613,16.610) sensitivity=0 orientation=0.000 confidence=false]
TOUCH t=17.769 device=0 frame=531 count=2 [id=0 state=hold xy=(614.712,-417.574) size=(33.225,33.219) sensitivity=0 orientation=0.000 confidence=false] [id=1 state=hold xy=(712.730,-374.988) size=(16.613,16.610) sensitivity=0 orientation=0.000 confidence=false]
TOUCH t=17.774 device=0 frame=532 count=2 [id=0 state=hold xy=(614.640,-417.286) size=(33.225,33.219) sensitivity=0 orientation=0.000 confidence=false] [id=1 state=hold xy=(712.586,-374.628) size=(16.613,16.610) sensitivity=0 orientation=0.000 confidence=false]
TOUCH t=17.778 device=0 frame=533 count=2 [id=0 state=hold xy=(614.568,-416.998) size=(33.225,33.219) sensitivity=0 orientation=0.000 confidence=false] [id=1 state=hold xy=(712.513,-374.195) size=(16.613,16.610) sensitivity=0 orientation=0.000 confidence=false]
TOUCH t=17.788 device=0 frame=534 count=2 [id=0 state=hold xy=(614.495,-416.709) size=(33.225,33.219) sensitivity=0 orientation=0.000 confidence=false] [id=1 state=hold xy=(712.441,-373.835) size=(16.613,16.610) sensitivity=0 orientation=0.000 confidence=false]
TOUCH t=17.798 device=0 frame=535 count=2 [id=0 state=hold xy=(614.423,-416.421) size=(33.225,33.219) sensitivity=0 orientation=0.000 confidence=false] [id=1 state=hold xy=(712.369,-373.475) size=(16.613,16.610) sensitivity=0 orientation=0.000 confidence=false]
TOUCH t=17.803 device=0 frame=536 count=2 [id=0 state=hold xy=(614.351,-416.133) size=(33.225,33.219) sensitivity=0 orientation=0.000 confidence=false] [id=1 state=hold xy=(712.297,-373.042) size=(33.225,33.219) sensitivity=0 orientation=0.000 confidence=false]
TOUCH t=17.808 device=0 frame=537 count=2 [id=0 state=hold xy=(614.279,-415.773) size=(33.225,33.219) sensitivity=0 orientation=0.000 confidence=false] [id=1 state=hold xy=(712.153,-372.682) size=(33.225,33.219) sensitivity=0 orientation=0.000 confidence=false]
TOUCH t=17.813 device=0 frame=538 count=2 [id=0 state=hold xy=(614.135,-415.484) size=(33.225,33.219) sensitivity=0 orientation=0.000 confidence=false] [id=1 state=hold xy=(712.081,-372.250) size=(33.225,33.219) sensitivity=0 orientation=0.000 confidence=false]
TOUCH t=17.819 device=0 frame=539 count=2 [id=0 state=hold xy=(614.135,-415.196) size=(33.225,33.219) sensitivity=0 orientation=0.000 confidence=false] [id=1 state=hold xy=(712.081,-371.962) size=(33.225,33.219) sensitivity=0 orientation=0.000 confidence=false]
TOUCH t=17.823 device=0 frame=540 count=2 [id=0 state=hold xy=(614.063,-414.980) size=(33.225,33.219) sensitivity=0 orientation=0.000 confidence=false] [id=1 state=hold xy=(712.009,-371.673) size=(33.225,33.219) sensitivity=0 orientation=0.000 confidence=false]
TOUCH t=17.829 device=0 frame=541 count=2 [id=0 state=hold xy=(613.991,-414.764) size=(33.225,33.219) sensitivity=0 orientation=0.000 confidence=false] [id=1 state=hold xy=(711.937,-371.385) size=(33.225,33.219) sensitivity=0 orientation=0.000 confidence=false]
TOUCH t=17.834 device=0 frame=542 count=2 [id=0 state=hold xy=(613.919,-414.548) size=(33.225,33.219) sensitivity=0 orientation=0.000 confidence=false] [id=1 state=hold xy=(711.865,-371.169) size=(33.225,33.219) sensitivity=0 orientation=0.000 confidence=false]
TOUCH t=17.839 device=0 frame=543 count=2 [id=0 state=hold xy=(613.919,-414.331) size=(33.225,33.219) sensitivity=0 orientation=0.000 confidence=false] [id=1 state=hold xy=(711.865,-370.953) size=(33.225,33.219) sensitivity=0 orientation=0.000 confidence=false]
TOUCH t=17.845 device=0 frame=544 count=2 [id=0 state=hold xy=(613.847,-414.115) size=(33.225,33.219) sensitivity=0 orientation=0.000 confidence=false] [id=1 state=hold xy=(711.793,-370.737) size=(33.225,33.219) sensitivity=0 orientation=0.000 confidence=false]
TOUCH t=17.850 device=0 frame=545 count=2 [id=0 state=hold xy=(613.847,-413.971) size=(33.225,33.219) sensitivity=0 orientation=0.000 confidence=false] [id=1 state=hold xy=(711.793,-370.520) size=(33.225,33.219) sensitivity=0 orientation=0.000 confidence=false]
TOUCH t=17.855 device=0 frame=546 count=2 [id=0 state=hold xy=(613.847,-413.755) size=(33.225,33.219) sensitivity=0 orientation=0.000 confidence=false] [id=1 state=hold xy=(711.793,-370.304) size=(33.225,33.219) sensitivity=0 orientation=0.000 confidence=false]
TOUCH t=17.860 device=0 frame=547 count=2 [id=0 state=hold xy=(613.775,-413.611) size=(33.225,33.219) sensitivity=0 orientation=0.000 confidence=false] [id=1 state=hold xy=(711.865,-370.088) size=(33.225,33.219) sensitivity=0 orientation=0.000 confidence=false]
TOUCH t=17.865 device=0 frame=548 count=2 [id=0 state=hold xy=(613.775,-413.395) size=(33.225,33.219) sensitivity=0 orientation=0.000 confidence=false] [id=1 state=hold xy=(711.865,-369.800) size=(33.225,33.219) sensitivity=0 orientation=0.000 confidence=false]
TOUCH t=17.871 device=0 frame=549 count=2 [id=0 state=hold xy=(613.703,-413.179) size=(33.225,33.219) sensitivity=0 orientation=0.000 confidence=false] [id=1 state=hold xy=(711.937,-369.584) size=(33.225,33.219) sensitivity=0 orientation=0.000 confidence=false]
TOUCH t=17.876 device=0 frame=550 count=2 [id=0 state=hold xy=(613.703,-412.962) size=(33.225,33.219) sensitivity=0 orientation=0.000 confidence=false] [id=1 state=hold xy=(711.937,-369.440) size=(33.225,33.219) sensitivity=0 orientation=0.000 confidence=false]
TOUCH t=17.882 device=0 frame=551 count=2 [id=0 state=hold xy=(613.631,-412.746) size=(33.225,33.219) sensitivity=0 orientation=0.000 confidence=false] [id=1 state=hold xy=(712.009,-369.151) size=(33.225,33.219) sensitivity=0 orientation=0.000 confidence=false]
TOUCH t=17.887 device=0 frame=552 count=2 [id=0 state=hold xy=(613.631,-412.530) size=(33.225,33.219) sensitivity=0 orientation=0.000 confidence=false] [id=1 state=hold xy=(712.081,-368.935) size=(33.225,33.219) sensitivity=0 orientation=0.000 confidence=false]
TOUCH t=17.891 device=0 frame=553 count=2 [id=0 state=hold xy=(613.703,-412.242) size=(33.225,33.219) sensitivity=0 orientation=0.000 confidence=false] [id=1 state=hold xy=(712.081,-368.575) size=(33.225,33.219) sensitivity=0 orientation=0.000 confidence=false]
TOUCH t=17.896 device=0 frame=554 count=2 [id=0 state=hold xy=(613.703,-411.954) size=(16.613,16.610) sensitivity=0 orientation=0.000 confidence=false] [id=1 state=hold xy=(712.225,-368.287) size=(33.225,33.219) sensitivity=0 orientation=0.000 confidence=false]
TOUCH t=17.901 device=0 frame=555 count=2 [id=0 state=hold xy=(613.847,-411.665) size=(16.613,16.610) sensitivity=0 orientation=0.000 confidence=false] [id=1 state=hold xy=(712.297,-367.854) size=(33.225,33.219) sensitivity=0 orientation=0.000 confidence=false]
TOUCH t=17.907 device=0 frame=556 count=2 [id=0 state=hold xy=(613.919,-411.233) size=(16.613,16.610) sensitivity=0 orientation=0.000 confidence=false] [id=1 state=hold xy=(712.441,-367.350) size=(16.613,16.610) sensitivity=0 orientation=0.000 confidence=false]
TOUCH t=17.912 device=0 frame=557 count=2 [id=0 state=hold xy=(613.991,-410.657) size=(16.613,16.610) sensitivity=0 orientation=0.000 confidence=false] [id=1 state=hold xy=(712.586,-366.773) size=(16.613,16.610) sensitivity=0 orientation=0.000 confidence=false]
TOUCH t=17.917 device=0 frame=558 count=2 [id=0 state=hold xy=(614.207,-409.936) size=(16.613,16.610) sensitivity=0 orientation=0.000 confidence=false] [id=1 state=hold xy=(712.802,-366.053) size=(16.613,16.610) sensitivity=0 orientation=0.000 confidence=false]
TOUCH t=17.923 device=0 frame=559 count=2 [id=0 state=hold xy=(614.423,-408.999) size=(16.613,16.610) sensitivity=0 orientation=0.000 confidence=false] [id=1 state=hold xy=(713.162,-365.116) size=(16.613,16.610) sensitivity=0 orientation=0.000 confidence=false]
TOUCH t=17.927 device=0 frame=560 count=2 [id=0 state=hold xy=(614.784,-407.846) size=(16.613,16.610) sensitivity=0 orientation=0.000 confidence=false] [id=1 state=hold xy=(713.523,-364.035) size=(16.613,16.610) sensitivity=0 orientation=0.000 confidence=false]
TOUCH t=17.932 device=0 frame=561 count=2 [id=0 state=hold xy=(615.216,-406.549) size=(16.613,16.610) sensitivity=0 orientation=0.000 confidence=false] [id=1 state=hold xy=(714.027,-362.738) size=(16.613,16.610) sensitivity=0 orientation=0.000 confidence=false]
TOUCH t=17.937 device=0 frame=562 count=2 [id=0 state=hold xy=(615.865,-405.108) size=(16.613,16.610) sensitivity=0 orientation=0.000 confidence=false] [id=1 state=hold xy=(714.604,-361.225) size=(16.613,16.610) sensitivity=0 orientation=0.000 confidence=false]
TOUCH t=17.942 device=0 frame=563 count=2 [id=0 state=hold xy=(616.513,-403.739) size=(16.613,16.610) sensitivity=0 orientation=0.000 confidence=false] [id=1 state=hold xy=(715.180,-359.712) size=(16.613,16.610) sensitivity=0 orientation=0.000 confidence=false]
TOUCH t=17.947 device=0 frame=564 count=2 [id=0 state=up xy=(617.162,-402.370) size=(16.613,16.610) sensitivity=0 orientation=0.000 confidence=false] [id=1 state=up xy=(715.757,-358.126) size=(16.613,16.610) sensitivity=0 orientation=0.000 confidence=false]
UNREGISTER device=0 result=success code=0
SUMMARY frames=2279 contacts=5958 queueDropped=0 truncatedFrames=0
