Wacom macOS pen probe
duration=25s globalMonitor=true localMonitor=true
READY use pen over the probe window, then bring Chrome to front
PROXIMITY t=5.7350 monitor=local type=tabletProximity subtype=0 eventTimestamp=192088.1268 eventNumber=0 entering=true deviceType=pen deviceID=19450 pointingDeviceID=0 systemTabletID=1 tabletID=849 uniqueID=79448682544951 vendorID=1386 vendorType=2114 capabilities=0x17c7
PROXIMITY t=5.7365 monitor=local type=mouseMoved subtype=2 eventTimestamp=192088.1283 eventNumber=0 entering=true deviceType=pen deviceID=19450 pointingDeviceID=0 systemTabletID=1 tabletID=849 uniqueID=79448682544951 vendorID=1386 vendorType=2114 capabilities=0x17c7
PEN t=5.7458 monitor=local type=mouseMoved subtype=1 eventTimestamp=192088.1320 eventNumber=0 absolute=(26156.0000,10592.0000,1023.0000) screen=(760.9609,-345.7656) pressure=0.0000 tangentialPressure=0.0000 tilt=(0.2031,0.0156) rotation=0.0000 buttons=0x0 deviceID=19450
PEN t=5.7505 monitor=local type=mouseMoved subtype=1 eventTimestamp=192088.1418 eventNumber=0 absolute=(26164.0000,10593.0000,1023.0000) screen=(761.2539,-345.6562) pressure=0.0000 tangentialPressure=0.0000 tilt=(0.2031,0.0156) rotation=0.0000 buttons=0x0 deviceID=19450
PEN t=5.7846 monitor=local type=mouseMoved subtype=1 eventTimestamp=192088.1716 eventNumber=0 absolute=(26183.0000,10603.0000,1023.0000) screen=(761.9453,-344.9648) pressure=0.0000 tangentialPressure=0.0000 tilt=(0.2031,0.0156) rotation=0.0000 buttons=0x0 deviceID=19450
PEN t=5.7897 monitor=local type=mouseMoved subtype=1 eventTimestamp=192088.1818 eventNumber=0 absolute=(26185.0000,10606.0000,1023.0000) screen=(762.0195,-344.7852) pressure=0.0000 tangentialPressure=0.0000 tilt=(0.2031,0.0156) rotation=0.0000 buttons=0x0 deviceID=19450
PEN t=5.8111 monitor=local type=mouseMoved subtype=1 eventTimestamp=192088.2030 eventNumber=0 absolute=(26191.0000,10618.0000,1023.0000) screen=(762.2383,-343.9531) pressure=0.0000 tangentialPressure=0.0000 tilt=(0.2031,0.0156) rotation=0.0000 buttons=0x0 deviceID=19450
PEN t=5.8386 monitor=local type=mouseMoved subtype=1 eventTimestamp=192088.2304 eventNumber=0 absolute=(26197.0000,10638.0000,914.0000) screen=(762.4570,-342.5391) pressure=0.0000 tangentialPressure=0.0000 tilt=(0.2187,0.0156) rotation=0.0000 buttons=0x0 deviceID=19450
PEN t=5.8485 monitor=local type=mouseMoved subtype=1 eventTimestamp=192088.2403 eventNumber=0 absolute=(26198.0000,10648.0000,878.0000) screen=(762.4922,-341.8477) pressure=0.0000 tangentialPressure=0.0000 tilt=(0.2187,0.0156) rotation=0.0000 buttons=0x0 deviceID=19450
PEN t=5.8621 monitor=local type=mouseMoved subtype=1 eventTimestamp=192088.2529 eventNumber=0 absolute=(26198.0000,10665.0000,846.0000) screen=(762.4922,-340.6875) pressure=0.0000 tangentialPressure=0.0000 tilt=(0.2187,0.0156) rotation=0.0000 buttons=0x0 deviceID=19450
PEN t=5.8699 monitor=local type=mouseMoved subtype=1 eventTimestamp=192088.2618 eventNumber=0 absolute=(26198.0000,10681.0000,810.0000) screen=(762.4922,-339.5625) pressure=0.0000 tangentialPressure=0.0000 tilt=(0.2187,0.0156) rotation=0.0000 buttons=0x0 deviceID=19450
PEN t=5.8768 monitor=local type=mouseMoved subtype=1 eventTimestamp=192088.2655 eventNumber=0 absolute=(26197.0000,10690.0000,774.0000) screen=(762.4570,-338.9492) pressure=0.0000 tangentialPressure=0.0000 tilt=(0.2187,0.0156) rotation=0.0000 buttons=0x0 deviceID=19450
PEN t=5.8860 monitor=local type=mouseMoved subtype=1 eventTimestamp=192088.2779 eventNumber=0 absolute=(26193.0000,10712.0000,774.0000) screen=(762.3125,-337.4609) pressure=0.0000 tangentialPressure=0.0000 tilt=(0.2187,0.0156) rotation=0.0000 buttons=0x0 deviceID=19450
PEN t=5.8895 monitor=local type=mouseMoved subtype=1 eventTimestamp=192088.2815 eventNumber=0 absolute=(26190.0000,10722.0000,774.0000) screen=(762.2031,-336.7344) pressure=0.0000 tangentialPressure=0.0000 tilt=(0.2187,0.0156) rotation=0.0000 buttons=0x0 deviceID=19450
PEN t=5.9114 monitor=local type=mouseMoved subtype=1 eventTimestamp=192088.3029 eventNumber=0 absolute=(26182.0000,10740.0000,774.0000) screen=(761.9102,-335.5039) pressure=0.0000 tangentialPressure=0.0000 tilt=(0.2187,0.0156) rotation=0.0000 buttons=0x0 deviceID=19450
PEN t=5.9450 monitor=local type=mouseMoved subtype=1 eventTimestamp=192088.3368 eventNumber=0 absolute=(26170.0000,10750.0000,774.0000) screen=(761.4727,-334.8125) pressure=0.0000 tangentialPressure=0.0000 tilt=(0.2187,0.0156) rotation=0.0000 buttons=0x0 deviceID=19450
PEN t=5.9671 monitor=local type=mouseMoved subtype=1 eventTimestamp=192088.3585 eventNumber=0 absolute=(26170.0000,10763.0000,774.0000) screen=(761.4727,-333.8711) pressure=0.0000 tangentialPressure=0.0000 tilt=(0.2187,0.0156) rotation=0.0000 buttons=0x0 deviceID=19450
PEN t=6.0112 monitor=local type=mouseMoved subtype=1 eventTimestamp=192088.4031 eventNumber=0 absolute=(26185.0000,10775.0000,846.0000) screen=(762.0195,-333.0391) pressure=0.0000 tangentialPressure=0.0000 tilt=(0.2187,0.0156) rotation=0.0000 buttons=0x0 deviceID=19450
PEN t=6.0173 monitor=local type=mouseMoved subtype=1 eventTimestamp=192088.4079 eventNumber=0 absolute=(26188.0000,10776.0000,846.0000) screen=(762.1289,-332.9648) pressure=0.0000 tangentialPressure=0.0000 tilt=(0.2187,0.0156) rotation=0.0000 buttons=0x0 deviceID=19450
PEN t=6.0514 monitor=local type=mouseMoved subtype=1 eventTimestamp=192088.4432 eventNumber=0 absolute=(26204.0000,10776.0000,950.0000) screen=(762.7109,-334.0000) pressure=0.0000 tangentialPressure=0.0000 tilt=(0.2031,0.0156) rotation=0.0000 buttons=0x0 deviceID=19450
PEN t=6.0774 monitor=local type=mouseMoved subtype=1 eventTimestamp=192088.4656 eventNumber=0 absolute=(26214.0000,10768.0000,986.0000) screen=(763.0781,-333.5469) pressure=0.0000 tangentialPressure=0.0000 tilt=(0.1875,0.0156) rotation=0.0000 buttons=0x0 deviceID=19450
PEN t=6.0896 monitor=local type=mouseMoved subtype=1 eventTimestamp=192088.4815 eventNumber=0 absolute=(26223.0000,10760.0000,1023.0000) screen=(763.4062,-334.1250) pressure=0.0000 tangentialPressure=0.0000 tilt=(0.1875,0.0156) rotation=0.0000 buttons=0x0 deviceID=19450
PEN t=6.1130 monitor=local type=mouseMoved subtype=1 eventTimestamp=192088.5048 eventNumber=0 absolute=(26239.0000,10742.0000,1023.0000) screen=(763.9883,-335.3203) pressure=0.0000 tangentialPressure=0.0000 tilt=(0.1718,0.0000) rotation=0.0000 buttons=0x0 deviceID=19450
PEN t=6.1208 monitor=local type=mouseMoved subtype=1 eventTimestamp=192088.5130 eventNumber=0 absolute=(26243.0000,10736.0000,1023.0000) screen=(764.1367,-335.7930) pressure=0.0000 tangentialPressure=0.0000 tilt=(0.1562,0.0000) rotation=0.0000 buttons=0x0 deviceID=19450
PEN t=6.1282 monitor=local type=mouseMoved subtype=1 eventTimestamp=192088.5199 eventNumber=0 absolute=(26247.0000,10728.0000,1023.0000) screen=(764.2812,-336.3359) pressure=0.0000 tangentialPressure=0.0000 tilt=(0.1562,0.0000) rotation=0.0000 buttons=0x0 deviceID=19450
PEN t=6.1365 monitor=local type=mouseMoved subtype=1 eventTimestamp=192088.5282 eventNumber=0 absolute=(26254.0000,10710.0000,1023.0000) screen=(764.5352,-337.5352) pressure=0.0000 tangentialPressure=0.0000 tilt=(0.1406,0.0000) rotation=0.0000 buttons=0x0 deviceID=19450
PEN t=6.1397 monitor=local type=mouseMoved subtype=1 eventTimestamp=192088.5316 eventNumber=0 absolute=(26259.0000,10701.0000,1023.0000) screen=(764.7188,-338.2227) pressure=0.0000 tangentialPressure=0.0000 tilt=(0.1406,0.0000) rotation=0.0000 buttons=0x0 deviceID=19450
PEN t=6.1536 monitor=local type=mouseMoved subtype=1 eventTimestamp=192088.5456 eventNumber=0 absolute=(26264.0000,10677.0000,1023.0000) screen=(764.9023,-339.8164) pressure=0.0000 tangentialPressure=0.0000 tilt=(0.1406,0.0000) rotation=0.0000 buttons=0x0 deviceID=19450
PEN t=6.1597 monitor=local type=mouseMoved subtype=1 eventTimestamp=192088.5488 eventNumber=0 absolute=(26265.0000,10663.0000,1023.0000) screen=(764.9375,-340.7969) pressure=0.0000 tangentialPressure=0.0000 tilt=(0.1250,0.0000) rotation=0.0000 buttons=0x0 deviceID=19450
PEN t=6.1630 monitor=local type=mouseMoved subtype=1 eventTimestamp=192088.5552 eventNumber=0 absolute=(26266.0000,10649.0000,1023.0000) screen=(764.9727,-341.8125) pressure=0.0000 tangentialPressure=0.0000 tilt=(0.1250,0.0000) rotation=0.0000 buttons=0x0 deviceID=19450
PEN t=6.1663 monitor=local type=mouseMoved subtype=1 eventTimestamp=192088.5586 eventNumber=0 absolute=(26266.0000,10634.0000,1023.0000) screen=(764.9727,-342.8281) pressure=0.0000 tangentialPressure=0.0000 tilt=(0.1250,-0.0156) rotation=0.0000 buttons=0x0 deviceID=19450
PEN t=6.1729 monitor=local type=mouseMoved subtype=1 eventTimestamp=192088.5652 eventNumber=0 absolute=(26266.0000,10619.0000,1023.0000) screen=(764.9727,-343.8789) pressure=0.0000 tangentialPressure=0.0000 tilt=(0.1250,-0.0156) rotation=0.0000 buttons=0x0 deviceID=19450
PEN t=6.1781 monitor=local type=mouseMoved subtype=1 eventTimestamp=192088.5703 eventNumber=0 absolute=(26266.0000,10605.0000,1023.0000) screen=(764.9727,-344.8203) pressure=0.0000 tangentialPressure=0.0000 tilt=(0.1093,0.0000) rotation=0.0000 buttons=0x0 deviceID=19450
PEN t=6.1853 monitor=local type=mouseMoved subtype=1 eventTimestamp=192088.5769 eventNumber=0 absolute=(26264.0000,10599.0000,1023.0000) screen=(764.9023,-345.2578) pressure=0.0000 tangentialPressure=0.0000 tilt=(0.1093,0.0000) rotation=0.0000 buttons=0x0 deviceID=19450
PEN t=6.2106 monitor=local type=mouseMoved subtype=1 eventTimestamp=192088.5987 eventNumber=0 absolute=(26248.0000,10604.0000,1023.0000) screen=(764.3164,-344.9297) pressure=0.0000 tangentialPressure=0.0000 tilt=(0.0937,0.0000) rotation=0.0000 buttons=0x0 deviceID=19450
PEN t=6.2180 monitor=local type=mouseMoved subtype=1 eventTimestamp=192088.6096 eventNumber=0 absolute=(26240.0000,10602.0000,1023.0000) screen=(764.0273,-345.0391) pressure=0.0000 tangentialPressure=0.0000 tilt=(0.0781,0.0000) rotation=0.0000 buttons=0x0 deviceID=19450
PEN t=6.2275 monitor=local type=mouseMoved subtype=1 eventTimestamp=192088.6156 eventNumber=0 absolute=(26237.0000,10600.0000,1023.0000) screen=(763.9180,-345.1484) pressure=0.0000 tangentialPressure=0.0000 tilt=(0.0781,0.0000) rotation=0.0000 buttons=0x0 deviceID=19450
PEN t=6.2465 monitor=local type=mouseMoved subtype=1 eventTimestamp=192088.6382 eventNumber=0 absolute=(26226.0000,10586.0000,1023.0000) screen=(763.5156,-346.1641) pressure=0.0000 tangentialPressure=0.0000 tilt=(0.0468,0.0000) rotation=0.0000 buttons=0x0 deviceID=19450
PEN t=6.2712 monitor=local type=mouseMoved subtype=1 eventTimestamp=192088.6626 eventNumber=0 absolute=(26223.0000,10573.0000,1023.0000) screen=(763.4062,-347.0703) pressure=0.0000 tangentialPressure=0.0000 tilt=(0.0312,0.0000) rotation=0.0000 buttons=0x0 deviceID=19450
PEN t=6.2890 monitor=local type=mouseMoved subtype=1 eventTimestamp=192088.6801 eventNumber=0 absolute=(26219.0000,10556.0000,1023.0000) screen=(763.2578,-348.2305) pressure=0.0000 tangentialPressure=0.0000 tilt=(0.0156,0.0000) rotation=0.0000 buttons=0x0 deviceID=19450
PEN t=6.3054 monitor=local type=mouseMoved subtype=1 eventTimestamp=192088.6958 eventNumber=0 absolute=(26209.0000,10550.0000,1023.0000) screen=(762.8945,-348.6289) pressure=0.0000 tangentialPressure=0.0000 tilt=(0.0156,0.0000) rotation=0.0000 buttons=0x0 deviceID=19450
PEN t=6.3139 monitor=local type=mouseMoved subtype=1 eventTimestamp=192088.7060 eventNumber=0 absolute=(26188.0000,10542.0000,1023.0000) screen=(762.1289,-349.1719) pressure=0.0000 tangentialPressure=0.0000 tilt=(0.0000,0.0000) rotation=0.0000 buttons=0x0 deviceID=19450
PEN t=6.3188 monitor=local type=mouseMoved subtype=1 eventTimestamp=192088.7109 eventNumber=0 absolute=(26169.0000,10540.0000,1023.0000) screen=(761.4375,-349.3555) pressure=0.0000 tangentialPressure=0.0000 tilt=(0.0000,0.0000) rotation=0.0000 buttons=0x0 deviceID=19450
PEN t=6.3268 monitor=local type=mouseMoved subtype=1 eventTimestamp=192088.7155 eventNumber=0 absolute=(26144.0000,10537.0000,1023.0000) screen=(760.5234,-349.5352) pressure=0.0000 tangentialPressure=0.0000 tilt=(0.0000,0.0000) rotation=0.0000 buttons=0x0 deviceID=19450
PEN t=6.3292 monitor=local type=mouseMoved subtype=1 eventTimestamp=192088.7214 eventNumber=0 absolute=(26112.0000,10536.0000,1023.0000) screen=(759.3555,-349.6445) pressure=0.0000 tangentialPressure=0.0000 tilt=(0.0000,0.0000) rotation=0.0000 buttons=0x0 deviceID=19450
PEN t=6.3351 monitor=local type=mouseMoved subtype=1 eventTimestamp=192088.7273 eventNumber=0 absolute=(26075.0000,10532.0000,1023.0000) screen=(758.0078,-349.8594) pressure=0.0000 tangentialPressure=0.0000 tilt=(0.0000,0.0000) rotation=0.0000 buttons=0x0 deviceID=19450
PEN t=6.3382 monitor=local type=mouseMoved subtype=1 eventTimestamp=192088.7305 eventNumber=0 absolute=(26032.0000,10531.0000,1023.0000) screen=(756.4375,-349.9336) pressure=0.0000 tangentialPressure=0.0000 tilt=(0.0000,0.0000) rotation=0.0000 buttons=0x0 deviceID=19450
PEN t=6.3475 monitor=local type=mouseMoved subtype=1 eventTimestamp=192088.7388 eventNumber=0 absolute=(25985.0000,10531.0000,1023.0000) screen=(754.7266,-349.9336) pressure=0.0000 tangentialPressure=0.0000 tilt=(-0.0156,0.0000) rotation=0.0000 buttons=0x0 deviceID=19450
PEN t=6.3539 monitor=local type=mouseMoved subtype=1 eventTimestamp=192088.7457 eventNumber=0 absolute=(25938.0000,10537.0000,1023.0000) screen=(753.0117,-349.5703) pressure=0.0000 tangentialPressure=0.0000 tilt=(0.0000,0.0000) rotation=0.0000 buttons=0x0 deviceID=19450
PEN t=6.3613 monitor=local type=mouseMoved subtype=1 eventTimestamp=192088.7527 eventNumber=0 absolute=(25897.0000,10544.0000,1023.0000) screen=(751.5156,-349.0625) pressure=0.0000 tangentialPressure=0.0000 tilt=(-0.0156,0.0000) rotation=0.0000 buttons=0x0 deviceID=19450
PEN t=6.3640 monitor=local type=mouseMoved subtype=1 eventTimestamp=192088.7563 eventNumber=0 absolute=(25858.0000,10555.0000,1023.0000) screen=(750.0938,-348.2656) pressure=0.0000 tangentialPressure=0.0000 tilt=(0.0000,0.0000) rotation=0.0000 buttons=0x0 deviceID=19450
PEN t=6.3692 monitor=local type=mouseMoved subtype=1 eventTimestamp=192088.7615 eventNumber=0 absolute=(25841.0000,10568.0000,1023.0000) screen=(749.4727,-347.3945) pressure=0.0000 tangentialPressure=0.0000 tilt=(-0.0156,0.0000) rotation=0.0000 buttons=0x0 deviceID=19450
PEN t=6.3727 monitor=local type=mouseMoved subtype=1 eventTimestamp=192088.7642 eventNumber=0 absolute=(25841.0000,10583.0000,1023.0000) screen=(749.4727,-346.3789) pressure=0.0000 tangentialPressure=0.0000 tilt=(-0.0156,0.0000) rotation=0.0000 buttons=0x0 deviceID=19450
PEN t=6.3828 monitor=local type=mouseMoved subtype=1 eventTimestamp=192088.7749 eventNumber=0 absolute=(25844.0000,10598.0000,1023.0000) screen=(749.5820,-345.3281) pressure=0.0000 tangentialPressure=0.0000 tilt=(-0.0156,0.0000) rotation=0.0000 buttons=0x0 deviceID=19450
PEN t=6.3862 monitor=local type=mouseMoved subtype=1 eventTimestamp=192088.7782 eventNumber=0 absolute=(25849.0000,10612.0000,1023.0000) screen=(749.7656,-344.3516) pressure=0.0000 tangentialPressure=0.0000 tilt=(-0.0313,0.0156) rotation=0.0000 buttons=0x0 deviceID=19450
PEN t=6.3931 monitor=local type=mouseMoved subtype=1 eventTimestamp=192088.7822 eventNumber=0 absolute=(25853.0000,10626.0000,1023.0000) screen=(749.9102,-343.4062) pressure=0.0000 tangentialPressure=0.0000 tilt=(-0.0313,0.0156) rotation=0.0000 buttons=0x0 deviceID=19450
PEN t=6.3992 monitor=local type=mouseMoved subtype=1 eventTimestamp=192088.7913 eventNumber=0 absolute=(25827.0000,10639.0000,1023.0000) screen=(748.9609,-342.5000) pressure=0.0000 tangentialPressure=0.0000 tilt=(-0.0313,0.0156) rotation=0.0000 buttons=0x0 deviceID=19450
PEN t=6.4023 monitor=local type=mouseMoved subtype=1 eventTimestamp=192088.7946 eventNumber=0 absolute=(25801.0000,10648.0000,1023.0000) screen=(748.0156,-341.8828) pressure=0.0000 tangentialPressure=0.0000 tilt=(-0.0313,0.0156) rotation=0.0000 buttons=0x0 deviceID=19450
PEN t=6.4110 monitor=local type=mouseMoved subtype=1 eventTimestamp=192088.8027 eventNumber=0 absolute=(25778.0000,10657.0000,1023.0000) screen=(747.1758,-341.2305) pressure=0.0000 tangentialPressure=0.0000 tilt=(-0.0469,0.0156) rotation=0.0000 buttons=0x0 deviceID=19450
PEN t=6.4138 monitor=local type=mouseMoved subtype=1 eventTimestamp=192088.8060 eventNumber=0 absolute=(25752.0000,10668.0000,986.0000) screen=(746.2266,-340.5078) pressure=0.0000 tangentialPressure=0.0000 tilt=(-0.0469,0.0312) rotation=0.0000 buttons=0x0 deviceID=19450
PEN t=6.4197 monitor=local type=mouseMoved subtype=1 eventTimestamp=192088.8114 eventNumber=0 absolute=(25721.0000,10676.0000,986.0000) screen=(745.0977,-339.9258) pressure=0.0000 tangentialPressure=0.0000 tilt=(-0.0469,0.0312) rotation=0.0000 buttons=0x0 deviceID=19450
PEN t=6.4227 monitor=local type=mouseMoved subtype=1 eventTimestamp=192088.8149 eventNumber=0 absolute=(25718.0000,10676.0000,986.0000) screen=(744.9883,-339.9258) pressure=0.0000 tangentialPressure=0.0000 tilt=(-0.0469,0.0312) rotation=0.0000 buttons=0x0 deviceID=19450
PEN t=6.4373 monitor=local type=mouseMoved subtype=1 eventTimestamp=192088.8294 eventNumber=0 absolute=(25684.0000,10689.0000,986.0000) screen=(743.7461,-339.0195) pressure=0.0000 tangentialPressure=0.0000 tilt=(-0.0625,0.0312) rotation=0.0000 buttons=0x0 deviceID=19450
PEN t=6.4439 monitor=local type=mouseMoved subtype=1 eventTimestamp=192088.8360 eventNumber=0 absolute=(25646.0000,10701.0000,986.0000) screen=(742.3594,-338.2227) pressure=0.0000 tangentialPressure=0.0000 tilt=(-0.0625,0.0312) rotation=0.0000 buttons=0x0 deviceID=19450
PEN t=6.4455 monitor=local type=mouseMoved subtype=1 eventTimestamp=192088.8378 eventNumber=0 absolute=(25609.0000,10701.0000,986.0000) screen=(741.0117,-338.2227) pressure=0.0000 tangentialPressure=0.0000 tilt=(-0.0625,0.0312) rotation=0.0000 buttons=0x0 deviceID=19450
PEN t=6.4529 monitor=local type=mouseMoved subtype=1 eventTimestamp=192088.8447 eventNumber=0 absolute=(25576.0000,10709.0000,986.0000) screen=(739.8086,-337.6055) pressure=0.0000 tangentialPressure=0.0000 tilt=(-0.0625,0.0468) rotation=0.0000 buttons=0x0 deviceID=19450
PEN t=6.4655 monitor=local type=mouseMoved subtype=1 eventTimestamp=192088.8567 eventNumber=0 absolute=(25544.0000,10719.0000,986.0000) screen=(738.6406,-336.9531) pressure=0.0000 tangentialPressure=0.0000 tilt=(-0.0781,0.0468) rotation=0.0000 buttons=0x0 deviceID=19450
PEN t=6.4777 monitor=local type=mouseMoved subtype=1 eventTimestamp=192088.8693 eventNumber=0 absolute=(25515.0000,10719.0000,986.0000) screen=(737.5820,-336.9531) pressure=0.0000 tangentialPressure=0.0000 tilt=(-0.0781,0.0625) rotation=0.0000 buttons=0x0 deviceID=19450
PEN t=6.4822 monitor=local type=mouseMoved subtype=1 eventTimestamp=192088.8741 eventNumber=0 absolute=(25487.0000,10719.0000,986.0000) screen=(736.5625,-336.9531) pressure=0.0000 tangentialPressure=0.0000 tilt=(-0.0781,0.0625) rotation=0.0000 buttons=0x0 deviceID=19450
PEN t=6.4869 monitor=local type=mouseMoved subtype=1 eventTimestamp=192088.8789 eventNumber=0 absolute=(25459.0000,10719.0000,986.0000) screen=(735.5391,-336.9180) pressure=0.0000 tangentialPressure=0.0000 tilt=(-0.0938,0.0625) rotation=0.0000 buttons=0x0 deviceID=19450
PEN t=6.4949 monitor=local type=mouseMoved subtype=1 eventTimestamp=192088.8862 eventNumber=0 absolute=(25432.0000,10720.0000,950.0000) screen=(734.5547,-336.8828) pressure=0.0000 tangentialPressure=0.0000 tilt=(-0.0938,0.0625) rotation=0.0000 buttons=0x0 deviceID=19450
PEN t=6.4971 monitor=local type=mouseMoved subtype=1 eventTimestamp=192088.8892 eventNumber=0 absolute=(25407.0000,10722.0000,950.0000) screen=(733.6445,-336.7344) pressure=0.0000 tangentialPressure=0.0000 tilt=(-0.0938,0.0781) rotation=0.0000 buttons=0x0 deviceID=19450
PEN t=6.5006 monitor=local type=mouseMoved subtype=1 eventTimestamp=192088.8929 eventNumber=0 absolute=(25383.0000,10724.0000,950.0000) screen=(732.7695,-336.6289) pressure=0.0000 tangentialPressure=0.0000 tilt=(-0.0938,0.0781) rotation=0.0000 buttons=0x0 deviceID=19450
PEN t=6.5144 monitor=local type=mouseMoved subtype=1 eventTimestamp=192088.9056 eventNumber=0 absolute=(25349.0000,10726.0000,950.0000) screen=(731.5273,-336.4805) pressure=0.0000 tangentialPressure=0.0000 tilt=(-0.1094,0.0781) rotation=0.0000 buttons=0x0 deviceID=19450
PEN t=6.5208 monitor=local type=mouseMoved subtype=1 eventTimestamp=192088.9130 eventNumber=0 absolute=(25332.0000,10725.0000,950.0000) screen=(730.9102,-336.5195) pressure=0.0000 tangentialPressure=0.0000 tilt=(-0.1094,0.0937) rotation=0.0000 buttons=0x0 deviceID=19450
PEN t=6.5395 monitor=local type=mouseMoved subtype=1 eventTimestamp=192088.9310 eventNumber=0 absolute=(25321.0000,10713.0000,950.0000) screen=(730.5078,-337.3867) pressure=0.0000 tangentialPressure=0.0000 tilt=(-0.1250,0.1093) rotation=0.0000 buttons=0x0 deviceID=19450
PEN t=6.5473 monitor=local type=mouseMoved subtype=1 eventTimestamp=192088.9389 eventNumber=0 absolute=(25323.0000,10702.0000,950.0000) screen=(730.5820,-338.1484) pressure=0.0000 tangentialPressure=0.0000 tilt=(-0.1250,0.1093) rotation=0.0000 buttons=0x0 deviceID=19450
PEN t=6.5528 monitor=local type=mouseMoved subtype=1 eventTimestamp=192088.9449 eventNumber=0 absolute=(25322.0000,10688.0000,950.0000) screen=(730.5430,-339.0938) pressure=0.0000 tangentialPressure=0.0000 tilt=(-0.1250,0.1093) rotation=0.0000 buttons=0x0 deviceID=19450
PEN t=6.5608 monitor=local type=mouseMoved subtype=1 eventTimestamp=192088.9524 eventNumber=0 absolute=(25301.0000,10671.0000,986.0000) screen=(729.7773,-340.2539) pressure=0.0000 tangentialPressure=0.0000 tilt=(-0.1406,0.1093) rotation=0.0000 buttons=0x0 deviceID=19450
PEN t=6.5641 monitor=local type=mouseMoved subtype=1 eventTimestamp=192088.9563 eventNumber=0 absolute=(25283.0000,10652.0000,986.0000) screen=(729.1211,-341.5586) pressure=0.0000 tangentialPressure=0.0000 tilt=(-0.1406,0.1093) rotation=0.0000 buttons=0x0 deviceID=19450
PEN t=6.5688 monitor=local type=mouseMoved subtype=1 eventTimestamp=192088.9609 eventNumber=0 absolute=(25277.0000,10631.0000,986.0000) screen=(728.9023,-343.0430) pressure=0.0000 tangentialPressure=0.0000 tilt=(-0.1406,0.1093) rotation=0.0000 buttons=0x0 deviceID=19450
PEN t=6.5766 monitor=local type=mouseMoved subtype=1 eventTimestamp=192088.9656 eventNumber=0 absolute=(25270.0000,10602.0000,986.0000) screen=(728.6484,-345.0391) pressure=0.0000 tangentialPressure=0.0000 tilt=(-0.1406,0.1250) rotation=0.0000 buttons=0x0 deviceID=19450
PEN t=6.5794 monitor=local type=mouseMoved subtype=1 eventTimestamp=192088.9716 eventNumber=0 absolute=(25252.0000,10567.0000,986.0000) screen=(727.9922,-347.4336) pressure=0.0000 tangentialPressure=0.0000 tilt=(-0.1406,0.1250) rotation=0.0000 buttons=0x0 deviceID=19450
PEN t=6.5842 monitor=local type=mouseMoved subtype=1 eventTimestamp=192088.9765 eventNumber=0 absolute=(25231.0000,10535.0000,986.0000) screen=(727.2266,-349.6797) pressure=0.0000 tangentialPressure=0.0000 tilt=(-0.1406,0.1406) rotation=0.0000 buttons=0x0 deviceID=19450
PEN t=6.5894 monitor=local type=mouseMoved subtype=1 eventTimestamp=192088.9816 eventNumber=0 absolute=(25207.0000,10505.0000,986.0000) screen=(726.3516,-351.7461) pressure=0.0000 tangentialPressure=0.0000 tilt=(-0.1406,0.1406) rotation=0.0000 buttons=0x0 deviceID=19450
PEN t=6.5977 monitor=local type=mouseMoved subtype=1 eventTimestamp=192088.9895 eventNumber=0 absolute=(25181.0000,10469.0000,1023.0000) screen=(725.4023,-354.2500) pressure=0.0000 tangentialPressure=0.0000 tilt=(-0.1406,0.1406) rotation=0.0000 buttons=0x0 deviceID=19450
PEN t=6.6016 monitor=local type=mouseMoved subtype=1 eventTimestamp=192088.9939 eventNumber=0 absolute=(25181.0000,10447.0000,1023.0000) screen=(725.4023,-355.7695) pressure=0.0000 tangentialPressure=0.0000 tilt=(-0.1563,0.1406) rotation=0.0000 buttons=0x0 deviceID=19450
PEN t=6.6057 monitor=local type=mouseMoved subtype=1 eventTimestamp=192088.9974 eventNumber=0 absolute=(25158.0000,10428.0000,1023.0000) screen=(724.5625,-357.0781) pressure=0.0000 tangentialPressure=0.0000 tilt=(-0.1563,0.1562) rotation=0.0000 buttons=0x0 deviceID=19450
PEN t=6.6164 monitor=local type=mouseMoved subtype=1 eventTimestamp=192089.0077 eventNumber=0 absolute=(25158.0000,10413.0000,1023.0000) screen=(724.5625,-358.1289) pressure=0.0000 tangentialPressure=0.0000 tilt=(-0.1563,0.1562) rotation=0.0000 buttons=0x0 deviceID=19450
PEN t=6.6196 monitor=local type=mouseMoved subtype=1 eventTimestamp=192089.0119 eventNumber=0 absolute=(25153.0000,10396.0000,1023.0000) screen=(724.3789,-359.2891) pressure=0.0000 tangentialPressure=0.0000 tilt=(-0.1563,0.1562) rotation=0.0000 buttons=0x0 deviceID=19450
PEN t=6.6228 monitor=local type=mouseMoved subtype=1 eventTimestamp=192089.0151 eventNumber=0 absolute=(25131.0000,10382.0000,1023.0000) screen=(723.5781,-360.2656) pressure=0.0000 tangentialPressure=0.0000 tilt=(-0.1563,0.1562) rotation=0.0000 buttons=0x0 deviceID=19450
PEN t=6.6287 monitor=local type=mouseMoved subtype=1 eventTimestamp=192089.0204 eventNumber=0 absolute=(25126.0000,10368.0000,1023.0000) screen=(723.3945,-361.2109) pressure=0.0000 tangentialPressure=0.0000 tilt=(-0.1719,0.1718) rotation=0.0000 buttons=0x0 deviceID=19450
PEN t=6.6342 monitor=local type=mouseMoved subtype=1 eventTimestamp=192089.0264 eventNumber=0 absolute=(25121.0000,10354.0000,1023.0000) screen=(723.2148,-362.1875) pressure=0.0000 tangentialPressure=0.0000 tilt=(-0.1719,0.1718) rotation=0.0000 buttons=0x0 deviceID=19450
PEN t=6.6481 monitor=local type=mouseMoved subtype=1 eventTimestamp=192089.0398 eventNumber=0 absolute=(25111.0000,10337.0000,1023.0000) screen=(722.8477,-363.3867) pressure=0.0000 tangentialPressure=0.0000 tilt=(-0.1875,0.1718) rotation=0.0000 buttons=0x0 deviceID=19450
PEN t=6.6598 monitor=local type=mouseMoved subtype=1 eventTimestamp=192089.0487 eventNumber=0 absolute=(25087.0000,10316.0000,1023.0000) screen=(721.9727,-364.8711) pressure=0.0000 tangentialPressure=0.0000 tilt=(-0.1875,0.1875) rotation=0.0000 buttons=0x0 deviceID=19450
PEN t=6.6637 monitor=local type=mouseMoved subtype=1 eventTimestamp=192089.0559 eventNumber=0 absolute=(25068.0000,10303.0000,1023.0000) screen=(721.2812,-365.7422) pressure=0.0000 tangentialPressure=0.0000 tilt=(-0.1875,0.1875) rotation=0.0000 buttons=0x0 deviceID=19450
PEN t=6.6682 monitor=local type=mouseMoved subtype=1 eventTimestamp=192089.0605 eventNumber=0 absolute=(25064.0000,10290.0000,1023.0000) screen=(721.1328,-366.6133) pressure=0.0000 tangentialPressure=0.0000 tilt=(-0.1875,0.1875) rotation=0.0000 buttons=0x0 deviceID=19450
PEN t=6.6766 monitor=local type=mouseMoved subtype=1 eventTimestamp=192089.0655 eventNumber=0 absolute=(25055.0000,10279.0000,1023.0000) screen=(720.8047,-367.4102) pressure=0.0000 tangentialPressure=0.0000 tilt=(-0.1875,0.1875) rotation=0.0000 buttons=0x0 deviceID=19450
PEN t=6.6894 monitor=local type=mouseMoved subtype=1 eventTimestamp=192089.0814 eventNumber=0 absolute=(25030.0000,10273.0000,1023.0000) screen=(719.8945,-367.8086) pressure=0.0000 tangentialPressure=0.0000 tilt=(-0.2031,0.1875) rotation=0.0000 buttons=0x0 deviceID=19450
PEN t=6.7060 monitor=local type=mouseMoved subtype=1 eventTimestamp=192089.0977 eventNumber=0 absolute=(25003.0000,10277.0000,1023.0000) screen=(718.9102,-367.5195) pressure=0.0000 tangentialPressure=0.0000 tilt=(-0.2188,0.2031) rotation=0.0000 buttons=0x0 deviceID=19450
PEN t=6.7155 monitor=local type=mouseMoved subtype=1 eventTimestamp=192089.1072 eventNumber=0 absolute=(24989.0000,10265.0000,1023.0000) screen=(718.3984,-368.3906) pressure=0.0000 tangentialPressure=0.0000 tilt=(-0.2188,0.2031) rotation=0.0000 buttons=0x0 deviceID=19450
PEN t=6.7202 monitor=local type=mouseMoved subtype=1 eventTimestamp=192089.1121 eventNumber=0 absolute=(24973.0000,10262.0000,1023.0000) screen=(717.8164,-368.5703) pressure=0.0000 tangentialPressure=0.0000 tilt=(-0.2344,0.2031) rotation=0.0000 buttons=0x0 deviceID=19450
PEN t=6.7290 monitor=local type=mouseMoved subtype=1 eventTimestamp=192089.1203 eventNumber=0 absolute=(24938.0000,10257.0000,1023.0000) screen=(716.5391,-368.8945) pressure=0.0000 tangentialPressure=0.0000 tilt=(-0.2344,0.2031) rotation=0.0000 buttons=0x0 deviceID=19450
PEN t=6.7377 monitor=local type=mouseMoved subtype=1 eventTimestamp=192089.1297 eventNumber=0 absolute=(24919.0000,10255.0000,1023.0000) screen=(715.8477,-369.0430) pressure=0.0000 tangentialPressure=0.0000 tilt=(-0.2500,0.2031) rotation=0.0000 buttons=0x0 deviceID=19450
PEN t=6.7482 monitor=local type=mouseMoved subtype=1 eventTimestamp=192089.1399 eventNumber=0 absolute=(24874.0000,10245.0000,1023.0000) screen=(714.2031,-369.7305) pressure=0.0000 tangentialPressure=0.0000 tilt=(-0.2656,0.2031) rotation=0.0000 buttons=0x0 deviceID=19450
PEN t=6.7525 monitor=local type=mouseMoved subtype=1 eventTimestamp=192089.1448 eventNumber=0 absolute=(24849.0000,10242.0000,1023.0000) screen=(713.2930,-369.9492) pressure=0.0000 tangentialPressure=0.0000 tilt=(-0.2656,0.2031) rotation=0.0000 buttons=0x0 deviceID=19450
PEN t=6.7564 monitor=local type=mouseMoved subtype=1 eventTimestamp=192089.1486 eventNumber=0 absolute=(24824.0000,10240.0000,1023.0000) screen=(712.3828,-370.1289) pressure=0.0000 tangentialPressure=0.0000 tilt=(-0.2813,0.2187) rotation=0.0000 buttons=0x0 deviceID=19450
PEN t=6.7639 monitor=local type=mouseMoved subtype=1 eventTimestamp=192089.1558 eventNumber=0 absolute=(24799.0000,10237.0000,1023.0000) screen=(711.4688,-370.3086) pressure=0.0000 tangentialPressure=0.0000 tilt=(-0.2813,0.2187) rotation=0.0000 buttons=0x0 deviceID=19450
PEN t=6.7715 monitor=local type=mouseMoved subtype=1 eventTimestamp=192089.1635 eventNumber=0 absolute=(24775.0000,10235.0000,1023.0000) screen=(710.5938,-370.4180) pressure=0.0000 tangentialPressure=0.0000 tilt=(-0.2969,0.2187) rotation=0.0000 buttons=0x0 deviceID=19450
PEN t=6.7776 monitor=local type=mouseMoved subtype=1 eventTimestamp=192089.1695 eventNumber=0 absolute=(24750.0000,10235.0000,1023.0000) screen=(709.6836,-370.4570) pressure=0.0000 tangentialPressure=0.0000 tilt=(-0.2969,0.2187) rotation=0.0000 buttons=0x0 deviceID=19450
PEN t=6.7869 monitor=local type=mouseMoved subtype=1 eventTimestamp=192089.1788 eventNumber=0 absolute=(24713.0000,10234.0000,1023.0000) screen=(708.3320,-370.4922) pressure=0.0000 tangentialPressure=0.0000 tilt=(-0.3125,0.2187) rotation=0.0000 buttons=0x0 deviceID=19450
PEN t=6.7944 monitor=local type=mouseMoved subtype=1 eventTimestamp=192089.1821 eventNumber=0 absolute=(24693.0000,10234.0000,1023.0000) screen=(707.6016,-370.4922) pressure=0.0000 tangentialPressure=0.0000 tilt=(-0.3125,0.2187) rotation=0.0000 buttons=0x0 deviceID=19450
PEN t=6.8005 monitor=local type=mouseMoved subtype=1 eventTimestamp=192089.1924 eventNumber=0 absolute=(24669.0000,10234.0000,1023.0000) screen=(706.7266,-370.4922) pressure=0.0000 tangentialPressure=0.0000 tilt=(-0.3281,0.2187) rotation=0.0000 buttons=0x0 deviceID=19450
PEN t=6.8040 monitor=local type=mouseMoved subtype=1 eventTimestamp=192089.1962 eventNumber=0 absolute=(24641.0000,10235.0000,1023.0000) screen=(705.7070,-370.4180) pressure=0.0000 tangentialPressure=0.0000 tilt=(-0.3438,0.2344) rotation=0.0000 buttons=0x0 deviceID=19450
PEN t=6.8119 monitor=local type=mouseMoved subtype=1 eventTimestamp=192089.2028 eventNumber=0 absolute=(24615.0000,10239.0000,1023.0000) screen=(704.7578,-370.2031) pressure=0.0000 tangentialPressure=0.0000 tilt=(-0.3438,0.2344) rotation=0.0000 buttons=0x0 deviceID=19450
PEN t=6.8183 monitor=local type=mouseMoved subtype=1 eventTimestamp=192089.2097 eventNumber=0 absolute=(24587.0000,10241.0000,1023.0000) screen=(703.7383,-370.0195) pressure=0.0000 tangentialPressure=0.0000 tilt=(-0.3438,0.2344) rotation=0.0000 buttons=0x0 deviceID=19450
PEN t=6.8205 monitor=local type=mouseMoved subtype=1 eventTimestamp=192089.2124 eventNumber=0 absolute=(24552.0000,10244.0000,1023.0000) screen=(702.4609,-369.8047) pressure=0.0000 tangentialPressure=0.0000 tilt=(-0.3594,0.2344) rotation=0.0000 buttons=0x0 deviceID=19450
PEN t=6.8282 monitor=local type=mouseMoved subtype=1 eventTimestamp=192089.2192 eventNumber=0 absolute=(24521.0000,10250.0000,1023.0000) screen=(701.3281,-369.4414) pressure=0.0000 tangentialPressure=0.0000 tilt=(-0.3594,0.2344) rotation=0.0000 buttons=0x0 deviceID=19450
PEN t=6.8301 monitor=local type=mouseMoved subtype=1 eventTimestamp=192089.2224 eventNumber=0 absolute=(24492.0000,10252.0000,1023.0000) screen=(700.2734,-369.2969) pressure=0.0000 tangentialPressure=0.0000 tilt=(-0.3750,0.2500) rotation=0.0000 buttons=0x0 deviceID=19450
PEN t=6.8365 monitor=local type=mouseMoved subtype=1 eventTimestamp=192089.2287 eventNumber=0 absolute=(24462.0000,10256.0000,1023.0000) screen=(699.1797,-369.0039) pressure=0.0000 tangentialPressure=0.0000 tilt=(-0.3750,0.2500) rotation=0.0000 buttons=0x0 deviceID=19450
PEN t=6.8394 monitor=local type=mouseMoved subtype=1 eventTimestamp=192089.2317 eventNumber=0 absolute=(24437.0000,10261.0000,1023.0000) screen=(698.2656,-368.6797) pressure=0.0000 tangentialPressure=0.0000 tilt=(-0.3750,0.2500) rotation=0.0000 buttons=0x0 deviceID=19450
PEN t=6.8481 monitor=local type=mouseMoved subtype=1 eventTimestamp=192089.2399 eventNumber=0 absolute=(24409.0000,10265.0000,1023.0000) screen=(697.2461,-368.3906) pressure=0.0000 tangentialPressure=0.0000 tilt=(-0.3906,0.2656) rotation=0.0000 buttons=0x0 deviceID=19450
PEN t=6.8529 monitor=local type=mouseMoved subtype=1 eventTimestamp=192089.2451 eventNumber=0 absolute=(24378.0000,10269.0000,1023.0000) screen=(696.1133,-368.0625) pressure=0.0000 tangentialPressure=0.0000 tilt=(-0.4063,0.2656) rotation=0.0000 buttons=0x0 deviceID=19450
PEN t=6.8562 monitor=local type=mouseMoved subtype=1 eventTimestamp=192089.2485 eventNumber=0 absolute=(24344.0000,10275.0000,1023.0000) screen=(694.8750,-367.6992) pressure=0.0000 tangentialPressure=0.0000 tilt=(-0.4063,0.2656) rotation=0.0000 buttons=0x0 deviceID=19450
PEN t=6.8631 monitor=local type=mouseMoved subtype=1 eventTimestamp=192089.2550 eventNumber=0 absolute=(24310.0000,10283.0000,1023.0000) screen=(693.6328,-367.1562) pressure=0.0000 tangentialPressure=0.0000 tilt=(-0.4063,0.2812) rotation=0.0000 buttons=0x0 deviceID=19450
PEN t=6.8691 monitor=local type=mouseMoved subtype=1 eventTimestamp=192089.2609 eventNumber=0 absolute=(24277.0000,10286.0000,1023.0000) screen=(692.4297,-366.9375) pressure=0.0000 tangentialPressure=0.0000 tilt=(-0.4219,0.2812) rotation=0.0000 buttons=0x0 deviceID=19450
PEN t=6.8727 monitor=local type=mouseMoved subtype=1 eventTimestamp=192089.2646 eventNumber=0 absolute=(24248.0000,10290.0000,1023.0000) screen=(691.3750,-366.6133) pressure=0.0000 tangentialPressure=0.0000 tilt=(-0.4219,0.2812) rotation=0.0000 buttons=0x0 deviceID=19450
PEN t=6.8798 monitor=local type=mouseMoved subtype=1 eventTimestamp=192089.2717 eventNumber=0 absolute=(24223.0000,10296.0000,1023.0000) screen=(690.4609,-366.2148) pressure=0.0000 tangentialPressure=0.0000 tilt=(-0.4375,0.2812) rotation=0.0000 buttons=0x0 deviceID=19450
PEN t=6.8876 monitor=local type=mouseMoved subtype=1 eventTimestamp=192089.2796 eventNumber=0 absolute=(24201.0000,10304.0000,1023.0000) screen=(689.6602,-365.6680) pressure=0.0000 tangentialPressure=0.0000 tilt=(-0.4375,0.2812) rotation=0.0000 buttons=0x0 deviceID=19450
PEN t=6.8933 monitor=local type=mouseMoved subtype=1 eventTimestamp=192089.2823 eventNumber=0 absolute=(24181.0000,10307.0000,1023.0000) screen=(688.9297,-365.4883) pressure=0.0000 tangentialPressure=0.0000 tilt=(-0.4531,0.2812) rotation=0.0000 buttons=0x0 deviceID=19450
PEN t=6.9034 monitor=local type=mouseMoved subtype=1 eventTimestamp=192089.2954 eventNumber=0 absolute=(24140.0000,10317.0000,1023.0000) screen=(687.4336,-364.8008) pressure=0.0000 tangentialPressure=0.0000 tilt=(-0.4688,0.2969) rotation=0.0000 buttons=0x0 deviceID=19450
PEN t=6.9093 monitor=local type=mouseMoved subtype=1 eventTimestamp=192089.2985 eventNumber=0 absolute=(24118.0000,10320.0000,1023.0000) screen=(686.6328,-364.5469) pressure=0.0000 tangentialPressure=0.0000 tilt=(-0.4688,0.2969) rotation=0.0000 buttons=0x0 deviceID=19450
PEN t=6.9142 monitor=local type=mouseMoved subtype=1 eventTimestamp=192089.3064 eventNumber=0 absolute=(24095.0000,10324.0000,1023.0000) screen=(685.7930,-364.2930) pressure=0.0000 tangentialPressure=0.0000 tilt=(-0.4844,0.3125) rotation=0.0000 buttons=0x0 deviceID=19450
PEN t=6.9183 monitor=local type=mouseMoved subtype=1 eventTimestamp=192089.3106 eventNumber=0 absolute=(24070.0000,10327.0000,1023.0000) screen=(684.8828,-364.0742) pressure=0.0000 tangentialPressure=0.0000 tilt=(-0.4844,0.3125) rotation=0.0000 buttons=0x0 deviceID=19450
PEN t=6.9269 monitor=local type=mouseMoved subtype=1 eventTimestamp=192089.3156 eventNumber=0 absolute=(24046.0000,10330.0000,1023.0000) screen=(684.0039,-363.8945) pressure=0.0000 tangentialPressure=0.0000 tilt=(-0.5000,0.3125) rotation=0.0000 buttons=0x0 deviceID=19450
PEN t=6.9306 monitor=local type=mouseMoved subtype=1 eventTimestamp=192089.3224 eventNumber=0 absolute=(24019.0000,10332.0000,1023.0000) screen=(683.0195,-363.7461) pressure=0.0000 tangentialPressure=0.0000 tilt=(-0.5156,0.3125) rotation=0.0000 buttons=0x0 deviceID=19450
PEN t=6.9353 monitor=local type=mouseMoved subtype=1 eventTimestamp=192089.3276 eventNumber=0 absolute=(23990.0000,10333.0000,1023.0000) screen=(681.9648,-363.6406) pressure=0.0000 tangentialPressure=0.0000 tilt=(-0.5156,0.3281) rotation=0.0000 buttons=0x0 deviceID=19450
PEN t=6.9394 monitor=local type=mouseMoved subtype=1 eventTimestamp=192089.3316 eventNumber=0 absolute=(23961.0000,10334.0000,1023.0000) screen=(680.9062,-363.5664) pressure=0.0000 tangentialPressure=0.0000 tilt=(-0.5156,0.3281) rotation=0.0000 buttons=0x0 deviceID=19450
PEN t=6.9474 monitor=local type=mouseMoved subtype=1 eventTimestamp=192089.3395 eventNumber=0 absolute=(23928.0000,10335.0000,1023.0000) screen=(679.7031,-363.5312) pressure=0.0000 tangentialPressure=0.0000 tilt=(-0.5313,0.3281) rotation=0.0000 buttons=0x0 deviceID=19450
PEN t=6.9519 monitor=local type=mouseMoved subtype=1 eventTimestamp=192089.3439 eventNumber=0 absolute=(23899.0000,10335.0000,1023.0000) screen=(678.6445,-363.5312) pressure=0.0000 tangentialPressure=0.0000 tilt=(-0.5313,0.3281) rotation=0.0000 buttons=0x0 deviceID=19450
PEN t=6.9562 monitor=local type=mouseMoved subtype=1 eventTimestamp=192089.3485 eventNumber=0 absolute=(23867.0000,10335.0000,1023.0000) screen=(677.4766,-363.5312) pressure=0.0000 tangentialPressure=0.0000 tilt=(-0.5469,0.3281) rotation=0.0000 buttons=0x0 deviceID=19450
PEN t=6.9636 monitor=local type=mouseMoved subtype=1 eventTimestamp=192089.3557 eventNumber=0 absolute=(23835.0000,10334.0000,1023.0000) screen=(676.3086,-363.6016) pressure=0.0000 tangentialPressure=0.0000 tilt=(-0.5469,0.3281) rotation=0.0000 buttons=0x0 deviceID=19450
PEN t=6.9661 monitor=local type=mouseMoved subtype=1 eventTimestamp=192089.3584 eventNumber=0 absolute=(23803.0000,10330.0000,1023.0000) screen=(675.1445,-363.8945) pressure=0.0000 tangentialPressure=0.0000 tilt=(-0.5625,0.3281) rotation=0.0000 buttons=0x0 deviceID=19450
PEN t=6.9722 monitor=local type=mouseMoved subtype=1 eventTimestamp=192089.3645 eventNumber=0 absolute=(23764.0000,10324.0000,986.0000) screen=(673.7188,-364.2539) pressure=0.0000 tangentialPressure=0.0000 tilt=(-0.5625,0.3281) rotation=0.0000 buttons=0x0 deviceID=19450
PEN t=6.9792 monitor=local type=mouseMoved subtype=1 eventTimestamp=192089.3713 eventNumber=0 absolute=(23719.0000,10319.0000,986.0000) screen=(672.0781,-364.6523) pressure=0.0000 tangentialPressure=0.0000 tilt=(-0.5781,0.3281) rotation=0.0000 buttons=0x0 deviceID=19450
PEN t=6.9841 monitor=local type=mouseMoved subtype=1 eventTimestamp=192089.3764 eventNumber=0 absolute=(23669.0000,10311.0000,986.0000) screen=(670.2539,-365.1602) pressure=0.0000 tangentialPressure=0.0000 tilt=(-0.5781,0.3281) rotation=0.0000 buttons=0x0 deviceID=19450
PEN t=6.9886 monitor=local type=mouseMoved subtype=1 eventTimestamp=192089.3809 eventNumber=0 absolute=(23613.0000,10303.0000,950.0000) screen=(668.2148,-365.7422) pressure=0.0000 tangentialPressure=0.0000 tilt=(-0.5781,0.3281) rotation=0.0000 buttons=0x0 deviceID=19450
PEN t=6.9967 monitor=local type=mouseMoved subtype=1 eventTimestamp=192089.3888 eventNumber=0 absolute=(23566.0000,10294.0000,950.0000) screen=(666.5000,-366.3945) pressure=0.0000 tangentialPressure=0.0000 tilt=(-0.5938,0.3281) rotation=0.0000 buttons=0x0 deviceID=19450
PEN t=6.9997 monitor=local type=mouseMoved subtype=1 eventTimestamp=192089.3920 eventNumber=0 absolute=(23529.0000,10294.0000,914.0000) screen=(665.1484,-366.3945) pressure=0.0000 tangentialPressure=0.0000 tilt=(-0.5938,0.3281) rotation=0.0000 buttons=0x0 deviceID=19450
PEN t=7.0048 monitor=local type=mouseMoved subtype=1 eventTimestamp=192089.3971 eventNumber=0 absolute=(23504.0000,10291.0000,914.0000) screen=(664.2383,-366.5742) pressure=0.0000 tangentialPressure=0.0000 tilt=(-0.5938,0.3281) rotation=0.0000 buttons=0x0 deviceID=19450
PEN t=7.0263 monitor=local type=mouseMoved subtype=1 eventTimestamp=192089.4151 eventNumber=0 absolute=(23479.0000,10281.0000,914.0000) screen=(663.3242,-367.2656) pressure=0.0000 tangentialPressure=0.0000 tilt=(-0.6094,0.3281) rotation=0.0000 buttons=0x0 deviceID=19450
PEN t=7.0294 monitor=local type=mouseMoved subtype=1 eventTimestamp=192089.4216 eventNumber=0 absolute=(23453.0000,10275.0000,914.0000) screen=(662.3789,-367.6641) pressure=0.0000 tangentialPressure=0.0000 tilt=(-0.6094,0.3281) rotation=0.0000 buttons=0x0 deviceID=19450
PEN t=7.0342 monitor=local type=mouseMoved subtype=1 eventTimestamp=192089.4264 eventNumber=0 absolute=(23422.0000,10271.0000,878.0000) screen=(661.2461,-367.9883) pressure=0.0000 tangentialPressure=0.0000 tilt=(-0.6094,0.3281) rotation=0.0000 buttons=0x0 deviceID=19450
PEN t=7.0397 monitor=local type=mouseMoved subtype=1 eventTimestamp=192089.4315 eventNumber=0 absolute=(23385.0000,10266.0000,878.0000) screen=(659.8984,-368.2812) pressure=0.0000 tangentialPressure=0.0000 tilt=(-0.6094,0.3281) rotation=0.0000 buttons=0x0 deviceID=19450
PEN t=7.0500 monitor=local type=mouseMoved subtype=1 eventTimestamp=192089.4417 eventNumber=0 absolute=(23359.0000,10262.0000,878.0000) screen=(658.9492,-368.5703) pressure=0.0000 tangentialPressure=0.0000 tilt=(-0.6094,0.3281) rotation=0.0000 buttons=0x0 deviceID=19450
PEN t=7.0564 monitor=local type=mouseMoved subtype=1 eventTimestamp=192089.4484 eventNumber=0 absolute=(23310.0000,10256.0000,878.0000) screen=(657.1641,-368.9688) pressure=0.0000 tangentialPressure=0.0000 tilt=(-0.6094,0.3281) rotation=0.0000 buttons=0x0 deviceID=19450
PEN t=7.0631 monitor=local type=mouseMoved subtype=1 eventTimestamp=192089.4553 eventNumber=0 absolute=(23287.0000,10254.0000,878.0000) screen=(656.3242,-369.1133) pressure=0.0000 tangentialPressure=0.0000 tilt=(-0.6250,0.3281) rotation=0.0000 buttons=0x0 deviceID=19450
PEN t=7.0662 monitor=local type=mouseMoved subtype=1 eventTimestamp=192089.4585 eventNumber=0 absolute=(23264.0000,10253.0000,878.0000) screen=(655.4844,-369.2227) pressure=0.0000 tangentialPressure=0.0000 tilt=(-0.6250,0.3281) rotation=0.0000 buttons=0x0 deviceID=19450
PEN t=7.0763 monitor=local type=mouseMoved subtype=1 eventTimestamp=192089.4650 eventNumber=0 absolute=(23242.0000,10252.0000,878.0000) screen=(654.6836,-369.2969) pressure=0.0000 tangentialPressure=0.0000 tilt=(-0.6250,0.3281) rotation=0.0000 buttons=0x0 deviceID=19450
PEN t=7.0781 monitor=local type=mouseMoved subtype=1 eventTimestamp=192089.4703 eventNumber=0 absolute=(23221.0000,10251.0000,878.0000) screen=(653.9180,-369.3672) pressure=0.0000 tangentialPressure=0.0000 tilt=(-0.6250,0.3281) rotation=0.0000 buttons=0x0 deviceID=19450
PEN t=7.1292 monitor=local type=mouseMoved subtype=1 eventTimestamp=192089.5208 eventNumber=0 absolute=(23187.0000,10249.0000,914.0000) screen=(652.6758,-369.5117) pressure=0.0000 tangentialPressure=0.0000 tilt=(-0.6250,0.3437) rotation=0.0000 buttons=0x0 deviceID=19450
PEN t=7.1395 monitor=local type=mouseMoved subtype=1 eventTimestamp=192089.5314 eventNumber=0 absolute=(23167.0000,10249.0000,914.0000) screen=(651.9453,-369.5117) pressure=0.0000 tangentialPressure=0.0000 tilt=(-0.6250,0.3437) rotation=0.0000 buttons=0x0 deviceID=19450
PEN t=7.1557 monitor=local type=mouseMoved subtype=1 eventTimestamp=192089.5475 eventNumber=0 absolute=(23130.0000,10247.0000,950.0000) screen=(650.5977,-369.5859) pressure=0.0000 tangentialPressure=0.0000 tilt=(-0.6250,0.3437) rotation=0.0000 buttons=0x0 deviceID=19450
PEN t=7.1685 monitor=local type=mouseMoved subtype=1 eventTimestamp=192089.5597 eventNumber=0 absolute=(23111.0000,10246.0000,986.0000) screen=(649.9062,-369.6562) pressure=0.0000 tangentialPressure=0.0000 tilt=(-0.6094,0.3437) rotation=0.0000 buttons=0x0 deviceID=19450
PEN t=7.1792 monitor=local type=mouseMoved subtype=1 eventTimestamp=192089.5705 eventNumber=0 absolute=(23079.0000,10245.0000,986.0000) screen=(648.7383,-369.7656) pressure=0.0000 tangentialPressure=0.0000 tilt=(-0.6094,0.3437) rotation=0.0000 buttons=0x0 deviceID=19450
PEN t=7.2019 monitor=local type=mouseMoved subtype=1 eventTimestamp=192089.5935 eventNumber=0 absolute=(23073.0000,10241.0000,1023.0000) screen=(648.5195,-370.0547) pressure=0.0000 tangentialPressure=0.0000 tilt=(-0.6094,0.3437) rotation=0.0000 buttons=0x0 deviceID=19450
PEN t=7.2178 monitor=local type=mouseMoved subtype=1 eventTimestamp=192089.6097 eventNumber=0 absolute=(23055.0000,10235.0000,1023.0000) screen=(647.8633,-370.4180) pressure=0.0000 tangentialPressure=0.0000 tilt=(-0.6094,0.3437) rotation=0.0000 buttons=0x0 deviceID=19450
PEN t=7.2390 monitor=local type=mouseMoved subtype=1 eventTimestamp=192089.6308 eventNumber=0 absolute=(23032.0000,10224.0000,1023.0000) screen=(647.0234,-371.2188) pressure=0.0000 tangentialPressure=0.0000 tilt=(-0.5938,0.3281) rotation=0.0000 buttons=0x0 deviceID=19450
PEN t=7.2491 monitor=local type=mouseMoved subtype=1 eventTimestamp=192089.6408 eventNumber=0 absolute=(23027.0000,10219.0000,1023.0000) screen=(646.8398,-371.5430) pressure=0.0000 tangentialPressure=0.0000 tilt=(-0.5938,0.3281) rotation=0.0000 buttons=0x0 deviceID=19450
PEN t=7.2562 monitor=local type=mouseMoved subtype=1 eventTimestamp=192089.6483 eventNumber=0 absolute=(23018.0000,10206.0000,1023.0000) screen=(646.5117,-372.4492) pressure=0.0000 tangentialPressure=0.0000 tilt=(-0.5938,0.3281) rotation=0.0000 buttons=0x0 deviceID=19450
PEN t=7.2670 monitor=local type=mouseMoved subtype=1 eventTimestamp=192089.6583 eventNumber=0 absolute=(23010.0000,10192.0000,1023.0000) screen=(646.2227,-373.3906) pressure=0.0000 tangentialPressure=0.0000 tilt=(-0.5781,0.3281) rotation=0.0000 buttons=0x0 deviceID=19450
PEN t=7.2728 monitor=local type=mouseMoved subtype=1 eventTimestamp=192089.6647 eventNumber=0 absolute=(23005.0000,10183.0000,1023.0000) screen=(646.0391,-374.0820) pressure=0.0000 tangentialPressure=0.0000 tilt=(-0.5781,0.3281) rotation=0.0000 buttons=0x0 deviceID=19450
PEN t=7.2799 monitor=local type=mouseMoved subtype=1 eventTimestamp=192089.6720 eventNumber=0 absolute=(23001.0000,10171.0000,1023.0000) screen=(645.8906,-374.8789) pressure=0.0000 tangentialPressure=0.0000 tilt=(-0.5781,0.3281) rotation=0.0000 buttons=0x0 deviceID=19450
PEN t=7.2896 monitor=local type=mouseMoved subtype=1 eventTimestamp=192089.6815 eventNumber=0 absolute=(22992.0000,10168.0000,1023.0000) screen=(645.5625,-375.0586) pressure=0.0000 tangentialPressure=0.0000 tilt=(-0.5625,0.3281) rotation=0.0000 buttons=0x0 deviceID=19450
PEN t=7.3187 monitor=local type=mouseMoved subtype=1 eventTimestamp=192089.7099 eventNumber=0 absolute=(22974.0000,10153.0000,1023.0000) screen=(644.9062,-376.1133) pressure=0.0000 tangentialPressure=0.0000 tilt=(-0.5469,0.3281) rotation=0.0000 buttons=0x0 deviceID=19450
PEN t=7.3298 monitor=local type=mouseMoved subtype=1 eventTimestamp=192089.7217 eventNumber=0 absolute=(22964.0000,10137.0000,1023.0000) screen=(644.5430,-377.2344) pressure=0.0000 tangentialPressure=0.0000 tilt=(-0.5156,0.3125) rotation=0.0000 buttons=0x0 deviceID=19450
PEN t=7.3472 monitor=local type=mouseMoved subtype=1 eventTimestamp=192089.7387 eventNumber=0 absolute=(22963.0000,10125.0000,1023.0000) screen=(644.5078,-378.0703) pressure=0.0000 tangentialPressure=0.0000 tilt=(-0.4844,0.3125) rotation=0.0000 buttons=0x0 deviceID=19450
PEN t=7.3716 monitor=local type=mouseMoved subtype=1 eventTimestamp=192089.7635 eventNumber=0 absolute=(22977.0000,10113.0000,1023.0000) screen=(645.0156,-378.9023) pressure=0.0000 tangentialPressure=0.0000 tilt=(-0.4375,0.3125) rotation=0.0000 buttons=0x0 deviceID=19450
PEN t=7.3790 monitor=local type=mouseMoved subtype=1 eventTimestamp=192089.7708 eventNumber=0 absolute=(22986.0000,10111.0000,1023.0000) screen=(645.3438,-379.0117) pressure=0.0000 tangentialPressure=0.0000 tilt=(-0.4219,0.3125) rotation=0.0000 buttons=0x0 deviceID=19450
PROXIMITY t=7.3818 monitor=local type=tabletProximity subtype=0 eventTimestamp=192089.7741 eventNumber=0 entering=false deviceType=pen deviceID=19450 pointingDeviceID=0 systemTabletID=1 tabletID=849 uniqueID=79448682544951 vendorID=1386 vendorType=2114 capabilities=0x17c7
PROXIMITY t=7.3826 monitor=local type=mouseMoved subtype=2 eventTimestamp=192089.7749 eventNumber=0 entering=false deviceType=pen deviceID=19450 pointingDeviceID=0 systemTabletID=1 tabletID=849 uniqueID=79448682544951 vendorID=1386 vendorType=2114 capabilities=0x17c7
PROXIMITY t=7.7149 monitor=local type=tabletProximity subtype=0 eventTimestamp=192090.1072 eventNumber=0 entering=true deviceType=pen deviceID=19450 pointingDeviceID=0 systemTabletID=1 tabletID=849 uniqueID=79448682544951 vendorID=1386 vendorType=2114 capabilities=0x17c7
PROXIMITY t=7.7188 monitor=local type=mouseMoved subtype=2 eventTimestamp=192090.1077 eventNumber=0 entering=true deviceType=pen deviceID=19450 pointingDeviceID=0 systemTabletID=1 tabletID=849 uniqueID=79448682544951 vendorID=1386 vendorType=2114 capabilities=0x17c7
PEN t=7.7223 monitor=local type=mouseMoved subtype=1 eventTimestamp=192090.1147 eventNumber=0 absolute=(25268.0000,10411.0000,1023.0000) screen=(728.5742,-358.2734) pressure=0.0000 tangentialPressure=0.0000 tilt=(0.3594,0.1093) rotation=0.0000 buttons=0x0 deviceID=19450
PEN t=7.7442 monitor=local type=mouseMoved subtype=1 eventTimestamp=192090.1362 eventNumber=0 absolute=(25282.0000,10402.0000,1023.0000) screen=(729.0859,-358.8906) pressure=0.0000 tangentialPressure=0.0000 tilt=(0.3750,0.1093) rotation=0.0000 buttons=0x0 deviceID=19450
PEN t=7.7521 monitor=local type=mouseMoved subtype=1 eventTimestamp=192090.1425 eventNumber=0 absolute=(25286.0000,10400.0000,1023.0000) screen=(729.2305,-360.0000) pressure=0.0000 tangentialPressure=0.0000 tilt=(0.3750,0.1093) rotation=0.0000 buttons=0x0 deviceID=19450
PEN t=7.7861 monitor=local type=mouseMoved subtype=1 eventTimestamp=192090.1746 eventNumber=0 absolute=(25311.0000,10398.0000,1023.0000) screen=(730.1445,-359.1797) pressure=0.0000 tangentialPressure=0.0000 tilt=(0.4062,0.0781) rotation=0.0000 buttons=0x0 deviceID=19450
PEN t=7.8025 monitor=local type=mouseMoved subtype=1 eventTimestamp=192090.1946 eventNumber=0 absolute=(25337.0000,10399.0000,1023.0000) screen=(731.0898,-359.1055) pressure=0.0000 tangentialPressure=0.0000 tilt=(0.4375,0.0625) rotation=0.0000 buttons=0x0 deviceID=19450
PEN t=7.8179 monitor=local type=mouseMoved subtype=1 eventTimestamp=192090.2083 eventNumber=0 absolute=(25372.0000,10399.0000,1023.0000) screen=(732.3672,-359.0703) pressure=0.0000 tangentialPressure=0.0000 tilt=(0.4531,0.0625) rotation=0.0000 buttons=0x0 deviceID=19450
PEN t=7.8206 monitor=local type=mouseMoved subtype=1 eventTimestamp=192090.2129 eventNumber=0 absolute=(25394.0000,10400.0000,1023.0000) screen=(733.1719,-359.0352) pressure=0.0000 tangentialPressure=0.0000 tilt=(0.4531,0.0468) rotation=0.0000 buttons=0x0 deviceID=19450
PEN t=7.8277 monitor=local type=mouseMoved subtype=1 eventTimestamp=192090.2191 eventNumber=0 absolute=(25421.0000,10400.0000,1023.0000) screen=(734.1562,-360.0000) pressure=0.0000 tangentialPressure=0.0000 tilt=(0.4531,0.0468) rotation=0.0000 buttons=0x0 deviceID=19450
PEN t=7.8336 monitor=local type=mouseMoved subtype=1 eventTimestamp=192090.2253 eventNumber=0 absolute=(25453.0000,10401.0000,1023.0000) screen=(735.3203,-358.9609) pressure=0.0000 tangentialPressure=0.0000 tilt=(0.4687,0.0312) rotation=0.0000 buttons=0x0 deviceID=19450
PEN t=7.8381 monitor=local type=mouseMoved subtype=1 eventTimestamp=192090.2299 eventNumber=0 absolute=(25484.0000,10401.0000,1023.0000) screen=(736.4531,-358.9609) pressure=0.0000 tangentialPressure=0.0000 tilt=(0.4687,0.0312) rotation=0.0000 buttons=0x0 deviceID=19450
PEN t=7.8443 monitor=local type=mouseMoved subtype=1 eventTimestamp=192090.2360 eventNumber=0 absolute=(25515.0000,10401.0000,1023.0000) screen=(737.5820,-358.9258) pressure=0.0000 tangentialPressure=0.0000 tilt=(0.4687,0.0312) rotation=0.0000 buttons=0x0 deviceID=19450
PEN t=7.8547 monitor=local type=mouseMoved subtype=1 eventTimestamp=192090.2465 eventNumber=0 absolute=(25509.0000,10398.0000,1023.0000) screen=(737.3633,-359.1445) pressure=0.0000 tangentialPressure=0.0000 tilt=(0.4844,0.0156) rotation=0.0000 buttons=0x0 deviceID=19450
PEN t=7.8891 monitor=local type=mouseMoved subtype=1 eventTimestamp=192090.2812 eventNumber=0 absolute=(25529.0000,10387.0000,1023.0000) screen=(738.0938,-359.9062) pressure=0.0000 tangentialPressure=0.0000 tilt=(0.5156,0.0000) rotation=0.0000 buttons=0x0 deviceID=19450
PEN t=7.8936 monitor=local type=mouseMoved subtype=1 eventTimestamp=192090.2857 eventNumber=0 absolute=(25536.0000,10385.0000,1023.0000) screen=(738.3477,-360.0508) pressure=0.0000 tangentialPressure=0.0000 tilt=(0.5156,-0.0156) rotation=0.0000 buttons=0x0 deviceID=19450
PEN t=7.9288 monitor=local type=mouseMoved subtype=1 eventTimestamp=192090.3204 eventNumber=0 absolute=(25552.0000,10388.0000,1023.0000) screen=(738.9336,-359.8320) pressure=0.0000 tangentialPressure=0.0000 tilt=(0.5625,-0.0313) rotation=0.0000 buttons=0x0 deviceID=19450
PEN t=7.9368 monitor=local type=mouseMoved subtype=1 eventTimestamp=192090.3286 eventNumber=0 absolute=(25552.0000,10413.0000,1023.0000) screen=(738.9336,-358.1289) pressure=0.0000 tangentialPressure=0.0000 tilt=(0.5625,-0.0313) rotation=0.0000 buttons=0x0 deviceID=19450
PEN t=7.9395 monitor=local type=mouseMoved subtype=1 eventTimestamp=192090.3318 eventNumber=0 absolute=(25549.0000,10428.0000,1023.0000) screen=(738.8242,-357.1133) pressure=0.0000 tangentialPressure=0.0000 tilt=(0.5781,-0.0313) rotation=0.0000 buttons=0x0 deviceID=19450
PEN t=7.9484 monitor=local type=mouseMoved subtype=1 eventTimestamp=192090.3398 eventNumber=0 absolute=(25546.0000,10443.0000,1023.0000) screen=(738.7148,-356.0625) pressure=0.0000 tangentialPressure=0.0000 tilt=(0.5781,-0.0313) rotation=0.0000 buttons=0x0 deviceID=19450
PEN t=7.9537 monitor=local type=mouseMoved subtype=1 eventTimestamp=192090.3459 eventNumber=0 absolute=(25543.0000,10458.0000,1023.0000) screen=(738.6055,-355.0469) pressure=0.0000 tangentialPressure=0.0000 tilt=(0.5937,-0.0469) rotation=0.0000 buttons=0x0 deviceID=19450
PEN t=7.9615 monitor=local type=mouseMoved subtype=1 eventTimestamp=192090.3527 eventNumber=0 absolute=(25541.0000,10471.0000,1023.0000) screen=(738.5312,-354.1406) pressure=0.0000 tangentialPressure=0.0000 tilt=(0.5937,-0.0469) rotation=0.0000 buttons=0x0 deviceID=19450
PEN t=7.9637 monitor=local type=mouseMoved subtype=1 eventTimestamp=192090.3559 eventNumber=0 absolute=(25537.0000,10484.0000,1023.0000) screen=(738.3867,-353.2344) pressure=0.0000 tangentialPressure=0.0000 tilt=(0.5937,-0.0469) rotation=0.0000 buttons=0x0 deviceID=19450
PEN t=7.9689 monitor=local type=mouseMoved subtype=1 eventTimestamp=192090.3608 eventNumber=0 absolute=(25534.0000,10491.0000,1023.0000) screen=(738.2773,-352.7266) pressure=0.0000 tangentialPressure=0.0000 tilt=(0.6094,-0.0469) rotation=0.0000 buttons=0x0 deviceID=19450
PEN t=7.9886 monitor=local type=mouseMoved subtype=1 eventTimestamp=192090.3808 eventNumber=0 absolute=(25525.0000,10501.0000,1023.0000) screen=(737.9492,-352.0352) pressure=0.0000 tangentialPressure=0.0000 tilt=(0.6250,-0.0625) rotation=0.0000 buttons=0x0 deviceID=19450
PEN t=8.0171 monitor=local type=mouseMoved subtype=1 eventTimestamp=192090.4078 eventNumber=0 absolute=(25503.0000,10503.0000,1023.0000) screen=(737.1445,-351.9297) pressure=0.0000 tangentialPressure=0.0000 tilt=(0.6406,-0.0625) rotation=0.0000 buttons=0x0 deviceID=19450
PEN t=8.0205 monitor=local type=mouseMoved subtype=1 eventTimestamp=192090.4128 eventNumber=0 absolute=(25498.0000,10505.0000,1023.0000) screen=(736.9648,-351.7812) pressure=0.0000 tangentialPressure=0.0000 tilt=(0.6406,-0.0625) rotation=0.0000 buttons=0x0 deviceID=19450
PEN t=8.0359 monitor=local type=mouseMoved subtype=1 eventTimestamp=192090.4261 eventNumber=0 absolute=(25487.0000,10516.0000,1023.0000) screen=(736.5625,-350.9844) pressure=0.0000 tangentialPressure=0.0000 tilt=(0.6562,-0.0625) rotation=0.0000 buttons=0x0 deviceID=19450
PEN t=8.0495 monitor=local type=mouseMoved subtype=1 eventTimestamp=192090.4411 eventNumber=0 absolute=(25472.0000,10532.0000,1023.0000) screen=(736.0156,-349.8594) pressure=0.0000 tangentialPressure=0.0000 tilt=(0.6719,-0.0781) rotation=0.0000 buttons=0x0 deviceID=19450
PEN t=8.0536 monitor=local type=mouseMoved subtype=1 eventTimestamp=192090.4459 eventNumber=0 absolute=(25464.0000,10537.0000,986.0000) screen=(735.7227,-349.5703) pressure=0.0000 tangentialPressure=0.0000 tilt=(0.6719,-0.0781) rotation=0.0000 buttons=0x0 deviceID=19450
PEN t=8.0650 monitor=local type=mouseMoved subtype=1 eventTimestamp=192090.4571 eventNumber=0 absolute=(25459.0000,10547.0000,986.0000) screen=(735.5391,-348.8477) pressure=0.0000 tangentialPressure=0.0000 tilt=(0.6719,-0.0781) rotation=0.0000 buttons=0x0 deviceID=19450
PEN t=8.0932 monitor=local type=mouseMoved subtype=1 eventTimestamp=192090.4816 eventNumber=0 absolute=(25457.0000,10563.0000,914.0000) screen=(735.4688,-347.7578) pressure=0.0000 tangentialPressure=0.0000 tilt=(0.7031,-0.0781) rotation=0.0000 buttons=0x0 deviceID=19450
PEN t=8.1004 monitor=local type=mouseMoved subtype=1 eventTimestamp=192090.4924 eventNumber=0 absolute=(25481.0000,10570.0000,878.0000) screen=(736.3438,-347.2500) pressure=0.0000 tangentialPressure=0.0000 tilt=(0.7187,-0.0938) rotation=0.0000 buttons=0x0 deviceID=19450
PEN t=8.1136 monitor=local type=mouseMoved subtype=1 eventTimestamp=192090.5045 eventNumber=0 absolute=(25513.0000,10574.0000,846.0000) screen=(737.5117,-346.9961) pressure=0.0000 tangentialPressure=0.0000 tilt=(0.7187,-0.0938) rotation=0.0000 buttons=0x0 deviceID=19450
PEN t=8.1199 monitor=local type=mouseMoved subtype=1 eventTimestamp=192090.5121 eventNumber=0 absolute=(25531.0000,10574.0000,846.0000) screen=(738.1680,-346.9609) pressure=0.0000 tangentialPressure=0.0000 tilt=(0.7187,-0.0938) rotation=0.0000 buttons=0x0 deviceID=19450
PEN t=8.1349 monitor=local type=mouseMoved subtype=1 eventTimestamp=192090.5244 eventNumber=0 absolute=(25551.0000,10573.0000,810.0000) screen=(738.8945,-347.0703) pressure=0.0000 tangentialPressure=0.0000 tilt=(0.7344,-0.0938) rotation=0.0000 buttons=0x0 deviceID=19450
PEN t=8.1432 monitor=local type=mouseMoved subtype=1 eventTimestamp=192090.5324 eventNumber=0 absolute=(25570.0000,10571.0000,810.0000) screen=(739.5898,-347.2148) pressure=0.0000 tangentialPressure=0.0000 tilt=(0.7344,-0.0938) rotation=0.0000 buttons=0x0 deviceID=19450
PEN t=8.1598 monitor=local type=mouseMoved subtype=1 eventTimestamp=192090.5488 eventNumber=0 absolute=(25583.0000,10559.0000,810.0000) screen=(740.0625,-348.0469) pressure=0.0000 tangentialPressure=0.0000 tilt=(0.7344,-0.0938) rotation=0.0000 buttons=0x0 deviceID=19450
PEN t=8.1780 monitor=local type=mouseMoved subtype=1 eventTimestamp=192090.5694 eventNumber=0 absolute=(25610.0000,10547.0000,810.0000) screen=(741.0469,-348.8477) pressure=0.0000 tangentialPressure=0.0000 tilt=(0.7344,-0.1094) rotation=0.0000 buttons=0x0 deviceID=19450
PEN t=8.1827 monitor=local type=mouseMoved subtype=1 eventTimestamp=192090.5749 eventNumber=0 absolute=(25616.0000,10544.0000,810.0000) screen=(741.2656,-349.0625) pressure=0.0000 tangentialPressure=0.0000 tilt=(0.7344,-0.1094) rotation=0.0000 buttons=0x0 deviceID=19450
PEN t=8.2108 monitor=local type=mouseMoved subtype=1 eventTimestamp=192090.6023 eventNumber=0 absolute=(25629.0000,10527.0000,914.0000) screen=(741.7422,-350.2227) pressure=0.0000 tangentialPressure=0.0000 tilt=(0.7344,-0.1094) rotation=0.0000 buttons=0x0 deviceID=19450
PEN t=8.2366 monitor=local type=mouseMoved subtype=1 eventTimestamp=192090.6283 eventNumber=0 absolute=(25630.0000,10512.0000,950.0000) screen=(741.7773,-351.2383) pressure=0.0000 tangentialPressure=0.0000 tilt=(0.7344,-0.1094) rotation=0.0000 buttons=0x0 deviceID=19450
PEN t=8.2539 monitor=local type=mouseMoved subtype=1 eventTimestamp=192090.6457 eventNumber=0 absolute=(25626.0000,10500.0000,986.0000) screen=(741.6328,-352.1094) pressure=0.0000 tangentialPressure=0.0000 tilt=(0.7187,-0.1094) rotation=0.0000 buttons=0x0 deviceID=19450
PEN t=8.2763 monitor=local type=mouseMoved subtype=1 eventTimestamp=192090.6654 eventNumber=0 absolute=(25616.0000,10486.0000,1023.0000) screen=(741.2656,-353.0898) pressure=0.0000 tangentialPressure=0.0000 tilt=(0.7187,-0.1094) rotation=0.0000 buttons=0x0 deviceID=19450
PEN t=8.2873 monitor=local type=mouseMoved subtype=1 eventTimestamp=192090.6789 eventNumber=0 absolute=(25605.0000,10474.0000,1023.0000) screen=(740.8672,-353.8867) pressure=0.0000 tangentialPressure=0.0000 tilt=(0.7187,-0.1094) rotation=0.0000 buttons=0x0 deviceID=19450
PEN t=8.2960 monitor=local type=mouseMoved subtype=1 eventTimestamp=192090.6860 eventNumber=0 absolute=(25601.0000,10470.0000,1023.0000) screen=(740.7188,-354.1758) pressure=0.0000 tangentialPressure=0.0000 tilt=(0.7187,-0.1094) rotation=0.0000 buttons=0x0 deviceID=19450
PEN t=8.3196 monitor=local type=mouseMoved subtype=1 eventTimestamp=192090.7117 eventNumber=0 absolute=(25581.0000,10456.0000,1023.0000) screen=(739.9922,-355.1172) pressure=0.0000 tangentialPressure=0.0000 tilt=(0.7187,-0.1094) rotation=0.0000 buttons=0x0 deviceID=19450
PEN t=8.3396 monitor=local type=mouseMoved subtype=1 eventTimestamp=192090.7313 eventNumber=0 absolute=(25547.0000,10443.0000,1023.0000) screen=(738.7500,-356.0625) pressure=0.0000 tangentialPressure=0.0000 tilt=(0.7031,-0.1094) rotation=0.0000 buttons=0x0 deviceID=19450
PEN t=8.3615 monitor=local type=mouseMoved subtype=1 eventTimestamp=192090.7526 eventNumber=0 absolute=(25524.0000,10437.0000,1023.0000) screen=(737.9102,-356.4961) pressure=0.0000 tangentialPressure=0.0000 tilt=(0.7031,-0.1094) rotation=0.0000 buttons=0x0 deviceID=19450
PEN t=8.3857 monitor=local type=mouseMoved subtype=1 eventTimestamp=192090.7765 eventNumber=0 absolute=(25490.0000,10431.0000,1023.0000) screen=(736.6719,-356.8594) pressure=0.0000 tangentialPressure=0.0000 tilt=(0.6875,-0.0938) rotation=0.0000 buttons=0x0 deviceID=19450
PROXIMITY t=8.3858 monitor=local type=tabletProximity subtype=0 eventTimestamp=192090.7776 eventNumber=0 entering=false deviceType=pen deviceID=19450 pointingDeviceID=0 systemTabletID=1 tabletID=849 uniqueID=79448682544951 vendorID=1386 vendorType=2114 capabilities=0x17c7
PROXIMITY t=8.3873 monitor=local type=mouseMoved subtype=2 eventTimestamp=192090.7795 eventNumber=0 entering=false deviceType=pen deviceID=19450 pointingDeviceID=0 systemTabletID=1 tabletID=849 uniqueID=79448682544951 vendorID=1386 vendorType=2114 capabilities=0x17c7
PROXIMITY t=8.5150 monitor=local type=tabletProximity subtype=0 eventTimestamp=192090.9074 eventNumber=0 entering=true deviceType=pen deviceID=19450 pointingDeviceID=0 systemTabletID=1 tabletID=849 uniqueID=79448682544951 vendorID=1386 vendorType=2114 capabilities=0x17c7
PROXIMITY t=8.5157 monitor=local type=mouseMoved subtype=2 eventTimestamp=192090.9077 eventNumber=0 entering=true deviceType=pen deviceID=19450 pointingDeviceID=0 systemTabletID=1 tabletID=849 uniqueID=79448682544951 vendorID=1386 vendorType=2114 capabilities=0x17c7
PEN t=8.5187 monitor=local type=mouseMoved subtype=1 eventTimestamp=192090.9107 eventNumber=0 absolute=(25588.0000,10468.0000,1023.0000) screen=(740.2461,-354.3203) pressure=0.0000 tangentialPressure=0.0000 tilt=(0.7031,-0.1250) rotation=0.0000 buttons=0x0 deviceID=19450
PEN t=8.5453 monitor=local type=mouseMoved subtype=1 eventTimestamp=192090.9373 eventNumber=0 absolute=(25610.0000,10465.0000,1023.0000) screen=(741.0469,-354.5039) pressure=0.0000 tangentialPressure=0.0000 tilt=(0.6875,-0.1094) rotation=0.0000 buttons=0x0 deviceID=19450
PEN t=8.5823 monitor=local type=mouseMoved subtype=1 eventTimestamp=192090.9740 eventNumber=0 absolute=(25637.0000,10461.0000,1023.0000) screen=(742.0312,-354.7930) pressure=0.0000 tangentialPressure=0.0000 tilt=(0.6719,-0.1250) rotation=0.0000 buttons=0x0 deviceID=19450
PEN t=8.6149 monitor=local type=mouseMoved subtype=1 eventTimestamp=192091.0067 eventNumber=0 absolute=(25661.0000,10458.0000,1023.0000) screen=(742.9102,-355.0078) pressure=0.0000 tangentialPressure=0.0000 tilt=(0.6562,-0.1250) rotation=0.0000 buttons=0x0 deviceID=19450
PEN t=8.6194 monitor=local type=mouseMoved subtype=1 eventTimestamp=192091.0117 eventNumber=0 absolute=(25668.0000,10457.0000,1023.0000) screen=(743.1641,-355.0820) pressure=0.0000 tangentialPressure=0.0000 tilt=(0.6562,-0.1250) rotation=0.0000 buttons=0x0 deviceID=19450
PEN t=8.6375 monitor=local type=mouseMoved subtype=1 eventTimestamp=192091.0296 eventNumber=0 absolute=(25691.0000,10453.0000,1023.0000) screen=(744.0039,-355.3359) pressure=0.0000 tangentialPressure=0.0000 tilt=(0.6562,-0.1250) rotation=0.0000 buttons=0x0 deviceID=19450
PEN t=8.6560 monitor=local type=mouseMoved subtype=1 eventTimestamp=192091.0477 eventNumber=0 absolute=(25719.0000,10446.0000,1023.0000) screen=(745.0234,-355.8438) pressure=0.0000 tangentialPressure=0.0000 tilt=(0.6406,-0.1250) rotation=0.0000 buttons=0x0 deviceID=19450
PEN t=8.6654 monitor=local type=mouseMoved subtype=1 eventTimestamp=192091.0571 eventNumber=0 absolute=(25725.0000,10443.0000,1023.0000) screen=(745.2422,-356.0234) pressure=0.0000 tangentialPressure=0.0000 tilt=(0.6250,-0.1250) rotation=0.0000 buttons=0x0 deviceID=19450
PEN t=8.6880 monitor=local type=mouseMoved subtype=1 eventTimestamp=192091.0790 eventNumber=0 absolute=(25749.0000,10431.0000,1023.0000) screen=(746.1172,-356.8945) pressure=0.0000 tangentialPressure=0.0000 tilt=(0.6250,-0.1250) rotation=0.0000 buttons=0x0 deviceID=19450
PEN t=8.6936 monitor=local type=mouseMoved subtype=1 eventTimestamp=192091.0857 eventNumber=0 absolute=(25753.0000,10428.0000,1023.0000) screen=(746.2617,-357.1133) pressure=0.0000 tangentialPressure=0.0000 tilt=(0.6250,-0.1250) rotation=0.0000 buttons=0x0 deviceID=19450
PROXIMITY t=8.7119 monitor=local type=tabletProximity subtype=0 eventTimestamp=192091.1041 eventNumber=0 entering=false deviceType=pen deviceID=19450 pointingDeviceID=0 systemTabletID=1 tabletID=849 uniqueID=79448682544951 vendorID=1386 vendorType=2114 capabilities=0x17c7
PROXIMITY t=8.7138 monitor=local type=mouseMoved subtype=2 eventTimestamp=192091.1054 eventNumber=0 entering=false deviceType=pen deviceID=19450 pointingDeviceID=0 systemTabletID=1 tabletID=849 uniqueID=79448682544951 vendorID=1386 vendorType=2114 capabilities=0x17c7
PROXIMITY t=16.1821 monitor=global type=tabletProximity subtype=0 eventTimestamp=192098.5744 eventNumber=0 entering=true deviceType=pen deviceID=19450 pointingDeviceID=0 systemTabletID=1 tabletID=849 uniqueID=79448682544951 vendorID=1386 vendorType=2114 capabilities=0x17c7
PROXIMITY t=16.1825 monitor=global type=mouseMoved subtype=2 eventTimestamp=192098.5747 eventNumber=0 entering=true deviceType=pen deviceID=19450 pointingDeviceID=0 systemTabletID=1 tabletID=849 uniqueID=79448682544951 vendorID=1386 vendorType=2114 capabilities=0x17c7
PEN t=16.1854 monitor=global type=mouseMoved subtype=1 eventTimestamp=192098.5776 eventNumber=0 absolute=(25380.0000,8986.0000,1023.0000) screen=(732.6602,-456.9297) pressure=0.0000 tangentialPressure=0.0000 tilt=(0.0625,-0.0156) rotation=0.0000 buttons=0x0 deviceID=19450
PEN t=16.2288 monitor=global type=mouseMoved subtype=1 eventTimestamp=192098.6207 eventNumber=0 absolute=(25358.0000,8985.0000,1023.0000) screen=(731.8555,-456.9648) pressure=0.0000 tangentialPressure=0.0000 tilt=(0.0468,0.0000) rotation=0.0000 buttons=0x0 deviceID=19450
PEN t=16.2861 monitor=global type=mouseMoved subtype=1 eventTimestamp=192098.6783 eventNumber=0 absolute=(25329.0000,8986.0000,1023.0000) screen=(730.8008,-456.8945) pressure=0.0000 tangentialPressure=0.0000 tilt=(0.0312,0.0000) rotation=0.0000 buttons=0x0 deviceID=19450
PEN t=16.3028 monitor=global type=mouseMoved subtype=1 eventTimestamp=192098.6948 eventNumber=0 absolute=(25293.0000,8997.0000,1023.0000) screen=(729.4883,-456.1680) pressure=0.0000 tangentialPressure=0.0000 tilt=(0.0156,0.0156) rotation=0.0000 buttons=0x0 deviceID=19450
PEN t=16.3054 monitor=global type=mouseMoved subtype=1 eventTimestamp=192098.6977 eventNumber=0 absolute=(25276.0000,9001.0000,1023.0000) screen=(728.8672,-455.8398) pressure=0.0000 tangentialPressure=0.0000 tilt=(0.0156,0.0156) rotation=0.0000 buttons=0x0 deviceID=19450
PEN t=16.3129 monitor=global type=mouseMoved subtype=1 eventTimestamp=192098.7046 eventNumber=0 absolute=(25232.0000,9016.0000,1023.0000) screen=(727.2617,-454.8281) pressure=0.0000 tangentialPressure=0.0000 tilt=(0.0000,0.0156) rotation=0.0000 buttons=0x0 deviceID=19450
PEN t=16.3154 monitor=global type=mouseMoved subtype=1 eventTimestamp=192098.7077 eventNumber=0 absolute=(25204.0000,9026.0000,1023.0000) screen=(726.2422,-454.1367) pressure=0.0000 tangentialPressure=0.0000 tilt=(0.0000,0.0156) rotation=0.0000 buttons=0x0 deviceID=19450
PEN t=16.3193 monitor=global type=mouseMoved subtype=1 eventTimestamp=192098.7113 eventNumber=0 absolute=(25173.0000,9038.0000,1023.0000) screen=(725.1094,-453.3398) pressure=0.0000 tangentialPressure=0.0000 tilt=(0.0000,0.0156) rotation=0.0000 buttons=0x0 deviceID=19450
PEN t=16.3225 monitor=global type=mouseMoved subtype=1 eventTimestamp=192098.7147 eventNumber=0 absolute=(25141.0000,9038.0000,1023.0000) screen=(723.9414,-453.3398) pressure=0.0000 tangentialPressure=0.0000 tilt=(0.0000,0.0156) rotation=0.0000 buttons=0x0 deviceID=19450
PEN t=16.3296 monitor=global type=mouseMoved subtype=1 eventTimestamp=192098.7213 eventNumber=0 absolute=(25107.0000,9041.0000,1023.0000) screen=(722.7031,-453.1211) pressure=0.0000 tangentialPressure=0.0000 tilt=(0.0000,0.0156) rotation=0.0000 buttons=0x0 deviceID=19450
PEN t=16.3301 monitor=global type=mouseMoved subtype=1 eventTimestamp=192098.7224 eventNumber=0 absolute=(25072.0000,9043.0000,1023.0000) screen=(721.4258,-452.9414) pressure=0.0000 tangentialPressure=0.0000 tilt=(0.0000,0.0156) rotation=0.0000 buttons=0x0 deviceID=19450
PEN t=16.3329 monitor=global type=mouseMoved subtype=1 eventTimestamp=192098.7252 eventNumber=0 absolute=(25034.0000,9046.0000,1023.0000) screen=(720.0391,-452.7578) pressure=0.0000 tangentialPressure=0.0000 tilt=(0.0000,0.0156) rotation=0.0000 buttons=0x0 deviceID=19450
PEN t=16.3365 monitor=global type=mouseMoved subtype=1 eventTimestamp=192098.7287 eventNumber=0 absolute=(25001.0000,9049.0000,1023.0000) screen=(718.8359,-452.5781) pressure=0.0000 tangentialPressure=0.0000 tilt=(0.0000,0.0156) rotation=0.0000 buttons=0x0 deviceID=19450
PEN t=16.3462 monitor=global type=mouseMoved subtype=1 eventTimestamp=192098.7380 eventNumber=0 absolute=(24969.0000,9054.0000,1023.0000) screen=(717.6680,-452.2148) pressure=0.0000 tangentialPressure=0.0000 tilt=(0.0000,0.0156) rotation=0.0000 buttons=0x0 deviceID=19450
PEN t=16.3487 monitor=global type=mouseMoved subtype=1 eventTimestamp=192098.7407 eventNumber=0 absolute=(24947.0000,9059.0000,1023.0000) screen=(716.8672,-451.8516) pressure=0.0000 tangentialPressure=0.0000 tilt=(0.0000,0.0156) rotation=0.0000 buttons=0x0 deviceID=19450
PEN t=16.3635 monitor=global type=mouseMoved subtype=1 eventTimestamp=192098.7556 eventNumber=0 absolute=(24905.0000,9070.0000,1023.0000) screen=(715.3359,-451.1289) pressure=0.0000 tangentialPressure=0.0000 tilt=(0.0000,0.0156) rotation=0.0000 buttons=0x0 deviceID=19450
PEN t=16.3676 monitor=global type=mouseMoved subtype=1 eventTimestamp=192098.7598 eventNumber=0 absolute=(24884.0000,9074.0000,1023.0000) screen=(714.5703,-450.8398) pressure=0.0000 tangentialPressure=0.0000 tilt=(0.0000,0.0156) rotation=0.0000 buttons=0x0 deviceID=19450
PEN t=16.3714 monitor=global type=mouseMoved subtype=1 eventTimestamp=192098.7637 eventNumber=0 absolute=(24866.0000,9078.0000,1023.0000) screen=(713.9141,-450.5469) pressure=0.0000 tangentialPressure=0.0000 tilt=(0.0000,0.0156) rotation=0.0000 buttons=0x0 deviceID=19450
PEN t=16.3874 monitor=global type=mouseMoved subtype=1 eventTimestamp=192098.7796 eventNumber=0 absolute=(24842.0000,9087.0000,1023.0000) screen=(713.0391,-449.8945) pressure=0.0000 tangentialPressure=0.0000 tilt=(0.0000,0.0156) rotation=0.0000 buttons=0x0 deviceID=19450
PEN t=16.4201 monitor=global type=mouseMoved subtype=1 eventTimestamp=192098.8123 eventNumber=0 absolute=(24840.0000,9093.0000,1023.0000) screen=(712.9648,-449.5312) pressure=0.0000 tangentialPressure=0.0000 tilt=(-0.0156,0.0156) rotation=0.0000 buttons=0x0 deviceID=19450
PEN t=16.4361 monitor=global type=mouseMoved subtype=1 eventTimestamp=192098.8282 eventNumber=0 absolute=(24811.0000,9093.0000,1023.0000) screen=(711.9062,-449.5312) pressure=0.0000 tangentialPressure=0.0000 tilt=(-0.0156,0.0156) rotation=0.0000 buttons=0x0 deviceID=19450
PEN t=16.4515 monitor=global type=mouseMoved subtype=1 eventTimestamp=192098.8436 eventNumber=0 absolute=(24782.0000,9082.0000,1023.0000) screen=(710.8477,-450.2578) pressure=0.0000 tangentialPressure=0.0000 tilt=(-0.0156,0.0156) rotation=0.0000 buttons=0x0 deviceID=19450
PEN t=16.4647 monitor=global type=mouseMoved subtype=1 eventTimestamp=192098.8568 eventNumber=0 absolute=(24769.0000,9066.0000,1023.0000) screen=(710.3750,-451.3477) pressure=0.0000 tangentialPressure=0.0000 tilt=(-0.0156,0.0156) rotation=0.0000 buttons=0x0 deviceID=19450
PEN t=16.4795 monitor=global type=mouseMoved subtype=1 eventTimestamp=192098.8707 eventNumber=0 absolute=(24759.0000,9048.0000,1023.0000) screen=(710.0117,-452.6523) pressure=0.0000 tangentialPressure=0.0000 tilt=(-0.0156,0.0156) rotation=0.0000 buttons=0x0 deviceID=19450
PEN t=16.4811 monitor=global type=mouseMoved subtype=1 eventTimestamp=192098.8733 eventNumber=0 absolute=(24756.0000,9037.0000,1023.0000) screen=(709.9023,-453.3750) pressure=0.0000 tangentialPressure=0.0000 tilt=(0.0000,0.0156) rotation=0.0000 buttons=0x0 deviceID=19450
PEN t=16.4891 monitor=global type=mouseMoved subtype=1 eventTimestamp=192098.8813 eventNumber=0 absolute=(24750.0000,9027.0000,1023.0000) screen=(709.6836,-454.1016) pressure=0.0000 tangentialPressure=0.0000 tilt=(0.0000,0.0000) rotation=0.0000 buttons=0x0 deviceID=19450
PEN t=16.5016 monitor=global type=mouseMoved subtype=1 eventTimestamp=192098.8935 eventNumber=0 absolute=(24747.0000,9006.0000,1023.0000) screen=(709.5742,-455.5156) pressure=0.0000 tangentialPressure=0.0000 tilt=(0.0000,0.0000) rotation=0.0000 buttons=0x0 deviceID=19450
PEN t=16.5115 monitor=global type=mouseMoved subtype=1 eventTimestamp=192098.8994 eventNumber=0 absolute=(24745.0000,8997.0000,1023.0000) screen=(709.5000,-456.1680) pressure=0.0000 tangentialPressure=0.0000 tilt=(0.0000,0.0000) rotation=0.0000 buttons=0x0 deviceID=19450
PEN t=16.5202 monitor=global type=mouseMoved subtype=1 eventTimestamp=192098.9124 eventNumber=0 absolute=(24745.0000,8974.0000,1023.0000) screen=(709.5000,-457.7617) pressure=0.0000 tangentialPressure=0.0000 tilt=(0.0156,0.0000) rotation=0.0000 buttons=0x0 deviceID=19450
PEN t=16.5288 monitor=global type=mouseMoved subtype=1 eventTimestamp=192098.9208 eventNumber=0 absolute=(24745.0000,8965.0000,1023.0000) screen=(709.5000,-458.3438) pressure=0.0000 tangentialPressure=0.0000 tilt=(0.0156,0.0000) rotation=0.0000 buttons=0x0 deviceID=19450
PEN t=16.5350 monitor=global type=mouseMoved subtype=1 eventTimestamp=192098.9272 eventNumber=0 absolute=(24747.0000,8953.0000,1023.0000) screen=(709.5742,-459.2148) pressure=0.0000 tangentialPressure=0.0000 tilt=(0.0156,0.0000) rotation=0.0000 buttons=0x0 deviceID=19450
PEN t=16.5548 monitor=global type=mouseMoved subtype=1 eventTimestamp=192098.9469 eventNumber=0 absolute=(24755.0000,8939.0000,1023.0000) screen=(709.8633,-460.1562) pressure=0.0000 tangentialPressure=0.0000 tilt=(0.0156,0.0000) rotation=0.0000 buttons=0x0 deviceID=19450
PEN t=16.5626 monitor=global type=mouseMoved subtype=1 eventTimestamp=192098.9544 eventNumber=0 absolute=(24761.0000,8926.0000,1023.0000) screen=(710.0820,-461.0625) pressure=0.0000 tangentialPressure=0.0000 tilt=(0.0156,0.0000) rotation=0.0000 buttons=0x0 deviceID=19450
PEN t=16.5629 monitor=global type=mouseMoved subtype=1 eventTimestamp=192098.9545 eventNumber=0 absolute=(24770.0000,8910.0000,1023.0000) screen=(710.4102,-462.1523) pressure=0.0000 tangentialPressure=0.0000 tilt=(0.0156,0.0000) rotation=0.0000 buttons=0x0 deviceID=19450
PEN t=16.5707 monitor=global type=mouseMoved subtype=1 eventTimestamp=192098.9628 eventNumber=0 absolute=(24786.0000,8888.0000,1023.0000) screen=(710.9961,-463.7109) pressure=0.0000 tangentialPressure=0.0000 tilt=(0.0156,0.0000) rotation=0.0000 buttons=0x0 deviceID=19450
PEN t=16.5795 monitor=global type=mouseMoved subtype=1 eventTimestamp=192098.9708 eventNumber=0 absolute=(24799.0000,8877.0000,1023.0000) screen=(711.4688,-464.4727) pressure=0.0000 tangentialPressure=0.0000 tilt=(0.0156,-0.0156) rotation=0.0000 buttons=0x0 deviceID=19450
PEN t=16.5819 monitor=global type=mouseMoved subtype=1 eventTimestamp=192098.9741 eventNumber=0 absolute=(24816.0000,8865.0000,1023.0000) screen=(712.0898,-465.2695) pressure=0.0000 tangentialPressure=0.0000 tilt=(0.0312,-0.0156) rotation=0.0000 buttons=0x0 deviceID=19450
PEN t=16.5961 monitor=global type=mouseMoved subtype=1 eventTimestamp=192098.9880 eventNumber=0 absolute=(24833.0000,8845.0000,1023.0000) screen=(712.7109,-466.6445) pressure=0.0000 tangentialPressure=0.0000 tilt=(0.0312,-0.0156) rotation=0.0000 buttons=0x0 deviceID=19450
PEN t=16.5968 monitor=global type=mouseMoved subtype=1 eventTimestamp=192098.9891 eventNumber=0 absolute=(24839.0000,8837.0000,1023.0000) screen=(712.9297,-467.1914) pressure=0.0000 tangentialPressure=0.0000 tilt=(0.0312,-0.0156) rotation=0.0000 buttons=0x0 deviceID=19450
PEN t=16.6013 monitor=global type=mouseMoved subtype=1 eventTimestamp=192098.9935 eventNumber=0 absolute=(24844.0000,8837.0000,1023.0000) screen=(713.1094,-467.1914) pressure=0.0000 tangentialPressure=0.0000 tilt=(0.0312,-0.0156) rotation=0.0000 buttons=0x0 deviceID=19450
PEN t=16.6147 monitor=global type=mouseMoved subtype=1 eventTimestamp=192099.0068 eventNumber=0 absolute=(24859.0000,8818.0000,1023.0000) screen=(713.6562,-468.5664) pressure=0.0000 tangentialPressure=0.0000 tilt=(0.0468,-0.0156) rotation=0.0000 buttons=0x0 deviceID=19450
PEN t=16.6185 monitor=global type=mouseMoved subtype=1 eventTimestamp=192099.0107 eventNumber=0 absolute=(24869.0000,8818.0000,1023.0000) screen=(714.0234,-468.5664) pressure=0.0000 tangentialPressure=0.0000 tilt=(0.0468,-0.0156) rotation=0.0000 buttons=0x0 deviceID=19450
PEN t=16.6361 monitor=global type=mouseMoved subtype=1 eventTimestamp=192099.0282 eventNumber=0 absolute=(24898.0000,8810.0000,1023.0000) screen=(715.0781,-469.1133) pressure=0.0000 tangentialPressure=0.0000 tilt=(0.0468,-0.0156) rotation=0.0000 buttons=0x0 deviceID=19450
PEN t=16.6510 monitor=global type=mouseMoved subtype=1 eventTimestamp=192099.0431 eventNumber=0 absolute=(24924.0000,8810.0000,1023.0000) screen=(716.0273,-469.1133) pressure=0.0000 tangentialPressure=0.0000 tilt=(0.0625,-0.0156) rotation=0.0000 buttons=0x0 deviceID=19450
PEN t=16.6709 monitor=global type=mouseMoved subtype=1 eventTimestamp=192099.0631 eventNumber=0 absolute=(24959.0000,8800.0000,1023.0000) screen=(717.3047,-469.7656) pressure=0.0000 tangentialPressure=0.0000 tilt=(0.0781,-0.0156) rotation=0.0000 buttons=0x0 deviceID=19450
PEN t=16.6733 monitor=global type=mouseMoved subtype=1 eventTimestamp=192099.0656 eventNumber=0 absolute=(24973.0000,8796.0000,1023.0000) screen=(717.8164,-470.0898) pressure=0.0000 tangentialPressure=0.0000 tilt=(0.0781,0.0000) rotation=0.0000 buttons=0x0 deviceID=19450
PEN t=16.6796 monitor=global type=mouseMoved subtype=1 eventTimestamp=192099.0715 eventNumber=0 absolute=(24988.0000,8790.0000,1023.0000) screen=(718.3633,-470.4531) pressure=0.0000 tangentialPressure=0.0000 tilt=(0.0937,0.0000) rotation=0.0000 buttons=0x0 deviceID=19450
PEN t=16.6874 monitor=global type=mouseMoved subtype=1 eventTimestamp=192099.0795 eventNumber=0 absolute=(25013.0000,8781.0000,1023.0000) screen=(719.2734,-471.1055) pressure=0.0000 tangentialPressure=0.0000 tilt=(0.0937,0.0000) rotation=0.0000 buttons=0x0 deviceID=19450
PEN t=16.6967 monitor=global type=mouseMoved subtype=1 eventTimestamp=192099.0888 eventNumber=0 absolute=(25034.0000,8777.0000,1023.0000) screen=(720.0391,-471.3945) pressure=0.0000 tangentialPressure=0.0000 tilt=(0.0937,0.0000) rotation=0.0000 buttons=0x0 deviceID=19450
PEN t=16.7119 monitor=global type=mouseMoved subtype=1 eventTimestamp=192099.1037 eventNumber=0 absolute=(25088.0000,8767.0000,1023.0000) screen=(722.0078,-472.0469) pressure=0.0000 tangentialPressure=0.0000 tilt=(0.0937,0.0000) rotation=0.0000 buttons=0x0 deviceID=19450
PEN t=16.7147 monitor=global type=mouseMoved subtype=1 eventTimestamp=192099.1070 eventNumber=0 absolute=(25119.0000,8763.0000,1023.0000) screen=(723.1406,-472.3750) pressure=0.0000 tangentialPressure=0.0000 tilt=(0.1093,0.0000) rotation=0.0000 buttons=0x0 deviceID=19450
PEN t=16.7186 monitor=global type=mouseMoved subtype=1 eventTimestamp=192099.1109 eventNumber=0 absolute=(25152.0000,8755.0000,1023.0000) screen=(724.3438,-472.9180) pressure=0.0000 tangentialPressure=0.0000 tilt=(0.1093,0.0000) rotation=0.0000 buttons=0x0 deviceID=19450
PEN t=16.7224 monitor=global type=mouseMoved subtype=1 eventTimestamp=192099.1147 eventNumber=0 absolute=(25187.0000,8752.0000,1023.0000) screen=(725.6211,-473.1016) pressure=0.0000 tangentialPressure=0.0000 tilt=(0.1093,0.0000) rotation=0.0000 buttons=0x0 deviceID=19450
PEN t=16.7301 monitor=global type=mouseMoved subtype=1 eventTimestamp=192099.1223 eventNumber=0 absolute=(25227.0000,8747.0000,1023.0000) screen=(727.0781,-473.4609) pressure=0.0000 tangentialPressure=0.0000 tilt=(0.1093,0.0000) rotation=0.0000 buttons=0x0 deviceID=19450
PEN t=16.7333 monitor=global type=mouseMoved subtype=1 eventTimestamp=192099.1256 eventNumber=0 absolute=(25262.0000,8739.0000,1023.0000) screen=(728.3555,-474.0078) pressure=0.0000 tangentialPressure=0.0000 tilt=(0.1093,0.0000) rotation=0.0000 buttons=0x0 deviceID=19450
PEN t=16.7377 monitor=global type=mouseMoved subtype=1 eventTimestamp=192099.1298 eventNumber=0 absolute=(25289.0000,8736.0000,1023.0000) screen=(729.3398,-474.1875) pressure=0.0000 tangentialPressure=0.0000 tilt=(0.1250,0.0000) rotation=0.0000 buttons=0x0 deviceID=19450
PEN t=16.7460 monitor=global type=mouseMoved subtype=1 eventTimestamp=192099.1377 eventNumber=0 absolute=(25319.0000,8731.0000,1023.0000) screen=(730.4336,-474.5508) pressure=0.0000 tangentialPressure=0.0000 tilt=(0.1250,0.0000) rotation=0.0000 buttons=0x0 deviceID=19450
PEN t=16.7486 monitor=global type=mouseMoved subtype=1 eventTimestamp=192099.1407 eventNumber=0 absolute=(25347.0000,8725.0000,1023.0000) screen=(731.4570,-474.9492) pressure=0.0000 tangentialPressure=0.0000 tilt=(0.1250,0.0156) rotation=0.0000 buttons=0x0 deviceID=19450
PEN t=16.7539 monitor=global type=mouseMoved subtype=1 eventTimestamp=192099.1461 eventNumber=0 absolute=(25379.0000,8720.0000,1023.0000) screen=(732.6250,-475.3125) pressure=0.0000 tangentialPressure=0.0000 tilt=(0.1250,0.0156) rotation=0.0000 buttons=0x0 deviceID=19450
PEN t=16.7632 monitor=global type=mouseMoved subtype=1 eventTimestamp=192099.1553 eventNumber=0 absolute=(25406.0000,8714.0000,1023.0000) screen=(733.6094,-475.7109) pressure=0.0000 tangentialPressure=0.0000 tilt=(0.1250,0.0156) rotation=0.0000 buttons=0x0 deviceID=19450
PEN t=16.7689 monitor=global type=mouseMoved subtype=1 eventTimestamp=192099.1611 eventNumber=0 absolute=(25436.0000,8709.0000,1023.0000) screen=(734.7031,-476.1094) pressure=0.0000 tangentialPressure=0.0000 tilt=(0.1250,0.0156) rotation=0.0000 buttons=0x0 deviceID=19450
PEN t=16.7731 monitor=global type=mouseMoved subtype=1 eventTimestamp=192099.1653 eventNumber=0 absolute=(25468.0000,8703.0000,1023.0000) screen=(735.8672,-476.4727) pressure=0.0000 tangentialPressure=0.0000 tilt=(0.1406,0.0156) rotation=0.0000 buttons=0x0 deviceID=19450
PEN t=16.7802 monitor=global type=mouseMoved subtype=1 eventTimestamp=192099.1723 eventNumber=0 absolute=(25498.0000,8699.0000,1023.0000) screen=(736.9648,-476.7969) pressure=0.0000 tangentialPressure=0.0000 tilt=(0.1406,0.0156) rotation=0.0000 buttons=0x0 deviceID=19450
PEN t=16.7858 monitor=global type=mouseMoved subtype=1 eventTimestamp=192099.1780 eventNumber=0 absolute=(25531.0000,8693.0000,1023.0000) screen=(738.1680,-477.1602) pressure=0.0000 tangentialPressure=0.0000 tilt=(0.1406,0.0156) rotation=0.0000 buttons=0x0 deviceID=19450
PEN t=16.7967 monitor=global type=mouseMoved subtype=1 eventTimestamp=192099.1886 eventNumber=0 absolute=(25563.0000,8688.0000,1023.0000) screen=(739.3320,-477.5234) pressure=0.0000 tangentialPressure=0.0000 tilt=(0.1562,0.0156) rotation=0.0000 buttons=0x0 deviceID=19450
PEN t=16.8024 monitor=global type=mouseMoved subtype=1 eventTimestamp=192099.1944 eventNumber=0 absolute=(25594.0000,8684.0000,1023.0000) screen=(740.4648,-477.8516) pressure=0.0000 tangentialPressure=0.0000 tilt=(0.1562,0.0156) rotation=0.0000 buttons=0x0 deviceID=19450
PEN t=16.8131 monitor=global type=mouseMoved subtype=1 eventTimestamp=192099.2052 eventNumber=0 absolute=(25625.0000,8679.0000,1023.0000) screen=(741.5938,-478.1758) pressure=0.0000 tangentialPressure=0.0000 tilt=(0.1562,0.0156) rotation=0.0000 buttons=0x0 deviceID=19450
PEN t=16.8151 monitor=global type=mouseMoved subtype=1 eventTimestamp=192099.2073 eventNumber=0 absolute=(25653.0000,8674.0000,1023.0000) screen=(742.6172,-478.5391) pressure=0.0000 tangentialPressure=0.0000 tilt=(0.1718,0.0156) rotation=0.0000 buttons=0x0 deviceID=19450
PEN t=16.8186 monitor=global type=mouseMoved subtype=1 eventTimestamp=192099.2104 eventNumber=0 absolute=(25675.0000,8669.0000,1023.0000) screen=(743.4180,-478.8633) pressure=0.0000 tangentialPressure=0.0000 tilt=(0.1718,0.0156) rotation=0.0000 buttons=0x0 deviceID=19450
PEN t=16.8230 monitor=global type=mouseMoved subtype=1 eventTimestamp=192099.2152 eventNumber=0 absolute=(25698.0000,8665.0000,1023.0000) screen=(744.2578,-479.1562) pressure=0.0000 tangentialPressure=0.0000 tilt=(0.1875,0.0156) rotation=0.0000 buttons=0x0 deviceID=19450
PEN t=16.8315 monitor=global type=mouseMoved subtype=1 eventTimestamp=192099.2237 eventNumber=0 absolute=(25739.0000,8655.0000,1023.0000) screen=(745.7539,-479.8086) pressure=0.0000 tangentialPressure=0.0000 tilt=(0.1875,0.0000) rotation=0.0000 buttons=0x0 deviceID=19450
PEN t=16.8346 monitor=global type=mouseMoved subtype=1 eventTimestamp=192099.2266 eventNumber=0 absolute=(25761.0000,8651.0000,1023.0000) screen=(746.5547,-480.0977) pressure=0.0000 tangentialPressure=0.0000 tilt=(0.1875,0.0000) rotation=0.0000 buttons=0x0 deviceID=19450
PEN t=16.8389 monitor=global type=mouseMoved subtype=1 eventTimestamp=192099.2311 eventNumber=0 absolute=(25782.0000,8647.0000,1023.0000) screen=(747.3203,-480.3867) pressure=0.0000 tangentialPressure=0.0000 tilt=(0.2031,0.0000) rotation=0.0000 buttons=0x0 deviceID=19450
PEN t=16.8498 monitor=global type=mouseMoved subtype=1 eventTimestamp=192099.2419 eventNumber=0 absolute=(25808.0000,8643.0000,1023.0000) screen=(748.2695,-480.6406) pressure=0.0000 tangentialPressure=0.0000 tilt=(0.2031,0.0000) rotation=0.0000 buttons=0x0 deviceID=19450
PEN t=16.8532 monitor=global type=mouseMoved subtype=1 eventTimestamp=192099.2454 eventNumber=0 absolute=(25837.0000,8641.0000,1023.0000) screen=(749.3281,-480.8242) pressure=0.0000 tangentialPressure=0.0000 tilt=(0.2031,0.0000) rotation=0.0000 buttons=0x0 deviceID=19450
PEN t=16.8627 monitor=global type=mouseMoved subtype=1 eventTimestamp=192099.2543 eventNumber=0 absolute=(25872.0000,8636.0000,986.0000) screen=(750.6055,-481.1133) pressure=0.0000 tangentialPressure=0.0000 tilt=(0.2187,0.0000) rotation=0.0000 buttons=0x0 deviceID=19450
PEN t=16.8645 monitor=global type=mouseMoved subtype=1 eventTimestamp=192099.2567 eventNumber=0 absolute=(25914.0000,8634.0000,986.0000) screen=(752.1367,-481.2578) pressure=0.0000 tangentialPressure=0.0000 tilt=(0.2187,-0.0156) rotation=0.0000 buttons=0x0 deviceID=19450
PEN t=16.8692 monitor=global type=mouseMoved subtype=1 eventTimestamp=192099.2614 eventNumber=0 absolute=(25962.0000,8634.0000,914.0000) screen=(753.8867,-481.2578) pressure=0.0000 tangentialPressure=0.0000 tilt=(0.2187,-0.0156) rotation=0.0000 buttons=0x0 deviceID=19450
PEN t=16.8725 monitor=global type=mouseMoved subtype=1 eventTimestamp=192099.2647 eventNumber=0 absolute=(26013.0000,8637.0000,878.0000) screen=(755.7461,-481.0391) pressure=0.0000 tangentialPressure=0.0000 tilt=(0.2187,-0.0156) rotation=0.0000 buttons=0x0 deviceID=19450
PEN t=16.8830 monitor=global type=mouseMoved subtype=1 eventTimestamp=192099.2751 eventNumber=0 absolute=(26061.0000,8646.0000,774.0000) screen=(757.4961,-480.4609) pressure=0.0000 tangentialPressure=0.0000 tilt=(0.2344,-0.0156) rotation=0.0000 buttons=0x0 deviceID=19450
PEN t=16.8854 monitor=global type=mouseMoved subtype=1 eventTimestamp=192099.2777 eventNumber=0 absolute=(26105.0000,8657.0000,702.0000) screen=(759.1016,-479.6641) pressure=0.0000 tangentialPressure=0.0000 tilt=(0.2344,-0.0156) rotation=0.0000 buttons=0x0 deviceID=19450
PEN t=16.8901 monitor=global type=mouseMoved subtype=1 eventTimestamp=192099.2823 eventNumber=0 absolute=(26151.0000,8673.0000,633.0000) screen=(760.7812,-478.5742) pressure=0.0000 tangentialPressure=0.0000 tilt=(0.2344,-0.0313) rotation=0.0000 buttons=0x0 deviceID=19450
PEN t=16.8963 monitor=global type=mouseMoved subtype=1 eventTimestamp=192099.2881 eventNumber=0 absolute=(26201.0000,8677.0000,525.0000) screen=(762.6016,-478.2852) pressure=0.0000 tangentialPressure=0.0000 tilt=(0.2344,-0.0313) rotation=0.0000 buttons=0x0 deviceID=19450
PEN t=16.9004 monitor=global type=mouseMoved subtype=1 eventTimestamp=192099.2926 eventNumber=0 absolute=(26251.0000,8693.0000,421.0000) screen=(764.4258,-477.1953) pressure=0.0000 tangentialPressure=0.0000 tilt=(0.2344,-0.0313) rotation=0.0000 buttons=0x0 deviceID=19450
PEN t=16.9063 monitor=global type=mouseMoved subtype=1 eventTimestamp=192099.2984 eventNumber=0 absolute=(26301.0000,8706.0000,316.0000) screen=(766.2500,-476.2891) pressure=0.0000 tangentialPressure=0.0000 tilt=(0.2344,-0.0313) rotation=0.0000 buttons=0x0 deviceID=19450
PEN t=16.9122 monitor=global type=mouseMoved subtype=1 eventTimestamp=192099.3043 eventNumber=0 absolute=(26347.0000,8712.0000,208.0000) screen=(767.9297,-475.8906) pressure=0.0000 tangentialPressure=0.0000 tilt=(0.2344,-0.0469) rotation=0.0000 buttons=0x0 deviceID=19450
PEN t=16.9175 monitor=global type=mouseMoved subtype=1 eventTimestamp=192099.3097 eventNumber=0 absolute=(26379.0000,8712.0000,140.0000) screen=(769.0938,-475.8906) pressure=0.0000 tangentialPressure=0.0000 tilt=(0.2344,-0.0469) rotation=0.0000 buttons=0x0 deviceID=19450
PEN t=16.9228 monitor=global type=mouseMoved subtype=1 eventTimestamp=192099.3151 eventNumber=0 absolute=(26397.0000,8708.0000,68.0000) screen=(769.7500,-476.1836) pressure=0.0000 tangentialPressure=0.0000 tilt=(0.2500,-0.0469) rotation=0.0000 buttons=0x0 deviceID=19450
PEN t=16.9305 monitor=global type=mouseMoved subtype=1 eventTimestamp=192099.3227 eventNumber=0 absolute=(26405.0000,8702.0000,0.0000) screen=(770.0430,-476.5430) pressure=0.0000 tangentialPressure=0.0000 tilt=(0.2500,-0.0469) rotation=0.0000 buttons=0x0 deviceID=19450
PEN t=16.9366 monitor=global type=mouseMoved subtype=1 eventTimestamp=192099.3287 eventNumber=0 absolute=(26405.0000,8695.0000,0.0000) screen=(770.0430,-477.0508) pressure=0.0000 tangentialPressure=0.0000 tilt=(0.2500,-0.0469) rotation=0.0000 buttons=0x0 deviceID=19450
PEN t=16.9536 monitor=global type=leftMouseDown subtype=1 eventTimestamp=192099.3298 eventNumber=188 absolute=(26405.0000,8695.0000,0.0000) screen=(770.0430,-477.0508) pressure=0.3569 tangentialPressure=0.0000 tilt=(0.2500,-0.0469) rotation=0.0000 buttons=0x1 deviceID=19450
PEN t=16.9550 monitor=global type=leftMouseDragged subtype=1 eventTimestamp=192099.3451 eventNumber=0 absolute=(26464.0000,8654.0000,0.0000) screen=(772.1953,-479.8789) pressure=0.4627 tangentialPressure=0.0000 tilt=(0.2656,-0.0625) rotation=0.0000 buttons=0x1 deviceID=19450
PEN t=16.9618 monitor=global type=leftMouseDragged subtype=1 eventTimestamp=192099.3542 eventNumber=0 absolute=(26520.0000,8634.0000,0.0000) screen=(774.2383,-481.2578) pressure=0.4745 tangentialPressure=0.0000 tilt=(0.2656,-0.0625) rotation=0.0000 buttons=0x1 deviceID=19450
PEN t=16.9648 monitor=global type=leftMouseDragged subtype=1 eventTimestamp=192099.3572 eventNumber=0 absolute=(26586.0000,8612.0000,0.0000) screen=(776.6445,-482.8164) pressure=0.4863 tangentialPressure=0.0000 tilt=(0.2656,-0.0625) rotation=0.0000 buttons=0x1 deviceID=19450
PEN t=16.9779 monitor=global type=leftMouseDragged subtype=1 eventTimestamp=192099.3661 eventNumber=0 absolute=(26656.0000,8586.0000,0.0000) screen=(779.2344,-484.6289) pressure=0.4980 tangentialPressure=0.0000 tilt=(0.2656,-0.0625) rotation=0.0000 buttons=0x1 deviceID=19450
PEN t=16.9802 monitor=global type=leftMouseDragged subtype=1 eventTimestamp=192099.3713 eventNumber=0 absolute=(26730.0000,8557.0000,0.0000) screen=(781.8984,-486.5898) pressure=0.4980 tangentialPressure=0.0000 tilt=(0.2656,-0.0625) rotation=0.0000 buttons=0x1 deviceID=19450
PEN t=16.9848 monitor=global type=leftMouseDragged subtype=1 eventTimestamp=192099.3771 eventNumber=0 absolute=(26805.0000,8528.0000,0.0000) screen=(784.6328,-488.6172) pressure=0.4941 tangentialPressure=0.0000 tilt=(0.2656,-0.0781) rotation=0.0000 buttons=0x1 deviceID=19450
PEN t=16.9894 monitor=global type=leftMouseDragged subtype=1 eventTimestamp=192099.3818 eventNumber=0 absolute=(26879.0000,8496.0000,0.0000) screen=(787.3320,-490.8281) pressure=0.4941 tangentialPressure=0.0000 tilt=(0.2656,-0.0781) rotation=0.0000 buttons=0x1 deviceID=19450
PEN t=16.9961 monitor=global type=leftMouseDragged subtype=1 eventTimestamp=192099.3884 eventNumber=0 absolute=(26954.0000,8464.0000,0.0000) screen=(790.0664,-493.0430) pressure=0.4941 tangentialPressure=0.0000 tilt=(0.2656,-0.0781) rotation=0.0000 buttons=0x1 deviceID=19450
PEN t=16.9965 monitor=global type=leftMouseDragged subtype=1 eventTimestamp=192099.3889 eventNumber=0 absolute=(27025.0000,8433.0000,0.0000) screen=(792.6562,-495.2188) pressure=0.4902 tangentialPressure=0.0000 tilt=(0.2656,-0.0781) rotation=0.0000 buttons=0x1 deviceID=19450
PEN t=16.9991 monitor=global type=leftMouseDragged subtype=1 eventTimestamp=192099.3916 eventNumber=0 absolute=(27096.0000,8402.0000,0.0000) screen=(795.2461,-497.3203) pressure=0.4902 tangentialPressure=0.0000 tilt=(0.2656,-0.0938) rotation=0.0000 buttons=0x1 deviceID=19450
PEN t=17.0069 monitor=global type=leftMouseDragged subtype=1 eventTimestamp=192099.3992 eventNumber=0 absolute=(27163.0000,8375.0000,0.0000) screen=(797.7266,-499.2070) pressure=0.4902 tangentialPressure=0.0000 tilt=(0.2656,-0.0938) rotation=0.0000 buttons=0x1 deviceID=19450
PEN t=17.0125 monitor=global type=leftMouseDragged subtype=1 eventTimestamp=192099.4049 eventNumber=0 absolute=(27228.0000,8349.0000,0.0000) screen=(800.0977,-501.0195) pressure=0.4941 tangentialPressure=0.0000 tilt=(0.2656,-0.0938) rotation=0.0000 buttons=0x1 deviceID=19450
PEN t=17.0196 monitor=global type=leftMouseDragged subtype=1 eventTimestamp=192099.4120 eventNumber=0 absolute=(27290.0000,8325.0000,0.0000) screen=(802.3203,-502.6875) pressure=0.4941 tangentialPressure=0.0000 tilt=(0.2656,-0.0938) rotation=0.0000 buttons=0x1 deviceID=19450
PEN t=17.0299 monitor=global type=leftMouseDragged subtype=1 eventTimestamp=192099.4222 eventNumber=0 absolute=(27347.0000,8303.0000,0.0000) screen=(804.3984,-504.1719) pressure=0.4941 tangentialPressure=0.0000 tilt=(0.2656,-0.0938) rotation=0.0000 buttons=0x1 deviceID=19450
PEN t=17.0325 monitor=global type=leftMouseDragged subtype=1 eventTimestamp=192099.4249 eventNumber=0 absolute=(27396.0000,8283.0000,0.0000) screen=(806.1875,-505.5508) pressure=0.4902 tangentialPressure=0.0000 tilt=(0.2656,-0.1094) rotation=0.0000 buttons=0x1 deviceID=19450
PEN t=17.0363 monitor=global type=leftMouseDragged subtype=1 eventTimestamp=192099.4288 eventNumber=0 absolute=(27437.0000,8266.0000,0.0000) screen=(807.6836,-506.7461) pressure=0.4902 tangentialPressure=0.0000 tilt=(0.2656,-0.1094) rotation=0.0000 buttons=0x1 deviceID=19450
PEN t=17.0397 monitor=global type=leftMouseDragged subtype=1 eventTimestamp=192099.4321 eventNumber=0 absolute=(27471.0000,8251.0000,0.0000) screen=(808.9219,-507.7969) pressure=0.4902 tangentialPressure=0.0000 tilt=(0.2656,-0.1094) rotation=0.0000 buttons=0x1 deviceID=19450
PEN t=17.0458 monitor=global type=leftMouseDragged subtype=1 eventTimestamp=192099.4382 eventNumber=0 absolute=(27492.0000,8240.0000,0.0000) screen=(809.6875,-508.5586) pressure=0.4902 tangentialPressure=0.0000 tilt=(0.2812,-0.1094) rotation=0.0000 buttons=0x1 deviceID=19450
PEN t=17.0505 monitor=global type=leftMouseDragged subtype=1 eventTimestamp=192099.4428 eventNumber=0 absolute=(27504.0000,8233.0000,0.0000) screen=(810.1641,-509.0312) pressure=0.4902 tangentialPressure=0.0000 tilt=(0.2812,-0.1094) rotation=0.0000 buttons=0x1 deviceID=19450
PEN t=17.0801 monitor=global type=leftMouseDragged subtype=1 eventTimestamp=192099.4724 eventNumber=0 absolute=(27485.0000,8232.0000,0.0000) screen=(809.4336,-509.1406) pressure=0.5137 tangentialPressure=0.0000 tilt=(0.2969,-0.1094) rotation=0.0000 buttons=0x1 deviceID=19450
PEN t=17.0803 monitor=global type=leftMouseDragged subtype=1 eventTimestamp=192099.4727 eventNumber=0 absolute=(27448.0000,8244.0000,0.0000) screen=(808.0820,-508.3047) pressure=0.5137 tangentialPressure=0.0000 tilt=(0.2969,-0.1094) rotation=0.0000 buttons=0x1 deviceID=19450
PEN t=17.0830 monitor=global type=leftMouseDragged subtype=1 eventTimestamp=192099.4754 eventNumber=0 absolute=(27397.0000,8263.0000,0.0000) screen=(806.2227,-506.9297) pressure=0.5255 tangentialPressure=0.0000 tilt=(0.2969,-0.1094) rotation=0.0000 buttons=0x1 deviceID=19450
PEN t=17.0865 monitor=global type=leftMouseDragged subtype=1 eventTimestamp=192099.4789 eventNumber=0 absolute=(27336.0000,8291.0000,0.0000) screen=(804.0000,-505.0078) pressure=0.5255 tangentialPressure=0.0000 tilt=(0.2969,-0.1094) rotation=0.0000 buttons=0x1 deviceID=19450
PEN t=17.0975 monitor=global type=leftMouseDragged subtype=1 eventTimestamp=192099.4899 eventNumber=0 absolute=(27268.0000,8325.0000,0.0000) screen=(801.5195,-502.6875) pressure=0.5294 tangentialPressure=0.0000 tilt=(0.2969,-0.0938) rotation=0.0000 buttons=0x1 deviceID=19450
PEN t=17.1029 monitor=global type=leftMouseDragged subtype=1 eventTimestamp=192099.4953 eventNumber=0 absolute=(27198.0000,8362.0000,0.0000) screen=(798.9648,-500.0742) pressure=0.5294 tangentialPressure=0.0000 tilt=(0.3125,-0.0938) rotation=0.0000 buttons=0x1 deviceID=19450
PEN t=17.1064 monitor=global type=leftMouseDragged subtype=1 eventTimestamp=192099.4988 eventNumber=0 absolute=(27122.0000,8405.0000,0.0000) screen=(796.2305,-497.1016) pressure=0.5294 tangentialPressure=0.0000 tilt=(0.3125,-0.0938) rotation=0.0000 buttons=0x1 deviceID=19450
PEN t=17.1132 monitor=global type=leftMouseDragged subtype=1 eventTimestamp=192099.5056 eventNumber=0 absolute=(27044.0000,8452.0000,0.0000) screen=(793.3477,-493.8750) pressure=0.5333 tangentialPressure=0.0000 tilt=(0.3125,-0.0938) rotation=0.0000 buttons=0x1 deviceID=19450
PEN t=17.1185 monitor=global type=leftMouseDragged subtype=1 eventTimestamp=192099.5109 eventNumber=0 absolute=(26965.0000,8502.0000,0.0000) screen=(790.4688,-490.3945) pressure=0.5333 tangentialPressure=0.0000 tilt=(0.3125,-0.0938) rotation=0.0000 buttons=0x1 deviceID=19450
PEN t=17.1222 monitor=global type=leftMouseDragged subtype=1 eventTimestamp=192099.5146 eventNumber=0 absolute=(26889.0000,8556.0000,0.0000) screen=(787.6953,-486.6953) pressure=0.5333 tangentialPressure=0.0000 tilt=(0.3125,-0.0938) rotation=0.0000 buttons=0x1 deviceID=19450
PEN t=17.1300 monitor=global type=leftMouseDragged subtype=1 eventTimestamp=192099.5224 eventNumber=0 absolute=(26817.0000,8612.0000,0.0000) screen=(785.0703,-482.8164) pressure=0.5373 tangentialPressure=0.0000 tilt=(0.3125,-0.0781) rotation=0.0000 buttons=0x1 deviceID=19450
PEN t=17.1346 monitor=global type=leftMouseDragged subtype=1 eventTimestamp=192099.5270 eventNumber=0 absolute=(26750.0000,8668.0000,0.0000) screen=(782.6250,-478.9023) pressure=0.5412 tangentialPressure=0.0000 tilt=(0.3125,-0.0781) rotation=0.0000 buttons=0x1 deviceID=19450
PEN t=17.1382 monitor=global type=leftMouseDragged subtype=1 eventTimestamp=192099.5306 eventNumber=0 absolute=(26690.0000,8725.0000,0.0000) screen=(780.4375,-474.9492) pressure=0.5490 tangentialPressure=0.0000 tilt=(0.3125,-0.0781) rotation=0.0000 buttons=0x1 deviceID=19450
PEN t=17.1515 monitor=global type=leftMouseDragged subtype=1 eventTimestamp=192099.5439 eventNumber=0 absolute=(26636.0000,8782.0000,0.0000) screen=(778.4688,-471.0352) pressure=0.5490 tangentialPressure=0.0000 tilt=(0.3125,-0.0781) rotation=0.0000 buttons=0x1 deviceID=19450
PEN t=17.1547 monitor=global type=leftMouseDragged subtype=1 eventTimestamp=192099.5471 eventNumber=0 absolute=(26589.0000,8840.0000,0.0000) screen=(776.7539,-467.0469) pressure=0.5647 tangentialPressure=0.0000 tilt=(0.3125,-0.0625) rotation=0.0000 buttons=0x1 deviceID=19450
PEN t=17.1621 monitor=global type=leftMouseDragged subtype=1 eventTimestamp=192099.5544 eventNumber=0 absolute=(26548.0000,8896.0000,0.0000) screen=(775.2969,-463.1289) pressure=0.5647 tangentialPressure=0.0000 tilt=(0.3125,-0.0625) rotation=0.0000 buttons=0x1 deviceID=19450
PEN t=17.1648 monitor=global type=leftMouseDragged subtype=1 eventTimestamp=192099.5572 eventNumber=0 absolute=(26514.0000,8955.0000,0.0000) screen=(774.0195,-459.0703) pressure=0.5686 tangentialPressure=0.0000 tilt=(0.3125,-0.0625) rotation=0.0000 buttons=0x1 deviceID=19450
PEN t=17.1675 monitor=global type=leftMouseDragged subtype=1 eventTimestamp=192099.5598 eventNumber=0 absolute=(26484.0000,9013.0000,0.0000) screen=(772.9258,-455.0430) pressure=0.5686 tangentialPressure=0.0000 tilt=(0.3125,-0.0625) rotation=0.0000 buttons=0x1 deviceID=19450
PEN t=17.1735 monitor=global type=leftMouseDragged subtype=1 eventTimestamp=192099.5659 eventNumber=0 absolute=(26460.0000,9071.0000,0.0000) screen=(772.0508,-451.0195) pressure=0.5686 tangentialPressure=0.0000 tilt=(0.3125,-0.0469) rotation=0.0000 buttons=0x1 deviceID=19450
PEN t=17.1803 monitor=global type=leftMouseDragged subtype=1 eventTimestamp=192099.5728 eventNumber=0 absolute=(26442.0000,9127.0000,0.0000) screen=(771.3945,-447.1406) pressure=0.5725 tangentialPressure=0.0000 tilt=(0.3125,-0.0469) rotation=0.0000 buttons=0x1 deviceID=19450
PEN t=17.1853 monitor=global type=leftMouseDragged subtype=1 eventTimestamp=192099.5777 eventNumber=0 absolute=(26427.0000,9181.0000,0.0000) screen=(770.8828,-443.4062) pressure=0.5765 tangentialPressure=0.0000 tilt=(0.3125,-0.0469) rotation=0.0000 buttons=0x1 deviceID=19450
PEN t=17.1884 monitor=global type=leftMouseDragged subtype=1 eventTimestamp=192099.5808 eventNumber=0 absolute=(26420.0000,9233.0000,0.0000) screen=(770.5898,-439.7812) pressure=0.5765 tangentialPressure=0.0000 tilt=(0.3125,-0.0469) rotation=0.0000 buttons=0x1 deviceID=19450
PEN t=17.2027 monitor=global type=leftMouseDragged subtype=1 eventTimestamp=192099.5951 eventNumber=0 absolute=(26419.0000,9283.0000,0.0000) screen=(770.5547,-436.3359) pressure=0.5804 tangentialPressure=0.0000 tilt=(0.3125,-0.0313) rotation=0.0000 buttons=0x1 deviceID=19450
PEN t=17.2068 monitor=global type=leftMouseDragged subtype=1 eventTimestamp=192099.5993 eventNumber=0 absolute=(26421.0000,9331.0000,0.0000) screen=(770.6289,-434.0000) pressure=0.5843 tangentialPressure=0.0000 tilt=(0.3125,-0.0313) rotation=0.0000 buttons=0x1 deviceID=19450
PEN t=17.2151 monitor=global type=leftMouseDragged subtype=1 eventTimestamp=192099.6075 eventNumber=0 absolute=(26435.0000,9376.0000,0.0000) screen=(771.1367,-429.8828) pressure=0.5843 tangentialPressure=0.0000 tilt=(0.3125,-0.0313) rotation=0.0000 buttons=0x1 deviceID=19450
PEN t=17.2193 monitor=global type=leftMouseDragged subtype=1 eventTimestamp=192099.6117 eventNumber=0 absolute=(26459.0000,9417.0000,0.0000) screen=(772.0117,-427.0898) pressure=0.5882 tangentialPressure=0.0000 tilt=(0.3125,-0.0313) rotation=0.0000 buttons=0x1 deviceID=19450
PEN t=17.2293 monitor=global type=leftMouseDragged subtype=1 eventTimestamp=192099.6214 eventNumber=0 absolute=(26491.0000,9451.0000,0.0000) screen=(773.1797,-424.7344) pressure=0.5922 tangentialPressure=0.0000 tilt=(0.3125,-0.0313) rotation=0.0000 buttons=0x1 deviceID=19450
PEN t=17.2293 monitor=global type=leftMouseDragged subtype=1 eventTimestamp=192099.6217 eventNumber=0 absolute=(26532.0000,9479.0000,0.0000) screen=(774.6758,-422.8125) pressure=0.6000 tangentialPressure=0.0000 tilt=(0.3125,-0.0156) rotation=0.0000 buttons=0x1 deviceID=19450
PEN t=17.2322 monitor=global type=leftMouseDragged subtype=1 eventTimestamp=192099.6247 eventNumber=0 absolute=(26581.0000,9499.0000,0.0000) screen=(776.4609,-421.3984) pressure=0.6078 tangentialPressure=0.0000 tilt=(0.3125,-0.0156) rotation=0.0000 buttons=0x1 deviceID=19450
PEN t=17.2370 monitor=global type=leftMouseDragged subtype=1 eventTimestamp=192099.6294 eventNumber=0 absolute=(26636.0000,9514.0000,0.0000) screen=(778.4688,-420.3828) pressure=0.6235 tangentialPressure=0.0000 tilt=(0.3125,-0.0156) rotation=0.0000 buttons=0x1 deviceID=19450
PEN t=17.2396 monitor=global type=leftMouseDragged subtype=1 eventTimestamp=192099.6321 eventNumber=0 absolute=(26697.0000,9524.0000,0.0000) screen=(780.6914,-419.6562) pressure=0.6235 tangentialPressure=0.0000 tilt=(0.3125,-0.0156) rotation=0.0000 buttons=0x1 deviceID=19450
PEN t=17.2493 monitor=global type=leftMouseDragged subtype=1 eventTimestamp=192099.6416 eventNumber=0 absolute=(26761.0000,9528.0000,0.0000) screen=(783.0273,-419.3672) pressure=0.6314 tangentialPressure=0.0000 tilt=(0.3125,-0.0156) rotation=0.0000 buttons=0x1 deviceID=19450
PEN t=17.2543 monitor=global type=leftMouseDragged subtype=1 eventTimestamp=192099.6466 eventNumber=0 absolute=(26831.0000,9529.0000,0.0000) screen=(785.5820,-419.3320) pressure=0.6392 tangentialPressure=0.0000 tilt=(0.3125,-0.0156) rotation=0.0000 buttons=0x1 deviceID=19450
PEN t=17.2623 monitor=global type=leftMouseDragged subtype=1 eventTimestamp=192099.6546 eventNumber=0 absolute=(26902.0000,9527.0000,0.0000) screen=(788.1719,-419.4766) pressure=0.6431 tangentialPressure=0.0000 tilt=(0.3125,-0.0156) rotation=0.0000 buttons=0x1 deviceID=19450
PEN t=17.2650 monitor=global type=leftMouseDragged subtype=1 eventTimestamp=192099.6574 eventNumber=0 absolute=(26978.0000,9517.0000,0.0000) screen=(790.9414,-420.1641) pressure=0.6510 tangentialPressure=0.0000 tilt=(0.3125,-0.0156) rotation=0.0000 buttons=0x1 deviceID=19450
PEN t=17.2700 monitor=global type=leftMouseDragged subtype=1 eventTimestamp=192099.6624 eventNumber=0 absolute=(27058.0000,9503.0000,0.0000) screen=(793.8594,-421.1445) pressure=0.6627 tangentialPressure=0.0000 tilt=(0.3125,-0.0156) rotation=0.0000 buttons=0x1 deviceID=19450
PEN t=17.2782 monitor=global type=leftMouseDragged subtype=1 eventTimestamp=192099.6662 eventNumber=0 absolute=(27139.0000,9483.0000,0.0000) screen=(796.8125,-422.4844) pressure=0.6627 tangentialPressure=0.0000 tilt=(0.3125,-0.0156) rotation=0.0000 buttons=0x1 deviceID=19450
PEN t=17.2801 monitor=global type=leftMouseDragged subtype=1 eventTimestamp=192099.6726 eventNumber=0 absolute=(27224.0000,9458.0000,0.0000) screen=(799.9141,-424.2266) pressure=0.6706 tangentialPressure=0.0000 tilt=(0.3125,-0.0156) rotation=0.0000 buttons=0x1 deviceID=19450
PEN t=17.2840 monitor=global type=leftMouseDragged subtype=1 eventTimestamp=192099.6764 eventNumber=0 absolute=(27310.0000,9428.0000,0.0000) screen=(803.0859,-426.3281) pressure=0.6824 tangentialPressure=0.0000 tilt=(0.3125,-0.0156) rotation=0.0000 buttons=0x1 deviceID=19450
PEN t=17.2902 monitor=global type=leftMouseDragged subtype=1 eventTimestamp=192099.6826 eventNumber=0 absolute=(27397.0000,9392.0000,0.0000) screen=(806.2227,-428.8281) pressure=0.6824 tangentialPressure=0.0000 tilt=(0.3125,-0.0156) rotation=0.0000 buttons=0x1 deviceID=19450
PEN t=17.3028 monitor=global type=leftMouseDragged subtype=1 eventTimestamp=192099.6952 eventNumber=0 absolute=(27484.0000,9350.0000,0.0000) screen=(809.3984,-431.7305) pressure=0.6902 tangentialPressure=0.0000 tilt=(0.3125,-0.0156) rotation=0.0000 buttons=0x1 deviceID=19450
PEN t=17.3303 monitor=global type=leftMouseDragged subtype=1 eventTimestamp=192099.7227 eventNumber=0 absolute=(27569.0000,9306.0000,0.0000) screen=(812.5352,-434.7773) pressure=0.6902 tangentialPressure=0.0000 tilt=(0.3125,-0.0156) rotation=0.0000 buttons=0x1 deviceID=19450
PEN t=17.3381 monitor=global type=leftMouseDragged subtype=1 eventTimestamp=192099.7305 eventNumber=0 absolute=(27651.0000,9259.0000,0.0000) screen=(815.5234,-438.0039) pressure=0.6902 tangentialPressure=0.0000 tilt=(0.3125,-0.0156) rotation=0.0000 buttons=0x1 deviceID=19450
PEN t=17.3403 monitor=global type=leftMouseDragged subtype=1 eventTimestamp=192099.7328 eventNumber=0 absolute=(27729.0000,9214.0000,0.0000) screen=(818.3320,-441.1562) pressure=0.6863 tangentialPressure=0.0000 tilt=(0.3125,-0.0313) rotation=0.0000 buttons=0x1 deviceID=19450
PEN t=17.3461 monitor=global type=leftMouseDragged subtype=1 eventTimestamp=192099.7384 eventNumber=0 absolute=(27796.0000,9170.0000,0.0000) screen=(820.7773,-444.2031) pressure=0.6824 tangentialPressure=0.0000 tilt=(0.3125,-0.0313) rotation=0.0000 buttons=0x1 deviceID=19450
PEN t=17.3465 monitor=global type=leftMouseDragged subtype=1 eventTimestamp=192099.7389 eventNumber=0 absolute=(27852.0000,9127.0000,0.0000) screen=(822.8203,-447.1758) pressure=0.6824 tangentialPressure=0.0000 tilt=(0.3125,-0.0313) rotation=0.0000 buttons=0x1 deviceID=19450
PEN t=17.3494 monitor=global type=leftMouseDragged subtype=1 eventTimestamp=192099.7418 eventNumber=0 absolute=(27895.0000,9086.0000,0.0000) screen=(824.4219,-449.9688) pressure=0.6510 tangentialPressure=0.0000 tilt=(0.3125,-0.0469) rotation=0.0000 buttons=0x1 deviceID=19450
PEN t=17.3524 monitor=global type=leftMouseDragged subtype=1 eventTimestamp=192099.7448 eventNumber=0 absolute=(27925.0000,9047.0000,0.0000) screen=(825.5156,-452.6875) pressure=0.6510 tangentialPressure=0.0000 tilt=(0.3125,-0.0469) rotation=0.0000 buttons=0x1 deviceID=19450
PEN t=17.3559 monitor=global type=leftMouseDragged subtype=1 eventTimestamp=192099.7484 eventNumber=0 absolute=(27943.0000,9010.0000,0.0000) screen=(826.1367,-455.2617) pressure=0.6431 tangentialPressure=0.0000 tilt=(0.3125,-0.0469) rotation=0.0000 buttons=0x1 deviceID=19450
PEN t=17.3622 monitor=global type=leftMouseDragged subtype=1 eventTimestamp=192099.7546 eventNumber=0 absolute=(27945.0000,8975.0000,0.0000) screen=(826.2109,-457.6914) pressure=0.6235 tangentialPressure=0.0000 tilt=(0.3125,-0.0469) rotation=0.0000 buttons=0x1 deviceID=19450
PEN t=17.3627 monitor=global type=leftMouseDragged subtype=1 eventTimestamp=192099.7550 eventNumber=0 absolute=(27938.0000,8941.0000,0.0000) screen=(825.9922,-460.0117) pressure=0.6196 tangentialPressure=0.0000 tilt=(0.3125,-0.0625) rotation=0.0000 buttons=0x1 deviceID=19450
PEN t=17.3660 monitor=global type=leftMouseDragged subtype=1 eventTimestamp=192099.7585 eventNumber=0 absolute=(27916.0000,8911.0000,0.0000) screen=(825.1523,-462.1133) pressure=0.6196 tangentialPressure=0.0000 tilt=(0.3125,-0.0625) rotation=0.0000 buttons=0x1 deviceID=19450
PEN t=17.3694 monitor=global type=leftMouseDragged subtype=1 eventTimestamp=192099.7618 eventNumber=0 absolute=(27880.0000,8883.0000,0.0000) screen=(823.8398,-464.0352) pressure=0.6078 tangentialPressure=0.0000 tilt=(0.3125,-0.0625) rotation=0.0000 buttons=0x1 deviceID=19450
PEN t=17.3722 monitor=global type=leftMouseDragged subtype=1 eventTimestamp=192099.7646 eventNumber=0 absolute=(27832.0000,8858.0000,0.0000) screen=(822.0898,-465.7383) pressure=0.6078 tangentialPressure=0.0000 tilt=(0.3125,-0.0625) rotation=0.0000 buttons=0x1 deviceID=19450
PEN t=17.3791 monitor=global type=leftMouseDragged subtype=1 eventTimestamp=192099.7715 eventNumber=0 absolute=(27776.0000,8839.0000,0.0000) screen=(817.6016,-468.0586) pressure=0.6078 tangentialPressure=0.0000 tilt=(0.3125,-0.0781) rotation=0.0000 buttons=0x1 deviceID=19450
PEN t=17.3843 monitor=global type=leftMouseDragged subtype=1 eventTimestamp=192099.7767 eventNumber=0 absolute=(27633.0000,8819.0000,0.0000) screen=(814.8320,-468.4961) pressure=0.5961 tangentialPressure=0.0000 tilt=(0.3125,-0.0781) rotation=0.0000 buttons=0x1 deviceID=19450
PEN t=17.3888 monitor=global type=leftMouseDragged subtype=1 eventTimestamp=192099.7813 eventNumber=0 absolute=(27551.0000,8819.0000,0.0000) screen=(811.8398,-468.4961) pressure=0.5961 tangentialPressure=0.0000 tilt=(0.3125,-0.0781) rotation=0.0000 buttons=0x1 deviceID=19450
PEN t=17.3959 monitor=global type=leftMouseDragged subtype=1 eventTimestamp=192099.7882 eventNumber=0 absolute=(27461.0000,8830.0000,0.0000) screen=(808.5938,-467.7344) pressure=0.5882 tangentialPressure=0.0000 tilt=(0.3125,-0.0781) rotation=0.0000 buttons=0x1 deviceID=19450
PEN t=17.4020 monitor=global type=leftMouseDragged subtype=1 eventTimestamp=192099.7944 eventNumber=0 absolute=(27366.0000,8848.0000,0.0000) screen=(805.1289,-466.4648) pressure=0.5882 tangentialPressure=0.0000 tilt=(0.3125,-0.0781) rotation=0.0000 buttons=0x1 deviceID=19450
PEN t=17.4061 monitor=global type=leftMouseDragged subtype=1 eventTimestamp=192099.7985 eventNumber=0 absolute=(27269.0000,8874.0000,0.0000) screen=(801.5547,-464.6523) pressure=0.5882 tangentialPressure=0.0000 tilt=(0.3125,-0.0781) rotation=0.0000 buttons=0x1 deviceID=19450
PEN t=17.4122 monitor=global type=leftMouseDragged subtype=1 eventTimestamp=192099.8045 eventNumber=0 absolute=(27168.0000,8906.0000,0.0000) screen=(797.8711,-462.4414) pressure=0.5843 tangentialPressure=0.0000 tilt=(0.3125,-0.0781) rotation=0.0000 buttons=0x1 deviceID=19450
PEN t=17.4182 monitor=global type=leftMouseDragged subtype=1 eventTimestamp=192099.8106 eventNumber=0 absolute=(27071.0000,8944.0000,0.0000) screen=(794.3320,-459.8281) pressure=0.5843 tangentialPressure=0.0000 tilt=(0.3125,-0.0781) rotation=0.0000 buttons=0x1 deviceID=19450
PEN t=17.4215 monitor=global type=leftMouseDragged subtype=1 eventTimestamp=192099.8138 eventNumber=0 absolute=(26980.0000,8986.0000,0.0000) screen=(791.0156,-456.9297) pressure=0.5843 tangentialPressure=0.0000 tilt=(0.3125,-0.0781) rotation=0.0000 buttons=0x1 deviceID=19450
PEN t=17.4324 monitor=global type=leftMouseDragged subtype=1 eventTimestamp=192099.8247 eventNumber=0 absolute=(26896.0000,9032.0000,0.0000) screen=(787.9531,-453.7383) pressure=0.5882 tangentialPressure=0.0000 tilt=(0.3125,-0.0781) rotation=0.0000 buttons=0x1 deviceID=19450
PEN t=17.4362 monitor=global type=leftMouseDragged subtype=1 eventTimestamp=192099.8286 eventNumber=0 absolute=(26818.0000,9080.0000,0.0000) screen=(785.1445,-450.4023) pressure=0.5882 tangentialPressure=0.0000 tilt=(0.3125,-0.0781) rotation=0.0000 buttons=0x1 deviceID=19450
PEN t=17.4456 monitor=global type=leftMouseDragged subtype=1 eventTimestamp=192099.8379 eventNumber=0 absolute=(26751.0000,9131.0000,0.0000) screen=(782.6641,-446.8516) pressure=0.5882 tangentialPressure=0.0000 tilt=(0.3125,-0.0781) rotation=0.0000 buttons=0x1 deviceID=19450
PEN t=17.4489 monitor=global type=leftMouseDragged subtype=1 eventTimestamp=192099.8413 eventNumber=0 absolute=(26691.0000,9183.0000,0.0000) screen=(780.4727,-443.2617) pressure=0.5843 tangentialPressure=0.0000 tilt=(0.3125,-0.0781) rotation=0.0000 buttons=0x1 deviceID=19450
PEN t=17.4550 monitor=global type=leftMouseDragged subtype=1 eventTimestamp=192099.8474 eventNumber=0 absolute=(26638.0000,9237.0000,0.0000) screen=(778.5430,-439.5273) pressure=0.5843 tangentialPressure=0.0000 tilt=(0.3125,-0.0781) rotation=0.0000 buttons=0x1 deviceID=19450
PEN t=17.4619 monitor=global type=leftMouseDragged subtype=1 eventTimestamp=192099.8543 eventNumber=0 absolute=(26596.0000,9291.0000,0.0000) screen=(777.0078,-435.7930) pressure=0.5843 tangentialPressure=0.0000 tilt=(0.3125,-0.0781) rotation=0.0000 buttons=0x1 deviceID=19450
PEN t=17.4640 monitor=global type=leftMouseDragged subtype=1 eventTimestamp=192099.8564 eventNumber=0 absolute=(26561.0000,9346.0000,0.0000) screen=(775.7695,-431.9844) pressure=0.5843 tangentialPressure=0.0000 tilt=(0.3125,-0.0625) rotation=0.0000 buttons=0x1 deviceID=19450
PEN t=17.4702 monitor=global type=leftMouseDragged subtype=1 eventTimestamp=192099.8626 eventNumber=0 absolute=(26533.0000,9402.0000,0.0000) screen=(774.7500,-428.1406) pressure=0.5843 tangentialPressure=0.0000 tilt=(0.3125,-0.0625) rotation=0.0000 buttons=0x1 deviceID=19450
PEN t=17.4788 monitor=global type=leftMouseDragged subtype=1 eventTimestamp=192099.8712 eventNumber=0 absolute=(26513.0000,9456.0000,0.0000) screen=(773.9844,-424.3711) pressure=0.5843 tangentialPressure=0.0000 tilt=(0.3125,-0.0625) rotation=0.0000 buttons=0x1 deviceID=19450
PEN t=17.4802 monitor=global type=leftMouseDragged subtype=1 eventTimestamp=192099.8727 eventNumber=0 absolute=(26499.0000,9509.0000,0.0000) screen=(773.4727,-420.7070) pressure=0.5804 tangentialPressure=0.0000 tilt=(0.3125,-0.0625) rotation=0.0000 buttons=0x1 deviceID=19450
PEN t=17.4838 monitor=global type=leftMouseDragged subtype=1 eventTimestamp=192099.8762 eventNumber=0 absolute=(26491.0000,9559.0000,0.0000) screen=(773.1797,-417.2656) pressure=0.5804 tangentialPressure=0.0000 tilt=(0.3125,-0.0625) rotation=0.0000 buttons=0x1 deviceID=19450
PEN t=17.4896 monitor=global type=leftMouseDragged subtype=1 eventTimestamp=192099.8820 eventNumber=0 absolute=(26490.0000,9606.0000,0.0000) screen=(773.1445,-415.0000) pressure=0.5804 tangentialPressure=0.0000 tilt=(0.2969,-0.0469) rotation=0.0000 buttons=0x1 deviceID=19450
PEN t=17.4997 monitor=global type=leftMouseDragged subtype=1 eventTimestamp=192099.8921 eventNumber=0 absolute=(26492.0000,9649.0000,0.0000) screen=(773.2148,-411.0273) pressure=0.5843 tangentialPressure=0.0000 tilt=(0.2969,-0.0469) rotation=0.0000 buttons=0x1 deviceID=19450
PEN t=17.5051 monitor=global type=leftMouseDragged subtype=1 eventTimestamp=192099.8974 eventNumber=0 absolute=(26504.0000,9689.0000,0.0000) screen=(773.6523,-408.2344) pressure=0.5843 tangentialPressure=0.0000 tilt=(0.2969,-0.0469) rotation=0.0000 buttons=0x1 deviceID=19450
PEN t=17.5134 monitor=global type=leftMouseDragged subtype=1 eventTimestamp=192099.9058 eventNumber=0 absolute=(26524.0000,9727.0000,0.0000) screen=(774.3828,-405.6250) pressure=0.5843 tangentialPressure=0.0000 tilt=(0.2969,-0.0469) rotation=0.0000 buttons=0x1 deviceID=19450
PEN t=17.5157 monitor=global type=leftMouseDragged subtype=1 eventTimestamp=192099.9082 eventNumber=0 absolute=(26550.0000,9761.0000,0.0000) screen=(775.3672,-403.2695) pressure=0.5843 tangentialPressure=0.0000 tilt=(0.2969,-0.0469) rotation=0.0000 buttons=0x1 deviceID=19450
PEN t=17.5213 monitor=global type=leftMouseDragged subtype=1 eventTimestamp=192099.9137 eventNumber=0 absolute=(26584.0000,9794.0000,0.0000) screen=(776.5703,-400.9844) pressure=0.5843 tangentialPressure=0.0000 tilt=(0.2969,-0.0313) rotation=0.0000 buttons=0x1 deviceID=19450
PEN t=17.5294 monitor=global type=leftMouseDragged subtype=1 eventTimestamp=192099.9217 eventNumber=0 absolute=(26625.0000,9824.0000,0.0000) screen=(778.0664,-398.9180) pressure=0.5843 tangentialPressure=0.0000 tilt=(0.2969,-0.0313) rotation=0.0000 buttons=0x1 deviceID=19450
PEN t=17.5296 monitor=global type=leftMouseDragged subtype=1 eventTimestamp=192099.9221 eventNumber=0 absolute=(26676.0000,9850.0000,0.0000) screen=(779.9258,-397.0664) pressure=0.5647 tangentialPressure=0.0000 tilt=(0.2969,-0.0313) rotation=0.0000 buttons=0x1 deviceID=19450
PEN t=17.5355 monitor=global type=leftMouseDragged subtype=1 eventTimestamp=192099.9279 eventNumber=0 absolute=(26732.0000,9875.0000,0.0000) screen=(781.9688,-395.4023) pressure=0.5569 tangentialPressure=0.0000 tilt=(0.2969,-0.0313) rotation=0.0000 buttons=0x1 deviceID=19450
PEN t=17.5453 monitor=global type=leftMouseDragged subtype=1 eventTimestamp=192099.9377 eventNumber=0 absolute=(26797.0000,9896.0000,0.0000) screen=(784.3398,-393.9492) pressure=0.5333 tangentialPressure=0.0000 tilt=(0.2969,-0.0313) rotation=0.0000 buttons=0x1 deviceID=19450
PEN t=17.5484 monitor=global type=leftMouseDragged subtype=1 eventTimestamp=192099.9408 eventNumber=0 absolute=(26869.0000,9913.0000,0.0000) screen=(786.9648,-392.7188) pressure=0.4549 tangentialPressure=0.0000 tilt=(0.2969,-0.0313) rotation=0.0000 buttons=0x1 deviceID=19450
PEN t=17.5535 monitor=global type=leftMouseDragged subtype=1 eventTimestamp=192099.9459 eventNumber=0 absolute=(26947.0000,9929.0000,0.0000) screen=(789.8125,-391.6289) pressure=0.4000 tangentialPressure=0.0000 tilt=(0.2969,-0.0313) rotation=0.0000 buttons=0x1 deviceID=19450
PEN t=17.5619 monitor=global type=leftMouseDragged subtype=1 eventTimestamp=192099.9543 eventNumber=0 absolute=(27025.0000,9942.0000,0.0000) screen=(792.6914,-390.7227) pressure=0.3216 tangentialPressure=0.0000 tilt=(0.2812,-0.0313) rotation=0.0000 buttons=0x1 deviceID=19450
PEN t=17.5652 monitor=global type=leftMouseDragged subtype=1 eventTimestamp=192099.9577 eventNumber=0 absolute=(27088.0000,9952.0000,0.0000) screen=(794.9531,-390.0703) pressure=0.1529 tangentialPressure=0.0000 tilt=(0.2812,-0.0313) rotation=0.0000 buttons=0x1 deviceID=19450
PEN t=17.5705 monitor=global type=leftMouseDragged subtype=1 eventTimestamp=192099.9629 eventNumber=0 absolute=(27145.0000,9958.0000,0.0000) screen=(797.0312,-389.5977) pressure=0.0027 tangentialPressure=0.0000 tilt=(0.2812,-0.0313) rotation=0.0000 buttons=0x1 deviceID=19450
PEN t=17.5795 monitor=global type=leftMouseUp subtype=1 eventTimestamp=192099.9710 eventNumber=188 absolute=(27145.0000,9958.0000,0.0000) screen=(797.0312,-389.5977) pressure=0.0000 tangentialPressure=0.0000 tilt=(0.2812,-0.0313) rotation=0.0000 buttons=0x0 deviceID=19450
PEN t=17.5816 monitor=global type=mouseMoved subtype=1 eventTimestamp=192099.9735 eventNumber=0 absolute=(27235.0000,9961.0000,36.0000) screen=(800.3164,-389.3828) pressure=0.0000 tangentialPressure=0.0000 tilt=(0.2812,-0.0313) rotation=0.0000 buttons=0x0 deviceID=19450
PEN t=17.5876 monitor=global type=mouseMoved subtype=1 eventTimestamp=192099.9796 eventNumber=0 absolute=(27291.0000,9961.0000,72.0000) screen=(802.3594,-389.4180) pressure=0.0000 tangentialPressure=0.0000 tilt=(0.2812,-0.0313) rotation=0.0000 buttons=0x0 deviceID=19450
PEN t=17.5896 monitor=global type=mouseMoved subtype=1 eventTimestamp=192099.9819 eventNumber=0 absolute=(27345.0000,9955.0000,148.0000) screen=(804.3281,-389.8516) pressure=0.0000 tangentialPressure=0.0000 tilt=(0.2812,-0.0313) rotation=0.0000 buttons=0x0 deviceID=19450
PEN t=17.5973 monitor=global type=mouseMoved subtype=1 eventTimestamp=192099.9895 eventNumber=0 absolute=(27404.0000,9946.0000,224.0000) screen=(806.4805,-390.4688) pressure=0.0000 tangentialPressure=0.0000 tilt=(0.2812,-0.0313) rotation=0.0000 buttons=0x0 deviceID=19450
PEN t=17.6017 monitor=global type=mouseMoved subtype=1 eventTimestamp=192099.9937 eventNumber=0 absolute=(27458.0000,9933.0000,300.0000) screen=(808.4492,-391.3398) pressure=0.0000 tangentialPressure=0.0000 tilt=(0.2812,-0.0313) rotation=0.0000 buttons=0x0 deviceID=19450
PEN t=17.6052 monitor=global type=mouseMoved subtype=1 eventTimestamp=192099.9975 eventNumber=0 absolute=(27515.0000,9919.0000,413.0000) screen=(810.5625,-392.3203) pressure=0.0000 tangentialPressure=0.0000 tilt=(0.2812,-0.0313) rotation=0.0000 buttons=0x0 deviceID=19450
PEN t=17.6131 monitor=global type=mouseMoved subtype=1 eventTimestamp=192100.0046 eventNumber=0 absolute=(27580.0000,9904.0000,489.0000) screen=(812.8984,-393.3320) pressure=0.0000 tangentialPressure=0.0000 tilt=(0.2812,-0.0313) rotation=0.0000 buttons=0x0 deviceID=19450
PEN t=17.6151 monitor=global type=mouseMoved subtype=1 eventTimestamp=192100.0073 eventNumber=0 absolute=(27648.0000,9887.0000,605.0000) screen=(815.3789,-394.5664) pressure=0.0000 tangentialPressure=0.0000 tilt=(0.2812,-0.0313) rotation=0.0000 buttons=0x0 deviceID=19450
PEN t=17.6192 monitor=global type=mouseMoved subtype=1 eventTimestamp=192100.0114 eventNumber=0 absolute=(27722.0000,9870.0000,682.0000) screen=(818.1133,-395.7266) pressure=0.0000 tangentialPressure=0.0000 tilt=(0.2812,-0.0313) rotation=0.0000 buttons=0x0 deviceID=19450
PEN t=17.6292 monitor=global type=mouseMoved subtype=1 eventTimestamp=192100.0209 eventNumber=0 absolute=(27804.0000,9853.0000,754.0000) screen=(821.1055,-396.9219) pressure=0.0000 tangentialPressure=0.0000 tilt=(0.2812,-0.0313) rotation=0.0000 buttons=0x0 deviceID=19450
PEN t=17.6307 monitor=global type=mouseMoved subtype=1 eventTimestamp=192100.0227 eventNumber=0 absolute=(27881.0000,9837.0000,830.0000) screen=(823.8750,-397.9766) pressure=0.0000 tangentialPressure=0.0000 tilt=(0.2812,-0.0313) rotation=0.0000 buttons=0x0 deviceID=19450
PEN t=17.6364 monitor=global type=mouseMoved subtype=1 eventTimestamp=192100.0286 eventNumber=0 absolute=(27959.0000,9823.0000,906.0000) screen=(826.7227,-398.9883) pressure=0.0000 tangentialPressure=0.0000 tilt=(0.2812,-0.0469) rotation=0.0000 buttons=0x0 deviceID=19450
PEN t=17.6397 monitor=global type=mouseMoved subtype=1 eventTimestamp=192100.0320 eventNumber=0 absolute=(28042.0000,9805.0000,946.0000) screen=(829.7500,-400.2227) pressure=0.0000 tangentialPressure=0.0000 tilt=(0.2812,-0.0469) rotation=0.0000 buttons=0x0 deviceID=19450
PEN t=17.6468 monitor=global type=mouseMoved subtype=1 eventTimestamp=192100.0388 eventNumber=0 absolute=(28123.0000,9784.0000,982.0000) screen=(832.7031,-401.6719) pressure=0.0000 tangentialPressure=0.0000 tilt=(0.2812,-0.0469) rotation=0.0000 buttons=0x0 deviceID=19450
PEN t=17.6530 monitor=global type=mouseMoved subtype=1 eventTimestamp=192100.0452 eventNumber=0 absolute=(28202.0000,9759.0000,1023.0000) screen=(835.5820,-403.3789) pressure=0.0000 tangentialPressure=0.0000 tilt=(0.2656,-0.0469) rotation=0.0000 buttons=0x0 deviceID=19450
PEN t=17.6563 monitor=global type=mouseMoved subtype=1 eventTimestamp=192100.0486 eventNumber=0 absolute=(28284.0000,9729.0000,1023.0000) screen=(838.5742,-405.4453) pressure=0.0000 tangentialPressure=0.0000 tilt=(0.2656,-0.0625) rotation=0.0000 buttons=0x0 deviceID=19450
PEN t=17.6637 monitor=global type=mouseMoved subtype=1 eventTimestamp=192100.0559 eventNumber=0 absolute=(28366.0000,9695.0000,1023.0000) screen=(841.5664,-407.8359) pressure=0.0000 tangentialPressure=0.0000 tilt=(0.2656,-0.0625) rotation=0.0000 buttons=0x0 deviceID=19450
PEN t=17.6690 monitor=global type=mouseMoved subtype=1 eventTimestamp=192100.0611 eventNumber=0 absolute=(28451.0000,9654.0000,1023.0000) screen=(844.6641,-410.6992) pressure=0.0000 tangentialPressure=0.0000 tilt=(0.2656,-0.0781) rotation=0.0000 buttons=0x0 deviceID=19450
PEN t=17.6730 monitor=global type=mouseMoved subtype=1 eventTimestamp=192100.0653 eventNumber=0 absolute=(28557.0000,9602.0000,1023.0000) screen=(848.5312,-414.2891) pressure=0.0000 tangentialPressure=0.0000 tilt=(0.2656,-0.0781) rotation=0.0000 buttons=0x0 deviceID=19450
PEN t=17.6822 monitor=global type=mouseMoved subtype=1 eventTimestamp=192100.0742 eventNumber=0 absolute=(28654.0000,9552.0000,1023.0000) screen=(852.0703,-417.6992) pressure=0.0000 tangentialPressure=0.0000 tilt=(0.2656,-0.0938) rotation=0.0000 buttons=0x0 deviceID=19450
PROXIMITY t=17.6827 monitor=global type=tabletProximity subtype=0 eventTimestamp=192100.0751 eventNumber=0 entering=false deviceType=pen deviceID=19450 pointingDeviceID=0 systemTabletID=1 tabletID=849 uniqueID=79448682544951 vendorID=1386 vendorType=2114 capabilities=0x17c7
PROXIMITY t=17.6837 monitor=global type=mouseMoved subtype=2 eventTimestamp=192100.0753 eventNumber=0 entering=false deviceType=pen deviceID=19450 pointingDeviceID=0 systemTabletID=1 tabletID=849 uniqueID=79448682544951 vendorID=1386 vendorType=2114 capabilities=0x17c7
SUMMARY local=247 global=224 point=455 proximity=16 tabletSubtype=463 queueDropped=0
