Wacom macOS pen probe
duration=40s globalMonitor=true localMonitor=true
READY use pen over the probe window, then bring Chrome to front
PROXIMITY t=7.8657 monitor=local type=tabletProximity subtype=0 eventTimestamp=191286.7144 eventNumber=0 entering=true deviceType=pen deviceID=19450 pointingDeviceID=0 systemTabletID=1 tabletID=849 uniqueID=79448682544951 vendorID=1386 vendorType=2114 capabilities=0x17c7
PROXIMITY t=7.8672 monitor=local type=mouseMoved subtype=2 eventTimestamp=191286.7153 eventNumber=0 entering=true deviceType=pen deviceID=19450 pointingDeviceID=0 systemTabletID=1 tabletID=849 uniqueID=79448682544951 vendorID=1386 vendorType=2114 capabilities=0x17c7
PEN t=7.8848 monitor=local type=mouseMoved subtype=1 eventTimestamp=191286.7328 eventNumber=0 absolute=(426.0000,851.0000,1023.0000) pressure=0.0000 tangentialPressure=0.0000 tilt=(0.5312,-0.1875) rotation=0.0000 buttons=0x0 deviceID=19450
PEN t=7.8870 monitor=local type=mouseMoved subtype=1 eventTimestamp=191286.7355 eventNumber=0 absolute=(416.0000,853.0000,1023.0000) pressure=0.0000 tangentialPressure=0.0000 tilt=(0.5469,-0.1719) rotation=0.0000 buttons=0x0 deviceID=19450
PEN t=7.8990 monitor=local type=mouseMoved subtype=1 eventTimestamp=191286.7450 eventNumber=0 absolute=(408.0000,855.0000,1023.0000) pressure=0.0000 tangentialPressure=0.0000 tilt=(0.5469,-0.1719) rotation=0.0000 buttons=0x0 deviceID=19450
PEN t=7.9327 monitor=local type=mouseMoved subtype=1 eventTimestamp=191286.7812 eventNumber=0 absolute=(375.0000,868.0000,730.0000) pressure=0.0000 tangentialPressure=0.0000 tilt=(0.5937,-0.1563) rotation=0.0000 buttons=0x0 deviceID=19450
PEN t=7.9513 monitor=local type=mouseMoved subtype=1 eventTimestamp=191286.7999 eventNumber=0 absolute=(349.0000,880.0000,437.0000) pressure=0.0000 tangentialPressure=0.0000 tilt=(0.5937,-0.1563) rotation=0.0000 buttons=0x0 deviceID=19450
PEN t=7.9578 monitor=local type=mouseMoved subtype=1 eventTimestamp=191286.8056 eventNumber=0 absolute=(341.0000,884.0000,324.0000) pressure=0.0000 tangentialPressure=0.0000 tilt=(0.5781,-0.1406) rotation=0.0000 buttons=0x0 deviceID=19450
PEN t=7.9661 monitor=local type=mouseMoved subtype=1 eventTimestamp=191286.8139 eventNumber=0 absolute=(328.0000,891.0000,108.0000) pressure=0.0000 tangentialPressure=0.0000 tilt=(0.5625,-0.1250) rotation=0.0000 buttons=0x0 deviceID=19450
PEN t=7.9831 monitor=local type=mouseMoved subtype=1 eventTimestamp=191286.8305 eventNumber=0 absolute=(344.0000,884.0000,0.0000) pressure=0.0000 tangentialPressure=0.0000 tilt=(0.5469,-0.1094) rotation=0.0000 buttons=0x0 deviceID=19450
PEN t=7.9842 monitor=local type=mouseMoved subtype=1 eventTimestamp=191286.8329 eventNumber=0 absolute=(359.0000,871.0000,0.0000) pressure=0.0000 tangentialPressure=0.0000 tilt=(0.5469,-0.1094) rotation=0.0000 buttons=0x0 deviceID=19450
PEN t=7.9907 monitor=local type=mouseMoved subtype=1 eventTimestamp=191286.8392 eventNumber=0 absolute=(372.0000,857.0000,0.0000) pressure=0.0000 tangentialPressure=0.0000 tilt=(0.5469,-0.1094) rotation=0.0000 buttons=0x0 deviceID=19450
PEN t=8.0006 monitor=global type=leftMouseDown subtype=1 eventTimestamp=191286.8401 eventNumber=166 absolute=(372.0000,857.0000,0.0000) pressure=0.2549 tangentialPressure=0.0000 tilt=(0.5469,-0.1094) rotation=0.0000 buttons=0x1 deviceID=19450
PEN t=8.0489 monitor=global type=leftMouseDragged subtype=1 eventTimestamp=191286.8965 eventNumber=0 absolute=(336.0000,836.0000,0.0000) pressure=0.4392 tangentialPressure=0.0000 tilt=(0.5156,-0.0938) rotation=0.0000 buttons=0x1 deviceID=19450
PEN t=8.0510 monitor=global type=leftMouseDragged subtype=1 eventTimestamp=191286.8998 eventNumber=0 absolute=(321.0000,843.0000,0.0000) pressure=0.4196 tangentialPressure=0.0000 tilt=(0.5156,-0.0938) rotation=0.0000 buttons=0x1 deviceID=19450
PEN t=8.0647 monitor=global type=leftMouseDragged subtype=1 eventTimestamp=191286.9135 eventNumber=0 absolute=(299.0000,857.0000,0.0000) pressure=0.3137 tangentialPressure=0.0000 tilt=(0.5156,-0.1094) rotation=0.0000 buttons=0x1 deviceID=19450
PEN t=8.0725 monitor=global type=leftMouseDragged subtype=1 eventTimestamp=191286.9213 eventNumber=0 absolute=(279.0000,868.0000,0.0000) pressure=0.0078 tangentialPressure=0.0000 tilt=(0.5000,-0.1094) rotation=0.0000 buttons=0x1 deviceID=19450
PEN t=8.0788 monitor=global type=leftMouseUp subtype=1 eventTimestamp=191286.9274 eventNumber=166 absolute=(279.0000,868.0000,0.0000) pressure=0.0000 tangentialPressure=0.0000 tilt=(0.5000,-0.1094) rotation=0.0000 buttons=0x0 deviceID=19450
PEN t=8.1643 monitor=global type=mouseMoved subtype=1 eventTimestamp=191287.0061 eventNumber=0 absolute=(241.0000,878.0000,32.0000) pressure=0.0000 tangentialPressure=0.0000 tilt=(0.5156,-0.1250) rotation=0.0000 buttons=0x0 deviceID=19450
PEN t=8.1647 monitor=global type=mouseMoved subtype=1 eventTimestamp=191287.0133 eventNumber=0 absolute=(273.0000,787.0000,1023.0000) pressure=0.0000 tangentialPressure=0.0000 tilt=(0.5312,-0.2188) rotation=0.0000 buttons=0x0 deviceID=19450
PEN t=8.1662 monitor=global type=mouseMoved subtype=1 eventTimestamp=191287.0150 eventNumber=0 absolute=(313.0000,773.0000,1023.0000) pressure=0.0000 tangentialPressure=0.0000 tilt=(0.5156,-0.2188) rotation=0.0000 buttons=0x0 deviceID=19450
PEN t=8.1745 monitor=global type=mouseMoved subtype=1 eventTimestamp=191287.0231 eventNumber=0 absolute=(359.0000,763.0000,1023.0000) pressure=0.0000 tangentialPressure=0.0000 tilt=(0.5000,-0.2344) rotation=0.0000 buttons=0x0 deviceID=19450
PROXIMITY t=8.3327 monitor=global type=tabletProximity subtype=0 eventTimestamp=191287.0887 eventNumber=0 entering=false deviceType=pen deviceID=19450 pointingDeviceID=0 systemTabletID=1 tabletID=849 uniqueID=79448682544951 vendorID=1386 vendorType=2114 capabilities=0x17c7
PROXIMITY t=8.3740 monitor=global type=mouseMoved subtype=2 eventTimestamp=191287.1770 eventNumber=0 entering=false deviceType=pen deviceID=19450 pointingDeviceID=0 systemTabletID=1 tabletID=849 uniqueID=79448682544951 vendorID=1386 vendorType=2114 capabilities=0x17c7
PROXIMITY t=10.6580 monitor=global type=tabletProximity subtype=0 eventTimestamp=191289.5068 eventNumber=0 entering=true deviceType=pen deviceID=19450 pointingDeviceID=0 systemTabletID=1 tabletID=849 uniqueID=79448682544951 vendorID=1386 vendorType=2114 capabilities=0x17c7
PROXIMITY t=10.6585 monitor=global type=mouseMoved subtype=2 eventTimestamp=191289.5070 eventNumber=0 entering=true deviceType=pen deviceID=19450 pointingDeviceID=0 systemTabletID=1 tabletID=849 uniqueID=79448682544951 vendorID=1386 vendorType=2114 capabilities=0x17c7
PEN t=10.6656 monitor=global type=mouseMoved subtype=1 eventTimestamp=191289.5137 eventNumber=0 absolute=(51939.0000,769.0000,1023.0000) pressure=0.0000 tangentialPressure=0.0000 tilt=(0.1562,-0.1719) rotation=0.0000 buttons=0x0 deviceID=19450
PEN t=10.6746 monitor=global type=mouseMoved subtype=1 eventTimestamp=191289.5232 eventNumber=0 absolute=(51964.0000,770.0000,1023.0000) pressure=0.0000 tangentialPressure=0.0000 tilt=(0.1562,-0.1875) rotation=0.0000 buttons=0x0 deviceID=19450
PEN t=10.6827 monitor=global type=mouseMoved subtype=1 eventTimestamp=191289.5308 eventNumber=0 absolute=(51987.0000,772.0000,1023.0000) pressure=0.0000 tangentialPressure=0.0000 tilt=(0.1406,-0.1875) rotation=0.0000 buttons=0x0 deviceID=19450
PEN t=10.6991 monitor=global type=mouseMoved subtype=1 eventTimestamp=191289.5452 eventNumber=0 absolute=(52017.0000,772.0000,1023.0000) pressure=0.0000 tangentialPressure=0.0000 tilt=(0.1250,-0.2031) rotation=0.0000 buttons=0x0 deviceID=19450
PEN t=10.7479 monitor=global type=mouseMoved subtype=1 eventTimestamp=191289.5948 eventNumber=0 absolute=(52044.0000,775.0000,914.0000) pressure=0.0000 tangentialPressure=0.0000 tilt=(0.0781,-0.2188) rotation=0.0000 buttons=0x0 deviceID=19450
PEN t=10.7575 monitor=global type=mouseMoved subtype=1 eventTimestamp=191289.6062 eventNumber=0 absolute=(52050.0000,783.0000,738.0000) pressure=0.0000 tangentialPressure=0.0000 tilt=(0.0781,-0.2188) rotation=0.0000 buttons=0x0 deviceID=19450
PEN t=10.7663 monitor=global type=mouseMoved subtype=1 eventTimestamp=191289.6142 eventNumber=0 absolute=(52035.0000,803.0000,561.0000) pressure=0.0000 tangentialPressure=0.0000 tilt=(0.0781,-0.2031) rotation=0.0000 buttons=0x0 deviceID=19450
PEN t=10.7787 monitor=global type=mouseMoved subtype=1 eventTimestamp=191289.6236 eventNumber=0 absolute=(52020.0000,818.0000,493.0000) pressure=0.0000 tangentialPressure=0.0000 tilt=(0.0781,-0.2031) rotation=0.0000 buttons=0x0 deviceID=19450
PEN t=10.7819 monitor=global type=mouseMoved subtype=1 eventTimestamp=191289.6304 eventNumber=0 absolute=(52003.0000,839.0000,421.0000) pressure=0.0000 tangentialPressure=0.0000 tilt=(0.0781,-0.1875) rotation=0.0000 buttons=0x0 deviceID=19450
PEN t=10.7843 monitor=global type=mouseMoved subtype=1 eventTimestamp=191289.6329 eventNumber=0 absolute=(52001.0000,866.0000,349.0000) pressure=0.0000 tangentialPressure=0.0000 tilt=(0.0781,-0.1875) rotation=0.0000 buttons=0x0 deviceID=19450
PEN t=10.7907 monitor=global type=mouseMoved subtype=1 eventTimestamp=191289.6392 eventNumber=0 absolute=(52016.0000,895.0000,280.0000) pressure=0.0000 tangentialPressure=0.0000 tilt=(0.0781,-0.1875) rotation=0.0000 buttons=0x0 deviceID=19450
PEN t=10.7991 monitor=global type=mouseMoved subtype=1 eventTimestamp=191289.6472 eventNumber=0 absolute=(52054.0000,916.0000,208.0000) pressure=0.0000 tangentialPressure=0.0000 tilt=(0.0781,-0.1875) rotation=0.0000 buttons=0x0 deviceID=19450
PEN t=10.8014 monitor=global type=mouseMoved subtype=1 eventTimestamp=191289.6501 eventNumber=0 absolute=(52101.0000,934.0000,172.0000) pressure=0.0000 tangentialPressure=0.0000 tilt=(0.0781,-0.1719) rotation=0.0000 buttons=0x0 deviceID=19450
PEN t=10.8080 monitor=global type=mouseMoved subtype=1 eventTimestamp=191289.6558 eventNumber=0 absolute=(52118.0000,939.0000,0.0000) pressure=0.0000 tangentialPressure=0.0000 tilt=(0.0781,-0.1719) rotation=0.0000 buttons=0x0 deviceID=19450
PEN t=10.8155 monitor=global type=mouseMoved subtype=1 eventTimestamp=191289.6639 eventNumber=0 absolute=(52132.0000,940.0000,0.0000) pressure=0.0000 tangentialPressure=0.0000 tilt=(0.0937,-0.1719) rotation=0.0000 buttons=0x0 deviceID=19450
PEN t=10.8239 monitor=global type=leftMouseDown subtype=1 eventTimestamp=191289.6641 eventNumber=167 absolute=(52132.0000,940.0000,0.0000) pressure=0.3176 tangentialPressure=0.0000 tilt=(0.0937,-0.1719) rotation=0.0000 buttons=0x1 deviceID=19450
PEN t=10.8655 monitor=global type=leftMouseDragged subtype=1 eventTimestamp=191289.7143 eventNumber=0 absolute=(52173.0000,937.0000,0.0000) pressure=0.4353 tangentialPressure=0.0000 tilt=(0.0937,-0.1719) rotation=0.0000 buttons=0x1 deviceID=19450
PEN t=10.8790 monitor=global type=leftMouseDragged subtype=1 eventTimestamp=191289.7238 eventNumber=0 absolute=(52179.0000,939.0000,0.0000) pressure=0.3412 tangentialPressure=0.0000 tilt=(0.0937,-0.1719) rotation=0.0000 buttons=0x1 deviceID=19450
PEN t=10.8875 monitor=global type=leftMouseUp subtype=1 eventTimestamp=191289.7362 eventNumber=167 absolute=(52196.0000,942.0000,0.0000) pressure=0.0000 tangentialPressure=0.0000 tilt=(0.0937,-0.1875) rotation=0.0000 buttons=0x0 deviceID=19450
PEN t=10.9255 monitor=local type=mouseMoved subtype=1 eventTimestamp=191289.7470 eventNumber=0 absolute=(52206.0000,939.0000,44.0000) pressure=0.0000 tangentialPressure=0.0000 tilt=(0.0937,-0.1875) rotation=0.0000 buttons=0x0 deviceID=19450
PEN t=10.9256 monitor=local type=mouseMoved subtype=1 eventTimestamp=191289.7717 eventNumber=0 absolute=(52211.0000,920.0000,220.0000) pressure=0.0000 tangentialPressure=0.0000 tilt=(0.0937,-0.1875) rotation=0.0000 buttons=0x0 deviceID=19450
PEN t=10.9417 monitor=local type=mouseMoved subtype=1 eventTimestamp=191289.7890 eventNumber=0 absolute=(52213.0000,909.0000,353.0000) pressure=0.0000 tangentialPressure=0.0000 tilt=(0.0937,-0.2031) rotation=0.0000 buttons=0x0 deviceID=19450
PEN t=10.9774 monitor=local type=mouseMoved subtype=1 eventTimestamp=191289.7909 eventNumber=0 absolute=(52224.0000,894.0000,621.0000) pressure=0.0000 tangentialPressure=0.0000 tilt=(0.0937,-0.2031) rotation=0.0000 buttons=0x0 deviceID=19450
PEN t=10.9818 monitor=local type=mouseMoved subtype=1 eventTimestamp=191289.8266 eventNumber=0 absolute=(52237.0000,880.0000,886.0000) pressure=0.0000 tangentialPressure=0.0000 tilt=(0.0937,-0.2188) rotation=0.0000 buttons=0x0 deviceID=19450
PROXIMITY t=10.9818 monitor=local type=tabletProximity subtype=0 eventTimestamp=191289.8269 eventNumber=0 entering=false deviceType=pen deviceID=19450 pointingDeviceID=0 systemTabletID=1 tabletID=849 uniqueID=79448682544951 vendorID=1386 vendorType=2114 capabilities=0x17c7
PROXIMITY t=10.9819 monitor=local type=mouseMoved subtype=2 eventTimestamp=191289.8271 eventNumber=0 entering=false deviceType=pen deviceID=19450 pointingDeviceID=0 systemTabletID=1 tabletID=849 uniqueID=79448682544951 vendorID=1386 vendorType=2114 capabilities=0x17c7
PROXIMITY t=12.7366 monitor=local type=tabletProximity subtype=0 eventTimestamp=191291.5851 eventNumber=0 entering=true deviceType=pen deviceID=19450 pointingDeviceID=0 systemTabletID=1 tabletID=849 uniqueID=79448682544951 vendorID=1386 vendorType=2114 capabilities=0x17c7
PROXIMITY t=12.7376 monitor=local type=mouseMoved subtype=2 eventTimestamp=191291.5856 eventNumber=0 entering=true deviceType=pen deviceID=19450 pointingDeviceID=0 systemTabletID=1 tabletID=849 uniqueID=79448682544951 vendorID=1386 vendorType=2114 capabilities=0x17c7
PEN t=12.7497 monitor=local type=mouseMoved subtype=1 eventTimestamp=191291.5974 eventNumber=0 absolute=(51774.0000,14875.0000,1023.0000) pressure=0.0000 tangentialPressure=0.0000 tilt=(0.5000,-0.2969) rotation=0.0000 buttons=0x0 deviceID=19450
PEN t=12.7644 monitor=local type=mouseMoved subtype=1 eventTimestamp=191291.6126 eventNumber=0 absolute=(51774.0000,14894.0000,1023.0000) pressure=0.0000 tangentialPressure=0.0000 tilt=(0.4687,-0.2500) rotation=0.0000 buttons=0x0 deviceID=19450
PEN t=12.7914 monitor=local type=mouseMoved subtype=1 eventTimestamp=191291.6398 eventNumber=0 absolute=(51787.0000,14908.0000,1023.0000) pressure=0.0000 tangentialPressure=0.0000 tilt=(0.4219,-0.2188) rotation=0.0000 buttons=0x0 deviceID=19450
PEN t=12.8037 monitor=local type=mouseMoved subtype=1 eventTimestamp=191291.6521 eventNumber=0 absolute=(51795.0000,14912.0000,1023.0000) pressure=0.0000 tangentialPressure=0.0000 tilt=(0.4219,-0.2188) rotation=0.0000 buttons=0x0 deviceID=19450
PEN t=12.8242 monitor=local type=mouseMoved subtype=1 eventTimestamp=191291.6726 eventNumber=0 absolute=(51806.0000,14926.0000,1023.0000) pressure=0.0000 tangentialPressure=0.0000 tilt=(0.4219,-0.1875) rotation=0.0000 buttons=0x0 deviceID=19450
PEN t=12.8409 monitor=local type=mouseMoved subtype=1 eventTimestamp=191291.6893 eventNumber=0 absolute=(51823.0000,14943.0000,974.0000) pressure=0.0000 tangentialPressure=0.0000 tilt=(0.4219,-0.1875) rotation=0.0000 buttons=0x0 deviceID=19450
PEN t=12.8475 monitor=local type=mouseMoved subtype=1 eventTimestamp=191291.6959 eventNumber=0 absolute=(51832.0000,14952.0000,974.0000) pressure=0.0000 tangentialPressure=0.0000 tilt=(0.4219,-0.1875) rotation=0.0000 buttons=0x0 deviceID=19450
PEN t=12.8574 monitor=local type=mouseMoved subtype=1 eventTimestamp=191291.7056 eventNumber=0 absolute=(51854.0000,14966.0000,930.0000) pressure=0.0000 tangentialPressure=0.0000 tilt=(0.4219,-0.1875) rotation=0.0000 buttons=0x0 deviceID=19450
PEN t=12.8661 monitor=local type=mouseMoved subtype=1 eventTimestamp=191291.7145 eventNumber=0 absolute=(51873.0000,14990.0000,886.0000) pressure=0.0000 tangentialPressure=0.0000 tilt=(0.4219,-0.1719) rotation=0.0000 buttons=0x0 deviceID=19450
PEN t=12.8696 monitor=local type=mouseMoved subtype=1 eventTimestamp=191291.7181 eventNumber=0 absolute=(51886.0000,14993.0000,842.0000) pressure=0.0000 tangentialPressure=0.0000 tilt=(0.4219,-0.1719) rotation=0.0000 buttons=0x0 deviceID=19450
PEN t=12.8752 monitor=local type=mouseMoved subtype=1 eventTimestamp=191291.7238 eventNumber=0 absolute=(51895.0000,14996.0000,798.0000) pressure=0.0000 tangentialPressure=0.0000 tilt=(0.4219,-0.1719) rotation=0.0000 buttons=0x0 deviceID=19450
PEN t=12.8829 monitor=local type=mouseMoved subtype=1 eventTimestamp=191291.7314 eventNumber=0 absolute=(51904.0000,15000.0000,798.0000) pressure=0.0000 tangentialPressure=0.0000 tilt=(0.4219,-0.1719) rotation=0.0000 buttons=0x0 deviceID=19450
PEN t=12.8871 monitor=local type=mouseMoved subtype=1 eventTimestamp=191291.7356 eventNumber=0 absolute=(51917.0000,15011.0000,754.0000) pressure=0.0000 tangentialPressure=0.0000 tilt=(0.4219,-0.1719) rotation=0.0000 buttons=0x0 deviceID=19450
PEN t=12.8977 monitor=local type=mouseMoved subtype=1 eventTimestamp=191291.7461 eventNumber=0 absolute=(51934.0000,15032.0000,710.0000) pressure=0.0000 tangentialPressure=0.0000 tilt=(0.4219,-0.1563) rotation=0.0000 buttons=0x0 deviceID=19450
PEN t=12.9032 monitor=local type=mouseMoved subtype=1 eventTimestamp=191291.7517 eventNumber=0 absolute=(51944.0000,15043.0000,665.0000) pressure=0.0000 tangentialPressure=0.0000 tilt=(0.4375,-0.1563) rotation=0.0000 buttons=0x0 deviceID=19450
PEN t=12.9078 monitor=local type=mouseMoved subtype=1 eventTimestamp=191291.7563 eventNumber=0 absolute=(51951.0000,15054.0000,621.0000) pressure=0.0000 tangentialPressure=0.0000 tilt=(0.4375,-0.1563) rotation=0.0000 buttons=0x0 deviceID=19450
PEN t=12.9161 monitor=local type=mouseMoved subtype=1 eventTimestamp=191291.7646 eventNumber=0 absolute=(51961.0000,15068.0000,621.0000) pressure=0.0000 tangentialPressure=0.0000 tilt=(0.4375,-0.1563) rotation=0.0000 buttons=0x0 deviceID=19450
PEN t=12.9185 monitor=local type=mouseMoved subtype=1 eventTimestamp=191291.7670 eventNumber=0 absolute=(51972.0000,15081.0000,577.0000) pressure=0.0000 tangentialPressure=0.0000 tilt=(0.4375,-0.1406) rotation=0.0000 buttons=0x0 deviceID=19450
PEN t=12.9253 monitor=local type=mouseMoved subtype=1 eventTimestamp=191291.7739 eventNumber=0 absolute=(51986.0000,15094.0000,577.0000) pressure=0.0000 tangentialPressure=0.0000 tilt=(0.4375,-0.1406) rotation=0.0000 buttons=0x0 deviceID=19450
PEN t=12.9327 monitor=local type=mouseMoved subtype=1 eventTimestamp=191291.7812 eventNumber=0 absolute=(51999.0000,15103.0000,533.0000) pressure=0.0000 tangentialPressure=0.0000 tilt=(0.4375,-0.1406) rotation=0.0000 buttons=0x0 deviceID=19450
PEN t=12.9369 monitor=local type=mouseMoved subtype=1 eventTimestamp=191291.7855 eventNumber=0 absolute=(52013.0000,15113.0000,533.0000) pressure=0.0000 tangentialPressure=0.0000 tilt=(0.4375,-0.1406) rotation=0.0000 buttons=0x0 deviceID=19450
PEN t=12.9476 monitor=local type=mouseMoved subtype=1 eventTimestamp=191291.7960 eventNumber=0 absolute=(52040.0000,15132.0000,485.0000) pressure=0.0000 tangentialPressure=0.0000 tilt=(0.4375,-0.1406) rotation=0.0000 buttons=0x0 deviceID=19450
PEN t=12.9529 monitor=local type=mouseMoved subtype=1 eventTimestamp=191291.8015 eventNumber=0 absolute=(52040.0000,15141.0000,441.0000) pressure=0.0000 tangentialPressure=0.0000 tilt=(0.4375,-0.1406) rotation=0.0000 buttons=0x0 deviceID=19450
PEN t=12.9644 monitor=local type=mouseMoved subtype=1 eventTimestamp=191291.8127 eventNumber=0 absolute=(52044.0000,15160.0000,441.0000) pressure=0.0000 tangentialPressure=0.0000 tilt=(0.4375,-0.1250) rotation=0.0000 buttons=0x0 deviceID=19450
PEN t=12.9688 monitor=local type=mouseMoved subtype=1 eventTimestamp=191291.8170 eventNumber=0 absolute=(52050.0000,15170.0000,397.0000) pressure=0.0000 tangentialPressure=0.0000 tilt=(0.4531,-0.1250) rotation=0.0000 buttons=0x0 deviceID=19450
PEN t=12.9808 monitor=local type=mouseMoved subtype=1 eventTimestamp=191291.8293 eventNumber=0 absolute=(52061.0000,15190.0000,397.0000) pressure=0.0000 tangentialPressure=0.0000 tilt=(0.4531,-0.1250) rotation=0.0000 buttons=0x0 deviceID=19450
PEN t=12.9903 monitor=local type=mouseMoved subtype=1 eventTimestamp=191291.8369 eventNumber=0 absolute=(52065.0000,15200.0000,397.0000) pressure=0.0000 tangentialPressure=0.0000 tilt=(0.4531,-0.1094) rotation=0.0000 buttons=0x0 deviceID=19450
PEN t=12.9980 monitor=local type=mouseMoved subtype=1 eventTimestamp=191291.8463 eventNumber=0 absolute=(52068.0000,15209.0000,397.0000) pressure=0.0000 tangentialPressure=0.0000 tilt=(0.4531,-0.1094) rotation=0.0000 buttons=0x0 deviceID=19450
PEN t=13.0046 monitor=local type=mouseMoved subtype=1 eventTimestamp=191291.8531 eventNumber=0 absolute=(52074.0000,15226.0000,397.0000) pressure=0.0000 tangentialPressure=0.0000 tilt=(0.4531,-0.1094) rotation=0.0000 buttons=0x0 deviceID=19450
PEN t=13.0157 monitor=local type=mouseMoved subtype=1 eventTimestamp=191291.8642 eventNumber=0 absolute=(52081.0000,15242.0000,397.0000) pressure=0.0000 tangentialPressure=0.0000 tilt=(0.4531,-0.1094) rotation=0.0000 buttons=0x0 deviceID=19450
PEN t=13.0255 monitor=local type=mouseMoved subtype=1 eventTimestamp=191291.8741 eventNumber=0 absolute=(52087.0000,15255.0000,397.0000) pressure=0.0000 tangentialPressure=0.0000 tilt=(0.4531,-0.1094) rotation=0.0000 buttons=0x0 deviceID=19450
PEN t=13.0409 monitor=local type=mouseMoved subtype=1 eventTimestamp=191291.8894 eventNumber=0 absolute=(52098.0000,15272.0000,397.0000) pressure=0.0000 tangentialPressure=0.0000 tilt=(0.4531,-0.1094) rotation=0.0000 buttons=0x0 deviceID=19450
PEN t=13.0575 monitor=local type=mouseMoved subtype=1 eventTimestamp=191291.9059 eventNumber=0 absolute=(52112.0000,15283.0000,397.0000) pressure=0.0000 tangentialPressure=0.0000 tilt=(0.4687,-0.1094) rotation=0.0000 buttons=0x0 deviceID=19450
PEN t=13.0755 monitor=local type=mouseMoved subtype=1 eventTimestamp=191291.9240 eventNumber=0 absolute=(52126.0000,15293.0000,353.0000) pressure=0.0000 tangentialPressure=0.0000 tilt=(0.4687,-0.1094) rotation=0.0000 buttons=0x0 deviceID=19450
PEN t=13.0898 monitor=local type=mouseMoved subtype=1 eventTimestamp=191291.9366 eventNumber=0 absolute=(52132.0000,15298.0000,353.0000) pressure=0.0000 tangentialPressure=0.0000 tilt=(0.4687,-0.1094) rotation=0.0000 buttons=0x0 deviceID=19450
PEN t=13.1075 monitor=local type=mouseMoved subtype=1 eventTimestamp=191291.9560 eventNumber=0 absolute=(52142.0000,15315.0000,308.0000) pressure=0.0000 tangentialPressure=0.0000 tilt=(0.4687,-0.1094) rotation=0.0000 buttons=0x0 deviceID=19450
PEN t=13.1252 monitor=local type=mouseMoved subtype=1 eventTimestamp=191291.9737 eventNumber=0 absolute=(52146.0000,15329.0000,264.0000) pressure=0.0000 tangentialPressure=0.0000 tilt=(0.4687,-0.1094) rotation=0.0000 buttons=0x0 deviceID=19450
PEN t=13.1407 monitor=local type=mouseMoved subtype=1 eventTimestamp=191291.9892 eventNumber=0 absolute=(52151.0000,15343.0000,176.0000) pressure=0.0000 tangentialPressure=0.0000 tilt=(0.4687,-0.1094) rotation=0.0000 buttons=0x0 deviceID=19450
PEN t=13.1572 monitor=local type=mouseMoved subtype=1 eventTimestamp=191292.0057 eventNumber=0 absolute=(52162.0000,15359.0000,88.0000) pressure=0.0000 tangentialPressure=0.0000 tilt=(0.4844,-0.1094) rotation=0.0000 buttons=0x0 deviceID=19450
PEN t=13.1697 monitor=local type=mouseMoved subtype=1 eventTimestamp=191292.0180 eventNumber=0 absolute=(52171.0000,15370.0000,0.0000) pressure=0.0000 tangentialPressure=0.0000 tilt=(0.4844,-0.1094) rotation=0.0000 buttons=0x0 deviceID=19450
PEN t=13.1801 monitor=local type=mouseMoved subtype=1 eventTimestamp=191292.0244 eventNumber=0 absolute=(52177.0000,15376.0000,0.0000) pressure=0.0000 tangentialPressure=0.0000 tilt=(0.4844,-0.1250) rotation=0.0000 buttons=0x0 deviceID=19450
PEN t=13.1871 monitor=local type=mouseMoved subtype=1 eventTimestamp=191292.0356 eventNumber=0 absolute=(52199.0000,15397.0000,0.0000) pressure=0.0000 tangentialPressure=0.0000 tilt=(0.4844,-0.1250) rotation=0.0000 buttons=0x0 deviceID=19450
PEN t=13.1910 monitor=local type=mouseMoved subtype=1 eventTimestamp=191292.0395 eventNumber=0 absolute=(52212.0000,15410.0000,0.0000) pressure=0.0000 tangentialPressure=0.0000 tilt=(0.4844,-0.1250) rotation=0.0000 buttons=0x0 deviceID=19450
PEN t=13.1973 monitor=local type=mouseMoved subtype=1 eventTimestamp=191292.0457 eventNumber=0 absolute=(52224.0000,15422.0000,0.0000) pressure=0.0000 tangentialPressure=0.0000 tilt=(0.4844,-0.1406) rotation=0.0000 buttons=0x0 deviceID=19450
PEN t=13.1996 monitor=global type=leftMouseDown subtype=1 eventTimestamp=191292.0458 eventNumber=168 absolute=(52224.0000,15422.0000,0.0000) pressure=0.3451 tangentialPressure=0.0000 tilt=(0.4844,-0.1406) rotation=0.0000 buttons=0x1 deviceID=19450
PEN t=13.2544 monitor=global type=leftMouseDragged subtype=1 eventTimestamp=191292.1032 eventNumber=0 absolute=(52238.0000,15436.0000,0.0000) pressure=0.5490 tangentialPressure=0.0000 tilt=(0.4844,-0.1719) rotation=0.0000 buttons=0x1 deviceID=19450
PEN t=13.2918 monitor=global type=leftMouseUp subtype=1 eventTimestamp=191292.1403 eventNumber=168 absolute=(52238.0000,15436.0000,0.0000) pressure=0.0000 tangentialPressure=0.0000 tilt=(0.5000,-0.1563) rotation=0.0000 buttons=0x0 deviceID=19450
PEN t=13.3570 monitor=global type=mouseMoved subtype=1 eventTimestamp=191292.1904 eventNumber=0 absolute=(52224.0000,15422.0000,0.0000) pressure=0.0000 tangentialPressure=0.0000 tilt=(0.5000,-0.1563) rotation=0.0000 buttons=0x0 deviceID=19450
PEN t=13.3571 monitor=global type=mouseMoved subtype=1 eventTimestamp=191292.2025 eventNumber=0 absolute=(52353.0000,15242.0000,553.0000) pressure=0.0000 tangentialPressure=0.0000 tilt=(0.4687,-0.1094) rotation=0.0000 buttons=0x0 deviceID=19450
PEN t=13.3573 monitor=global type=mouseMoved subtype=1 eventTimestamp=191292.2035 eventNumber=0 absolute=(52364.0000,15186.0000,766.0000) pressure=0.0000 tangentialPressure=0.0000 tilt=(0.4687,-0.1094) rotation=0.0000 buttons=0x0 deviceID=19450
PEN t=13.3588 monitor=global type=mouseMoved subtype=1 eventTimestamp=191292.2075 eventNumber=0 absolute=(52384.0000,15150.0000,850.0000) pressure=0.0000 tangentialPressure=0.0000 tilt=(0.4687,-0.1094) rotation=0.0000 buttons=0x0 deviceID=19450
PEN t=13.3658 monitor=global type=mouseMoved subtype=1 eventTimestamp=191292.2142 eventNumber=0 absolute=(52405.0000,15116.0000,934.0000) pressure=0.0000 tangentialPressure=0.0000 tilt=(0.4687,-0.0938) rotation=0.0000 buttons=0x0 deviceID=19450
PEN t=13.3671 monitor=global type=mouseMoved subtype=1 eventTimestamp=191292.2159 eventNumber=0 absolute=(52434.0000,15032.0000,1023.0000) pressure=0.0000 tangentialPressure=0.0000 tilt=(0.4531,-0.0781) rotation=0.0000 buttons=0x0 deviceID=19450
PEN t=13.3712 monitor=global type=mouseMoved subtype=1 eventTimestamp=191292.2195 eventNumber=0 absolute=(52463.0000,14996.0000,1023.0000) pressure=0.0000 tangentialPressure=0.0000 tilt=(0.4531,-0.0781) rotation=0.0000 buttons=0x0 deviceID=19450
PEN t=13.3814 monitor=global type=mouseMoved subtype=1 eventTimestamp=191292.2298 eventNumber=0 absolute=(52482.0000,14955.0000,1023.0000) pressure=0.0000 tangentialPressure=0.0000 tilt=(0.4531,-0.0781) rotation=0.0000 buttons=0x0 deviceID=19450
PROXIMITY t=13.3837 monitor=global type=tabletProximity subtype=0 eventTimestamp=191292.2327 eventNumber=0 entering=false deviceType=pen deviceID=19450 pointingDeviceID=0 systemTabletID=1 tabletID=849 uniqueID=79448682544951 vendorID=1386 vendorType=2114 capabilities=0x17c7
PROXIMITY t=13.3842 monitor=global type=mouseMoved subtype=2 eventTimestamp=191292.2329 eventNumber=0 entering=false deviceType=pen deviceID=19450 pointingDeviceID=0 systemTabletID=1 tabletID=849 uniqueID=79448682544951 vendorID=1386 vendorType=2114 capabilities=0x17c7
PROXIMITY t=15.8289 monitor=global type=tabletProximity subtype=0 eventTimestamp=191294.6740 eventNumber=0 entering=true deviceType=pen deviceID=19450 pointingDeviceID=0 systemTabletID=1 tabletID=849 uniqueID=79448682544951 vendorID=1386 vendorType=2114 capabilities=0x17c7
PROXIMITY t=15.8290 monitor=global type=mouseMoved subtype=2 eventTimestamp=191294.6743 eventNumber=0 entering=true deviceType=pen deviceID=19450 pointingDeviceID=0 systemTabletID=1 tabletID=849 uniqueID=79448682544951 vendorID=1386 vendorType=2114 capabilities=0x17c7
PEN t=15.8324 monitor=global type=mouseMoved subtype=1 eventTimestamp=191294.6811 eventNumber=0 absolute=(613.0000,15303.0000,978.0000) pressure=0.0000 tangentialPressure=0.0000 tilt=(0.1093,0.0156) rotation=0.0000 buttons=0x0 deviceID=19450
PEN t=15.8410 monitor=global type=mouseMoved subtype=1 eventTimestamp=191294.6893 eventNumber=0 absolute=(613.0000,15314.0000,850.0000) pressure=0.0000 tangentialPressure=0.0000 tilt=(0.1093,0.0156) rotation=0.0000 buttons=0x0 deviceID=19450
PEN t=15.8468 monitor=global type=mouseMoved subtype=1 eventTimestamp=191294.6953 eventNumber=0 absolute=(615.0000,15327.0000,766.0000) pressure=0.0000 tangentialPressure=0.0000 tilt=(0.1250,0.0156) rotation=0.0000 buttons=0x0 deviceID=19450
PEN t=15.8576 monitor=global type=mouseMoved subtype=1 eventTimestamp=191294.7060 eventNumber=0 absolute=(643.0000,15368.0000,682.0000) pressure=0.0000 tangentialPressure=0.0000 tilt=(0.1406,0.0000) rotation=0.0000 buttons=0x0 deviceID=19450
PEN t=15.8643 monitor=global type=mouseMoved subtype=1 eventTimestamp=191294.7128 eventNumber=0 absolute=(648.0000,15400.0000,509.0000) pressure=0.0000 tangentialPressure=0.0000 tilt=(0.1406,-0.0156) rotation=0.0000 buttons=0x0 deviceID=19450
PEN t=15.8664 monitor=global type=mouseMoved subtype=1 eventTimestamp=191294.7147 eventNumber=0 absolute=(678.0000,15430.0000,341.0000) pressure=0.0000 tangentialPressure=0.0000 tilt=(0.1250,-0.0156) rotation=0.0000 buttons=0x0 deviceID=19450
PEN t=15.8710 monitor=global type=mouseMoved subtype=1 eventTimestamp=191294.7194 eventNumber=0 absolute=(706.0000,15453.0000,168.0000) pressure=0.0000 tangentialPressure=0.0000 tilt=(0.1250,-0.0313) rotation=0.0000 buttons=0x0 deviceID=19450
PEN t=15.8746 monitor=global type=mouseMoved subtype=1 eventTimestamp=191294.7232 eventNumber=0 absolute=(712.0000,15467.0000,0.0000) pressure=0.0000 tangentialPressure=0.0000 tilt=(0.1093,-0.0313) rotation=0.0000 buttons=0x0 deviceID=19450
PEN t=15.8807 monitor=global type=mouseMoved subtype=1 eventTimestamp=191294.7293 eventNumber=0 absolute=(712.0000,15474.0000,0.0000) pressure=0.0000 tangentialPressure=0.0000 tilt=(0.1093,-0.0313) rotation=0.0000 buttons=0x0 deviceID=19450
PEN t=15.8897 monitor=global type=leftMouseDown subtype=1 eventTimestamp=191294.7304 eventNumber=169 absolute=(712.0000,15474.0000,0.0000) pressure=0.3922 tangentialPressure=0.0000 tilt=(0.1093,-0.0313) rotation=0.0000 buttons=0x1 deviceID=19450
PEN t=15.9334 monitor=global type=leftMouseDragged subtype=1 eventTimestamp=191294.7786 eventNumber=0 absolute=(741.0000,15446.0000,0.0000) pressure=0.2745 tangentialPressure=0.0000 tilt=(0.0781,-0.0938) rotation=0.0000 buttons=0x1 deviceID=19450
PEN t=15.9481 monitor=global type=leftMouseUp subtype=1 eventTimestamp=191294.7951 eventNumber=169 absolute=(747.0000,15443.0000,0.0000) pressure=0.0000 tangentialPressure=0.0000 tilt=(0.0781,-0.0938) rotation=0.0000 buttons=0x0 deviceID=19450
PEN t=15.9590 monitor=global type=mouseMoved subtype=1 eventTimestamp=191294.8077 eventNumber=0 absolute=(752.0000,15426.0000,0.0000) pressure=0.0000 tangentialPressure=0.0000 tilt=(0.0781,-0.0938) rotation=0.0000 buttons=0x0 deviceID=19450
PEN t=15.9651 monitor=global type=mouseMoved subtype=1 eventTimestamp=191294.8136 eventNumber=0 absolute=(739.0000,15405.0000,220.0000) pressure=0.0000 tangentialPressure=0.0000 tilt=(0.0781,-0.0625) rotation=0.0000 buttons=0x0 deviceID=19450
PEN t=15.9655 monitor=global type=mouseMoved subtype=1 eventTimestamp=191294.8142 eventNumber=0 absolute=(719.0000,15388.0000,397.0000) pressure=0.0000 tangentialPressure=0.0000 tilt=(0.0781,-0.0469) rotation=0.0000 buttons=0x0 deviceID=19450
PEN t=15.9680 monitor=global type=mouseMoved subtype=1 eventTimestamp=191294.8166 eventNumber=0 absolute=(702.0000,15367.0000,533.0000) pressure=0.0000 tangentialPressure=0.0000 tilt=(0.0781,-0.0469) rotation=0.0000 buttons=0x0 deviceID=19450
PEN t=15.9739 monitor=global type=mouseMoved subtype=1 eventTimestamp=191294.8225 eventNumber=0 absolute=(702.0000,15334.0000,710.0000) pressure=0.0000 tangentialPressure=0.0000 tilt=(0.0781,-0.0313) rotation=0.0000 buttons=0x0 deviceID=19450
PEN t=15.9751 monitor=global type=mouseMoved subtype=1 eventTimestamp=191294.8237 eventNumber=0 absolute=(682.0000,15296.0000,798.0000) pressure=0.0000 tangentialPressure=0.0000 tilt=(0.0937,-0.0156) rotation=0.0000 buttons=0x0 deviceID=19450
PEN t=15.9821 monitor=global type=mouseMoved subtype=1 eventTimestamp=191294.8306 eventNumber=0 absolute=(684.0000,15258.0000,886.0000) pressure=0.0000 tangentialPressure=0.0000 tilt=(0.0937,-0.0156) rotation=0.0000 buttons=0x0 deviceID=19450
PEN t=15.9907 monitor=global type=mouseMoved subtype=1 eventTimestamp=191294.8393 eventNumber=0 absolute=(690.0000,15223.0000,974.0000) pressure=0.0000 tangentialPressure=0.0000 tilt=(0.0937,-0.0156) rotation=0.0000 buttons=0x0 deviceID=19450
PEN t=15.9960 monitor=global type=mouseMoved subtype=1 eventTimestamp=191294.8414 eventNumber=0 absolute=(697.0000,15191.0000,974.0000) pressure=0.0000 tangentialPressure=0.0000 tilt=(0.0937,0.0000) rotation=0.0000 buttons=0x0 deviceID=19450
PEN t=15.9985 monitor=global type=mouseMoved subtype=1 eventTimestamp=191294.8472 eventNumber=0 absolute=(695.0000,15159.0000,1023.0000) pressure=0.0000 tangentialPressure=0.0000 tilt=(0.1093,0.0000) rotation=0.0000 buttons=0x0 deviceID=19450
PEN t=16.0123 monitor=global type=mouseMoved subtype=1 eventTimestamp=191294.8566 eventNumber=0 absolute=(695.0000,15133.0000,1023.0000) pressure=0.0000 tangentialPressure=0.0000 tilt=(0.1093,0.0000) rotation=0.0000 buttons=0x0 deviceID=19450
PEN t=16.0155 monitor=global type=mouseMoved subtype=1 eventTimestamp=191294.8640 eventNumber=0 absolute=(739.0000,15080.0000,1023.0000) pressure=0.0000 tangentialPressure=0.0000 tilt=(0.1093,0.0156) rotation=0.0000 buttons=0x0 deviceID=19450
PROXIMITY t=16.0165 monitor=global type=tabletProximity subtype=0 eventTimestamp=191294.8654 eventNumber=0 entering=false deviceType=pen deviceID=19450 pointingDeviceID=0 systemTabletID=1 tabletID=849 uniqueID=79448682544951 vendorID=1386 vendorType=2114 capabilities=0x17c7
PROXIMITY t=16.0168 monitor=global type=mouseMoved subtype=2 eventTimestamp=191294.8656 eventNumber=0 entering=false deviceType=pen deviceID=19450 pointingDeviceID=0 systemTabletID=1 tabletID=849 uniqueID=79448682544951 vendorID=1386 vendorType=2114 capabilities=0x17c7
PROXIMITY t=18.5983 monitor=global type=tabletProximity subtype=0 eventTimestamp=191297.4472 eventNumber=0 entering=true deviceType=pen deviceID=19450 pointingDeviceID=0 systemTabletID=1 tabletID=849 uniqueID=79448682544951 vendorID=1386 vendorType=2114 capabilities=0x17c7
PROXIMITY t=18.5995 monitor=global type=mouseMoved subtype=2 eventTimestamp=191297.4482 eventNumber=0 entering=true deviceType=pen deviceID=19450 pointingDeviceID=0 systemTabletID=1 tabletID=849 uniqueID=79448682544951 vendorID=1386 vendorType=2114 capabilities=0x17c7
PEN t=18.6077 monitor=global type=mouseMoved subtype=1 eventTimestamp=191297.4557 eventNumber=0 absolute=(27027.0000,8191.0000,1023.0000) pressure=0.0000 tangentialPressure=0.0000 tilt=(0.2500,-0.1719) rotation=0.0000 buttons=0x0 deviceID=19450
PEN t=18.6243 monitor=global type=mouseMoved subtype=1 eventTimestamp=191297.4718 eventNumber=0 absolute=(27036.0000,8195.0000,1023.0000) pressure=0.0000 tangentialPressure=0.0000 tilt=(0.2500,-0.1719) rotation=0.0000 buttons=0x0 deviceID=19450
PEN t=18.6410 monitor=global type=mouseMoved subtype=1 eventTimestamp=191297.4888 eventNumber=0 absolute=(27055.0000,8208.0000,1023.0000) pressure=0.0000 tangentialPressure=0.0000 tilt=(0.2500,-0.1563) rotation=0.0000 buttons=0x0 deviceID=19450
PEN t=18.6561 monitor=global type=mouseMoved subtype=1 eventTimestamp=191297.4990 eventNumber=0 absolute=(27066.0000,8216.0000,1023.0000) pressure=0.0000 tangentialPressure=0.0000 tilt=(0.2500,-0.1563) rotation=0.0000 buttons=0x0 deviceID=19450
PEN t=18.6646 monitor=global type=mouseMoved subtype=1 eventTimestamp=191297.5116 eventNumber=0 absolute=(27071.0000,8219.0000,1023.0000) pressure=0.0000 tangentialPressure=0.0000 tilt=(0.2500,-0.1563) rotation=0.0000 buttons=0x0 deviceID=19450
PEN t=18.6837 monitor=global type=mouseMoved subtype=1 eventTimestamp=191297.5322 eventNumber=0 absolute=(27090.0000,8233.0000,1023.0000) pressure=0.0000 tangentialPressure=0.0000 tilt=(0.2344,-0.1563) rotation=0.0000 buttons=0x0 deviceID=19450
PEN t=18.6909 monitor=global type=mouseMoved subtype=1 eventTimestamp=191297.5394 eventNumber=0 absolute=(27104.0000,8242.0000,1023.0000) pressure=0.0000 tangentialPressure=0.0000 tilt=(0.2344,-0.1563) rotation=0.0000 buttons=0x0 deviceID=19450
PEN t=18.6987 monitor=global type=mouseMoved subtype=1 eventTimestamp=191297.5474 eventNumber=0 absolute=(27109.0000,8252.0000,1023.0000) pressure=0.0000 tangentialPressure=0.0000 tilt=(0.2344,-0.1563) rotation=0.0000 buttons=0x0 deviceID=19450
PEN t=18.7124 monitor=global type=mouseMoved subtype=1 eventTimestamp=191297.5573 eventNumber=0 absolute=(27120.0000,8258.0000,1023.0000) pressure=0.0000 tangentialPressure=0.0000 tilt=(0.2344,-0.1563) rotation=0.0000 buttons=0x0 deviceID=19450
PEN t=18.7200 monitor=global type=mouseMoved subtype=1 eventTimestamp=191297.5686 eventNumber=0 absolute=(27139.0000,8264.0000,1023.0000) pressure=0.0000 tangentialPressure=0.0000 tilt=(0.2344,-0.1563) rotation=0.0000 buttons=0x0 deviceID=19450
PEN t=18.7237 monitor=global type=mouseMoved subtype=1 eventTimestamp=191297.5724 eventNumber=0 absolute=(27148.0000,8270.0000,1023.0000) pressure=0.0000 tangentialPressure=0.0000 tilt=(0.2344,-0.1563) rotation=0.0000 buttons=0x0 deviceID=19450
PEN t=18.7344 monitor=global type=mouseMoved subtype=1 eventTimestamp=191297.5829 eventNumber=0 absolute=(27168.0000,8280.0000,1023.0000) pressure=0.0000 tangentialPressure=0.0000 tilt=(0.2187,-0.1563) rotation=0.0000 buttons=0x0 deviceID=19450
PEN t=18.7405 monitor=global type=mouseMoved subtype=1 eventTimestamp=191297.5891 eventNumber=0 absolute=(27180.0000,8285.0000,1023.0000) pressure=0.0000 tangentialPressure=0.0000 tilt=(0.2344,-0.1563) rotation=0.0000 buttons=0x0 deviceID=19450
PEN t=18.7514 monitor=global type=mouseMoved subtype=1 eventTimestamp=191297.5999 eventNumber=0 absolute=(27200.0000,8295.0000,1023.0000) pressure=0.0000 tangentialPressure=0.0000 tilt=(0.2187,-0.1563) rotation=0.0000 buttons=0x0 deviceID=19450
PEN t=18.7687 monitor=global type=mouseMoved subtype=1 eventTimestamp=191297.6170 eventNumber=0 absolute=(27230.0000,8306.0000,1023.0000) pressure=0.0000 tangentialPressure=0.0000 tilt=(0.2187,-0.1563) rotation=0.0000 buttons=0x0 deviceID=19450
PEN t=18.7895 monitor=global type=mouseMoved subtype=1 eventTimestamp=191297.6328 eventNumber=0 absolute=(27256.0000,8313.0000,1023.0000) pressure=0.0000 tangentialPressure=0.0000 tilt=(0.2344,-0.1563) rotation=0.0000 buttons=0x0 deviceID=19450
PEN t=18.8148 monitor=global type=mouseMoved subtype=1 eventTimestamp=191297.6634 eventNumber=0 absolute=(27282.0000,8320.0000,1023.0000) pressure=0.0000 tangentialPressure=0.0000 tilt=(0.2344,-0.1563) rotation=0.0000 buttons=0x0 deviceID=19450
PEN t=18.8181 monitor=global type=mouseMoved subtype=1 eventTimestamp=191297.6665 eventNumber=0 absolute=(27284.0000,8321.0000,1023.0000) pressure=0.0000 tangentialPressure=0.0000 tilt=(0.2344,-0.1563) rotation=0.0000 buttons=0x0 deviceID=19450
PEN t=18.8658 monitor=global type=mouseMoved subtype=1 eventTimestamp=191297.7135 eventNumber=0 absolute=(27284.0000,8318.0000,1023.0000) pressure=0.0000 tangentialPressure=0.0000 tilt=(0.2344,-0.1563) rotation=0.0000 buttons=0x0 deviceID=19450
PEN t=18.8896 monitor=global type=mouseMoved subtype=1 eventTimestamp=191297.7330 eventNumber=0 absolute=(27282.0000,8302.0000,930.0000) pressure=0.0000 tangentialPressure=0.0000 tilt=(0.2344,-0.1563) rotation=0.0000 buttons=0x0 deviceID=19450
PEN t=18.9023 monitor=global type=mouseMoved subtype=1 eventTimestamp=191297.7507 eventNumber=0 absolute=(27297.0000,8291.0000,886.0000) pressure=0.0000 tangentialPressure=0.0000 tilt=(0.2344,-0.1563) rotation=0.0000 buttons=0x0 deviceID=19450
PEN t=18.9150 monitor=global type=mouseMoved subtype=1 eventTimestamp=191297.7636 eventNumber=0 absolute=(27314.0000,8284.0000,798.0000) pressure=0.0000 tangentialPressure=0.0000 tilt=(0.2344,-0.1563) rotation=0.0000 buttons=0x0 deviceID=19450
PEN t=18.9312 monitor=global type=mouseMoved subtype=1 eventTimestamp=191297.7797 eventNumber=0 absolute=(27347.0000,8281.0000,665.0000) pressure=0.0000 tangentialPressure=0.0000 tilt=(0.2344,-0.1563) rotation=0.0000 buttons=0x0 deviceID=19450
PEN t=18.9419 monitor=global type=mouseMoved subtype=1 eventTimestamp=191297.7894 eventNumber=0 absolute=(27375.0000,8284.0000,533.0000) pressure=0.0000 tangentialPressure=0.0000 tilt=(0.2344,-0.1563) rotation=0.0000 buttons=0x0 deviceID=19450
PEN t=18.9533 monitor=global type=mouseMoved subtype=1 eventTimestamp=191297.7986 eventNumber=0 absolute=(27394.0000,8289.0000,441.0000) pressure=0.0000 tangentialPressure=0.0000 tilt=(0.2344,-0.1563) rotation=0.0000 buttons=0x0 deviceID=19450
PEN t=18.9570 monitor=global type=mouseMoved subtype=1 eventTimestamp=191297.8056 eventNumber=0 absolute=(27416.0000,8293.0000,397.0000) pressure=0.0000 tangentialPressure=0.0000 tilt=(0.2344,-0.1563) rotation=0.0000 buttons=0x0 deviceID=19450
PEN t=18.9626 monitor=global type=mouseMoved subtype=1 eventTimestamp=191297.8080 eventNumber=0 absolute=(27443.0000,8295.0000,308.0000) pressure=0.0000 tangentialPressure=0.0000 tilt=(0.2344,-0.1563) rotation=0.0000 buttons=0x0 deviceID=19450
PEN t=18.9648 monitor=global type=mouseMoved subtype=1 eventTimestamp=191297.8134 eventNumber=0 absolute=(27471.0000,8295.0000,220.0000) pressure=0.0000 tangentialPressure=0.0000 tilt=(0.2344,-0.1563) rotation=0.0000 buttons=0x0 deviceID=19450
PEN t=18.9691 monitor=global type=mouseMoved subtype=1 eventTimestamp=191297.8171 eventNumber=0 absolute=(27502.0000,8294.0000,132.0000) pressure=0.0000 tangentialPressure=0.0000 tilt=(0.2344,-0.1563) rotation=0.0000 buttons=0x0 deviceID=19450
PEN t=18.9731 monitor=global type=mouseMoved subtype=1 eventTimestamp=191297.8200 eventNumber=0 absolute=(27523.0000,8291.0000,44.0000) pressure=0.0000 tangentialPressure=0.0000 tilt=(0.2344,-0.1563) rotation=0.0000 buttons=0x0 deviceID=19450
PEN t=18.9820 monitor=global type=mouseMoved subtype=1 eventTimestamp=191297.8306 eventNumber=0 absolute=(27543.0000,8289.0000,0.0000) pressure=0.0000 tangentialPressure=0.0000 tilt=(0.2344,-0.1563) rotation=0.0000 buttons=0x0 deviceID=19450
PEN t=18.9864 monitor=global type=mouseMoved subtype=1 eventTimestamp=191297.8348 eventNumber=0 absolute=(27558.0000,8284.0000,0.0000) pressure=0.0000 tangentialPressure=0.0000 tilt=(0.2344,-0.1563) rotation=0.0000 buttons=0x0 deviceID=19450
PEN t=18.9997 monitor=global type=mouseMoved subtype=1 eventTimestamp=191297.8475 eventNumber=0 absolute=(27564.0000,8270.0000,0.0000) pressure=0.0000 tangentialPressure=0.0000 tilt=(0.2344,-0.1563) rotation=0.0000 buttons=0x0 deviceID=19450
PEN t=19.0076 monitor=global type=leftMouseDown subtype=1 eventTimestamp=191297.8496 eventNumber=170 absolute=(27564.0000,8270.0000,0.0000) pressure=0.3216 tangentialPressure=0.0000 tilt=(0.2344,-0.1563) rotation=0.0000 buttons=0x1 deviceID=19450
PEN t=19.0163 monitor=global type=leftMouseDragged subtype=1 eventTimestamp=191297.8648 eventNumber=0 absolute=(27549.0000,8234.0000,0.0000) pressure=0.6000 tangentialPressure=0.0000 tilt=(0.2344,-0.1563) rotation=0.0000 buttons=0x1 deviceID=19450
PEN t=19.0246 monitor=global type=leftMouseDragged subtype=1 eventTimestamp=191297.8724 eventNumber=0 absolute=(27548.0000,8228.0000,0.0000) pressure=0.6314 tangentialPressure=0.0000 tilt=(0.2344,-0.1563) rotation=0.0000 buttons=0x1 deviceID=19450
PEN t=19.0395 monitor=global type=leftMouseDragged subtype=1 eventTimestamp=191297.8883 eventNumber=0 absolute=(27535.0000,8217.0000,0.0000) pressure=0.6471 tangentialPressure=0.0000 tilt=(0.2344,-0.1563) rotation=0.0000 buttons=0x1 deviceID=19450
PEN t=19.0565 monitor=global type=leftMouseDragged subtype=1 eventTimestamp=191297.9053 eventNumber=0 absolute=(27524.0000,8214.0000,0.0000) pressure=0.6196 tangentialPressure=0.0000 tilt=(0.2344,-0.1563) rotation=0.0000 buttons=0x1 deviceID=19450
PEN t=19.0736 monitor=global type=leftMouseDragged subtype=1 eventTimestamp=191297.9224 eventNumber=0 absolute=(27496.0000,8216.0000,0.0000) pressure=0.4784 tangentialPressure=0.0000 tilt=(0.2344,-0.1563) rotation=0.0000 buttons=0x1 deviceID=19450
PEN t=19.0834 monitor=global type=leftMouseDragged subtype=1 eventTimestamp=191297.9306 eventNumber=0 absolute=(27466.0000,8221.0000,0.0000) pressure=0.1294 tangentialPressure=0.0000 tilt=(0.2344,-0.1563) rotation=0.0000 buttons=0x1 deviceID=19450
PEN t=19.0841 monitor=global type=leftMouseUp subtype=1 eventTimestamp=191297.9328 eventNumber=170 absolute=(27466.0000,8221.0000,0.0000) pressure=0.0000 tangentialPressure=0.0000 tilt=(0.2344,-0.1563) rotation=0.0000 buttons=0x0 deviceID=19450
PEN t=19.0873 monitor=global type=mouseMoved subtype=1 eventTimestamp=191297.9359 eventNumber=0 absolute=(27426.0000,8222.0000,36.0000) pressure=0.0000 tangentialPressure=0.0000 tilt=(0.2187,-0.1563) rotation=0.0000 buttons=0x0 deviceID=19450
PEN t=19.0926 monitor=global type=mouseMoved subtype=1 eventTimestamp=191297.9400 eventNumber=0 absolute=(27404.0000,8222.0000,76.0000) pressure=0.0000 tangentialPressure=0.0000 tilt=(0.2187,-0.1563) rotation=0.0000 buttons=0x0 deviceID=19450
PEN t=19.1277 monitor=local type=mouseMoved subtype=1 eventTimestamp=191297.9560 eventNumber=0 absolute=(27390.0000,8218.0000,156.0000) pressure=0.0000 tangentialPressure=0.0000 tilt=(0.2187,-0.1563) rotation=0.0000 buttons=0x0 deviceID=19450
PEN t=19.1417 monitor=local type=mouseMoved subtype=1 eventTimestamp=191297.9901 eventNumber=0 absolute=(27362.0000,8205.0000,353.0000) pressure=0.0000 tangentialPressure=0.0000 tilt=(0.2187,-0.1563) rotation=0.0000 buttons=0x0 deviceID=19450
PEN t=19.1654 monitor=local type=mouseMoved subtype=1 eventTimestamp=191298.0140 eventNumber=0 absolute=(27364.0000,8198.0000,942.0000) pressure=0.0000 tangentialPressure=0.0000 tilt=(0.2187,-0.1563) rotation=0.0000 buttons=0x0 deviceID=19450
PEN t=19.1657 monitor=local type=mouseMoved subtype=1 eventTimestamp=191298.0144 eventNumber=0 absolute=(27366.0000,8190.0000,1023.0000) pressure=0.0000 tangentialPressure=0.0000 tilt=(0.1875,-0.1563) rotation=0.0000 buttons=0x0 deviceID=19450
PROXIMITY t=19.1659 monitor=local type=tabletProximity subtype=0 eventTimestamp=191298.0148 eventNumber=0 entering=false deviceType=pen deviceID=19450 pointingDeviceID=0 systemTabletID=1 tabletID=849 uniqueID=79448682544951 vendorID=1386 vendorType=2114 capabilities=0x17c7
PROXIMITY t=19.1664 monitor=local type=mouseMoved subtype=2 eventTimestamp=191298.0151 eventNumber=0 entering=false deviceType=pen deviceID=19450 pointingDeviceID=0 systemTabletID=1 tabletID=849 uniqueID=79448682544951 vendorID=1386 vendorType=2114 capabilities=0x17c7
PROXIMITY t=22.2206 monitor=local type=tabletProximity subtype=0 eventTimestamp=191301.0693 eventNumber=0 entering=true deviceType=pen deviceID=19450 pointingDeviceID=0 systemTabletID=1 tabletID=849 uniqueID=79448682544951 vendorID=1386 vendorType=2114 capabilities=0x17c7
PROXIMITY t=22.2231 monitor=local type=mouseMoved subtype=2 eventTimestamp=191301.0697 eventNumber=0 entering=true deviceType=pen deviceID=19450 pointingDeviceID=0 systemTabletID=1 tabletID=849 uniqueID=79448682544951 vendorID=1386 vendorType=2114 capabilities=0x17c7
PEN t=22.2291 monitor=local type=mouseMoved subtype=1 eventTimestamp=191301.0742 eventNumber=0 absolute=(27573.0000,8212.0000,1023.0000) pressure=0.0000 tangentialPressure=0.0000 tilt=(0.2656,-0.2500) rotation=0.0000 buttons=0x0 deviceID=19450
PEN t=22.2665 monitor=local type=mouseMoved subtype=1 eventTimestamp=191301.1143 eventNumber=0 absolute=(27567.0000,8204.0000,1023.0000) pressure=0.0000 tangentialPressure=0.0000 tilt=(0.2344,-0.2500) rotation=0.0000 buttons=0x0 deviceID=19450
PEN t=22.3079 monitor=local type=mouseMoved subtype=1 eventTimestamp=191301.1558 eventNumber=0 absolute=(27554.0000,8189.0000,942.0000) pressure=0.0000 tangentialPressure=0.0000 tilt=(0.2344,-0.2500) rotation=0.0000 buttons=0x0 deviceID=19450
PEN t=22.3245 monitor=local type=mouseMoved subtype=1 eventTimestamp=191301.1730 eventNumber=0 absolute=(27541.0000,8174.0000,902.0000) pressure=0.0000 tangentialPressure=0.0000 tilt=(0.2344,-0.2500) rotation=0.0000 buttons=0x0 deviceID=19450
PEN t=22.3406 monitor=local type=mouseMoved subtype=1 eventTimestamp=191301.1889 eventNumber=0 absolute=(27532.0000,8157.0000,862.0000) pressure=0.0000 tangentialPressure=0.0000 tilt=(0.2344,-0.2500) rotation=0.0000 buttons=0x0 deviceID=19450
PEN t=22.3520 monitor=local type=mouseMoved subtype=1 eventTimestamp=191301.2002 eventNumber=0 absolute=(27527.0000,8148.0000,786.0000) pressure=0.0000 tangentialPressure=0.0000 tilt=(0.2344,-0.2500) rotation=0.0000 buttons=0x0 deviceID=19450
PEN t=22.3570 monitor=local type=mouseMoved subtype=1 eventTimestamp=191301.2055 eventNumber=0 absolute=(27526.0000,8143.0000,786.0000) pressure=0.0000 tangentialPressure=0.0000 tilt=(0.2344,-0.2500) rotation=0.0000 buttons=0x0 deviceID=19450
PEN t=22.3687 monitor=local type=mouseMoved subtype=1 eventTimestamp=191301.2158 eventNumber=0 absolute=(27526.0000,8131.0000,746.0000) pressure=0.0000 tangentialPressure=0.0000 tilt=(0.2344,-0.2500) rotation=0.0000 buttons=0x0 deviceID=19450
PEN t=22.3753 monitor=local type=mouseMoved subtype=1 eventTimestamp=191301.2232 eventNumber=0 absolute=(27528.0000,8126.0000,746.0000) pressure=0.0000 tangentialPressure=0.0000 tilt=(0.2344,-0.2500) rotation=0.0000 buttons=0x0 deviceID=19450
PEN t=22.3856 monitor=local type=mouseMoved subtype=1 eventTimestamp=191301.2342 eventNumber=0 absolute=(27537.0000,8115.0000,746.0000) pressure=0.0000 tangentialPressure=0.0000 tilt=(0.2344,-0.2500) rotation=0.0000 buttons=0x0 deviceID=19450
PEN t=22.3978 monitor=local type=mouseMoved subtype=1 eventTimestamp=191301.2456 eventNumber=0 absolute=(27545.0000,8101.0000,786.0000) pressure=0.0000 tangentialPressure=0.0000 tilt=(0.2187,-0.2500) rotation=0.0000 buttons=0x0 deviceID=19450
PEN t=22.4080 monitor=local type=mouseMoved subtype=1 eventTimestamp=191301.2562 eventNumber=0 absolute=(27558.0000,8091.0000,786.0000) pressure=0.0000 tangentialPressure=0.0000 tilt=(0.2187,-0.2500) rotation=0.0000 buttons=0x0 deviceID=19450
PEN t=22.4163 monitor=local type=mouseMoved subtype=1 eventTimestamp=191301.2645 eventNumber=0 absolute=(27564.0000,8082.0000,822.0000) pressure=0.0000 tangentialPressure=0.0000 tilt=(0.2187,-0.2500) rotation=0.0000 buttons=0x0 deviceID=19450
PEN t=22.4183 monitor=local type=mouseMoved subtype=1 eventTimestamp=191301.2668 eventNumber=0 absolute=(27569.0000,8074.0000,822.0000) pressure=0.0000 tangentialPressure=0.0000 tilt=(0.2187,-0.2500) rotation=0.0000 buttons=0x0 deviceID=19450
PEN t=22.4398 monitor=local type=mouseMoved subtype=1 eventTimestamp=191301.2863 eventNumber=0 absolute=(27584.0000,8055.0000,902.0000) pressure=0.0000 tangentialPressure=0.0000 tilt=(0.2187,-0.2500) rotation=0.0000 buttons=0x0 deviceID=19450
PEN t=22.4532 monitor=local type=mouseMoved subtype=1 eventTimestamp=191301.2998 eventNumber=0 absolute=(27591.0000,8043.0000,902.0000) pressure=0.0000 tangentialPressure=0.0000 tilt=(0.2187,-0.2500) rotation=0.0000 buttons=0x0 deviceID=19450
PEN t=22.4633 monitor=local type=mouseMoved subtype=1 eventTimestamp=191301.3117 eventNumber=0 absolute=(27595.0000,8017.0000,942.0000) pressure=0.0000 tangentialPressure=0.0000 tilt=(0.2187,-0.2500) rotation=0.0000 buttons=0x0 deviceID=19450
PEN t=22.4674 monitor=local type=mouseMoved subtype=1 eventTimestamp=191301.3160 eventNumber=0 absolute=(27602.0000,7998.0000,942.0000) pressure=0.0000 tangentialPressure=0.0000 tilt=(0.2187,-0.2500) rotation=0.0000 buttons=0x0 deviceID=19450
PEN t=22.4732 monitor=local type=mouseMoved subtype=1 eventTimestamp=191301.3201 eventNumber=0 absolute=(27608.0000,7978.0000,942.0000) pressure=0.0000 tangentialPressure=0.0000 tilt=(0.2187,-0.2500) rotation=0.0000 buttons=0x0 deviceID=19450
PEN t=22.4819 monitor=local type=mouseMoved subtype=1 eventTimestamp=191301.3304 eventNumber=0 absolute=(27610.0000,7955.0000,982.0000) pressure=0.0000 tangentialPressure=0.0000 tilt=(0.2187,-0.2500) rotation=0.0000 buttons=0x0 deviceID=19450
PEN t=22.4846 monitor=local type=mouseMoved subtype=1 eventTimestamp=191301.3333 eventNumber=0 absolute=(27614.0000,7930.0000,982.0000) pressure=0.0000 tangentialPressure=0.0000 tilt=(0.2187,-0.2344) rotation=0.0000 buttons=0x0 deviceID=19450
PEN t=22.4900 monitor=local type=mouseMoved subtype=1 eventTimestamp=191301.3364 eventNumber=0 absolute=(27620.0000,7918.0000,982.0000) pressure=0.0000 tangentialPressure=0.0000 tilt=(0.2187,-0.2344) rotation=0.0000 buttons=0x0 deviceID=19450
PEN t=22.4978 monitor=local type=mouseMoved subtype=1 eventTimestamp=191301.3458 eventNumber=0 absolute=(27625.0000,7905.0000,982.0000) pressure=0.0000 tangentialPressure=0.0000 tilt=(0.2187,-0.2344) rotation=0.0000 buttons=0x0 deviceID=19450
PEN t=22.5025 monitor=local type=mouseMoved subtype=1 eventTimestamp=191301.3511 eventNumber=0 absolute=(27627.0000,7890.0000,1023.0000) pressure=0.0000 tangentialPressure=0.0000 tilt=(0.2187,-0.2344) rotation=0.0000 buttons=0x0 deviceID=19450
PEN t=22.5079 monitor=local type=mouseMoved subtype=1 eventTimestamp=191301.3556 eventNumber=0 absolute=(27633.0000,7877.0000,1023.0000) pressure=0.0000 tangentialPressure=0.0000 tilt=(0.2187,-0.2500) rotation=0.0000 buttons=0x0 deviceID=19450
PEN t=22.5134 monitor=local type=mouseMoved subtype=1 eventTimestamp=191301.3619 eventNumber=0 absolute=(27638.0000,7863.0000,1023.0000) pressure=0.0000 tangentialPressure=0.0000 tilt=(0.2187,-0.2344) rotation=0.0000 buttons=0x0 deviceID=19450
PEN t=22.5210 monitor=local type=mouseMoved subtype=1 eventTimestamp=191301.3690 eventNumber=0 absolute=(27644.0000,7847.0000,1023.0000) pressure=0.0000 tangentialPressure=0.0000 tilt=(0.2187,-0.2344) rotation=0.0000 buttons=0x0 deviceID=19450
PEN t=22.5248 monitor=local type=mouseMoved subtype=1 eventTimestamp=191301.3734 eventNumber=0 absolute=(27649.0000,7831.0000,1023.0000) pressure=0.0000 tangentialPressure=0.0000 tilt=(0.2187,-0.2344) rotation=0.0000 buttons=0x0 deviceID=19450
PEN t=22.5310 monitor=local type=mouseMoved subtype=1 eventTimestamp=191301.3795 eventNumber=0 absolute=(27653.0000,7816.0000,1023.0000) pressure=0.0000 tangentialPressure=0.0000 tilt=(0.2187,-0.2344) rotation=0.0000 buttons=0x0 deviceID=19450
PEN t=22.5360 monitor=local type=mouseMoved subtype=1 eventTimestamp=191301.3829 eventNumber=0 absolute=(27663.0000,7803.0000,982.0000) pressure=0.0000 tangentialPressure=0.0000 tilt=(0.2187,-0.2344) rotation=0.0000 buttons=0x0 deviceID=19450
PEN t=22.5406 monitor=local type=mouseMoved subtype=1 eventTimestamp=191301.3891 eventNumber=0 absolute=(27666.0000,7789.0000,982.0000) pressure=0.0000 tangentialPressure=0.0000 tilt=(0.2187,-0.2344) rotation=0.0000 buttons=0x0 deviceID=19450
PEN t=22.5480 monitor=local type=mouseMoved subtype=1 eventTimestamp=191301.3966 eventNumber=0 absolute=(27671.0000,7776.0000,982.0000) pressure=0.0000 tangentialPressure=0.0000 tilt=(0.2187,-0.2344) rotation=0.0000 buttons=0x0 deviceID=19450
PEN t=22.5504 monitor=local type=mouseMoved subtype=1 eventTimestamp=191301.3991 eventNumber=0 absolute=(27673.0000,7764.0000,982.0000) pressure=0.0000 tangentialPressure=0.0000 tilt=(0.2187,-0.2344) rotation=0.0000 buttons=0x0 deviceID=19450
PEN t=22.5571 monitor=local type=mouseMoved subtype=1 eventTimestamp=191301.4056 eventNumber=0 absolute=(27675.0000,7751.0000,982.0000) pressure=0.0000 tangentialPressure=0.0000 tilt=(0.2187,-0.2344) rotation=0.0000 buttons=0x0 deviceID=19450
PEN t=22.5643 monitor=local type=mouseMoved subtype=1 eventTimestamp=191301.4123 eventNumber=0 absolute=(27677.0000,7738.0000,942.0000) pressure=0.0000 tangentialPressure=0.0000 tilt=(0.2187,-0.2344) rotation=0.0000 buttons=0x0 deviceID=19450
PEN t=22.5685 monitor=local type=mouseMoved subtype=1 eventTimestamp=191301.4170 eventNumber=0 absolute=(27677.0000,7725.0000,942.0000) pressure=0.0000 tangentialPressure=0.0000 tilt=(0.2187,-0.2344) rotation=0.0000 buttons=0x0 deviceID=19450
PEN t=22.5730 monitor=local type=mouseMoved subtype=1 eventTimestamp=191301.4199 eventNumber=0 absolute=(27679.0000,7713.0000,942.0000) pressure=0.0000 tangentialPressure=0.0000 tilt=(0.2187,-0.2344) rotation=0.0000 buttons=0x0 deviceID=19450
PEN t=22.5866 monitor=local type=mouseMoved subtype=1 eventTimestamp=191301.4333 eventNumber=0 absolute=(27681.0000,7692.0000,902.0000) pressure=0.0000 tangentialPressure=0.0000 tilt=(0.2187,-0.2344) rotation=0.0000 buttons=0x0 deviceID=19450
PEN t=22.5905 monitor=local type=mouseMoved subtype=1 eventTimestamp=191301.4389 eventNumber=0 absolute=(27681.0000,7682.0000,902.0000) pressure=0.0000 tangentialPressure=0.0000 tilt=(0.2187,-0.2344) rotation=0.0000 buttons=0x0 deviceID=19450
PEN t=22.6019 monitor=local type=mouseMoved subtype=1 eventTimestamp=191301.4493 eventNumber=0 absolute=(27681.0000,7664.0000,862.0000) pressure=0.0000 tangentialPressure=0.0000 tilt=(0.2187,-0.2500) rotation=0.0000 buttons=0x0 deviceID=19450
PEN t=22.6154 monitor=local type=mouseMoved subtype=1 eventTimestamp=191301.4632 eventNumber=0 absolute=(27681.0000,7651.0000,862.0000) pressure=0.0000 tangentialPressure=0.0000 tilt=(0.2187,-0.2500) rotation=0.0000 buttons=0x0 deviceID=19450
PEN t=22.6329 monitor=local type=mouseMoved subtype=1 eventTimestamp=191301.4814 eventNumber=0 absolute=(27686.0000,7635.0000,786.0000) pressure=0.0000 tangentialPressure=0.0000 tilt=(0.2187,-0.2500) rotation=0.0000 buttons=0x0 deviceID=19450
PEN t=22.6489 monitor=local type=mouseMoved subtype=1 eventTimestamp=191301.4973 eventNumber=0 absolute=(27694.0000,7628.0000,706.0000) pressure=0.0000 tangentialPressure=0.0000 tilt=(0.2187,-0.2500) rotation=0.0000 buttons=0x0 deviceID=19450
PEN t=22.6510 monitor=local type=mouseMoved subtype=1 eventTimestamp=191301.4992 eventNumber=0 absolute=(27700.0000,7626.0000,665.0000) pressure=0.0000 tangentialPressure=0.0000 tilt=(0.2187,-0.2500) rotation=0.0000 buttons=0x0 deviceID=19450
PEN t=22.6707 monitor=local type=mouseMoved subtype=1 eventTimestamp=191301.5188 eventNumber=0 absolute=(27718.0000,7612.0000,589.0000) pressure=0.0000 tangentialPressure=0.0000 tilt=(0.2187,-0.2500) rotation=0.0000 buttons=0x0 deviceID=19450
PEN t=22.6736 monitor=local type=mouseMoved subtype=1 eventTimestamp=191301.5222 eventNumber=0 absolute=(27724.0000,7610.0000,549.0000) pressure=0.0000 tangentialPressure=0.0000 tilt=(0.2187,-0.2500) rotation=0.0000 buttons=0x0 deviceID=19450
PEN t=22.6905 monitor=local type=mouseMoved subtype=1 eventTimestamp=191301.5388 eventNumber=0 absolute=(27755.0000,7596.0000,429.0000) pressure=0.0000 tangentialPressure=0.0000 tilt=(0.2187,-0.2500) rotation=0.0000 buttons=0x0 deviceID=19450
PEN t=22.6999 monitor=local type=mouseMoved subtype=1 eventTimestamp=191301.5479 eventNumber=0 absolute=(27781.0000,7582.0000,393.0000) pressure=0.0000 tangentialPressure=0.0000 tilt=(0.2187,-0.2500) rotation=0.0000 buttons=0x0 deviceID=19450
PEN t=22.7139 monitor=local type=mouseMoved subtype=1 eventTimestamp=191301.5617 eventNumber=0 absolute=(27802.0000,7568.0000,312.0000) pressure=0.0000 tangentialPressure=0.0000 tilt=(0.2187,-0.2500) rotation=0.0000 buttons=0x0 deviceID=19450
PEN t=22.7185 monitor=local type=mouseMoved subtype=1 eventTimestamp=191301.5670 eventNumber=0 absolute=(27810.0000,7563.0000,312.0000) pressure=0.0000 tangentialPressure=0.0000 tilt=(0.2187,-0.2500) rotation=0.0000 buttons=0x0 deviceID=19450
PEN t=22.7395 monitor=local type=mouseMoved subtype=1 eventTimestamp=191301.5859 eventNumber=0 absolute=(27834.0000,7555.0000,232.0000) pressure=0.0000 tangentialPressure=0.0000 tilt=(0.2187,-0.2500) rotation=0.0000 buttons=0x0 deviceID=19450
PEN t=22.7415 monitor=local type=mouseMoved subtype=1 eventTimestamp=191301.5901 eventNumber=0 absolute=(27843.0000,7554.0000,196.0000) pressure=0.0000 tangentialPressure=0.0000 tilt=(0.2187,-0.2500) rotation=0.0000 buttons=0x0 deviceID=19450
PEN t=22.7506 monitor=local type=mouseMoved subtype=1 eventTimestamp=191301.5989 eventNumber=0 absolute=(27861.0000,7550.0000,156.0000) pressure=0.0000 tangentialPressure=0.0000 tilt=(0.2187,-0.2500) rotation=0.0000 buttons=0x0 deviceID=19450
PEN t=22.7680 monitor=local type=mouseMoved subtype=1 eventTimestamp=191301.6159 eventNumber=0 absolute=(27890.0000,7549.0000,116.0000) pressure=0.0000 tangentialPressure=0.0000 tilt=(0.2187,-0.2500) rotation=0.0000 buttons=0x0 deviceID=19450
PEN t=22.7838 monitor=local type=mouseMoved subtype=1 eventTimestamp=191301.6318 eventNumber=0 absolute=(27914.0000,7549.0000,36.0000) pressure=0.0000 tangentialPressure=0.0000 tilt=(0.2187,-0.2500) rotation=0.0000 buttons=0x0 deviceID=19450
PEN t=22.8073 monitor=local type=mouseMoved subtype=1 eventTimestamp=191301.6554 eventNumber=0 absolute=(27936.0000,7557.0000,0.0000) pressure=0.0000 tangentialPressure=0.0000 tilt=(0.2187,-0.2500) rotation=0.0000 buttons=0x0 deviceID=19450
PEN t=22.8149 monitor=local type=mouseMoved subtype=1 eventTimestamp=191301.6633 eventNumber=0 absolute=(27940.0000,7560.0000,0.0000) pressure=0.0000 tangentialPressure=0.0000 tilt=(0.2187,-0.2500) rotation=0.0000 buttons=0x0 deviceID=19450
PEN t=22.8413 monitor=local type=mouseMoved subtype=1 eventTimestamp=191301.6897 eventNumber=0 absolute=(27958.0000,7571.0000,0.0000) pressure=0.0000 tangentialPressure=0.0000 tilt=(0.2344,-0.2500) rotation=0.0000 buttons=0x0 deviceID=19450
PEN t=22.8627 monitor=global type=leftMouseDown subtype=1 eventTimestamp=191301.7056 eventNumber=171 absolute=(27961.0000,7573.0000,0.0000) pressure=0.0431 tangentialPressure=0.0000 tilt=(0.2344,-0.2500) rotation=0.0000 buttons=0x1 deviceID=19450
PEN t=22.9017 monitor=global type=leftMouseDragged subtype=1 eventTimestamp=191301.7490 eventNumber=0 absolute=(28013.0000,7557.0000,0.0000) pressure=0.1255 tangentialPressure=0.0000 tilt=(0.2344,-0.2500) rotation=0.0000 buttons=0x1 deviceID=19450
PEN t=22.9085 monitor=global type=leftMouseDragged subtype=1 eventTimestamp=191301.7557 eventNumber=0 absolute=(28022.0000,7554.0000,0.0000) pressure=0.1294 tangentialPressure=0.0000 tilt=(0.2344,-0.2500) rotation=0.0000 buttons=0x1 deviceID=19450
PEN t=22.9249 monitor=global type=leftMouseDragged subtype=1 eventTimestamp=191301.7728 eventNumber=0 absolute=(28051.0000,7544.0000,0.0000) pressure=0.1294 tangentialPressure=0.0000 tilt=(0.2344,-0.2500) rotation=0.0000 buttons=0x1 deviceID=19450
PEN t=22.9484 monitor=global type=leftMouseDragged subtype=1 eventTimestamp=191301.7962 eventNumber=0 absolute=(28082.0000,7541.0000,0.0000) pressure=0.1255 tangentialPressure=0.0000 tilt=(0.2344,-0.2500) rotation=0.0000 buttons=0x1 deviceID=19450
PEN t=22.9525 monitor=global type=leftMouseDragged subtype=1 eventTimestamp=191301.7994 eventNumber=0 absolute=(28087.0000,7540.0000,0.0000) pressure=0.1255 tangentialPressure=0.0000 tilt=(0.2344,-0.2500) rotation=0.0000 buttons=0x1 deviceID=19450
PEN t=23.0356 monitor=global type=leftMouseDragged subtype=1 eventTimestamp=191301.8844 eventNumber=0 absolute=(28097.0000,7541.0000,0.0000) pressure=0.1529 tangentialPressure=0.0000 tilt=(0.2344,-0.2500) rotation=0.0000 buttons=0x1 deviceID=19450
PEN t=23.0685 monitor=global type=leftMouseDragged subtype=1 eventTimestamp=191301.9159 eventNumber=0 absolute=(28104.0000,7548.0000,0.0000) pressure=0.1569 tangentialPressure=0.0000 tilt=(0.2344,-0.2500) rotation=0.0000 buttons=0x1 deviceID=19450
PEN t=23.1851 monitor=global type=leftMouseDragged subtype=1 eventTimestamp=191302.0329 eventNumber=0 absolute=(28127.0000,7555.0000,0.0000) pressure=0.1686 tangentialPressure=0.0000 tilt=(0.2344,-0.2500) rotation=0.0000 buttons=0x1 deviceID=19450
PEN t=23.2241 monitor=global type=leftMouseDragged subtype=1 eventTimestamp=191302.0723 eventNumber=0 absolute=(28128.0000,7554.0000,0.0000) pressure=0.1804 tangentialPressure=0.0000 tilt=(0.2344,-0.2500) rotation=0.0000 buttons=0x1 deviceID=19450
PEN t=23.2567 monitor=global type=leftMouseDragged subtype=1 eventTimestamp=191302.1033 eventNumber=0 absolute=(28127.0000,7540.0000,0.0000) pressure=0.2392 tangentialPressure=0.0000 tilt=(0.2344,-0.2500) rotation=0.0000 buttons=0x1 deviceID=19450
PEN t=23.2907 monitor=global type=leftMouseDragged subtype=1 eventTimestamp=191302.1390 eventNumber=0 absolute=(28115.0000,7525.0000,0.0000) pressure=0.2627 tangentialPressure=0.0000 tilt=(0.2344,-0.2500) rotation=0.0000 buttons=0x1 deviceID=19450
PEN t=23.3243 monitor=global type=leftMouseDragged subtype=1 eventTimestamp=191302.1722 eventNumber=0 absolute=(28102.0000,7516.0000,0.0000) pressure=0.3020 tangentialPressure=0.0000 tilt=(0.2344,-0.2500) rotation=0.0000 buttons=0x1 deviceID=19450
PEN t=23.3482 monitor=global type=leftMouseDragged subtype=1 eventTimestamp=191302.1970 eventNumber=0 absolute=(28072.0000,7512.0000,0.0000) pressure=0.3725 tangentialPressure=0.0000 tilt=(0.2344,-0.2500) rotation=0.0000 buttons=0x1 deviceID=19450
PEN t=23.3633 monitor=global type=leftMouseDragged subtype=1 eventTimestamp=191302.2122 eventNumber=0 absolute=(28045.0000,7517.0000,0.0000) pressure=0.3961 tangentialPressure=0.0000 tilt=(0.2500,-0.2500) rotation=0.0000 buttons=0x1 deviceID=19450
PEN t=23.3805 monitor=global type=leftMouseDragged subtype=1 eventTimestamp=191302.2288 eventNumber=0 absolute=(28017.0000,7523.0000,0.0000) pressure=0.4118 tangentialPressure=0.0000 tilt=(0.2500,-0.2500) rotation=0.0000 buttons=0x1 deviceID=19450
PEN t=23.3906 monitor=global type=leftMouseDragged subtype=1 eventTimestamp=191302.2388 eventNumber=0 absolute=(28004.0000,7527.0000,0.0000) pressure=0.4275 tangentialPressure=0.0000 tilt=(0.2500,-0.2500) rotation=0.0000 buttons=0x1 deviceID=19450
PEN t=23.4078 monitor=global type=leftMouseDragged subtype=1 eventTimestamp=191302.2556 eventNumber=0 absolute=(27994.0000,7528.0000,0.0000) pressure=0.4510 tangentialPressure=0.0000 tilt=(0.2500,-0.2500) rotation=0.0000 buttons=0x1 deviceID=19450
PEN t=23.4480 monitor=global type=leftMouseDragged subtype=1 eventTimestamp=191302.2960 eventNumber=0 absolute=(27994.0000,7528.0000,0.0000) pressure=0.4941 tangentialPressure=0.0000 tilt=(0.2500,-0.2500) rotation=0.0000 buttons=0x1 deviceID=19450
PEN t=23.4632 monitor=global type=leftMouseDragged subtype=1 eventTimestamp=191302.3120 eventNumber=0 absolute=(27994.0000,7524.0000,0.0000) pressure=0.5059 tangentialPressure=0.0000 tilt=(0.2500,-0.2500) rotation=0.0000 buttons=0x1 deviceID=19450
PEN t=23.4753 monitor=global type=leftMouseDragged subtype=1 eventTimestamp=191302.3232 eventNumber=0 absolute=(27994.0000,7519.0000,0.0000) pressure=0.5137 tangentialPressure=0.0000 tilt=(0.2500,-0.2500) rotation=0.0000 buttons=0x1 deviceID=19450
PEN t=23.5585 monitor=global type=leftMouseDragged subtype=1 eventTimestamp=191302.4064 eventNumber=0 absolute=(27979.0000,7511.0000,0.0000) pressure=0.5882 tangentialPressure=0.0000 tilt=(0.2500,-0.2344) rotation=0.0000 buttons=0x1 deviceID=19450
PEN t=23.7143 monitor=global type=leftMouseDragged subtype=1 eventTimestamp=191302.5622 eventNumber=0 absolute=(27966.0000,7499.0000,0.0000) pressure=0.7333 tangentialPressure=0.0000 tilt=(0.2500,-0.2188) rotation=0.0000 buttons=0x1 deviceID=19450
PEN t=23.7293 monitor=global type=leftMouseDragged subtype=1 eventTimestamp=191302.5744 eventNumber=0 absolute=(27966.0000,7497.0000,0.0000) pressure=0.7373 tangentialPressure=0.0000 tilt=(0.2500,-0.2188) rotation=0.0000 buttons=0x1 deviceID=19450
PEN t=23.9820 monitor=global type=leftMouseDragged subtype=1 eventTimestamp=191302.8302 eventNumber=0 absolute=(27968.0000,7490.0000,0.0000) pressure=0.8549 tangentialPressure=0.0000 tilt=(0.2500,-0.2031) rotation=0.0000 buttons=0x1 deviceID=19450
PEN t=24.0140 monitor=global type=leftMouseDragged subtype=1 eventTimestamp=191302.8620 eventNumber=0 absolute=(27966.0000,7484.0000,0.0000) pressure=0.8706 tangentialPressure=0.0000 tilt=(0.2500,-0.2031) rotation=0.0000 buttons=0x1 deviceID=19450
PEN t=24.0229 monitor=global type=leftMouseDragged subtype=1 eventTimestamp=191302.8701 eventNumber=0 absolute=(27963.0000,7481.0000,0.0000) pressure=0.8706 tangentialPressure=0.0000 tilt=(0.2500,-0.2031) rotation=0.0000 buttons=0x1 deviceID=19450
PEN t=24.0518 monitor=global type=leftMouseDragged subtype=1 eventTimestamp=191302.8994 eventNumber=0 absolute=(27938.0000,7464.0000,0.0000) pressure=0.8745 tangentialPressure=0.0000 tilt=(0.2500,-0.2031) rotation=0.0000 buttons=0x1 deviceID=19450
PEN t=24.0678 monitor=global type=leftMouseDragged subtype=1 eventTimestamp=191302.9159 eventNumber=0 absolute=(27923.0000,7450.0000,0.0000) pressure=0.8745 tangentialPressure=0.0000 tilt=(0.2500,-0.2031) rotation=0.0000 buttons=0x1 deviceID=19450
PEN t=24.0906 monitor=global type=leftMouseDragged subtype=1 eventTimestamp=191302.9388 eventNumber=0 absolute=(27912.0000,7437.0000,0.0000) pressure=0.8745 tangentialPressure=0.0000 tilt=(0.2500,-0.2031) rotation=0.0000 buttons=0x1 deviceID=19450
PEN t=24.1371 monitor=global type=leftMouseDragged subtype=1 eventTimestamp=191302.9859 eventNumber=0 absolute=(27910.0000,7426.0000,0.0000) pressure=0.8980 tangentialPressure=0.0000 tilt=(0.2500,-0.2031) rotation=0.0000 buttons=0x1 deviceID=19450
PEN t=24.1401 monitor=global type=leftMouseDragged subtype=1 eventTimestamp=191302.9890 eventNumber=0 absolute=(27910.0000,7423.0000,0.0000) pressure=0.9020 tangentialPressure=0.0000 tilt=(0.2500,-0.2031) rotation=0.0000 buttons=0x1 deviceID=19450
PEN t=24.1573 monitor=global type=leftMouseDragged subtype=1 eventTimestamp=191303.0055 eventNumber=0 absolute=(27906.0000,7409.0000,0.0000) pressure=0.9020 tangentialPressure=0.0000 tilt=(0.2500,-0.2031) rotation=0.0000 buttons=0x1 deviceID=19450
PEN t=24.1899 monitor=global type=leftMouseDragged subtype=1 eventTimestamp=191303.0386 eventNumber=0 absolute=(27897.0000,7395.0000,0.0000) pressure=0.9020 tangentialPressure=0.0000 tilt=(0.2500,-0.2031) rotation=0.0000 buttons=0x1 deviceID=19450
PEN t=24.2573 monitor=global type=leftMouseDragged subtype=1 eventTimestamp=191303.1053 eventNumber=0 absolute=(27895.0000,7380.0000,0.0000) pressure=0.9294 tangentialPressure=0.0000 tilt=(0.2344,-0.2031) rotation=0.0000 buttons=0x1 deviceID=19450
PEN t=24.6255 monitor=global type=leftMouseDragged subtype=1 eventTimestamp=191303.4734 eventNumber=0 absolute=(27899.0000,7366.0000,0.0000) pressure=1.0000 tangentialPressure=0.0000 tilt=(0.2344,-0.2031) rotation=0.0000 buttons=0x1 deviceID=19450
PEN t=24.6899 monitor=global type=leftMouseDragged subtype=1 eventTimestamp=191303.5387 eventNumber=0 absolute=(27897.0000,7351.0000,0.0000) pressure=1.0000 tangentialPressure=0.0000 tilt=(0.2344,-0.2031) rotation=0.0000 buttons=0x1 deviceID=19450
PEN t=25.3205 monitor=global type=leftMouseDragged subtype=1 eventTimestamp=191304.1690 eventNumber=0 absolute=(27893.0000,7337.0000,0.0000) pressure=1.0000 tangentialPressure=0.0000 tilt=(0.2344,-0.2031) rotation=0.0000 buttons=0x1 deviceID=19450
PEN t=25.5414 monitor=global type=leftMouseDragged subtype=1 eventTimestamp=191304.3898 eventNumber=0 absolute=(27884.0000,7330.0000,0.0000) pressure=1.0000 tangentialPressure=0.0000 tilt=(0.2187,-0.2031) rotation=0.0000 buttons=0x1 deviceID=19450
PEN t=26.2350 monitor=global type=leftMouseDragged subtype=1 eventTimestamp=191305.0820 eventNumber=0 absolute=(27879.0000,7323.0000,0.0000) pressure=1.0000 tangentialPressure=0.0000 tilt=(0.2187,-0.2031) rotation=0.0000 buttons=0x1 deviceID=19450
PEN t=26.5738 monitor=global type=leftMouseDragged subtype=1 eventTimestamp=191305.4221 eventNumber=0 absolute=(27861.0000,7309.0000,0.0000) pressure=1.0000 tangentialPressure=0.0000 tilt=(0.2187,-0.1875) rotation=0.0000 buttons=0x1 deviceID=19450
PEN t=26.9404 monitor=global type=leftMouseDragged subtype=1 eventTimestamp=191305.7886 eventNumber=0 absolute=(27854.0000,7296.0000,0.0000) pressure=1.0000 tangentialPressure=0.0000 tilt=(0.2187,-0.1875) rotation=0.0000 buttons=0x1 deviceID=19450
PEN t=26.9480 monitor=global type=leftMouseDragged subtype=1 eventTimestamp=191305.7962 eventNumber=0 absolute=(27851.0000,7292.0000,0.0000) pressure=1.0000 tangentialPressure=0.0000 tilt=(0.2187,-0.1875) rotation=0.0000 buttons=0x1 deviceID=19450
PEN t=26.9643 monitor=global type=leftMouseDragged subtype=1 eventTimestamp=191305.8125 eventNumber=0 absolute=(27822.0000,7271.0000,0.0000) pressure=1.0000 tangentialPressure=0.0000 tilt=(0.2187,-0.1875) rotation=0.0000 buttons=0x1 deviceID=19450
PEN t=26.9671 monitor=global type=leftMouseDragged subtype=1 eventTimestamp=191305.8156 eventNumber=0 absolute=(27802.0000,7259.0000,0.0000) pressure=1.0000 tangentialPressure=0.0000 tilt=(0.2187,-0.1875) rotation=0.0000 buttons=0x1 deviceID=19450
PEN t=26.9750 monitor=global type=leftMouseDragged subtype=1 eventTimestamp=191305.8234 eventNumber=0 absolute=(27780.0000,7246.0000,0.0000) pressure=1.0000 tangentialPressure=0.0000 tilt=(0.2187,-0.1875) rotation=0.0000 buttons=0x1 deviceID=19450
PEN t=26.9803 monitor=global type=leftMouseDragged subtype=1 eventTimestamp=191305.8291 eventNumber=0 absolute=(27755.0000,7233.0000,0.0000) pressure=1.0000 tangentialPressure=0.0000 tilt=(0.2187,-0.1875) rotation=0.0000 buttons=0x1 deviceID=19450
PEN t=26.9875 monitor=global type=leftMouseDragged subtype=1 eventTimestamp=191305.8364 eventNumber=0 absolute=(27731.0000,7222.0000,0.0000) pressure=0.9804 tangentialPressure=0.0000 tilt=(0.2187,-0.1875) rotation=0.0000 buttons=0x1 deviceID=19450
PEN t=26.9902 monitor=global type=leftMouseDragged subtype=1 eventTimestamp=191305.8390 eventNumber=0 absolute=(27707.0000,7213.0000,0.0000) pressure=0.9529 tangentialPressure=0.0000 tilt=(0.2187,-0.1875) rotation=0.0000 buttons=0x1 deviceID=19450
PEN t=26.9984 monitor=global type=leftMouseDragged subtype=1 eventTimestamp=191305.8472 eventNumber=0 absolute=(27677.0000,7204.0000,0.0000) pressure=0.8235 tangentialPressure=0.0000 tilt=(0.2187,-0.1875) rotation=0.0000 buttons=0x1 deviceID=19450
PEN t=26.9995 monitor=global type=leftMouseDragged subtype=1 eventTimestamp=191305.8484 eventNumber=0 absolute=(27656.0000,7197.0000,0.0000) pressure=0.7098 tangentialPressure=0.0000 tilt=(0.2187,-0.1875) rotation=0.0000 buttons=0x1 deviceID=19450
PEN t=27.0021 monitor=global type=leftMouseDragged subtype=1 eventTimestamp=191305.8510 eventNumber=0 absolute=(27627.0000,7185.0000,0.0000) pressure=0.4039 tangentialPressure=0.0000 tilt=(0.2187,-0.1875) rotation=0.0000 buttons=0x1 deviceID=19450
PEN t=27.0079 monitor=global type=leftMouseUp subtype=1 eventTimestamp=191305.8557 eventNumber=171 absolute=(27627.0000,7185.0000,0.0000) pressure=0.0000 tangentialPressure=0.0000 tilt=(0.2187,-0.1875) rotation=0.0000 buttons=0x0 deviceID=19450
PEN t=27.0160 monitor=local type=mouseMoved subtype=1 eventTimestamp=191305.8640 eventNumber=0 absolute=(27569.0000,7153.0000,120.0000) pressure=0.0000 tangentialPressure=0.0000 tilt=(0.2031,-0.1875) rotation=0.0000 buttons=0x0 deviceID=19450
PEN t=27.0240 monitor=local type=mouseMoved subtype=1 eventTimestamp=191305.8723 eventNumber=0 absolute=(27483.0000,7094.0000,529.0000) pressure=0.0000 tangentialPressure=0.0000 tilt=(0.2031,-0.1875) rotation=0.0000 buttons=0x0 deviceID=19450
PEN t=27.0330 monitor=local type=mouseMoved subtype=1 eventTimestamp=191305.8812 eventNumber=0 absolute=(27433.0000,7062.0000,734.0000) pressure=0.0000 tangentialPressure=0.0000 tilt=(0.2031,-0.1875) rotation=0.0000 buttons=0x0 deviceID=19450
PEN t=27.0353 monitor=local type=mouseMoved subtype=1 eventTimestamp=191305.8840 eventNumber=0 absolute=(27394.0000,7036.0000,898.0000) pressure=0.0000 tangentialPressure=0.0000 tilt=(0.2031,-0.1875) rotation=0.0000 buttons=0x0 deviceID=19450
PEN t=27.0401 monitor=local type=mouseMoved subtype=1 eventTimestamp=191305.8887 eventNumber=0 absolute=(27357.0000,7013.0000,978.0000) pressure=0.0000 tangentialPressure=0.0000 tilt=(0.2031,-0.1875) rotation=0.0000 buttons=0x0 deviceID=19450
PROXIMITY t=27.0466 monitor=local type=tabletProximity subtype=0 eventTimestamp=191305.8955 eventNumber=0 entering=false deviceType=pen deviceID=19450 pointingDeviceID=0 systemTabletID=1 tabletID=849 uniqueID=79448682544951 vendorID=1386 vendorType=2114 capabilities=0x17c7
PROXIMITY t=27.0472 monitor=local type=mouseMoved subtype=2 eventTimestamp=191305.8958 eventNumber=0 entering=false deviceType=pen deviceID=19450 pointingDeviceID=0 systemTabletID=1 tabletID=849 uniqueID=79448682544951 vendorID=1386 vendorType=2114 capabilities=0x17c7
PROXIMITY t=29.0316 monitor=local type=tabletProximity subtype=0 eventTimestamp=191307.8800 eventNumber=0 entering=true deviceType=pen deviceID=19450 pointingDeviceID=0 systemTabletID=1 tabletID=849 uniqueID=79448682544951 vendorID=1386 vendorType=2114 capabilities=0x17c7
PEN t=29.0364 monitor=local type=mouseMoved subtype=1 eventTimestamp=191307.8815 eventNumber=0 absolute=(30362.0000,6641.0000,978.0000) pressure=0.0000 tangentialPressure=0.0000 tilt=(-0.4063,-0.1094) rotation=0.0000 buttons=0x0 deviceID=19450
PEN t=29.0501 monitor=local type=mouseMoved subtype=1 eventTimestamp=191307.8982 eventNumber=0 absolute=(30348.0000,6641.0000,694.0000) pressure=0.0000 tangentialPressure=0.0000 tilt=(-0.4063,-0.1094) rotation=0.0000 buttons=0x0 deviceID=19450
PEN t=29.0576 monitor=local type=mouseMoved subtype=1 eventTimestamp=191307.9031 eventNumber=0 absolute=(30317.0000,6641.0000,569.0000) pressure=0.0000 tangentialPressure=0.0000 tilt=(-0.4063,-0.1094) rotation=0.0000 buttons=0x0 deviceID=19450
PEN t=29.0673 monitor=local type=mouseMoved subtype=1 eventTimestamp=191307.9153 eventNumber=0 absolute=(30291.0000,6641.0000,489.0000) pressure=0.0000 tangentialPressure=0.0000 tilt=(-0.4063,-0.1094) rotation=0.0000 buttons=0x0 deviceID=19450
PEN t=29.0692 monitor=local type=mouseMoved subtype=1 eventTimestamp=191307.9175 eventNumber=0 absolute=(30262.0000,6641.0000,409.0000) pressure=0.0000 tangentialPressure=0.0000 tilt=(-0.4063,-0.1094) rotation=0.0000 buttons=0x0 deviceID=19450
PEN t=29.0755 monitor=local type=mouseMoved subtype=1 eventTimestamp=191307.9237 eventNumber=0 absolute=(30235.0000,6641.0000,324.0000) pressure=0.0000 tangentialPressure=0.0000 tilt=(-0.4219,-0.1094) rotation=0.0000 buttons=0x0 deviceID=19450
PEN t=29.0833 monitor=local type=mouseMoved subtype=1 eventTimestamp=191307.9315 eventNumber=0 absolute=(30210.0000,6641.0000,204.0000) pressure=0.0000 tangentialPressure=0.0000 tilt=(-0.4219,-0.1094) rotation=0.0000 buttons=0x0 deviceID=19450
PEN t=29.0862 monitor=local type=mouseMoved subtype=1 eventTimestamp=191307.9345 eventNumber=0 absolute=(30185.0000,6640.0000,120.0000) pressure=0.0000 tangentialPressure=0.0000 tilt=(-0.4219,-0.1094) rotation=0.0000 buttons=0x0 deviceID=19450
PEN t=29.1016 monitor=local type=mouseMoved subtype=1 eventTimestamp=191307.9478 eventNumber=0 absolute=(30137.0000,6633.0000,0.0000) pressure=0.0000 tangentialPressure=0.0000 tilt=(-0.4375,-0.1250) rotation=0.0000 buttons=0x0 deviceID=19450
PEN t=29.1028 monitor=local type=mouseMoved subtype=1 eventTimestamp=191307.9511 eventNumber=0 absolute=(30114.0000,6630.0000,0.0000) pressure=0.0000 tangentialPressure=0.0000 tilt=(-0.4375,-0.1250) rotation=0.0000 buttons=0x0 deviceID=19450
PEN t=29.1090 monitor=local type=mouseMoved subtype=1 eventTimestamp=191307.9572 eventNumber=0 absolute=(30092.0000,6626.0000,0.0000) pressure=0.0000 tangentialPressure=0.0000 tilt=(-0.4375,-0.1250) rotation=0.0000 buttons=0x0 deviceID=19450
PEN t=29.1172 monitor=local type=mouseMoved subtype=1 eventTimestamp=191307.9655 eventNumber=0 absolute=(30070.0000,6624.0000,0.0000) pressure=0.0000 tangentialPressure=0.0000 tilt=(-0.4375,-0.1250) rotation=0.0000 buttons=0x0 deviceID=19450
PEN t=29.1254 monitor=local type=mouseMoved subtype=1 eventTimestamp=191307.9734 eventNumber=0 absolute=(30033.0000,6624.0000,0.0000) pressure=0.0000 tangentialPressure=0.0000 tilt=(-0.4531,-0.1250) rotation=0.0000 buttons=0x0 deviceID=19450
PEN t=29.1354 monitor=local type=mouseMoved subtype=1 eventTimestamp=191307.9815 eventNumber=0 absolute=(30021.0000,6628.0000,0.0000) pressure=0.0000 tangentialPressure=0.0000 tilt=(-0.4531,-0.1250) rotation=0.0000 buttons=0x0 deviceID=19450
PEN t=29.1366 monitor=local type=mouseMoved subtype=1 eventTimestamp=191307.9851 eventNumber=0 absolute=(30017.0000,6632.0000,0.0000) pressure=0.0000 tangentialPressure=0.0000 tilt=(-0.4531,-0.1406) rotation=0.0000 buttons=0x0 deviceID=19450
PEN t=29.1487 monitor=global type=leftMouseDown subtype=1 eventTimestamp=191307.9853 eventNumber=172 absolute=(30017.0000,6632.0000,0.0000) pressure=0.0392 tangentialPressure=0.0000 tilt=(-0.4531,-0.1406) rotation=0.0000 buttons=0x1 deviceID=19450
PEN t=29.1663 monitor=global type=leftMouseDragged subtype=1 eventTimestamp=191308.0148 eventNumber=0 absolute=(30088.0000,6649.0000,0.0000) pressure=0.0941 tangentialPressure=0.0000 tilt=(-0.4844,-0.1563) rotation=0.0000 buttons=0x1 deviceID=19450
PEN t=29.1698 monitor=global type=leftMouseDragged subtype=1 eventTimestamp=191308.0185 eventNumber=0 absolute=(30126.0000,6656.0000,0.0000) pressure=0.0941 tangentialPressure=0.0000 tilt=(-0.5000,-0.1563) rotation=0.0000 buttons=0x1 deviceID=19450
PEN t=29.1767 monitor=global type=leftMouseDragged subtype=1 eventTimestamp=191308.0252 eventNumber=0 absolute=(30167.0000,6661.0000,0.0000) pressure=0.0980 tangentialPressure=0.0000 tilt=(-0.5000,-0.1563) rotation=0.0000 buttons=0x1 deviceID=19450
PEN t=29.1907 monitor=global type=leftMouseDragged subtype=1 eventTimestamp=191308.0367 eventNumber=0 absolute=(30208.0000,6664.0000,0.0000) pressure=0.1020 tangentialPressure=0.0000 tilt=(-0.5156,-0.1719) rotation=0.0000 buttons=0x1 deviceID=19450
PEN t=29.1909 monitor=global type=leftMouseDragged subtype=1 eventTimestamp=191308.0398 eventNumber=0 absolute=(30241.0000,6665.0000,0.0000) pressure=0.1059 tangentialPressure=0.0000 tilt=(-0.5156,-0.1719) rotation=0.0000 buttons=0x1 deviceID=19450
PEN t=29.1919 monitor=global type=leftMouseDragged subtype=1 eventTimestamp=191308.0408 eventNumber=0 absolute=(30272.0000,6665.0000,0.0000) pressure=0.1059 tangentialPressure=0.0000 tilt=(-0.5313,-0.1719) rotation=0.0000 buttons=0x1 deviceID=19450
PEN t=29.2014 monitor=global type=leftMouseDragged subtype=1 eventTimestamp=191308.0502 eventNumber=0 absolute=(30299.0000,6666.0000,0.0000) pressure=0.1059 tangentialPressure=0.0000 tilt=(-0.5313,-0.1719) rotation=0.0000 buttons=0x1 deviceID=19450
PEN t=29.2079 monitor=global type=leftMouseDragged subtype=1 eventTimestamp=191308.0567 eventNumber=0 absolute=(30340.0000,6666.0000,0.0000) pressure=0.1020 tangentialPressure=0.0000 tilt=(-0.5469,-0.1875) rotation=0.0000 buttons=0x1 deviceID=19450
PEN t=29.2205 monitor=global type=leftMouseDragged subtype=1 eventTimestamp=191308.0693 eventNumber=0 absolute=(30353.0000,6666.0000,0.0000) pressure=0.0941 tangentialPressure=0.0000 tilt=(-0.5625,-0.1875) rotation=0.0000 buttons=0x1 deviceID=19450
PEN t=29.2352 monitor=global type=leftMouseDragged subtype=1 eventTimestamp=191308.0840 eventNumber=0 absolute=(30389.0000,6665.0000,0.0000) pressure=0.1020 tangentialPressure=0.0000 tilt=(-0.5938,-0.2031) rotation=0.0000 buttons=0x1 deviceID=19450
PEN t=29.2484 monitor=global type=leftMouseDragged subtype=1 eventTimestamp=191308.0972 eventNumber=0 absolute=(30413.0000,6665.0000,0.0000) pressure=0.1059 tangentialPressure=0.0000 tilt=(-0.6094,-0.2031) rotation=0.0000 buttons=0x1 deviceID=19450
PEN t=29.2567 monitor=global type=leftMouseDragged subtype=1 eventTimestamp=191308.1056 eventNumber=0 absolute=(30437.0000,6665.0000,0.0000) pressure=0.1137 tangentialPressure=0.0000 tilt=(-0.6250,-0.2031) rotation=0.0000 buttons=0x1 deviceID=19450
PEN t=29.2727 monitor=global type=leftMouseDragged subtype=1 eventTimestamp=191308.1199 eventNumber=0 absolute=(30469.0000,6666.0000,0.0000) pressure=0.1216 tangentialPressure=0.0000 tilt=(-0.6406,-0.2031) rotation=0.0000 buttons=0x1 deviceID=19450
PEN t=29.2851 monitor=global type=leftMouseDragged subtype=1 eventTimestamp=191308.1339 eventNumber=0 absolute=(30485.0000,6657.0000,0.0000) pressure=0.1569 tangentialPressure=0.0000 tilt=(-0.6563,-0.2031) rotation=0.0000 buttons=0x1 deviceID=19450
PEN t=29.2901 monitor=global type=leftMouseDragged subtype=1 eventTimestamp=191308.1389 eventNumber=0 absolute=(30492.0000,6646.0000,0.0000) pressure=0.1765 tangentialPressure=0.0000 tilt=(-0.6563,-0.2188) rotation=0.0000 buttons=0x1 deviceID=19450
PEN t=29.2986 monitor=global type=leftMouseDragged subtype=1 eventTimestamp=191308.1474 eventNumber=0 absolute=(30498.0000,6629.0000,0.0000) pressure=0.1922 tangentialPressure=0.0000 tilt=(-0.6719,-0.2188) rotation=0.0000 buttons=0x1 deviceID=19450
PEN t=29.3014 monitor=global type=leftMouseDragged subtype=1 eventTimestamp=191308.1503 eventNumber=0 absolute=(30500.0000,6608.0000,0.0000) pressure=0.1922 tangentialPressure=0.0000 tilt=(-0.6719,-0.2188) rotation=0.0000 buttons=0x1 deviceID=19450
PEN t=29.3069 monitor=global type=leftMouseDragged subtype=1 eventTimestamp=191308.1558 eventNumber=0 absolute=(30502.0000,6587.0000,0.0000) pressure=0.1922 tangentialPressure=0.0000 tilt=(-0.6875,-0.2344) rotation=0.0000 buttons=0x1 deviceID=19450
PEN t=29.3154 monitor=global type=leftMouseDragged subtype=1 eventTimestamp=191308.1642 eventNumber=0 absolute=(30502.0000,6566.0000,0.0000) pressure=0.1922 tangentialPressure=0.0000 tilt=(-0.6875,-0.2344) rotation=0.0000 buttons=0x1 deviceID=19450
PEN t=29.3173 monitor=global type=leftMouseDragged subtype=1 eventTimestamp=191308.1662 eventNumber=0 absolute=(30502.0000,6548.0000,0.0000) pressure=0.1882 tangentialPressure=0.0000 tilt=(-0.7031,-0.2500) rotation=0.0000 buttons=0x1 deviceID=19450
PEN t=29.3236 monitor=global type=leftMouseDragged subtype=1 eventTimestamp=191308.1724 eventNumber=0 absolute=(30498.0000,6530.0000,0.0000) pressure=0.1882 tangentialPressure=0.0000 tilt=(-0.7031,-0.2500) rotation=0.0000 buttons=0x1 deviceID=19450
PEN t=29.3328 monitor=global type=leftMouseDragged subtype=1 eventTimestamp=191308.1807 eventNumber=0 absolute=(30494.0000,6514.0000,0.0000) pressure=0.1843 tangentialPressure=0.0000 tilt=(-0.7031,-0.2500) rotation=0.0000 buttons=0x1 deviceID=19450
PEN t=29.3371 monitor=global type=leftMouseDragged subtype=1 eventTimestamp=191308.1859 eventNumber=0 absolute=(30485.0000,6499.0000,0.0000) pressure=0.1843 tangentialPressure=0.0000 tilt=(-0.7188,-0.2656) rotation=0.0000 buttons=0x1 deviceID=19450
PEN t=29.3485 monitor=global type=leftMouseDragged subtype=1 eventTimestamp=191308.1973 eventNumber=0 absolute=(30465.0000,6474.0000,0.0000) pressure=0.1843 tangentialPressure=0.0000 tilt=(-0.7344,-0.2656) rotation=0.0000 buttons=0x1 deviceID=19450
PEN t=29.3524 monitor=global type=leftMouseDragged subtype=1 eventTimestamp=191308.2012 eventNumber=0 absolute=(30453.0000,6462.0000,0.0000) pressure=0.1882 tangentialPressure=0.0000 tilt=(-0.7344,-0.2656) rotation=0.0000 buttons=0x1 deviceID=19450
PEN t=29.3584 monitor=global type=leftMouseDragged subtype=1 eventTimestamp=191308.2058 eventNumber=0 absolute=(30438.0000,6452.0000,0.0000) pressure=0.2000 tangentialPressure=0.0000 tilt=(-0.7344,-0.2813) rotation=0.0000 buttons=0x1 deviceID=19450
PEN t=29.3662 monitor=global type=leftMouseDragged subtype=1 eventTimestamp=191308.2141 eventNumber=0 absolute=(30425.0000,6443.0000,0.0000) pressure=0.2157 tangentialPressure=0.0000 tilt=(-0.7500,-0.2813) rotation=0.0000 buttons=0x1 deviceID=19450
PEN t=29.3678 monitor=global type=leftMouseDragged subtype=1 eventTimestamp=191308.2160 eventNumber=0 absolute=(30413.0000,6437.0000,0.0000) pressure=0.2275 tangentialPressure=0.0000 tilt=(-0.7500,-0.2813) rotation=0.0000 buttons=0x1 deviceID=19450
PEN t=29.3742 monitor=global type=leftMouseDragged subtype=1 eventTimestamp=191308.2222 eventNumber=0 absolute=(30403.0000,6433.0000,0.0000) pressure=0.2353 tangentialPressure=0.0000 tilt=(-0.7500,-0.2813) rotation=0.0000 buttons=0x1 deviceID=19450
PEN t=29.3876 monitor=global type=leftMouseDragged subtype=1 eventTimestamp=191308.2364 eventNumber=0 absolute=(30374.0000,6426.0000,0.0000) pressure=0.2510 tangentialPressure=0.0000 tilt=(-0.7656,-0.2969) rotation=0.0000 buttons=0x1 deviceID=19450
PEN t=29.4061 monitor=global type=leftMouseDragged subtype=1 eventTimestamp=191308.2527 eventNumber=0 absolute=(30351.0000,6423.0000,0.0000) pressure=0.2510 tangentialPressure=0.0000 tilt=(-0.7656,-0.3125) rotation=0.0000 buttons=0x1 deviceID=19450
PEN t=29.4499 monitor=global type=leftMouseDragged subtype=1 eventTimestamp=191308.2980 eventNumber=0 absolute=(30328.0000,6412.0000,0.0000) pressure=0.2392 tangentialPressure=0.0000 tilt=(-0.8282,-0.3438) rotation=0.0000 buttons=0x1 deviceID=19450
PEN t=29.4738 monitor=global type=leftMouseUp subtype=1 eventTimestamp=191308.3223 eventNumber=172 absolute=(30330.0000,6408.0000,0.0000) pressure=0.0000 tangentialPressure=0.0000 tilt=(-0.8438,-0.3594) rotation=0.0000 buttons=0x0 deviceID=19450
PEN t=29.4973 monitor=local type=mouseMoved subtype=1 eventTimestamp=191308.3455 eventNumber=0 absolute=(30321.0000,6406.0000,0.0000) pressure=0.0000 tangentialPressure=0.0000 tilt=(-0.8750,-0.3750) rotation=0.0000 buttons=0x0 deviceID=19450
PEN t=29.5172 monitor=local type=mouseMoved subtype=1 eventTimestamp=191308.3653 eventNumber=0 absolute=(30287.0000,6411.0000,28.0000) pressure=0.0000 tangentialPressure=0.0000 tilt=(-0.8907,-0.4063) rotation=0.0000 buttons=0x0 deviceID=19450
PEN t=29.5233 monitor=local type=mouseMoved subtype=1 eventTimestamp=191308.3719 eventNumber=0 absolute=(30277.0000,6417.0000,28.0000) pressure=0.0000 tangentialPressure=0.0000 tilt=(-0.9063,-0.4063) rotation=0.0000 buttons=0x0 deviceID=19450
PEN t=29.5319 monitor=local type=mouseMoved subtype=1 eventTimestamp=191308.3804 eventNumber=0 absolute=(30267.0000,6421.0000,28.0000) pressure=0.0000 tangentialPressure=0.0000 tilt=(-0.9063,-0.4219) rotation=0.0000 buttons=0x0 deviceID=19450
PEN t=29.5374 monitor=local type=mouseMoved subtype=1 eventTimestamp=191308.3861 eventNumber=0 absolute=(30256.0000,6430.0000,56.0000) pressure=0.0000 tangentialPressure=0.0000 tilt=(-0.9219,-0.4219) rotation=0.0000 buttons=0x0 deviceID=19450
PEN t=29.6161 monitor=local type=mouseMoved subtype=1 eventTimestamp=191308.4640 eventNumber=0 absolute=(30259.0000,6443.0000,116.0000) pressure=0.0000 tangentialPressure=0.0000 tilt=(-0.9844,-0.4844) rotation=0.0000 buttons=0x0 deviceID=19450
PEN t=29.6325 monitor=local type=mouseMoved subtype=1 eventTimestamp=191308.4809 eventNumber=0 absolute=(30260.0000,6460.0000,172.0000) pressure=0.0000 tangentialPressure=0.0000 tilt=(-1.0000,-0.4844) rotation=0.0000 buttons=0x0 deviceID=19450
PEN t=29.6475 monitor=local type=mouseMoved subtype=1 eventTimestamp=191308.4956 eventNumber=0 absolute=(30260.0000,6477.0000,204.0000) pressure=0.0000 tangentialPressure=0.0000 tilt=(-1.0000,-0.4844) rotation=0.0000 buttons=0x0 deviceID=19450
PEN t=29.6570 monitor=local type=mouseMoved subtype=1 eventTimestamp=191308.5032 eventNumber=0 absolute=(30260.0000,6491.0000,232.0000) pressure=0.0000 tangentialPressure=0.0000 tilt=(-1.0000,-0.4844) rotation=0.0000 buttons=0x0 deviceID=19450
PEN t=29.6666 monitor=local type=mouseMoved subtype=1 eventTimestamp=191308.5148 eventNumber=0 absolute=(30250.0000,6502.0000,232.0000) pressure=0.0000 tangentialPressure=0.0000 tilt=(-1.0000,-0.4844) rotation=0.0000 buttons=0x0 deviceID=19450
PEN t=29.6707 monitor=local type=mouseMoved subtype=1 eventTimestamp=191308.5194 eventNumber=0 absolute=(30241.0000,6506.0000,260.0000) pressure=0.0000 tangentialPressure=0.0000 tilt=(-1.0000,-0.4844) rotation=0.0000 buttons=0x0 deviceID=19450
PEN t=29.6902 monitor=local type=mouseMoved subtype=1 eventTimestamp=191308.5387 eventNumber=0 absolute=(30217.0000,6515.0000,232.0000) pressure=0.0000 tangentialPressure=0.0000 tilt=(-1.0000,-0.4688) rotation=0.0000 buttons=0x0 deviceID=19450
PEN t=29.6989 monitor=local type=mouseMoved subtype=1 eventTimestamp=191308.5475 eventNumber=0 absolute=(30208.0000,6516.0000,232.0000) pressure=0.0000 tangentialPressure=0.0000 tilt=(-1.0000,-0.4688) rotation=0.0000 buttons=0x0 deviceID=19450
PEN t=29.7171 monitor=local type=mouseMoved subtype=1 eventTimestamp=191308.5652 eventNumber=0 absolute=(30184.0000,6520.0000,204.0000) pressure=0.0000 tangentialPressure=0.0000 tilt=(-1.0000,-0.4531) rotation=0.0000 buttons=0x0 deviceID=19450
PEN t=29.7518 monitor=local type=mouseMoved subtype=1 eventTimestamp=191308.5993 eventNumber=0 absolute=(30157.0000,6514.0000,172.0000) pressure=0.0000 tangentialPressure=0.0000 tilt=(-1.0000,-0.4531) rotation=0.0000 buttons=0x0 deviceID=19450
PEN t=29.7669 monitor=local type=mouseMoved subtype=1 eventTimestamp=191308.6150 eventNumber=0 absolute=(30137.0000,6499.0000,116.0000) pressure=0.0000 tangentialPressure=0.0000 tilt=(-1.0000,-0.4375) rotation=0.0000 buttons=0x0 deviceID=19450
PEN t=29.7736 monitor=local type=mouseMoved subtype=1 eventTimestamp=191308.6221 eventNumber=0 absolute=(30128.0000,6492.0000,84.0000) pressure=0.0000 tangentialPressure=0.0000 tilt=(-1.0000,-0.4375) rotation=0.0000 buttons=0x0 deviceID=19450
PEN t=29.7822 monitor=local type=mouseMoved subtype=1 eventTimestamp=191308.6305 eventNumber=0 absolute=(30116.0000,6485.0000,84.0000) pressure=0.0000 tangentialPressure=0.0000 tilt=(-1.0000,-0.4375) rotation=0.0000 buttons=0x0 deviceID=19450
PEN t=29.7831 monitor=local type=mouseMoved subtype=1 eventTimestamp=191308.6318 eventNumber=0 absolute=(30103.0000,6477.0000,84.0000) pressure=0.0000 tangentialPressure=0.0000 tilt=(-1.0000,-0.4375) rotation=0.0000 buttons=0x0 deviceID=19450
PEN t=29.7908 monitor=local type=mouseMoved subtype=1 eventTimestamp=191308.6387 eventNumber=0 absolute=(30090.0000,6470.0000,56.0000) pressure=0.0000 tangentialPressure=0.0000 tilt=(-1.0000,-0.4219) rotation=0.0000 buttons=0x0 deviceID=19450
PEN t=29.7990 monitor=local type=mouseMoved subtype=1 eventTimestamp=191308.6471 eventNumber=0 absolute=(30075.0000,6464.0000,56.0000) pressure=0.0000 tangentialPressure=0.0000 tilt=(-1.0000,-0.4219) rotation=0.0000 buttons=0x0 deviceID=19450
PEN t=29.8075 monitor=local type=mouseMoved subtype=1 eventTimestamp=191308.6560 eventNumber=0 absolute=(30048.0000,6455.0000,28.0000) pressure=0.0000 tangentialPressure=0.0000 tilt=(-1.0000,-0.4219) rotation=0.0000 buttons=0x0 deviceID=19450
PEN t=29.8174 monitor=local type=mouseMoved subtype=1 eventTimestamp=191308.6655 eventNumber=0 absolute=(30021.0000,6451.0000,28.0000) pressure=0.0000 tangentialPressure=0.0000 tilt=(-1.0000,-0.4063) rotation=0.0000 buttons=0x0 deviceID=19450
PEN t=29.8330 monitor=local type=mouseMoved subtype=1 eventTimestamp=191308.6811 eventNumber=0 absolute=(29988.0000,6452.0000,28.0000) pressure=0.0000 tangentialPressure=0.0000 tilt=(-1.0000,-0.3906) rotation=0.0000 buttons=0x0 deviceID=19450
PEN t=29.8489 monitor=local type=mouseMoved subtype=1 eventTimestamp=191308.6970 eventNumber=0 absolute=(29967.0000,6458.0000,28.0000) pressure=0.0000 tangentialPressure=0.0000 tilt=(-1.0000,-0.3906) rotation=0.0000 buttons=0x0 deviceID=19450
PEN t=29.8657 monitor=local type=mouseMoved subtype=1 eventTimestamp=191308.7142 eventNumber=0 absolute=(29938.0000,6466.0000,28.0000) pressure=0.0000 tangentialPressure=0.0000 tilt=(-1.0000,-0.3750) rotation=0.0000 buttons=0x0 deviceID=19450
PEN t=29.8704 monitor=local type=mouseMoved subtype=1 eventTimestamp=191308.7190 eventNumber=0 absolute=(29922.0000,6474.0000,28.0000) pressure=0.0000 tangentialPressure=0.0000 tilt=(-0.9844,-0.3594) rotation=0.0000 buttons=0x0 deviceID=19450
PEN t=29.8810 monitor=local type=mouseMoved subtype=1 eventTimestamp=191308.7292 eventNumber=0 absolute=(29912.0000,6478.0000,28.0000) pressure=0.0000 tangentialPressure=0.0000 tilt=(-0.9688,-0.3438) rotation=0.0000 buttons=0x0 deviceID=19450
PEN t=29.8876 monitor=local type=mouseMoved subtype=1 eventTimestamp=191308.7362 eventNumber=0 absolute=(29885.0000,6486.0000,28.0000) pressure=0.0000 tangentialPressure=0.0000 tilt=(-0.9532,-0.3281) rotation=0.0000 buttons=0x0 deviceID=19450
PEN t=29.9002 monitor=local type=mouseMoved subtype=1 eventTimestamp=191308.7483 eventNumber=0 absolute=(29840.0000,6496.0000,0.0000) pressure=0.0000 tangentialPressure=0.0000 tilt=(-0.9375,-0.3125) rotation=0.0000 buttons=0x0 deviceID=19450
PEN t=29.9064 monitor=local type=mouseMoved subtype=1 eventTimestamp=191308.7532 eventNumber=0 absolute=(29815.0000,6500.0000,0.0000) pressure=0.0000 tangentialPressure=0.0000 tilt=(-0.9219,-0.2969) rotation=0.0000 buttons=0x0 deviceID=19450
PEN t=29.9153 monitor=local type=mouseMoved subtype=1 eventTimestamp=191308.7638 eventNumber=0 absolute=(29792.0000,6503.0000,0.0000) pressure=0.0000 tangentialPressure=0.0000 tilt=(-0.9063,-0.2813) rotation=0.0000 buttons=0x0 deviceID=19450
PEN t=29.9171 monitor=global type=leftMouseDown subtype=1 eventTimestamp=191308.7639 eventNumber=173 absolute=(29792.0000,6503.0000,0.0000) pressure=0.1176 tangentialPressure=0.0000 tilt=(-0.9063,-0.2813) rotation=0.0000 buttons=0x1 deviceID=19450
PEN t=29.9656 monitor=global type=leftMouseDragged subtype=1 eventTimestamp=191308.8142 eventNumber=0 absolute=(29736.0000,6503.0000,0.0000) pressure=0.3882 tangentialPressure=0.0000 tilt=(-0.7813,-0.1719) rotation=0.0000 buttons=0x1 deviceID=19450
PEN t=29.9656 monitor=global type=leftMouseDragged subtype=1 eventTimestamp=191308.8145 eventNumber=0 absolute=(29701.0000,6498.0000,0.0000) pressure=0.3882 tangentialPressure=0.0000 tilt=(-0.7656,-0.1719) rotation=0.0000 buttons=0x1 deviceID=19450
PEN t=29.9738 monitor=global type=leftMouseDragged subtype=1 eventTimestamp=191308.8226 eventNumber=0 absolute=(29649.0000,6491.0000,0.0000) pressure=0.3922 tangentialPressure=0.0000 tilt=(-0.7500,-0.1563) rotation=0.0000 buttons=0x1 deviceID=19450
PEN t=29.9821 monitor=global type=leftMouseDragged subtype=1 eventTimestamp=191308.8309 eventNumber=0 absolute=(29587.0000,6483.0000,0.0000) pressure=0.3961 tangentialPressure=0.0000 tilt=(-0.7188,-0.1563) rotation=0.0000 buttons=0x1 deviceID=19450
PEN t=29.9867 monitor=global type=leftMouseDragged subtype=1 eventTimestamp=191308.8355 eventNumber=0 absolute=(29525.0000,6473.0000,0.0000) pressure=0.4000 tangentialPressure=0.0000 tilt=(-0.7031,-0.1406) rotation=0.0000 buttons=0x1 deviceID=19450
PEN t=29.9903 monitor=global type=leftMouseDragged subtype=1 eventTimestamp=191308.8391 eventNumber=0 absolute=(29477.0000,6464.0000,0.0000) pressure=0.4000 tangentialPressure=0.0000 tilt=(-0.6875,-0.1406) rotation=0.0000 buttons=0x1 deviceID=19450
PEN t=29.9989 monitor=global type=leftMouseDragged subtype=1 eventTimestamp=191308.8477 eventNumber=0 absolute=(29444.0000,6456.0000,0.0000) pressure=0.4039 tangentialPressure=0.0000 tilt=(-0.6563,-0.1250) rotation=0.0000 buttons=0x1 deviceID=19450
PEN t=30.0071 monitor=global type=leftMouseDragged subtype=1 eventTimestamp=191308.8559 eventNumber=0 absolute=(29412.0000,6448.0000,0.0000) pressure=0.4118 tangentialPressure=0.0000 tilt=(-0.6094,-0.1094) rotation=0.0000 buttons=0x1 deviceID=19450
PEN t=30.0513 monitor=global type=leftMouseDragged subtype=1 eventTimestamp=191308.9001 eventNumber=0 absolute=(29391.0000,6444.0000,0.0000) pressure=0.4510 tangentialPressure=0.0000 tilt=(-0.4219,-0.0469) rotation=0.0000 buttons=0x1 deviceID=19450
PEN t=30.0653 monitor=global type=leftMouseDragged subtype=1 eventTimestamp=191308.9141 eventNumber=0 absolute=(29351.0000,6453.0000,0.0000) pressure=0.4471 tangentialPressure=0.0000 tilt=(-0.3750,-0.0313) rotation=0.0000 buttons=0x1 deviceID=19450
PEN t=30.0698 monitor=global type=leftMouseDragged subtype=1 eventTimestamp=191308.9186 eventNumber=0 absolute=(29313.0000,6462.0000,0.0000) pressure=0.4471 tangentialPressure=0.0000 tilt=(-0.3594,-0.0156) rotation=0.0000 buttons=0x1 deviceID=19450
PEN t=30.0736 monitor=global type=leftMouseDragged subtype=1 eventTimestamp=191308.9225 eventNumber=0 absolute=(29268.0000,6472.0000,0.0000) pressure=0.4471 tangentialPressure=0.0000 tilt=(-0.3281,-0.0156) rotation=0.0000 buttons=0x1 deviceID=19450
PEN t=30.0820 monitor=global type=leftMouseDragged subtype=1 eventTimestamp=191308.9309 eventNumber=0 absolute=(29220.0000,6483.0000,0.0000) pressure=0.4471 tangentialPressure=0.0000 tilt=(-0.2969,0.0000) rotation=0.0000 buttons=0x1 deviceID=19450
PEN t=30.0856 monitor=global type=leftMouseDragged subtype=1 eventTimestamp=191308.9345 eventNumber=0 absolute=(29177.0000,6495.0000,0.0000) pressure=0.4510 tangentialPressure=0.0000 tilt=(-0.2813,0.0000) rotation=0.0000 buttons=0x1 deviceID=19450
PEN t=30.0899 monitor=global type=leftMouseDragged subtype=1 eventTimestamp=191308.9368 eventNumber=0 absolute=(29133.0000,6508.0000,0.0000) pressure=0.4549 tangentialPressure=0.0000 tilt=(-0.2500,0.0000) rotation=0.0000 buttons=0x1 deviceID=19450
PEN t=30.0986 monitor=global type=leftMouseDragged subtype=1 eventTimestamp=191308.9474 eventNumber=0 absolute=(29092.0000,6524.0000,0.0000) pressure=0.4549 tangentialPressure=0.0000 tilt=(-0.2188,0.0156) rotation=0.0000 buttons=0x1 deviceID=19450
PEN t=30.1008 monitor=global type=leftMouseDragged subtype=1 eventTimestamp=191308.9497 eventNumber=0 absolute=(29053.0000,6540.0000,0.0000) pressure=0.4667 tangentialPressure=0.0000 tilt=(-0.1875,0.0156) rotation=0.0000 buttons=0x1 deviceID=19450
PEN t=30.1040 monitor=global type=leftMouseDragged subtype=1 eventTimestamp=191308.9528 eventNumber=0 absolute=(29017.0000,6555.0000,0.0000) pressure=0.4745 tangentialPressure=0.0000 tilt=(-0.1563,0.0312) rotation=0.0000 buttons=0x1 deviceID=19450
PEN t=30.1152 monitor=global type=leftMouseDragged subtype=1 eventTimestamp=191308.9641 eventNumber=0 absolute=(28995.0000,6569.0000,0.0000) pressure=0.4745 tangentialPressure=0.0000 tilt=(-0.1406,0.0312) rotation=0.0000 buttons=0x1 deviceID=19450
PEN t=30.1208 monitor=global type=leftMouseDragged subtype=1 eventTimestamp=191308.9697 eventNumber=0 absolute=(28981.0000,6580.0000,0.0000) pressure=0.4784 tangentialPressure=0.0000 tilt=(-0.1094,0.0312) rotation=0.0000 buttons=0x1 deviceID=19450
PEN t=30.1313 monitor=global type=leftMouseDragged subtype=1 eventTimestamp=191308.9756 eventNumber=0 absolute=(28974.0000,6589.0000,0.0000) pressure=0.4784 tangentialPressure=0.0000 tilt=(-0.0781,0.0312) rotation=0.0000 buttons=0x1 deviceID=19450
PEN t=30.1402 monitor=global type=leftMouseDragged subtype=1 eventTimestamp=191308.9890 eventNumber=0 absolute=(28967.0000,6605.0000,0.0000) pressure=0.5059 tangentialPressure=0.0000 tilt=(-0.0469,0.0468) rotation=0.0000 buttons=0x1 deviceID=19450
PEN t=30.1568 monitor=global type=leftMouseDragged subtype=1 eventTimestamp=191309.0057 eventNumber=0 absolute=(28952.0000,6614.0000,0.0000) pressure=0.5098 tangentialPressure=0.0000 tilt=(0.0000,0.0468) rotation=0.0000 buttons=0x1 deviceID=19450
PEN t=30.1648 monitor=global type=leftMouseDragged subtype=1 eventTimestamp=191309.0137 eventNumber=0 absolute=(28946.0000,6616.0000,0.0000) pressure=0.5059 tangentialPressure=0.0000 tilt=(0.0156,0.0468) rotation=0.0000 buttons=0x1 deviceID=19450
PEN t=30.2142 monitor=global type=leftMouseDragged subtype=1 eventTimestamp=191309.0622 eventNumber=0 absolute=(28917.0000,6622.0000,0.0000) pressure=0.5490 tangentialPressure=0.0000 tilt=(0.1562,0.0468) rotation=0.0000 buttons=0x1 deviceID=19450
PEN t=30.2162 monitor=global type=leftMouseDragged subtype=1 eventTimestamp=191309.0651 eventNumber=0 absolute=(28898.0000,6628.0000,0.0000) pressure=0.5608 tangentialPressure=0.0000 tilt=(0.1718,0.0468) rotation=0.0000 buttons=0x1 deviceID=19450
PEN t=30.2319 monitor=global type=leftMouseDragged subtype=1 eventTimestamp=191309.0808 eventNumber=0 absolute=(28875.0000,6636.0000,0.0000) pressure=0.5608 tangentialPressure=0.0000 tilt=(0.1875,0.0468) rotation=0.0000 buttons=0x1 deviceID=19450
PEN t=30.2343 monitor=global type=leftMouseDragged subtype=1 eventTimestamp=191309.0832 eventNumber=0 absolute=(28841.0000,6647.0000,0.0000) pressure=0.5608 tangentialPressure=0.0000 tilt=(0.2187,0.0312) rotation=0.0000 buttons=0x1 deviceID=19450
PEN t=30.2670 monitor=global type=leftMouseDragged subtype=1 eventTimestamp=191309.1152 eventNumber=0 absolute=(28815.0000,6652.0000,0.0000) pressure=0.5294 tangentialPressure=0.0000 tilt=(0.3125,0.0312) rotation=0.0000 buttons=0x1 deviceID=19450
PEN t=30.2903 monitor=global type=leftMouseDragged subtype=1 eventTimestamp=191309.1367 eventNumber=0 absolute=(28781.0000,6652.0000,0.0000) pressure=0.5255 tangentialPressure=0.0000 tilt=(0.3750,0.0156) rotation=0.0000 buttons=0x1 deviceID=19450
PEN t=30.2992 monitor=global type=leftMouseDragged subtype=1 eventTimestamp=191309.1473 eventNumber=0 absolute=(28756.0000,6652.0000,0.0000) pressure=0.5176 tangentialPressure=0.0000 tilt=(0.3906,0.0156) rotation=0.0000 buttons=0x1 deviceID=19450
PEN t=30.3011 monitor=global type=leftMouseDragged subtype=1 eventTimestamp=191309.1500 eventNumber=0 absolute=(28726.0000,6651.0000,0.0000) pressure=0.5176 tangentialPressure=0.0000 tilt=(0.4062,0.0156) rotation=0.0000 buttons=0x1 deviceID=19450
PEN t=30.3042 monitor=global type=leftMouseDragged subtype=1 eventTimestamp=191309.1531 eventNumber=0 absolute=(28694.0000,6649.0000,0.0000) pressure=0.5176 tangentialPressure=0.0000 tilt=(0.4219,0.0156) rotation=0.0000 buttons=0x1 deviceID=19450
PEN t=30.3156 monitor=global type=leftMouseDragged subtype=1 eventTimestamp=191309.1639 eventNumber=0 absolute=(28659.0000,6646.0000,0.0000) pressure=0.4980 tangentialPressure=0.0000 tilt=(0.4375,0.0000) rotation=0.0000 buttons=0x1 deviceID=19450
PEN t=30.3179 monitor=global type=leftMouseDragged subtype=1 eventTimestamp=191309.1660 eventNumber=0 absolute=(28624.0000,6642.0000,0.0000) pressure=0.4980 tangentialPressure=0.0000 tilt=(0.4531,0.0000) rotation=0.0000 buttons=0x1 deviceID=19450
PEN t=30.3234 monitor=global type=leftMouseDragged subtype=1 eventTimestamp=191309.1722 eventNumber=0 absolute=(28588.0000,6639.0000,0.0000) pressure=0.4941 tangentialPressure=0.0000 tilt=(0.4687,0.0000) rotation=0.0000 buttons=0x1 deviceID=19450
PEN t=30.3304 monitor=global type=leftMouseDragged subtype=1 eventTimestamp=191309.1793 eventNumber=0 absolute=(28551.0000,6636.0000,0.0000) pressure=0.4863 tangentialPressure=0.0000 tilt=(0.4844,0.0000) rotation=0.0000 buttons=0x1 deviceID=19450
PEN t=30.3374 monitor=global type=leftMouseDragged subtype=1 eventTimestamp=191309.1830 eventNumber=0 absolute=(28517.0000,6635.0000,0.0000) pressure=0.4863 tangentialPressure=0.0000 tilt=(0.5000,-0.0156) rotation=0.0000 buttons=0x1 deviceID=19450
PEN t=30.3482 monitor=global type=leftMouseDragged subtype=1 eventTimestamp=191309.1970 eventNumber=0 absolute=(28482.0000,6633.0000,0.0000) pressure=0.4863 tangentialPressure=0.0000 tilt=(0.5156,-0.0156) rotation=0.0000 buttons=0x1 deviceID=19450
PEN t=30.3485 monitor=global type=leftMouseDragged subtype=1 eventTimestamp=191309.1974 eventNumber=0 absolute=(28456.0000,6632.0000,0.0000) pressure=0.4784 tangentialPressure=0.0000 tilt=(0.5312,-0.0156) rotation=0.0000 buttons=0x1 deviceID=19450
PEN t=30.3568 monitor=global type=leftMouseDragged subtype=1 eventTimestamp=191309.2056 eventNumber=0 absolute=(28413.0000,6628.0000,0.0000) pressure=0.4784 tangentialPressure=0.0000 tilt=(0.5469,-0.0313) rotation=0.0000 buttons=0x1 deviceID=19450
PEN t=30.3661 monitor=global type=leftMouseDragged subtype=1 eventTimestamp=191309.2142 eventNumber=0 absolute=(28398.0000,6625.0000,0.0000) pressure=0.4745 tangentialPressure=0.0000 tilt=(0.5625,-0.0313) rotation=0.0000 buttons=0x1 deviceID=19450
PEN t=30.3741 monitor=global type=leftMouseDragged subtype=1 eventTimestamp=191309.2221 eventNumber=0 absolute=(28364.0000,6615.0000,0.0000) pressure=0.4745 tangentialPressure=0.0000 tilt=(0.5937,-0.0313) rotation=0.0000 buttons=0x1 deviceID=19450
PEN t=30.3817 monitor=global type=leftMouseDragged subtype=1 eventTimestamp=191309.2300 eventNumber=0 absolute=(28344.0000,6607.0000,0.0000) pressure=0.4667 tangentialPressure=0.0000 tilt=(0.6094,-0.0469) rotation=0.0000 buttons=0x1 deviceID=19450
PEN t=30.3901 monitor=global type=leftMouseDragged subtype=1 eventTimestamp=191309.2389 eventNumber=0 absolute=(28322.0000,6599.0000,0.0000) pressure=0.4667 tangentialPressure=0.0000 tilt=(0.6250,-0.0469) rotation=0.0000 buttons=0x1 deviceID=19450
PEN t=30.3991 monitor=global type=leftMouseDragged subtype=1 eventTimestamp=191309.2479 eventNumber=0 absolute=(28281.0000,6582.0000,0.0000) pressure=0.4588 tangentialPressure=0.0000 tilt=(0.6406,-0.0625) rotation=0.0000 buttons=0x1 deviceID=19450
PEN t=30.4039 monitor=global type=leftMouseDragged subtype=1 eventTimestamp=191309.2528 eventNumber=0 absolute=(28242.0000,6564.0000,0.0000) pressure=0.4549 tangentialPressure=0.0000 tilt=(0.6719,-0.0781) rotation=0.0000 buttons=0x1 deviceID=19450
PEN t=30.4136 monitor=global type=leftMouseDragged subtype=1 eventTimestamp=191309.2622 eventNumber=0 absolute=(28225.0000,6556.0000,0.0000) pressure=0.4235 tangentialPressure=0.0000 tilt=(0.6875,-0.0781) rotation=0.0000 buttons=0x1 deviceID=19450
PEN t=30.4160 monitor=global type=leftMouseDragged subtype=1 eventTimestamp=191309.2649 eventNumber=0 absolute=(28210.0000,6547.0000,0.0000) pressure=0.3451 tangentialPressure=0.0000 tilt=(0.6875,-0.0781) rotation=0.0000 buttons=0x1 deviceID=19450
PEN t=30.4234 monitor=global type=leftMouseDragged subtype=1 eventTimestamp=191309.2723 eventNumber=0 absolute=(28199.0000,6539.0000,0.0000) pressure=0.2235 tangentialPressure=0.0000 tilt=(0.7031,-0.0938) rotation=0.0000 buttons=0x1 deviceID=19450
PEN t=30.4321 monitor=global type=leftMouseUp subtype=1 eventTimestamp=191309.2806 eventNumber=173 absolute=(28192.0000,6533.0000,0.0000) pressure=0.0000 tangentialPressure=0.0000 tilt=(0.7187,-0.0938) rotation=0.0000 buttons=0x0 deviceID=19450
PEN t=30.4370 monitor=local type=mouseMoved subtype=1 eventTimestamp=191309.2852 eventNumber=0 absolute=(28176.0000,6522.0000,0.0000) pressure=0.0000 tangentialPressure=0.0000 tilt=(0.7344,-0.0938) rotation=0.0000 buttons=0x0 deviceID=19450
PEN t=30.4491 monitor=local type=mouseMoved subtype=1 eventTimestamp=191309.2971 eventNumber=0 absolute=(28165.0000,6511.0000,28.0000) pressure=0.0000 tangentialPressure=0.0000 tilt=(0.7500,-0.1094) rotation=0.0000 buttons=0x0 deviceID=19450
PEN t=30.4564 monitor=local type=mouseMoved subtype=1 eventTimestamp=191309.3029 eventNumber=0 absolute=(28158.0000,6504.0000,56.0000) pressure=0.0000 tangentialPressure=0.0000 tilt=(0.7656,-0.1094) rotation=0.0000 buttons=0x0 deviceID=19450
PEN t=30.4661 monitor=local type=mouseMoved subtype=1 eventTimestamp=191309.3140 eventNumber=0 absolute=(28154.0000,6499.0000,56.0000) pressure=0.0000 tangentialPressure=0.0000 tilt=(0.7812,-0.1094) rotation=0.0000 buttons=0x0 deviceID=19450
PEN t=30.4904 monitor=local type=mouseMoved subtype=1 eventTimestamp=191309.3363 eventNumber=0 absolute=(28136.0000,6483.0000,84.0000) pressure=0.0000 tangentialPressure=0.0000 tilt=(0.8125,-0.1250) rotation=0.0000 buttons=0x0 deviceID=19450
PEN t=30.4990 monitor=local type=mouseMoved subtype=1 eventTimestamp=191309.3472 eventNumber=0 absolute=(28130.0000,6480.0000,112.0000) pressure=0.0000 tangentialPressure=0.0000 tilt=(0.8281,-0.1406) rotation=0.0000 buttons=0x0 deviceID=19450
PEN t=30.5146 monitor=local type=mouseMoved subtype=1 eventTimestamp=191309.3623 eventNumber=0 absolute=(28121.0000,6466.0000,112.0000) pressure=0.0000 tangentialPressure=0.0000 tilt=(0.8437,-0.1563) rotation=0.0000 buttons=0x0 deviceID=19450
PEN t=30.5251 monitor=local type=mouseMoved subtype=1 eventTimestamp=191309.3734 eventNumber=0 absolute=(28108.0000,6452.0000,140.0000) pressure=0.0000 tangentialPressure=0.0000 tilt=(0.8594,-0.1563) rotation=0.0000 buttons=0x0 deviceID=19450
PEN t=30.5307 monitor=local type=mouseMoved subtype=1 eventTimestamp=191309.3793 eventNumber=0 absolute=(28100.0000,6445.0000,140.0000) pressure=0.0000 tangentialPressure=0.0000 tilt=(0.8594,-0.1563) rotation=0.0000 buttons=0x0 deviceID=19450
PEN t=30.5358 monitor=local type=mouseMoved subtype=1 eventTimestamp=191309.3830 eventNumber=0 absolute=(28091.0000,6439.0000,140.0000) pressure=0.0000 tangentialPressure=0.0000 tilt=(0.8594,-0.1719) rotation=0.0000 buttons=0x0 deviceID=19450
PEN t=30.5475 monitor=local type=mouseMoved subtype=1 eventTimestamp=191309.3958 eventNumber=0 absolute=(28074.0000,6429.0000,140.0000) pressure=0.0000 tangentialPressure=0.0000 tilt=(0.8750,-0.1719) rotation=0.0000 buttons=0x0 deviceID=19450
PEN t=30.5504 monitor=local type=mouseMoved subtype=1 eventTimestamp=191309.3991 eventNumber=0 absolute=(28068.0000,6425.0000,112.0000) pressure=0.0000 tangentialPressure=0.0000 tilt=(0.8750,-0.1719) rotation=0.0000 buttons=0x0 deviceID=19450
PEN t=30.6662 monitor=local type=mouseMoved subtype=1 eventTimestamp=191309.5143 eventNumber=0 absolute=(28063.0000,6429.0000,168.0000) pressure=0.0000 tangentialPressure=0.0000 tilt=(0.9687,-0.2344) rotation=0.0000 buttons=0x0 deviceID=19450
PEN t=30.6902 monitor=local type=mouseMoved subtype=1 eventTimestamp=191309.5386 eventNumber=0 absolute=(28079.0000,6447.0000,168.0000) pressure=0.0000 tangentialPressure=0.0000 tilt=(0.9687,-0.2188) rotation=0.0000 buttons=0x0 deviceID=19450
PEN t=30.7160 monitor=local type=mouseMoved subtype=1 eventTimestamp=191309.5639 eventNumber=0 absolute=(28089.0000,6458.0000,168.0000) pressure=0.0000 tangentialPressure=0.0000 tilt=(0.9687,-0.2031) rotation=0.0000 buttons=0x0 deviceID=19450
PEN t=30.7494 monitor=local type=mouseMoved subtype=1 eventTimestamp=191309.5979 eventNumber=0 absolute=(28076.0000,6464.0000,168.0000) pressure=0.0000 tangentialPressure=0.0000 tilt=(0.9687,-0.1719) rotation=0.0000 buttons=0x0 deviceID=19450
PEN t=30.7665 monitor=local type=mouseMoved subtype=1 eventTimestamp=191309.6150 eventNumber=0 absolute=(28058.0000,6474.0000,140.0000) pressure=0.0000 tangentialPressure=0.0000 tilt=(0.9687,-0.1563) rotation=0.0000 buttons=0x0 deviceID=19450
PEN t=30.7854 monitor=local type=mouseMoved subtype=1 eventTimestamp=191309.6330 eventNumber=0 absolute=(28046.0000,6482.0000,112.0000) pressure=0.0000 tangentialPressure=0.0000 tilt=(0.9531,-0.1406) rotation=0.0000 buttons=0x0 deviceID=19450
PEN t=30.7999 monitor=local type=mouseMoved subtype=1 eventTimestamp=191309.6476 eventNumber=0 absolute=(28042.0000,6486.0000,84.0000) pressure=0.0000 tangentialPressure=0.0000 tilt=(0.9531,-0.1250) rotation=0.0000 buttons=0x0 deviceID=19450
PEN t=30.8570 monitor=local type=mouseMoved subtype=1 eventTimestamp=191309.7055 eventNumber=0 absolute=(28028.0000,6503.0000,28.0000) pressure=0.0000 tangentialPressure=0.0000 tilt=(0.9062,-0.0313) rotation=0.0000 buttons=0x0 deviceID=19450
PEN t=30.8753 monitor=local type=mouseMoved subtype=1 eventTimestamp=191309.7232 eventNumber=0 absolute=(28033.0000,6519.0000,0.0000) pressure=0.0000 tangentialPressure=0.0000 tilt=(0.9062,-0.0156) rotation=0.0000 buttons=0x0 deviceID=19450
PEN t=30.8832 monitor=local type=mouseMoved subtype=1 eventTimestamp=191309.7318 eventNumber=0 absolute=(28055.0000,6536.0000,0.0000) pressure=0.0000 tangentialPressure=0.0000 tilt=(0.8906,0.0000) rotation=0.0000 buttons=0x0 deviceID=19450
PEN t=30.8871 monitor=local type=mouseMoved subtype=1 eventTimestamp=191309.7358 eventNumber=0 absolute=(28070.0000,6543.0000,0.0000) pressure=0.0000 tangentialPressure=0.0000 tilt=(0.8750,0.0156) rotation=0.0000 buttons=0x0 deviceID=19450
PEN t=30.8983 monitor=local type=mouseMoved subtype=1 eventTimestamp=191309.7465 eventNumber=0 absolute=(28085.0000,6550.0000,0.0000) pressure=0.0000 tangentialPressure=0.0000 tilt=(0.8594,0.0156) rotation=0.0000 buttons=0x0 deviceID=19450
PEN t=30.9016 monitor=global type=leftMouseDown subtype=1 eventTimestamp=191309.7481 eventNumber=174 absolute=(28085.0000,6550.0000,0.0000) pressure=0.1059 tangentialPressure=0.0000 tilt=(0.8594,0.0156) rotation=0.0000 buttons=0x1 deviceID=19450
PEN t=30.9479 monitor=global type=leftMouseDragged subtype=1 eventTimestamp=191309.7959 eventNumber=0 absolute=(28112.0000,6577.0000,0.0000) pressure=0.4510 tangentialPressure=0.0000 tilt=(0.7500,0.0937) rotation=0.0000 buttons=0x1 deviceID=19450
PEN t=31.0566 monitor=global type=leftMouseDragged subtype=1 eventTimestamp=191309.9054 eventNumber=0 absolute=(28132.0000,6575.0000,0.0000) pressure=0.5412 tangentialPressure=0.0000 tilt=(0.4687,0.1250) rotation=0.0000 buttons=0x1 deviceID=19450
PEN t=31.0662 monitor=global type=leftMouseDragged subtype=1 eventTimestamp=191309.9150 eventNumber=0 absolute=(28158.0000,6570.0000,0.0000) pressure=0.5333 tangentialPressure=0.0000 tilt=(0.4219,0.1093) rotation=0.0000 buttons=0x1 deviceID=19450
PEN t=31.0753 monitor=global type=leftMouseDragged subtype=1 eventTimestamp=191309.9234 eventNumber=0 absolute=(28182.0000,6565.0000,0.0000) pressure=0.5333 tangentialPressure=0.0000 tilt=(0.4062,0.1093) rotation=0.0000 buttons=0x1 deviceID=19450
PEN t=31.0811 monitor=global type=leftMouseDragged subtype=1 eventTimestamp=191309.9292 eventNumber=0 absolute=(28208.0000,6558.0000,0.0000) pressure=0.5412 tangentialPressure=0.0000 tilt=(0.3906,0.1093) rotation=0.0000 buttons=0x1 deviceID=19450
PEN t=31.0844 monitor=global type=leftMouseDragged subtype=1 eventTimestamp=191309.9333 eventNumber=0 absolute=(28236.0000,6550.0000,0.0000) pressure=0.5451 tangentialPressure=0.0000 tilt=(0.3750,0.1093) rotation=0.0000 buttons=0x1 deviceID=19450
PEN t=31.0873 monitor=global type=leftMouseDragged subtype=1 eventTimestamp=191309.9361 eventNumber=0 absolute=(28256.0000,6542.0000,0.0000) pressure=0.5451 tangentialPressure=0.0000 tilt=(0.3594,0.0937) rotation=0.0000 buttons=0x1 deviceID=19450
PEN t=31.1014 monitor=global type=leftMouseDragged subtype=1 eventTimestamp=191309.9494 eventNumber=0 absolute=(28273.0000,6533.0000,0.0000) pressure=0.5490 tangentialPressure=0.0000 tilt=(0.3125,0.0781) rotation=0.0000 buttons=0x1 deviceID=19450
PEN t=31.1142 monitor=global type=leftMouseDragged subtype=1 eventTimestamp=191309.9624 eventNumber=0 absolute=(28277.0000,6529.0000,0.0000) pressure=0.5529 tangentialPressure=0.0000 tilt=(0.2812,0.0625) rotation=0.0000 buttons=0x1 deviceID=19450
PEN t=31.1356 monitor=global type=leftMouseDragged subtype=1 eventTimestamp=191309.9831 eventNumber=0 absolute=(28256.0000,6527.0000,0.0000) pressure=0.5922 tangentialPressure=0.0000 tilt=(0.2187,0.0468) rotation=0.0000 buttons=0x1 deviceID=19450
PEN t=31.1400 monitor=global type=leftMouseDragged subtype=1 eventTimestamp=191309.9888 eventNumber=0 absolute=(28232.0000,6531.0000,0.0000) pressure=0.6000 tangentialPressure=0.0000 tilt=(0.2031,0.0312) rotation=0.0000 buttons=0x1 deviceID=19450
PEN t=31.1491 monitor=global type=leftMouseDragged subtype=1 eventTimestamp=191309.9973 eventNumber=0 absolute=(28202.0000,6537.0000,0.0000) pressure=0.6039 tangentialPressure=0.0000 tilt=(0.2031,0.0312) rotation=0.0000 buttons=0x1 deviceID=19450
PEN t=31.1537 monitor=global type=leftMouseDragged subtype=1 eventTimestamp=191310.0026 eventNumber=0 absolute=(28171.0000,6543.0000,0.0000) pressure=0.6196 tangentialPressure=0.0000 tilt=(0.1875,0.0312) rotation=0.0000 buttons=0x1 deviceID=19450
PEN t=31.1567 monitor=global type=leftMouseDragged subtype=1 eventTimestamp=191310.0056 eventNumber=0 absolute=(28141.0000,6550.0000,0.0000) pressure=0.6196 tangentialPressure=0.0000 tilt=(0.1718,0.0156) rotation=0.0000 buttons=0x1 deviceID=19450
PEN t=31.1637 monitor=global type=leftMouseDragged subtype=1 eventTimestamp=191310.0125 eventNumber=0 absolute=(28115.0000,6557.0000,0.0000) pressure=0.6235 tangentialPressure=0.0000 tilt=(0.1562,0.0156) rotation=0.0000 buttons=0x1 deviceID=19450
PEN t=31.1706 monitor=global type=leftMouseDragged subtype=1 eventTimestamp=191310.0190 eventNumber=0 absolute=(28089.0000,6564.0000,0.0000) pressure=0.6235 tangentialPressure=0.0000 tilt=(0.1562,0.0156) rotation=0.0000 buttons=0x1 deviceID=19450
PEN t=31.1740 monitor=global type=leftMouseDragged subtype=1 eventTimestamp=191310.0222 eventNumber=0 absolute=(28066.0000,6571.0000,0.0000) pressure=0.6235 tangentialPressure=0.0000 tilt=(0.1406,0.0156) rotation=0.0000 buttons=0x1 deviceID=19450
PEN t=31.1803 monitor=global type=leftMouseDragged subtype=1 eventTimestamp=191310.0291 eventNumber=0 absolute=(28045.0000,6578.0000,0.0000) pressure=0.6235 tangentialPressure=0.0000 tilt=(0.1406,0.0000) rotation=0.0000 buttons=0x1 deviceID=19450
PEN t=31.1900 monitor=global type=leftMouseDragged subtype=1 eventTimestamp=191310.0388 eventNumber=0 absolute=(28007.0000,6590.0000,0.0000) pressure=0.6235 tangentialPressure=0.0000 tilt=(0.1250,0.0000) rotation=0.0000 buttons=0x1 deviceID=19450
PEN t=31.1968 monitor=global type=leftMouseDragged subtype=1 eventTimestamp=191310.0457 eventNumber=0 absolute=(27990.0000,6596.0000,0.0000) pressure=0.6235 tangentialPressure=0.0000 tilt=(0.1093,0.0000) rotation=0.0000 buttons=0x1 deviceID=19450
PEN t=31.1992 monitor=global type=leftMouseDragged subtype=1 eventTimestamp=191310.0477 eventNumber=0 absolute=(27974.0000,6602.0000,0.0000) pressure=0.6235 tangentialPressure=0.0000 tilt=(0.1093,-0.0156) rotation=0.0000 buttons=0x1 deviceID=19450
PEN t=31.2038 monitor=global type=leftMouseDragged subtype=1 eventTimestamp=191310.0527 eventNumber=0 absolute=(27957.0000,6608.0000,0.0000) pressure=0.6235 tangentialPressure=0.0000 tilt=(0.0937,-0.0156) rotation=0.0000 buttons=0x1 deviceID=19450
PEN t=31.2165 monitor=global type=leftMouseDragged subtype=1 eventTimestamp=191310.0648 eventNumber=0 absolute=(27933.0000,6618.0000,0.0000) pressure=0.6157 tangentialPressure=0.0000 tilt=(0.0781,-0.0156) rotation=0.0000 buttons=0x1 deviceID=19450
PEN t=31.2395 monitor=global type=leftMouseDragged subtype=1 eventTimestamp=191310.0862 eventNumber=0 absolute=(27907.0000,6631.0000,0.0000) pressure=0.6157 tangentialPressure=0.0000 tilt=(0.0625,-0.0156) rotation=0.0000 buttons=0x1 deviceID=19450
PEN t=31.2642 monitor=global type=leftMouseDragged subtype=1 eventTimestamp=191310.1124 eventNumber=0 absolute=(27880.0000,6649.0000,0.0000) pressure=0.5961 tangentialPressure=0.0000 tilt=(0.0468,0.0000) rotation=0.0000 buttons=0x1 deviceID=19450
PEN t=31.2740 monitor=global type=leftMouseDragged subtype=1 eventTimestamp=191310.1220 eventNumber=0 absolute=(27866.0000,6660.0000,0.0000) pressure=0.5961 tangentialPressure=0.0000 tilt=(0.0468,0.0000) rotation=0.0000 buttons=0x1 deviceID=19450
PEN t=31.2863 monitor=global type=leftMouseDragged subtype=1 eventTimestamp=191310.1330 eventNumber=0 absolute=(27851.0000,6670.0000,0.0000) pressure=0.5882 tangentialPressure=0.0000 tilt=(0.0312,0.0156) rotation=0.0000 buttons=0x1 deviceID=19450
PEN t=31.2899 monitor=global type=leftMouseDragged subtype=1 eventTimestamp=191310.1388 eventNumber=0 absolute=(27843.0000,6675.0000,0.0000) pressure=0.5882 tangentialPressure=0.0000 tilt=(0.0312,0.0156) rotation=0.0000 buttons=0x1 deviceID=19450
PEN t=31.2991 monitor=global type=leftMouseDragged subtype=1 eventTimestamp=191310.1479 eventNumber=0 absolute=(27827.0000,6684.0000,0.0000) pressure=0.5804 tangentialPressure=0.0000 tilt=(0.0312,0.0312) rotation=0.0000 buttons=0x1 deviceID=19450
PEN t=31.3158 monitor=global type=leftMouseDragged subtype=1 eventTimestamp=191310.1640 eventNumber=0 absolute=(27813.0000,6690.0000,0.0000) pressure=0.5765 tangentialPressure=0.0000 tilt=(0.0312,0.0468) rotation=0.0000 buttons=0x1 deviceID=19450
PEN t=31.3311 monitor=global type=leftMouseDragged subtype=1 eventTimestamp=191310.1791 eventNumber=0 absolute=(27798.0000,6693.0000,0.0000) pressure=0.5686 tangentialPressure=0.0000 tilt=(0.0312,0.0781) rotation=0.0000 buttons=0x1 deviceID=19450
PEN t=31.3571 monitor=global type=leftMouseDragged subtype=1 eventTimestamp=191310.2060 eventNumber=0 absolute=(27763.0000,6697.0000,0.0000) pressure=0.5725 tangentialPressure=0.0000 tilt=(0.0312,0.1093) rotation=0.0000 buttons=0x1 deviceID=19450
PEN t=31.3661 monitor=global type=leftMouseDragged subtype=1 eventTimestamp=191310.2142 eventNumber=0 absolute=(27739.0000,6703.0000,0.0000) pressure=0.5765 tangentialPressure=0.0000 tilt=(0.0312,0.1250) rotation=0.0000 buttons=0x1 deviceID=19450
PEN t=31.3744 monitor=global type=leftMouseDragged subtype=1 eventTimestamp=191310.2223 eventNumber=0 absolute=(27714.0000,6712.0000,0.0000) pressure=0.5804 tangentialPressure=0.0000 tilt=(0.0312,0.1562) rotation=0.0000 buttons=0x1 deviceID=19450
PEN t=31.3832 monitor=global type=leftMouseDragged subtype=1 eventTimestamp=191310.2307 eventNumber=0 absolute=(27700.0000,6717.0000,0.0000) pressure=0.5843 tangentialPressure=0.0000 tilt=(0.0312,0.1562) rotation=0.0000 buttons=0x1 deviceID=19450
PEN t=31.3849 monitor=global type=leftMouseDragged subtype=1 eventTimestamp=191310.2330 eventNumber=0 absolute=(27688.0000,6723.0000,0.0000) pressure=0.5843 tangentialPressure=0.0000 tilt=(0.0312,0.1718) rotation=0.0000 buttons=0x1 deviceID=19450
PEN t=31.3996 monitor=global type=leftMouseDragged subtype=1 eventTimestamp=191310.2475 eventNumber=0 absolute=(27666.0000,6736.0000,0.0000) pressure=0.5765 tangentialPressure=0.0000 tilt=(0.0312,0.1875) rotation=0.0000 buttons=0x1 deviceID=19450
PEN t=31.4016 monitor=global type=leftMouseDragged subtype=1 eventTimestamp=191310.2505 eventNumber=0 absolute=(27653.0000,6741.0000,0.0000) pressure=0.5725 tangentialPressure=0.0000 tilt=(0.0312,0.1875) rotation=0.0000 buttons=0x1 deviceID=19450
PEN t=31.4070 monitor=global type=leftMouseDragged subtype=1 eventTimestamp=191310.2558 eventNumber=0 absolute=(27636.0000,6748.0000,0.0000) pressure=0.5725 tangentialPressure=0.0000 tilt=(0.0312,0.2031) rotation=0.0000 buttons=0x1 deviceID=19450
PEN t=31.4182 monitor=global type=leftMouseDragged subtype=1 eventTimestamp=191310.2660 eventNumber=0 absolute=(27594.0000,6763.0000,0.0000) pressure=0.5569 tangentialPressure=0.0000 tilt=(0.0468,0.2187) rotation=0.0000 buttons=0x1 deviceID=19450
PEN t=31.4253 monitor=global type=leftMouseDragged subtype=1 eventTimestamp=191310.2742 eventNumber=0 absolute=(27571.0000,6771.0000,0.0000) pressure=0.5569 tangentialPressure=0.0000 tilt=(0.0468,0.2344) rotation=0.0000 buttons=0x1 deviceID=19450
PEN t=31.4328 monitor=global type=leftMouseDragged subtype=1 eventTimestamp=191310.2809 eventNumber=0 absolute=(27554.0000,6777.0000,0.0000) pressure=0.5490 tangentialPressure=0.0000 tilt=(0.0468,0.2500) rotation=0.0000 buttons=0x1 deviceID=19450
PEN t=31.4410 monitor=global type=leftMouseDragged subtype=1 eventTimestamp=191310.2892 eventNumber=0 absolute=(27526.0000,6791.0000,0.0000) pressure=0.5490 tangentialPressure=0.0000 tilt=(0.0468,0.2656) rotation=0.0000 buttons=0x1 deviceID=19450
PEN t=31.4494 monitor=global type=leftMouseDragged subtype=1 eventTimestamp=191310.2982 eventNumber=0 absolute=(27502.0000,6808.0000,0.0000) pressure=0.5451 tangentialPressure=0.0000 tilt=(0.0625,0.2969) rotation=0.0000 buttons=0x1 deviceID=19450
PEN t=31.4558 monitor=global type=leftMouseDragged subtype=1 eventTimestamp=191310.3046 eventNumber=0 absolute=(27492.0000,6816.0000,0.0000) pressure=0.5451 tangentialPressure=0.0000 tilt=(0.0625,0.2969) rotation=0.0000 buttons=0x1 deviceID=19450
PEN t=31.4665 monitor=global type=leftMouseDragged subtype=1 eventTimestamp=191310.3142 eventNumber=0 absolute=(27480.0000,6824.0000,0.0000) pressure=0.5490 tangentialPressure=0.0000 tilt=(0.0625,0.3125) rotation=0.0000 buttons=0x1 deviceID=19450
PEN t=31.4678 monitor=global type=leftMouseDragged subtype=1 eventTimestamp=191310.3163 eventNumber=0 absolute=(27468.0000,6831.0000,0.0000) pressure=0.5490 tangentialPressure=0.0000 tilt=(0.0625,0.3281) rotation=0.0000 buttons=0x1 deviceID=19450
PEN t=31.4747 monitor=global type=leftMouseDragged subtype=1 eventTimestamp=191310.3223 eventNumber=0 absolute=(27455.0000,6838.0000,0.0000) pressure=0.5490 tangentialPressure=0.0000 tilt=(0.0625,0.3437) rotation=0.0000 buttons=0x1 deviceID=19450
PEN t=31.4828 monitor=global type=leftMouseDragged subtype=1 eventTimestamp=191310.3309 eventNumber=0 absolute=(27442.0000,6847.0000,0.0000) pressure=0.5569 tangentialPressure=0.0000 tilt=(0.0625,0.3594) rotation=0.0000 buttons=0x1 deviceID=19450
PEN t=31.4847 monitor=global type=leftMouseDragged subtype=1 eventTimestamp=191310.3335 eventNumber=0 absolute=(27427.0000,6853.0000,0.0000) pressure=0.5608 tangentialPressure=0.0000 tilt=(0.0781,0.3750) rotation=0.0000 buttons=0x1 deviceID=19450
PEN t=31.4909 monitor=global type=leftMouseDragged subtype=1 eventTimestamp=191310.3391 eventNumber=0 absolute=(27413.0000,6859.0000,0.0000) pressure=0.5608 tangentialPressure=0.0000 tilt=(0.0781,0.3906) rotation=0.0000 buttons=0x1 deviceID=19450
PEN t=31.4998 monitor=global type=leftMouseDragged subtype=1 eventTimestamp=191310.3477 eventNumber=0 absolute=(27400.0000,6864.0000,0.0000) pressure=0.5608 tangentialPressure=0.0000 tilt=(0.0781,0.4062) rotation=0.0000 buttons=0x1 deviceID=19450
PEN t=31.5173 monitor=global type=leftMouseDragged subtype=1 eventTimestamp=191310.3660 eventNumber=0 absolute=(27360.0000,6873.0000,0.0000) pressure=0.5451 tangentialPressure=0.0000 tilt=(0.0937,0.4687) rotation=0.0000 buttons=0x1 deviceID=19450
PEN t=31.5320 monitor=global type=leftMouseDragged subtype=1 eventTimestamp=191310.3809 eventNumber=0 absolute=(27346.0000,6877.0000,0.0000) pressure=0.5333 tangentialPressure=0.0000 tilt=(0.0937,0.5000) rotation=0.0000 buttons=0x1 deviceID=19450
PEN t=31.5403 monitor=global type=leftMouseDragged subtype=1 eventTimestamp=191310.3890 eventNumber=0 absolute=(27325.0000,6882.0000,0.0000) pressure=0.5294 tangentialPressure=0.0000 tilt=(0.0937,0.5312) rotation=0.0000 buttons=0x1 deviceID=19450
PEN t=31.5522 monitor=global type=leftMouseDragged subtype=1 eventTimestamp=191310.4009 eventNumber=0 absolute=(27304.0000,6889.0000,0.0000) pressure=0.5176 tangentialPressure=0.0000 tilt=(0.1093,0.5625) rotation=0.0000 buttons=0x1 deviceID=19450
PEN t=31.5571 monitor=global type=leftMouseDragged subtype=1 eventTimestamp=191310.4058 eventNumber=0 absolute=(27293.0000,6892.0000,0.0000) pressure=0.5176 tangentialPressure=0.0000 tilt=(0.1093,0.5781) rotation=0.0000 buttons=0x1 deviceID=19450
PEN t=31.5686 monitor=global type=leftMouseDragged subtype=1 eventTimestamp=191310.4175 eventNumber=0 absolute=(27271.0000,6900.0000,0.0000) pressure=0.5059 tangentialPressure=0.0000 tilt=(0.1093,0.6094) rotation=0.0000 buttons=0x1 deviceID=19450
PEN t=31.5808 monitor=global type=leftMouseDragged subtype=1 eventTimestamp=191310.4296 eventNumber=0 absolute=(27241.0000,6911.0000,0.0000) pressure=0.4980 tangentialPressure=0.0000 tilt=(0.1250,0.6406) rotation=0.0000 buttons=0x1 deviceID=19450
PEN t=31.5872 monitor=global type=leftMouseDragged subtype=1 eventTimestamp=191310.4360 eventNumber=0 absolute=(27213.0000,6922.0000,0.0000) pressure=0.4980 tangentialPressure=0.0000 tilt=(0.1250,0.6719) rotation=0.0000 buttons=0x1 deviceID=19450
PEN t=31.6010 monitor=global type=leftMouseDragged subtype=1 eventTimestamp=191310.4498 eventNumber=0 absolute=(27191.0000,6930.0000,0.0000) pressure=0.4118 tangentialPressure=0.0000 tilt=(0.1406,0.7031) rotation=0.0000 buttons=0x1 deviceID=19450
PEN t=31.6146 monitor=global type=leftMouseDragged subtype=1 eventTimestamp=191310.4634 eventNumber=0 absolute=(27163.0000,6937.0000,0.0000) pressure=0.0392 tangentialPressure=0.0000 tilt=(0.1406,0.7187) rotation=0.0000 buttons=0x1 deviceID=19450
PEN t=31.6206 monitor=global type=leftMouseUp subtype=1 eventTimestamp=191310.4691 eventNumber=174 absolute=(27163.0000,6937.0000,0.0000) pressure=0.0000 tangentialPressure=0.0000 tilt=(0.1406,0.7187) rotation=0.0000 buttons=0x0 deviceID=19450
PEN t=31.6244 monitor=local type=mouseMoved subtype=1 eventTimestamp=191310.4726 eventNumber=0 absolute=(27140.0000,6941.0000,0.0000) pressure=0.0000 tangentialPressure=0.0000 tilt=(0.1406,0.7344) rotation=0.0000 buttons=0x0 deviceID=19450
PEN t=31.6353 monitor=local type=mouseMoved subtype=1 eventTimestamp=191310.4836 eventNumber=0 absolute=(27112.0000,6946.0000,0.0000) pressure=0.0000 tangentialPressure=0.0000 tilt=(0.1562,0.7656) rotation=0.0000 buttons=0x0 deviceID=19450
PEN t=31.6589 monitor=local type=mouseMoved subtype=1 eventTimestamp=191310.5072 eventNumber=0 absolute=(27077.0000,6947.0000,112.0000) pressure=0.0000 tangentialPressure=0.0000 tilt=(0.1875,0.8125) rotation=0.0000 buttons=0x0 deviceID=19450
PEN t=31.6701 monitor=local type=mouseMoved subtype=1 eventTimestamp=191310.5186 eventNumber=0 absolute=(27051.0000,6949.0000,112.0000) pressure=0.0000 tangentialPressure=0.0000 tilt=(0.1875,0.8437) rotation=0.0000 buttons=0x0 deviceID=19450
PEN t=31.6825 monitor=local type=mouseMoved subtype=1 eventTimestamp=191310.5311 eventNumber=0 absolute=(27027.0000,6951.0000,168.0000) pressure=0.0000 tangentialPressure=0.0000 tilt=(0.2031,0.8594) rotation=0.0000 buttons=0x0 deviceID=19450
PEN t=31.7200 monitor=local type=mouseMoved subtype=1 eventTimestamp=191310.5685 eventNumber=0 absolute=(27006.0000,6957.0000,280.0000) pressure=0.0000 tangentialPressure=0.0000 tilt=(0.2031,0.9219) rotation=0.0000 buttons=0x0 deviceID=19450
PEN t=31.7704 monitor=local type=mouseMoved subtype=1 eventTimestamp=191310.6188 eventNumber=0 absolute=(26973.0000,6962.0000,397.0000) pressure=0.0000 tangentialPressure=0.0000 tilt=(0.2031,0.9844) rotation=0.0000 buttons=0x0 deviceID=19450
PEN t=31.7745 monitor=local type=mouseMoved subtype=1 eventTimestamp=191310.6230 eventNumber=0 absolute=(26965.0000,6963.0000,397.0000) pressure=0.0000 tangentialPressure=0.0000 tilt=(0.2031,1.0000) rotation=0.0000 buttons=0x0 deviceID=19450
PEN t=31.7866 monitor=local type=mouseMoved subtype=1 eventTimestamp=191310.6351 eventNumber=0 absolute=(26945.0000,6968.0000,453.0000) pressure=0.0000 tangentialPressure=0.0000 tilt=(0.2031,1.0000) rotation=0.0000 buttons=0x0 deviceID=19450
PEN t=31.7995 monitor=local type=mouseMoved subtype=1 eventTimestamp=191310.6480 eventNumber=0 absolute=(26917.0000,6974.0000,453.0000) pressure=0.0000 tangentialPressure=0.0000 tilt=(0.2187,1.0000) rotation=0.0000 buttons=0x0 deviceID=19450
PEN t=31.8162 monitor=local type=mouseMoved subtype=1 eventTimestamp=191310.6645 eventNumber=0 absolute=(26915.0000,6979.0000,453.0000) pressure=0.0000 tangentialPressure=0.0000 tilt=(0.2187,1.0000) rotation=0.0000 buttons=0x0 deviceID=19450
PEN t=31.8479 monitor=local type=mouseMoved subtype=1 eventTimestamp=191310.6963 eventNumber=0 absolute=(26897.0000,6983.0000,453.0000) pressure=0.0000 tangentialPressure=0.0000 tilt=(0.2031,1.0000) rotation=0.0000 buttons=0x0 deviceID=19450
PEN t=31.8691 monitor=local type=mouseMoved subtype=1 eventTimestamp=191310.7176 eventNumber=0 absolute=(26865.0000,6980.0000,397.0000) pressure=0.0000 tangentialPressure=0.0000 tilt=(0.2031,1.0000) rotation=0.0000 buttons=0x0 deviceID=19450
PEN t=31.8809 monitor=local type=mouseMoved subtype=1 eventTimestamp=191310.7294 eventNumber=0 absolute=(26846.0000,6977.0000,397.0000) pressure=0.0000 tangentialPressure=0.0000 tilt=(0.2031,1.0000) rotation=0.0000 buttons=0x0 deviceID=19450
PEN t=31.8848 monitor=local type=mouseMoved subtype=1 eventTimestamp=191310.7334 eventNumber=0 absolute=(26840.0000,6975.0000,397.0000) pressure=0.0000 tangentialPressure=0.0000 tilt=(0.2031,1.0000) rotation=0.0000 buttons=0x0 deviceID=19450
PEN t=31.9241 monitor=local type=mouseMoved subtype=1 eventTimestamp=191310.7726 eventNumber=0 absolute=(26813.0000,6966.0000,341.0000) pressure=0.0000 tangentialPressure=0.0000 tilt=(0.1875,1.0000) rotation=0.0000 buttons=0x0 deviceID=19450
PEN t=31.9820 monitor=local type=mouseMoved subtype=1 eventTimestamp=191310.8305 eventNumber=0 absolute=(26804.0000,6962.0000,280.0000) pressure=0.0000 tangentialPressure=0.0000 tilt=(0.1718,1.0000) rotation=0.0000 buttons=0x0 deviceID=19450
PEN t=32.0477 monitor=local type=mouseMoved subtype=1 eventTimestamp=191310.8961 eventNumber=0 absolute=(26816.0000,6952.0000,168.0000) pressure=0.0000 tangentialPressure=0.0000 tilt=(0.1562,1.0000) rotation=0.0000 buttons=0x0 deviceID=19450
PEN t=32.0658 monitor=local type=mouseMoved subtype=1 eventTimestamp=191310.9143 eventNumber=0 absolute=(26820.0000,6948.0000,112.0000) pressure=0.0000 tangentialPressure=0.0000 tilt=(0.1562,1.0000) rotation=0.0000 buttons=0x0 deviceID=19450
PEN t=32.1014 monitor=local type=mouseMoved subtype=1 eventTimestamp=191310.9498 eventNumber=0 absolute=(26843.0000,6933.0000,0.0000) pressure=0.0000 tangentialPressure=0.0000 tilt=(0.1406,0.9531) rotation=0.0000 buttons=0x0 deviceID=19450
PEN t=32.1242 monitor=local type=mouseMoved subtype=1 eventTimestamp=191310.9727 eventNumber=0 absolute=(26871.0000,6920.0000,0.0000) pressure=0.0000 tangentialPressure=0.0000 tilt=(0.1250,0.9219) rotation=0.0000 buttons=0x0 deviceID=19450
PEN t=32.1429 monitor=global type=leftMouseDown subtype=1 eventTimestamp=191310.9892 eventNumber=175 absolute=(26894.0000,6925.0000,0.0000) pressure=0.0235 tangentialPressure=0.0000 tilt=(0.1093,0.9062) rotation=0.0000 buttons=0x1 deviceID=19450
PEN t=32.1584 monitor=global type=leftMouseDragged subtype=1 eventTimestamp=191311.0072 eventNumber=0 absolute=(26939.0000,6966.0000,0.0000) pressure=0.3569 tangentialPressure=0.0000 tilt=(0.0937,0.8750) rotation=0.0000 buttons=0x1 deviceID=19450
PEN t=32.1646 monitor=global type=leftMouseDragged subtype=1 eventTimestamp=191311.0134 eventNumber=0 absolute=(26951.0000,6984.0000,0.0000) pressure=0.3882 tangentialPressure=0.0000 tilt=(0.0937,0.8750) rotation=0.0000 buttons=0x1 deviceID=19450
PEN t=32.1732 monitor=global type=leftMouseDragged subtype=1 eventTimestamp=191311.0220 eventNumber=0 absolute=(26958.0000,7002.0000,0.0000) pressure=0.3961 tangentialPressure=0.0000 tilt=(0.0937,0.8594) rotation=0.0000 buttons=0x1 deviceID=19450
PEN t=32.1799 monitor=global type=leftMouseDragged subtype=1 eventTimestamp=191311.0254 eventNumber=0 absolute=(26966.0000,7019.0000,0.0000) pressure=0.4000 tangentialPressure=0.0000 tilt=(0.0781,0.8594) rotation=0.0000 buttons=0x1 deviceID=19450
PEN t=32.1821 monitor=global type=leftMouseDragged subtype=1 eventTimestamp=191311.0310 eventNumber=0 absolute=(26971.0000,7035.0000,0.0000) pressure=0.4000 tangentialPressure=0.0000 tilt=(0.0781,0.8437) rotation=0.0000 buttons=0x1 deviceID=19450
PEN t=32.1854 monitor=global type=leftMouseDragged subtype=1 eventTimestamp=191311.0342 eventNumber=0 absolute=(26976.0000,7050.0000,0.0000) pressure=0.4039 tangentialPressure=0.0000 tilt=(0.0781,0.8281) rotation=0.0000 buttons=0x1 deviceID=19450
PEN t=32.1905 monitor=global type=leftMouseDragged subtype=1 eventTimestamp=191311.0393 eventNumber=0 absolute=(26981.0000,7064.0000,0.0000) pressure=0.4078 tangentialPressure=0.0000 tilt=(0.0781,0.8125) rotation=0.0000 buttons=0x1 deviceID=19450
PEN t=32.2001 monitor=global type=leftMouseDragged subtype=1 eventTimestamp=191311.0489 eventNumber=0 absolute=(26991.0000,7091.0000,0.0000) pressure=0.4157 tangentialPressure=0.0000 tilt=(0.0625,0.7969) rotation=0.0000 buttons=0x1 deviceID=19450
PEN t=32.2078 monitor=global type=leftMouseDragged subtype=1 eventTimestamp=191311.0566 eventNumber=0 absolute=(26999.0000,7106.0000,0.0000) pressure=0.4157 tangentialPressure=0.0000 tilt=(0.0625,0.7812) rotation=0.0000 buttons=0x1 deviceID=19450
PEN t=32.2157 monitor=global type=leftMouseDragged subtype=1 eventTimestamp=191311.0645 eventNumber=0 absolute=(27006.0000,7123.0000,0.0000) pressure=0.4196 tangentialPressure=0.0000 tilt=(0.0625,0.7656) rotation=0.0000 buttons=0x1 deviceID=19450
PEN t=32.2235 monitor=global type=leftMouseDragged subtype=1 eventTimestamp=191311.0722 eventNumber=0 absolute=(27014.0000,7142.0000,0.0000) pressure=0.4275 tangentialPressure=0.0000 tilt=(0.0468,0.7656) rotation=0.0000 buttons=0x1 deviceID=19450
PEN t=32.2253 monitor=global type=leftMouseDragged subtype=1 eventTimestamp=191311.0742 eventNumber=0 absolute=(27023.0000,7163.0000,0.0000) pressure=0.4353 tangentialPressure=0.0000 tilt=(0.0468,0.7500) rotation=0.0000 buttons=0x1 deviceID=19450
PEN t=32.2315 monitor=global type=leftMouseDragged subtype=1 eventTimestamp=191311.0804 eventNumber=0 absolute=(27031.0000,7185.0000,0.0000) pressure=0.4431 tangentialPressure=0.0000 tilt=(0.0468,0.7344) rotation=0.0000 buttons=0x1 deviceID=19450
PEN t=32.2356 monitor=global type=leftMouseDragged subtype=1 eventTimestamp=191311.0844 eventNumber=0 absolute=(27038.0000,7210.0000,0.0000) pressure=0.4588 tangentialPressure=0.0000 tilt=(0.0468,0.7344) rotation=0.0000 buttons=0x1 deviceID=19450
PEN t=32.2402 monitor=global type=leftMouseDragged subtype=1 eventTimestamp=191311.0891 eventNumber=0 absolute=(27040.0000,7235.0000,0.0000) pressure=0.4706 tangentialPressure=0.0000 tilt=(0.0312,0.7187) rotation=0.0000 buttons=0x1 deviceID=19450
PEN t=32.2475 monitor=global type=leftMouseDragged subtype=1 eventTimestamp=191311.0963 eventNumber=0 absolute=(27040.0000,7259.0000,0.0000) pressure=0.4706 tangentialPressure=0.0000 tilt=(0.0312,0.7031) rotation=0.0000 buttons=0x1 deviceID=19450
PEN t=32.2503 monitor=global type=leftMouseDragged subtype=1 eventTimestamp=191311.0991 eventNumber=0 absolute=(27040.0000,7282.0000,0.0000) pressure=0.4784 tangentialPressure=0.0000 tilt=(0.0312,0.6875) rotation=0.0000 buttons=0x1 deviceID=19450
PEN t=32.2569 monitor=global type=leftMouseDragged subtype=1 eventTimestamp=191311.1058 eventNumber=0 absolute=(27036.0000,7301.0000,0.0000) pressure=0.4784 tangentialPressure=0.0000 tilt=(0.0312,0.6875) rotation=0.0000 buttons=0x1 deviceID=19450
PEN t=32.2649 monitor=global type=leftMouseDragged subtype=1 eventTimestamp=191311.1138 eventNumber=0 absolute=(27036.0000,7318.0000,0.0000) pressure=0.4824 tangentialPressure=0.0000 tilt=(0.0156,0.6719) rotation=0.0000 buttons=0x1 deviceID=19450
PEN t=32.2686 monitor=global type=leftMouseDragged subtype=1 eventTimestamp=191311.1174 eventNumber=0 absolute=(27036.0000,7334.0000,0.0000) pressure=0.4824 tangentialPressure=0.0000 tilt=(0.0156,0.6562) rotation=0.0000 buttons=0x1 deviceID=19450
PEN t=32.2738 monitor=global type=leftMouseDragged subtype=1 eventTimestamp=191311.1226 eventNumber=0 absolute=(27036.0000,7348.0000,0.0000) pressure=0.4824 tangentialPressure=0.0000 tilt=(0.0156,0.6406) rotation=0.0000 buttons=0x1 deviceID=19450
PEN t=32.2815 monitor=global type=leftMouseDragged subtype=1 eventTimestamp=191311.1304 eventNumber=0 absolute=(27047.0000,7363.0000,0.0000) pressure=0.4863 tangentialPressure=0.0000 tilt=(0.0156,0.6406) rotation=0.0000 buttons=0x1 deviceID=19450
PEN t=32.2870 monitor=global type=leftMouseDragged subtype=1 eventTimestamp=191311.1358 eventNumber=0 absolute=(27057.0000,7378.0000,0.0000) pressure=0.4902 tangentialPressure=0.0000 tilt=(0.0000,0.6250) rotation=0.0000 buttons=0x1 deviceID=19450
PEN t=32.2902 monitor=global type=leftMouseDragged subtype=1 eventTimestamp=191311.1391 eventNumber=0 absolute=(27070.0000,7394.0000,0.0000) pressure=0.4941 tangentialPressure=0.0000 tilt=(0.0000,0.6094) rotation=0.0000 buttons=0x1 deviceID=19450
PEN t=32.2974 monitor=global type=leftMouseDragged subtype=1 eventTimestamp=191311.1462 eventNumber=0 absolute=(27083.0000,7410.0000,0.0000) pressure=0.4980 tangentialPressure=0.0000 tilt=(0.0000,0.5937) rotation=0.0000 buttons=0x1 deviceID=19450
PEN t=32.3026 monitor=global type=leftMouseDragged subtype=1 eventTimestamp=191311.1514 eventNumber=0 absolute=(27094.0000,7426.0000,0.0000) pressure=0.5020 tangentialPressure=0.0000 tilt=(0.0000,0.5937) rotation=0.0000 buttons=0x1 deviceID=19450
PEN t=32.3069 monitor=global type=leftMouseDragged subtype=1 eventTimestamp=191311.1557 eventNumber=0 absolute=(27107.0000,7444.0000,0.0000) pressure=0.5059 tangentialPressure=0.0000 tilt=(-0.0156,0.5781) rotation=0.0000 buttons=0x1 deviceID=19450
PEN t=32.3145 monitor=global type=leftMouseDragged subtype=1 eventTimestamp=191311.1633 eventNumber=0 absolute=(27118.0000,7461.0000,0.0000) pressure=0.5059 tangentialPressure=0.0000 tilt=(-0.0156,0.5625) rotation=0.0000 buttons=0x1 deviceID=19450
PEN t=32.3180 monitor=global type=leftMouseDragged subtype=1 eventTimestamp=191311.1669 eventNumber=0 absolute=(27129.0000,7479.0000,0.0000) pressure=0.5137 tangentialPressure=0.0000 tilt=(-0.0156,0.5469) rotation=0.0000 buttons=0x1 deviceID=19450
PEN t=32.3232 monitor=global type=leftMouseDragged subtype=1 eventTimestamp=191311.1700 eventNumber=0 absolute=(27138.0000,7498.0000,0.0000) pressure=0.5176 tangentialPressure=0.0000 tilt=(-0.0156,0.5312) rotation=0.0000 buttons=0x1 deviceID=19450
PEN t=32.3307 monitor=global type=leftMouseDragged subtype=1 eventTimestamp=191311.1795 eventNumber=0 absolute=(27146.0000,7516.0000,0.0000) pressure=0.5216 tangentialPressure=0.0000 tilt=(-0.0313,0.5312) rotation=0.0000 buttons=0x1 deviceID=19450
PEN t=32.3345 monitor=global type=leftMouseDragged subtype=1 eventTimestamp=191311.1833 eventNumber=0 absolute=(27152.0000,7532.0000,0.0000) pressure=0.5255 tangentialPressure=0.0000 tilt=(-0.0313,0.5156) rotation=0.0000 buttons=0x1 deviceID=19450
PEN t=32.3418 monitor=global type=leftMouseDragged subtype=1 eventTimestamp=191311.1907 eventNumber=0 absolute=(27159.0000,7545.0000,0.0000) pressure=0.5255 tangentialPressure=0.0000 tilt=(-0.0313,0.5000) rotation=0.0000 buttons=0x1 deviceID=19450
PEN t=32.3479 monitor=global type=leftMouseDragged subtype=1 eventTimestamp=191311.1967 eventNumber=0 absolute=(27165.0000,7555.0000,0.0000) pressure=0.5255 tangentialPressure=0.0000 tilt=(-0.0469,0.4844) rotation=0.0000 buttons=0x1 deviceID=19450
PEN t=32.3571 monitor=global type=leftMouseDragged subtype=1 eventTimestamp=191311.2058 eventNumber=0 absolute=(27174.0000,7565.0000,0.0000) pressure=0.5255 tangentialPressure=0.0000 tilt=(-0.0469,0.4531) rotation=0.0000 buttons=0x1 deviceID=19450
PEN t=32.3842 monitor=global type=leftMouseDragged subtype=1 eventTimestamp=191311.2330 eventNumber=0 absolute=(27210.0000,7568.0000,0.0000) pressure=0.5216 tangentialPressure=0.0000 tilt=(-0.0625,0.3750) rotation=0.0000 buttons=0x1 deviceID=19450
PEN t=32.3877 monitor=global type=leftMouseDragged subtype=1 eventTimestamp=191311.2365 eventNumber=0 absolute=(27228.0000,7570.0000,0.0000) pressure=0.5255 tangentialPressure=0.0000 tilt=(-0.0781,0.3750) rotation=0.0000 buttons=0x1 deviceID=19450
PEN t=32.4034 monitor=global type=leftMouseDragged subtype=1 eventTimestamp=191311.2522 eventNumber=0 absolute=(27276.0000,7578.0000,0.0000) pressure=0.5373 tangentialPressure=0.0000 tilt=(-0.0781,0.3437) rotation=0.0000 buttons=0x1 deviceID=19450
PEN t=32.4081 monitor=global type=leftMouseDragged subtype=1 eventTimestamp=191311.2569 eventNumber=0 absolute=(27299.0000,7583.0000,0.0000) pressure=0.5490 tangentialPressure=0.0000 tilt=(-0.0781,0.3281) rotation=0.0000 buttons=0x1 deviceID=19450
PEN t=32.4152 monitor=global type=leftMouseDragged subtype=1 eventTimestamp=191311.2640 eventNumber=0 absolute=(27321.0000,7587.0000,0.0000) pressure=0.5529 tangentialPressure=0.0000 tilt=(-0.0938,0.3281) rotation=0.0000 buttons=0x1 deviceID=19450
PEN t=32.4188 monitor=global type=leftMouseDragged subtype=1 eventTimestamp=191311.2675 eventNumber=0 absolute=(27340.0000,7589.0000,0.0000) pressure=0.5725 tangentialPressure=0.0000 tilt=(-0.0938,0.3125) rotation=0.0000 buttons=0x1 deviceID=19450
PEN t=32.4322 monitor=global type=leftMouseDragged subtype=1 eventTimestamp=191311.2810 eventNumber=0 absolute=(27373.0000,7591.0000,0.0000) pressure=0.5765 tangentialPressure=0.0000 tilt=(-0.0938,0.2812) rotation=0.0000 buttons=0x1 deviceID=19450
PEN t=32.4404 monitor=global type=leftMouseDragged subtype=1 eventTimestamp=191311.2892 eventNumber=0 absolute=(27397.0000,7591.0000,0.0000) pressure=0.5765 tangentialPressure=0.0000 tilt=(-0.1094,0.2656) rotation=0.0000 buttons=0x1 deviceID=19450
PEN t=32.4533 monitor=global type=leftMouseDragged subtype=1 eventTimestamp=191311.3021 eventNumber=0 absolute=(27426.0000,7584.0000,0.0000) pressure=0.5686 tangentialPressure=0.0000 tilt=(-0.1094,0.2344) rotation=0.0000 buttons=0x1 deviceID=19450
PEN t=32.4567 monitor=global type=leftMouseDragged subtype=1 eventTimestamp=191311.3055 eventNumber=0 absolute=(27445.0000,7576.0000,0.0000) pressure=0.5686 tangentialPressure=0.0000 tilt=(-0.1250,0.2344) rotation=0.0000 buttons=0x1 deviceID=19450
PEN t=32.4649 monitor=global type=leftMouseDragged subtype=1 eventTimestamp=191311.3137 eventNumber=0 absolute=(27465.0000,7566.0000,0.0000) pressure=0.5529 tangentialPressure=0.0000 tilt=(-0.1250,0.2187) rotation=0.0000 buttons=0x1 deviceID=19450
PEN t=32.4681 monitor=global type=leftMouseDragged subtype=1 eventTimestamp=191311.3169 eventNumber=0 absolute=(27483.0000,7555.0000,0.0000) pressure=0.5529 tangentialPressure=0.0000 tilt=(-0.1250,0.2031) rotation=0.0000 buttons=0x1 deviceID=19450
PEN t=32.4733 monitor=global type=leftMouseDragged subtype=1 eventTimestamp=191311.3222 eventNumber=0 absolute=(27499.0000,7542.0000,0.0000) pressure=0.5529 tangentialPressure=0.0000 tilt=(-0.1250,0.1875) rotation=0.0000 buttons=0x1 deviceID=19450
PEN t=32.4831 monitor=global type=leftMouseDragged subtype=1 eventTimestamp=191311.3319 eventNumber=0 absolute=(27513.0000,7527.0000,0.0000) pressure=0.5412 tangentialPressure=0.0000 tilt=(-0.1406,0.1718) rotation=0.0000 buttons=0x1 deviceID=19450
PEN t=32.4898 monitor=global type=leftMouseDragged subtype=1 eventTimestamp=191311.3366 eventNumber=0 absolute=(27525.0000,7511.0000,0.0000) pressure=0.5412 tangentialPressure=0.0000 tilt=(-0.1406,0.1562) rotation=0.0000 buttons=0x1 deviceID=19450
PEN t=32.4914 monitor=global type=leftMouseDragged subtype=1 eventTimestamp=191311.3403 eventNumber=0 absolute=(27537.0000,7494.0000,0.0000) pressure=0.5412 tangentialPressure=0.0000 tilt=(-0.1406,0.1406) rotation=0.0000 buttons=0x1 deviceID=19450
PEN t=32.4989 monitor=global type=leftMouseDragged subtype=1 eventTimestamp=191311.3477 eventNumber=0 absolute=(27545.0000,7475.0000,0.0000) pressure=0.5373 tangentialPressure=0.0000 tilt=(-0.1406,0.1406) rotation=0.0000 buttons=0x1 deviceID=19450
PEN t=32.5017 monitor=global type=leftMouseDragged subtype=1 eventTimestamp=191311.3505 eventNumber=0 absolute=(27554.0000,7456.0000,0.0000) pressure=0.5373 tangentialPressure=0.0000 tilt=(-0.1563,0.1250) rotation=0.0000 buttons=0x1 deviceID=19450
PEN t=32.5069 monitor=global type=leftMouseDragged subtype=1 eventTimestamp=191311.3557 eventNumber=0 absolute=(27565.0000,7437.0000,0.0000) pressure=0.5373 tangentialPressure=0.0000 tilt=(-0.1563,0.1093) rotation=0.0000 buttons=0x1 deviceID=19450
PEN t=32.5156 monitor=global type=leftMouseDragged subtype=1 eventTimestamp=191311.3644 eventNumber=0 absolute=(27575.0000,7417.0000,0.0000) pressure=0.5451 tangentialPressure=0.0000 tilt=(-0.1563,0.0937) rotation=0.0000 buttons=0x1 deviceID=19450
PEN t=32.5189 monitor=global type=leftMouseDragged subtype=1 eventTimestamp=191311.3677 eventNumber=0 absolute=(27582.0000,7398.0000,0.0000) pressure=0.5529 tangentialPressure=0.0000 tilt=(-0.1719,0.0781) rotation=0.0000 buttons=0x1 deviceID=19450
PEN t=32.5236 monitor=global type=leftMouseDragged subtype=1 eventTimestamp=191311.3724 eventNumber=0 absolute=(27592.0000,7378.0000,0.0000) pressure=0.5569 tangentialPressure=0.0000 tilt=(-0.1719,0.0625) rotation=0.0000 buttons=0x1 deviceID=19450
PEN t=32.5310 monitor=global type=leftMouseDragged subtype=1 eventTimestamp=191311.3798 eventNumber=0 absolute=(27601.0000,7357.0000,0.0000) pressure=0.5608 tangentialPressure=0.0000 tilt=(-0.1719,0.0468) rotation=0.0000 buttons=0x1 deviceID=19450
PEN t=32.5340 monitor=global type=leftMouseDragged subtype=1 eventTimestamp=191311.3829 eventNumber=0 absolute=(27609.0000,7335.0000,0.0000) pressure=0.5686 tangentialPressure=0.0000 tilt=(-0.1719,0.0468) rotation=0.0000 buttons=0x1 deviceID=19450
PEN t=32.5399 monitor=global type=leftMouseDragged subtype=1 eventTimestamp=191311.3887 eventNumber=0 absolute=(27618.0000,7311.0000,0.0000) pressure=0.5686 tangentialPressure=0.0000 tilt=(-0.1875,0.0312) rotation=0.0000 buttons=0x1 deviceID=19450
PEN t=32.5490 monitor=global type=leftMouseDragged subtype=1 eventTimestamp=191311.3978 eventNumber=0 absolute=(27623.0000,7285.0000,0.0000) pressure=0.5725 tangentialPressure=0.0000 tilt=(-0.1875,0.0312) rotation=0.0000 buttons=0x1 deviceID=19450
PEN t=32.5514 monitor=global type=leftMouseDragged subtype=1 eventTimestamp=191311.4003 eventNumber=0 absolute=(27627.0000,7257.0000,0.0000) pressure=0.5725 tangentialPressure=0.0000 tilt=(-0.1875,0.0156) rotation=0.0000 buttons=0x1 deviceID=19450
PEN t=32.5570 monitor=global type=leftMouseDragged subtype=1 eventTimestamp=191311.4058 eventNumber=0 absolute=(27629.0000,7226.0000,0.0000) pressure=0.5725 tangentialPressure=0.0000 tilt=(-0.1875,0.0156) rotation=0.0000 buttons=0x1 deviceID=19450
PEN t=32.5659 monitor=global type=leftMouseDragged subtype=1 eventTimestamp=191311.4148 eventNumber=0 absolute=(27629.0000,7195.0000,0.0000) pressure=0.5647 tangentialPressure=0.0000 tilt=(-0.2031,0.0000) rotation=0.0000 buttons=0x1 deviceID=19450
PEN t=32.5701 monitor=global type=leftMouseDragged subtype=1 eventTimestamp=191311.4189 eventNumber=0 absolute=(27629.0000,7164.0000,0.0000) pressure=0.5647 tangentialPressure=0.0000 tilt=(-0.2031,0.0000) rotation=0.0000 buttons=0x1 deviceID=19450
PEN t=32.5740 monitor=global type=leftMouseDragged subtype=1 eventTimestamp=191311.4228 eventNumber=0 absolute=(27629.0000,7133.0000,0.0000) pressure=0.5647 tangentialPressure=0.0000 tilt=(-0.2031,-0.0156) rotation=0.0000 buttons=0x1 deviceID=19450
PEN t=32.5823 monitor=global type=leftMouseDragged subtype=1 eventTimestamp=191311.4311 eventNumber=0 absolute=(27629.0000,7101.0000,0.0000) pressure=0.5608 tangentialPressure=0.0000 tilt=(-0.2031,-0.0313) rotation=0.0000 buttons=0x1 deviceID=19450
PEN t=32.5852 monitor=global type=leftMouseDragged subtype=1 eventTimestamp=191311.4340 eventNumber=0 absolute=(27631.0000,7069.0000,0.0000) pressure=0.5608 tangentialPressure=0.0000 tilt=(-0.2031,-0.0469) rotation=0.0000 buttons=0x1 deviceID=19450
PEN t=32.5904 monitor=global type=leftMouseDragged subtype=1 eventTimestamp=191311.4392 eventNumber=0 absolute=(27634.0000,7035.0000,0.0000) pressure=0.5608 tangentialPressure=0.0000 tilt=(-0.2031,-0.0469) rotation=0.0000 buttons=0x1 deviceID=19450
PEN t=32.5990 monitor=global type=leftMouseDragged subtype=1 eventTimestamp=191311.4478 eventNumber=0 absolute=(27638.0000,7003.0000,0.0000) pressure=0.5608 tangentialPressure=0.0000 tilt=(-0.2031,-0.0625) rotation=0.0000 buttons=0x1 deviceID=19450
PEN t=32.6012 monitor=global type=leftMouseDragged subtype=1 eventTimestamp=191311.4501 eventNumber=0 absolute=(27642.0000,6971.0000,0.0000) pressure=0.5608 tangentialPressure=0.0000 tilt=(-0.2031,-0.0781) rotation=0.0000 buttons=0x1 deviceID=19450
PEN t=32.6071 monitor=global type=leftMouseDragged subtype=1 eventTimestamp=191311.4559 eventNumber=0 absolute=(27648.0000,6941.0000,0.0000) pressure=0.5608 tangentialPressure=0.0000 tilt=(-0.2031,-0.0938) rotation=0.0000 buttons=0x1 deviceID=19450
PEN t=32.6155 monitor=global type=leftMouseDragged subtype=1 eventTimestamp=191311.4643 eventNumber=0 absolute=(27653.0000,6912.0000,0.0000) pressure=0.5608 tangentialPressure=0.0000 tilt=(-0.2031,-0.0938) rotation=0.0000 buttons=0x1 deviceID=19450
PEN t=32.6197 monitor=global type=leftMouseDragged subtype=1 eventTimestamp=191311.4686 eventNumber=0 absolute=(27661.0000,6883.0000,0.0000) pressure=0.5608 tangentialPressure=0.0000 tilt=(-0.2031,-0.1094) rotation=0.0000 buttons=0x1 deviceID=19450
PEN t=32.6246 monitor=global type=leftMouseDragged subtype=1 eventTimestamp=191311.4735 eventNumber=0 absolute=(27668.0000,6857.0000,0.0000) pressure=0.5608 tangentialPressure=0.0000 tilt=(-0.2031,-0.1250) rotation=0.0000 buttons=0x1 deviceID=19450
PEN t=32.6322 monitor=global type=leftMouseDragged subtype=1 eventTimestamp=191311.4810 eventNumber=0 absolute=(27676.0000,6830.0000,0.0000) pressure=0.5608 tangentialPressure=0.0000 tilt=(-0.2031,-0.1406) rotation=0.0000 buttons=0x1 deviceID=19450
PEN t=32.6357 monitor=global type=leftMouseDragged subtype=1 eventTimestamp=191311.4845 eventNumber=0 absolute=(27684.0000,6803.0000,0.0000) pressure=0.5608 tangentialPressure=0.0000 tilt=(-0.2031,-0.1406) rotation=0.0000 buttons=0x1 deviceID=19450
PEN t=32.6404 monitor=global type=leftMouseDragged subtype=1 eventTimestamp=191311.4891 eventNumber=0 absolute=(27692.0000,6778.0000,0.0000) pressure=0.5608 tangentialPressure=0.0000 tilt=(-0.2031,-0.1563) rotation=0.0000 buttons=0x1 deviceID=19450
PEN t=32.6477 monitor=global type=leftMouseDragged subtype=1 eventTimestamp=191311.4964 eventNumber=0 absolute=(27700.0000,6752.0000,0.0000) pressure=0.5529 tangentialPressure=0.0000 tilt=(-0.2031,-0.1719) rotation=0.0000 buttons=0x1 deviceID=19450
PEN t=32.6519 monitor=global type=leftMouseDragged subtype=1 eventTimestamp=191311.5006 eventNumber=0 absolute=(27709.0000,6727.0000,0.0000) pressure=0.5529 tangentialPressure=0.0000 tilt=(-0.2031,-0.1875) rotation=0.0000 buttons=0x1 deviceID=19450
PEN t=32.6573 monitor=global type=leftMouseDragged subtype=1 eventTimestamp=191311.5061 eventNumber=0 absolute=(27718.0000,6704.0000,0.0000) pressure=0.5529 tangentialPressure=0.0000 tilt=(-0.2031,-0.1875) rotation=0.0000 buttons=0x1 deviceID=19450
PEN t=32.6663 monitor=global type=leftMouseDragged subtype=1 eventTimestamp=191311.5151 eventNumber=0 absolute=(27727.0000,6680.0000,0.0000) pressure=0.5490 tangentialPressure=0.0000 tilt=(-0.2031,-0.2031) rotation=0.0000 buttons=0x1 deviceID=19450
PEN t=32.6734 monitor=global type=leftMouseDragged subtype=1 eventTimestamp=191311.5223 eventNumber=0 absolute=(27748.0000,6630.0000,0.0000) pressure=0.5490 tangentialPressure=0.0000 tilt=(-0.2031,-0.2188) rotation=0.0000 buttons=0x1 deviceID=19450
PEN t=32.6824 monitor=global type=leftMouseDragged subtype=1 eventTimestamp=191311.5312 eventNumber=0 absolute=(27759.0000,6602.0000,0.0000) pressure=0.5529 tangentialPressure=0.0000 tilt=(-0.2188,-0.2344) rotation=0.0000 buttons=0x1 deviceID=19450
PEN t=32.6836 monitor=global type=leftMouseDragged subtype=1 eventTimestamp=191311.5325 eventNumber=0 absolute=(27770.0000,6572.0000,0.0000) pressure=0.5529 tangentialPressure=0.0000 tilt=(-0.2188,-0.2500) rotation=0.0000 buttons=0x1 deviceID=19450
PEN t=32.6904 monitor=global type=leftMouseDragged subtype=1 eventTimestamp=191311.5393 eventNumber=0 absolute=(27781.0000,6540.0000,0.0000) pressure=0.5529 tangentialPressure=0.0000 tilt=(-0.2188,-0.2656) rotation=0.0000 buttons=0x1 deviceID=19450
PEN t=32.6978 monitor=global type=leftMouseDragged subtype=1 eventTimestamp=191311.5466 eventNumber=0 absolute=(27789.0000,6507.0000,0.0000) pressure=0.5490 tangentialPressure=0.0000 tilt=(-0.2188,-0.2656) rotation=0.0000 buttons=0x1 deviceID=19450
PEN t=32.7070 monitor=global type=leftMouseDragged subtype=1 eventTimestamp=191311.5558 eventNumber=0 absolute=(27798.0000,6473.0000,0.0000) pressure=0.5490 tangentialPressure=0.0000 tilt=(-0.2188,-0.2813) rotation=0.0000 buttons=0x1 deviceID=19450
PEN t=32.7084 monitor=global type=leftMouseDragged subtype=1 eventTimestamp=191311.5572 eventNumber=0 absolute=(27804.0000,6440.0000,0.0000) pressure=0.5490 tangentialPressure=0.0000 tilt=(-0.2188,-0.2969) rotation=0.0000 buttons=0x1 deviceID=19450
PEN t=32.7157 monitor=global type=leftMouseDragged subtype=1 eventTimestamp=191311.5645 eventNumber=0 absolute=(27806.0000,6409.0000,0.0000) pressure=0.5412 tangentialPressure=0.0000 tilt=(-0.2188,-0.3125) rotation=0.0000 buttons=0x1 deviceID=19450
PEN t=32.7236 monitor=global type=leftMouseDragged subtype=1 eventTimestamp=191311.5724 eventNumber=0 absolute=(27806.0000,6381.0000,0.0000) pressure=0.5412 tangentialPressure=0.0000 tilt=(-0.2188,-0.3281) rotation=0.0000 buttons=0x1 deviceID=19450
PEN t=32.7260 monitor=global type=leftMouseDragged subtype=1 eventTimestamp=191311.5748 eventNumber=0 absolute=(27806.0000,6353.0000,0.0000) pressure=0.5412 tangentialPressure=0.0000 tilt=(-0.2188,-0.3281) rotation=0.0000 buttons=0x1 deviceID=19450
PEN t=32.7314 monitor=global type=leftMouseDragged subtype=1 eventTimestamp=191311.5803 eventNumber=0 absolute=(27800.0000,6327.0000,0.0000) pressure=0.5333 tangentialPressure=0.0000 tilt=(-0.2188,-0.3438) rotation=0.0000 buttons=0x1 deviceID=19450
PEN t=32.7372 monitor=global type=leftMouseDragged subtype=1 eventTimestamp=191311.5860 eventNumber=0 absolute=(27793.0000,6302.0000,0.0000) pressure=0.5333 tangentialPressure=0.0000 tilt=(-0.2188,-0.3594) rotation=0.0000 buttons=0x1 deviceID=19450
PEN t=32.7401 monitor=global type=leftMouseDragged subtype=1 eventTimestamp=191311.5889 eventNumber=0 absolute=(27782.0000,6279.0000,0.0000) pressure=0.5333 tangentialPressure=0.0000 tilt=(-0.2188,-0.3750) rotation=0.0000 buttons=0x1 deviceID=19450
PEN t=32.7526 monitor=global type=leftMouseDragged subtype=1 eventTimestamp=191311.6013 eventNumber=0 absolute=(27769.0000,6257.0000,0.0000) pressure=0.5216 tangentialPressure=0.0000 tilt=(-0.2188,-0.3750) rotation=0.0000 buttons=0x1 deviceID=19450
PEN t=32.7571 monitor=global type=leftMouseDragged subtype=1 eventTimestamp=191311.6059 eventNumber=0 absolute=(27753.0000,6237.0000,0.0000) pressure=0.5176 tangentialPressure=0.0000 tilt=(-0.2188,-0.3906) rotation=0.0000 buttons=0x1 deviceID=19450
PEN t=32.7657 monitor=global type=leftMouseDragged subtype=1 eventTimestamp=191311.6089 eventNumber=0 absolute=(27735.0000,6217.0000,0.0000) pressure=0.5176 tangentialPressure=0.0000 tilt=(-0.2188,-0.4063) rotation=0.0000 buttons=0x1 deviceID=19450
PEN t=32.7665 monitor=global type=leftMouseDragged subtype=1 eventTimestamp=191311.6153 eventNumber=0 absolute=(27716.0000,6197.0000,0.0000) pressure=0.5098 tangentialPressure=0.0000 tilt=(-0.2188,-0.4219) rotation=0.0000 buttons=0x1 deviceID=19450
PEN t=32.7668 monitor=global type=leftMouseDragged subtype=1 eventTimestamp=191311.6157 eventNumber=0 absolute=(27696.0000,6177.0000,0.0000) pressure=0.5098 tangentialPressure=0.0000 tilt=(-0.2188,-0.4219) rotation=0.0000 buttons=0x1 deviceID=19450
PEN t=32.7703 monitor=global type=leftMouseDragged subtype=1 eventTimestamp=191311.6191 eventNumber=0 absolute=(27677.0000,6157.0000,0.0000) pressure=0.5098 tangentialPressure=0.0000 tilt=(-0.2188,-0.4375) rotation=0.0000 buttons=0x1 deviceID=19450
PEN t=32.7810 monitor=global type=leftMouseDragged subtype=1 eventTimestamp=191311.6298 eventNumber=0 absolute=(27660.0000,6137.0000,0.0000) pressure=0.5059 tangentialPressure=0.0000 tilt=(-0.2188,-0.4531) rotation=0.0000 buttons=0x1 deviceID=19450
PEN t=32.7836 monitor=global type=leftMouseDragged subtype=1 eventTimestamp=191311.6323 eventNumber=0 absolute=(27642.0000,6119.0000,0.0000) pressure=0.5059 tangentialPressure=0.0000 tilt=(-0.2188,-0.4688) rotation=0.0000 buttons=0x1 deviceID=19450
PEN t=32.7907 monitor=global type=leftMouseDragged subtype=1 eventTimestamp=191311.6395 eventNumber=0 absolute=(27625.0000,6102.0000,0.0000) pressure=0.5059 tangentialPressure=0.0000 tilt=(-0.2188,-0.4688) rotation=0.0000 buttons=0x1 deviceID=19450
PEN t=32.7972 monitor=global type=leftMouseDragged subtype=1 eventTimestamp=191311.6461 eventNumber=0 absolute=(27609.0000,6088.0000,0.0000) pressure=0.4980 tangentialPressure=0.0000 tilt=(-0.2188,-0.4844) rotation=0.0000 buttons=0x1 deviceID=19450
PEN t=32.7995 monitor=global type=leftMouseDragged subtype=1 eventTimestamp=191311.6484 eventNumber=0 absolute=(27592.0000,6075.0000,0.0000) pressure=0.4980 tangentialPressure=0.0000 tilt=(-0.2188,-0.4844) rotation=0.0000 buttons=0x1 deviceID=19450
PEN t=32.8071 monitor=global type=leftMouseDragged subtype=1 eventTimestamp=191311.6559 eventNumber=0 absolute=(27573.0000,6062.0000,0.0000) pressure=0.4980 tangentialPressure=0.0000 tilt=(-0.2188,-0.5000) rotation=0.0000 buttons=0x1 deviceID=19450
PEN t=32.8143 monitor=global type=leftMouseDragged subtype=1 eventTimestamp=191311.6632 eventNumber=0 absolute=(27551.0000,6051.0000,0.0000) pressure=0.4902 tangentialPressure=0.0000 tilt=(-0.2188,-0.5000) rotation=0.0000 buttons=0x1 deviceID=19450
PEN t=32.8204 monitor=global type=leftMouseDragged subtype=1 eventTimestamp=191311.6693 eventNumber=0 absolute=(27500.0000,6029.0000,0.0000) pressure=0.4902 tangentialPressure=0.0000 tilt=(-0.2031,-0.5156) rotation=0.0000 buttons=0x1 deviceID=19450
PEN t=32.8310 monitor=global type=leftMouseDragged subtype=1 eventTimestamp=191311.6799 eventNumber=0 absolute=(27474.0000,6017.0000,0.0000) pressure=0.4784 tangentialPressure=0.0000 tilt=(-0.2031,-0.5313) rotation=0.0000 buttons=0x1 deviceID=19450
PEN t=32.8325 monitor=global type=leftMouseDragged subtype=1 eventTimestamp=191311.6814 eventNumber=0 absolute=(27448.0000,6005.0000,0.0000) pressure=0.4784 tangentialPressure=0.0000 tilt=(-0.2031,-0.5469) rotation=0.0000 buttons=0x1 deviceID=19450
PEN t=32.8417 monitor=global type=leftMouseDragged subtype=1 eventTimestamp=191311.6906 eventNumber=0 absolute=(27420.0000,5992.0000,0.0000) pressure=0.4784 tangentialPressure=0.0000 tilt=(-0.2031,-0.5469) rotation=0.0000 buttons=0x1 deviceID=19450
PEN t=32.8486 monitor=global type=leftMouseDragged subtype=1 eventTimestamp=191311.6974 eventNumber=0 absolute=(27394.0000,5979.0000,0.0000) pressure=0.4784 tangentialPressure=0.0000 tilt=(-0.1875,-0.5625) rotation=0.0000 buttons=0x1 deviceID=19450
PEN t=32.8528 monitor=global type=leftMouseDragged subtype=1 eventTimestamp=191311.7016 eventNumber=0 absolute=(27371.0000,5966.0000,0.0000) pressure=0.4784 tangentialPressure=0.0000 tilt=(-0.1875,-0.5625) rotation=0.0000 buttons=0x1 deviceID=19450
PEN t=32.8568 monitor=global type=leftMouseDragged subtype=1 eventTimestamp=191311.7056 eventNumber=0 absolute=(27349.0000,5955.0000,0.0000) pressure=0.4784 tangentialPressure=0.0000 tilt=(-0.1875,-0.5781) rotation=0.0000 buttons=0x1 deviceID=19450
PEN t=32.8643 monitor=global type=leftMouseDragged subtype=1 eventTimestamp=191311.7132 eventNumber=0 absolute=(27332.0000,5945.0000,0.0000) pressure=0.4706 tangentialPressure=0.0000 tilt=(-0.1875,-0.5781) rotation=0.0000 buttons=0x1 deviceID=19450
PEN t=32.8729 monitor=global type=leftMouseDragged subtype=1 eventTimestamp=191311.7198 eventNumber=0 absolute=(27310.0000,5931.0000,0.0000) pressure=0.4706 tangentialPressure=0.0000 tilt=(-0.1719,-0.5938) rotation=0.0000 buttons=0x1 deviceID=19450
PEN t=32.8806 monitor=global type=leftMouseDragged subtype=1 eventTimestamp=191311.7295 eventNumber=0 absolute=(27304.0000,5926.0000,0.0000) pressure=0.4706 tangentialPressure=0.0000 tilt=(-0.1719,-0.6094) rotation=0.0000 buttons=0x1 deviceID=19450
PEN t=32.8828 monitor=global type=leftMouseDragged subtype=1 eventTimestamp=191311.7317 eventNumber=0 absolute=(27299.0000,5921.0000,0.0000) pressure=0.4706 tangentialPressure=0.0000 tilt=(-0.1719,-0.6094) rotation=0.0000 buttons=0x1 deviceID=19450
PEN t=32.9012 monitor=global type=leftMouseDragged subtype=1 eventTimestamp=191311.7499 eventNumber=0 absolute=(27286.0000,5906.0000,0.0000) pressure=0.4627 tangentialPressure=0.0000 tilt=(-0.1563,-0.6406) rotation=0.0000 buttons=0x1 deviceID=19450
PEN t=32.9156 monitor=global type=leftMouseDragged subtype=1 eventTimestamp=191311.7644 eventNumber=0 absolute=(27281.0000,5893.0000,0.0000) pressure=0.4667 tangentialPressure=0.0000 tilt=(-0.1563,-0.6563) rotation=0.0000 buttons=0x1 deviceID=19450
PEN t=32.9236 monitor=global type=leftMouseDragged subtype=1 eventTimestamp=191311.7724 eventNumber=0 absolute=(27281.0000,5872.0000,0.0000) pressure=0.4667 tangentialPressure=0.0000 tilt=(-0.1563,-0.6719) rotation=0.0000 buttons=0x1 deviceID=19450
PEN t=32.9310 monitor=global type=leftMouseDragged subtype=1 eventTimestamp=191311.7798 eventNumber=0 absolute=(27282.0000,5861.0000,0.0000) pressure=0.4706 tangentialPressure=0.0000 tilt=(-0.1563,-0.6719) rotation=0.0000 buttons=0x1 deviceID=19450
PEN t=32.9396 monitor=global type=leftMouseDragged subtype=1 eventTimestamp=191311.7866 eventNumber=0 absolute=(27289.0000,5845.0000,0.0000) pressure=0.4706 tangentialPressure=0.0000 tilt=(-0.1563,-0.6875) rotation=0.0000 buttons=0x1 deviceID=19450
PEN t=32.9532 monitor=global type=leftMouseDragged subtype=1 eventTimestamp=191311.8020 eventNumber=0 absolute=(27291.0000,5833.0000,0.0000) pressure=0.4667 tangentialPressure=0.0000 tilt=(-0.1406,-0.7188) rotation=0.0000 buttons=0x1 deviceID=19450
PEN t=32.9736 monitor=global type=leftMouseDragged subtype=1 eventTimestamp=191311.8224 eventNumber=0 absolute=(27288.0000,5816.0000,0.0000) pressure=0.4588 tangentialPressure=0.0000 tilt=(-0.1406,-0.7344) rotation=0.0000 buttons=0x1 deviceID=19450
PEN t=32.9837 monitor=global type=leftMouseDragged subtype=1 eventTimestamp=191311.8325 eventNumber=0 absolute=(27279.0000,5801.0000,0.0000) pressure=0.4510 tangentialPressure=0.0000 tilt=(-0.1406,-0.7500) rotation=0.0000 buttons=0x1 deviceID=19450
PEN t=32.9905 monitor=global type=leftMouseDragged subtype=1 eventTimestamp=191311.8393 eventNumber=0 absolute=(27275.0000,5790.0000,0.0000) pressure=0.4510 tangentialPressure=0.0000 tilt=(-0.1406,-0.7500) rotation=0.0000 buttons=0x1 deviceID=19450
PEN t=33.0019 monitor=global type=leftMouseDragged subtype=1 eventTimestamp=191311.8507 eventNumber=0 absolute=(27276.0000,5767.0000,0.0000) pressure=0.4510 tangentialPressure=0.0000 tilt=(-0.1250,-0.7656) rotation=0.0000 buttons=0x1 deviceID=19450
PEN t=33.0069 monitor=global type=leftMouseDragged subtype=1 eventTimestamp=191311.8558 eventNumber=0 absolute=(27282.0000,5757.0000,0.0000) pressure=0.4510 tangentialPressure=0.0000 tilt=(-0.1250,-0.7656) rotation=0.0000 buttons=0x1 deviceID=19450
PEN t=33.0155 monitor=global type=leftMouseDragged subtype=1 eventTimestamp=191311.8643 eventNumber=0 absolute=(27289.0000,5749.0000,0.0000) pressure=0.4431 tangentialPressure=0.0000 tilt=(-0.1250,-0.7656) rotation=0.0000 buttons=0x1 deviceID=19450
PEN t=33.0323 monitor=global type=leftMouseDragged subtype=1 eventTimestamp=191311.8812 eventNumber=0 absolute=(27303.0000,5734.0000,0.0000) pressure=0.4392 tangentialPressure=0.0000 tilt=(-0.1250,-0.7813) rotation=0.0000 buttons=0x1 deviceID=19450
PEN t=33.0474 monitor=global type=leftMouseDragged subtype=1 eventTimestamp=191311.8962 eventNumber=0 absolute=(27310.0000,5723.0000,0.0000) pressure=0.4314 tangentialPressure=0.0000 tilt=(-0.1250,-0.7969) rotation=0.0000 buttons=0x1 deviceID=19450
PEN t=33.0516 monitor=global type=leftMouseDragged subtype=1 eventTimestamp=191311.9003 eventNumber=0 absolute=(27312.0000,5718.0000,0.0000) pressure=0.4275 tangentialPressure=0.0000 tilt=(-0.1250,-0.7969) rotation=0.0000 buttons=0x1 deviceID=19450
PEN t=33.0673 monitor=global type=leftMouseDragged subtype=1 eventTimestamp=191311.9162 eventNumber=0 absolute=(27316.0000,5696.0000,0.0000) pressure=0.3882 tangentialPressure=0.0000 tilt=(-0.1250,-0.8125) rotation=0.0000 buttons=0x1 deviceID=19450
PEN t=33.0733 monitor=global type=leftMouseDragged subtype=1 eventTimestamp=191311.9222 eventNumber=0 absolute=(27319.0000,5684.0000,0.0000) pressure=0.3725 tangentialPressure=0.0000 tilt=(-0.1250,-0.8125) rotation=0.0000 buttons=0x1 deviceID=19450
PEN t=33.0820 monitor=global type=leftMouseDragged subtype=1 eventTimestamp=191311.9309 eventNumber=0 absolute=(27325.0000,5670.0000,0.0000) pressure=0.3333 tangentialPressure=0.0000 tilt=(-0.1250,-0.8125) rotation=0.0000 buttons=0x1 deviceID=19450
PEN t=33.0837 monitor=global type=leftMouseDragged subtype=1 eventTimestamp=191311.9326 eventNumber=0 absolute=(27333.0000,5656.0000,0.0000) pressure=0.3098 tangentialPressure=0.0000 tilt=(-0.1250,-0.8282) rotation=0.0000 buttons=0x1 deviceID=19450
PEN t=33.0900 monitor=global type=leftMouseDragged subtype=1 eventTimestamp=191311.9388 eventNumber=0 absolute=(27342.0000,5643.0000,0.0000) pressure=0.2784 tangentialPressure=0.0000 tilt=(-0.1250,-0.8282) rotation=0.0000 buttons=0x1 deviceID=19450
PEN t=33.0988 monitor=global type=leftMouseDragged subtype=1 eventTimestamp=191311.9476 eventNumber=0 absolute=(27348.0000,5633.0000,0.0000) pressure=0.2118 tangentialPressure=0.0000 tilt=(-0.1250,-0.8282) rotation=0.0000 buttons=0x1 deviceID=19450
PEN t=33.1155 monitor=global type=leftMouseDragged subtype=1 eventTimestamp=191311.9643 eventNumber=0 absolute=(27357.0000,5617.0000,0.0000) pressure=0.0431 tangentialPressure=0.0000 tilt=(-0.1406,-0.8438) rotation=0.0000 buttons=0x1 deviceID=19450
PEN t=33.1325 monitor=global type=leftMouseUp subtype=1 eventTimestamp=191311.9809 eventNumber=175 absolute=(27357.0000,5616.0000,0.0000) pressure=0.0000 tangentialPressure=0.0000 tilt=(-0.1406,-0.8594) rotation=0.0000 buttons=0x0 deviceID=19450
PEN t=33.1869 monitor=local type=mouseMoved subtype=1 eventTimestamp=191312.0354 eventNumber=0 absolute=(27357.0000,5599.0000,60.0000) pressure=0.0000 tangentialPressure=0.0000 tilt=(-0.1406,-0.9063) rotation=0.0000 buttons=0x0 deviceID=19450
PEN t=33.2035 monitor=local type=mouseMoved subtype=1 eventTimestamp=191312.0519 eventNumber=0 absolute=(27364.0000,5584.0000,60.0000) pressure=0.0000 tangentialPressure=0.0000 tilt=(-0.1406,-0.9219) rotation=0.0000 buttons=0x0 deviceID=19450
PEN t=33.2162 monitor=local type=mouseMoved subtype=1 eventTimestamp=191312.0639 eventNumber=0 absolute=(27372.0000,5575.0000,60.0000) pressure=0.0000 tangentialPressure=0.0000 tilt=(-0.1406,-0.9219) rotation=0.0000 buttons=0x0 deviceID=19450
PEN t=33.3001 monitor=global type=leftMouseDown subtype=1 eventTimestamp=191312.1464 eventNumber=176 absolute=(27387.0000,5564.0000,0.0000) pressure=0.0039 tangentialPressure=0.0000 tilt=(-0.1563,-0.9063) rotation=0.0000 buttons=0x1 deviceID=19450
PEN t=33.3566 monitor=global type=leftMouseDragged subtype=1 eventTimestamp=191312.2031 eventNumber=0 absolute=(27391.0000,5551.0000,0.0000) pressure=0.2392 tangentialPressure=0.0000 tilt=(-0.1563,-0.8750) rotation=0.0000 buttons=0x1 deviceID=19450
PEN t=33.4323 monitor=global type=leftMouseDragged subtype=1 eventTimestamp=191312.2809 eventNumber=0 absolute=(27409.0000,5564.0000,0.0000) pressure=0.4157 tangentialPressure=0.0000 tilt=(-0.1563,-0.8282) rotation=0.0000 buttons=0x1 deviceID=19450
PEN t=33.4681 monitor=global type=leftMouseDragged subtype=1 eventTimestamp=191312.3144 eventNumber=0 absolute=(27418.0000,5576.0000,0.0000) pressure=0.4549 tangentialPressure=0.0000 tilt=(-0.1563,-0.7813) rotation=0.0000 buttons=0x1 deviceID=19450
PEN t=33.4744 monitor=global type=leftMouseDragged subtype=1 eventTimestamp=191312.3200 eventNumber=0 absolute=(27418.0000,5577.0000,0.0000) pressure=0.4627 tangentialPressure=0.0000 tilt=(-0.1563,-0.7813) rotation=0.0000 buttons=0x1 deviceID=19450
PEN t=33.5094 monitor=global type=leftMouseDragged subtype=1 eventTimestamp=191312.3568 eventNumber=0 absolute=(27415.0000,5600.0000,0.0000) pressure=0.4275 tangentialPressure=0.0000 tilt=(-0.1250,-0.6875) rotation=0.0000 buttons=0x1 deviceID=19450
PEN t=33.5197 monitor=global type=leftMouseDragged subtype=1 eventTimestamp=191312.3675 eventNumber=0 absolute=(27399.0000,5616.0000,0.0000) pressure=0.4000 tangentialPressure=0.0000 tilt=(-0.1250,-0.6719) rotation=0.0000 buttons=0x1 deviceID=19450
PEN t=33.5245 monitor=global type=leftMouseDragged subtype=1 eventTimestamp=191312.3733 eventNumber=0 absolute=(27377.0000,5637.0000,0.0000) pressure=0.3922 tangentialPressure=0.0000 tilt=(-0.1094,-0.6563) rotation=0.0000 buttons=0x1 deviceID=19450
PEN t=33.5335 monitor=global type=leftMouseDragged subtype=1 eventTimestamp=191312.3822 eventNumber=0 absolute=(27320.0000,5689.0000,0.0000) pressure=0.3647 tangentialPressure=0.0000 tilt=(-0.0938,-0.6094) rotation=0.0000 buttons=0x1 deviceID=19450
PEN t=33.5353 monitor=global type=leftMouseDragged subtype=1 eventTimestamp=191312.3840 eventNumber=0 absolute=(27292.0000,5720.0000,0.0000) pressure=0.3490 tangentialPressure=0.0000 tilt=(-0.0938,-0.5938) rotation=0.0000 buttons=0x1 deviceID=19450
PEN t=33.5412 monitor=global type=leftMouseDragged subtype=1 eventTimestamp=191312.3899 eventNumber=0 absolute=(27265.0000,5756.0000,0.0000) pressure=0.3216 tangentialPressure=0.0000 tilt=(-0.0781,-0.5625) rotation=0.0000 buttons=0x1 deviceID=19450
PEN t=33.5448 monitor=global type=leftMouseDragged subtype=1 eventTimestamp=191312.3936 eventNumber=0 absolute=(27241.0000,5800.0000,0.0000) pressure=0.2549 tangentialPressure=0.0000 tilt=(-0.0781,-0.5313) rotation=0.0000 buttons=0x1 deviceID=19450
PEN t=33.5575 monitor=global type=leftMouseDragged subtype=1 eventTimestamp=191312.4034 eventNumber=0 absolute=(27225.0000,5836.0000,0.0000) pressure=0.1882 tangentialPressure=0.0000 tilt=(-0.0781,-0.5313) rotation=0.0000 buttons=0x1 deviceID=19450
PEN t=33.5590 monitor=global type=leftMouseDragged subtype=1 eventTimestamp=191312.4077 eventNumber=0 absolute=(27207.0000,5876.0000,0.0000) pressure=0.1137 tangentialPressure=0.0000 tilt=(-0.0625,-0.5156) rotation=0.0000 buttons=0x1 deviceID=19450
PEN t=33.5708 monitor=global type=leftMouseUp subtype=1 eventTimestamp=191312.4118 eventNumber=176 absolute=(27207.0000,5876.0000,0.0000) pressure=0.0000 tangentialPressure=0.0000 tilt=(-0.0625,-0.4844) rotation=0.0000 buttons=0x0 deviceID=19450
PEN t=33.5736 monitor=local type=mouseMoved subtype=1 eventTimestamp=191312.4208 eventNumber=0 absolute=(27169.0000,5947.0000,36.0000) pressure=0.0000 tangentialPressure=0.0000 tilt=(-0.0469,-0.4531) rotation=0.0000 buttons=0x0 deviceID=19450
PEN t=33.5737 monitor=local type=mouseMoved subtype=1 eventTimestamp=191312.4211 eventNumber=0 absolute=(27144.0000,5991.0000,116.0000) pressure=0.0000 tangentialPressure=0.0000 tilt=(-0.0469,-0.4219) rotation=0.0000 buttons=0x0 deviceID=19450
PEN t=33.5754 monitor=local type=mouseMoved subtype=1 eventTimestamp=191312.4241 eventNumber=0 absolute=(27122.0000,6020.0000,232.0000) pressure=0.0000 tangentialPressure=0.0000 tilt=(-0.0313,-0.3906) rotation=0.0000 buttons=0x0 deviceID=19450
PEN t=33.5854 monitor=local type=mouseMoved subtype=1 eventTimestamp=191312.4336 eventNumber=0 absolute=(27105.0000,6044.0000,393.0000) pressure=0.0000 tangentialPressure=0.0000 tilt=(-0.0313,-0.3594) rotation=0.0000 buttons=0x0 deviceID=19450
PEN t=33.5869 monitor=local type=mouseMoved subtype=1 eventTimestamp=191312.4355 eventNumber=0 absolute=(27111.0000,6031.0000,549.0000) pressure=0.0000 tangentialPressure=0.0000 tilt=(-0.0313,-0.3281) rotation=0.0000 buttons=0x0 deviceID=19450
PEN t=33.5918 monitor=local type=mouseMoved subtype=1 eventTimestamp=191312.4401 eventNumber=0 absolute=(27118.0000,6038.0000,746.0000) pressure=0.0000 tangentialPressure=0.0000 tilt=(-0.0156,-0.3125) rotation=0.0000 buttons=0x0 deviceID=19450
PEN t=33.5995 monitor=local type=mouseMoved subtype=1 eventTimestamp=191312.4480 eventNumber=0 absolute=(27109.0000,6008.0000,862.0000) pressure=0.0000 tangentialPressure=0.0000 tilt=(-0.0156,-0.3125) rotation=0.0000 buttons=0x0 deviceID=19450
PEN t=33.6023 monitor=local type=mouseMoved subtype=1 eventTimestamp=191312.4510 eventNumber=0 absolute=(27111.0000,5961.0000,942.0000) pressure=0.0000 tangentialPressure=0.0000 tilt=(-0.0156,-0.2969) rotation=0.0000 buttons=0x0 deviceID=19450
PEN t=33.6068 monitor=local type=mouseMoved subtype=1 eventTimestamp=191312.4554 eventNumber=0 absolute=(27129.0000,5893.0000,982.0000) pressure=0.0000 tangentialPressure=0.0000 tilt=(-0.0156,-0.2813) rotation=0.0000 buttons=0x0 deviceID=19450
PROXIMITY t=33.6096 monitor=local type=tabletProximity subtype=0 eventTimestamp=191312.4585 eventNumber=0 entering=false deviceType=pen deviceID=19450 pointingDeviceID=0 systemTabletID=1 tabletID=849 uniqueID=79448682544951 vendorID=1386 vendorType=2114 capabilities=0x17c7
PROXIMITY t=33.6148 monitor=local type=mouseMoved subtype=2 eventTimestamp=191312.4588 eventNumber=0 entering=false deviceType=pen deviceID=19450 pointingDeviceID=0 systemTabletID=1 tabletID=849 uniqueID=79448682544951 vendorID=1386 vendorType=2114 capabilities=0x17c7
PROXIMITY t=35.7418 monitor=local type=tabletProximity subtype=0 eventTimestamp=191314.5908 eventNumber=0 entering=true deviceType=pen deviceID=19450 pointingDeviceID=0 systemTabletID=1 tabletID=849 uniqueID=79448682544951 vendorID=1386 vendorType=2114 capabilities=0x17c7
PROXIMITY t=35.7428 monitor=local type=mouseMoved subtype=2 eventTimestamp=191314.5913 eventNumber=0 entering=true deviceType=pen deviceID=19450 pointingDeviceID=0 systemTabletID=1 tabletID=849 uniqueID=79448682544951 vendorID=1386 vendorType=2114 capabilities=0x17c7
PEN t=35.7514 monitor=local type=mouseMoved subtype=1 eventTimestamp=191314.6000 eventNumber=0 absolute=(37272.0000,11254.0000,1023.0000) pressure=0.0000 tangentialPressure=0.0000 tilt=(0.2187,-0.2656) rotation=0.0000 buttons=0x0 deviceID=19450
PEN t=35.7694 monitor=local type=mouseMoved subtype=1 eventTimestamp=191314.6178 eventNumber=0 absolute=(37292.0000,11262.0000,1023.0000) pressure=0.0000 tangentialPressure=0.0000 tilt=(0.2187,-0.2656) rotation=0.0000 buttons=0x0 deviceID=19450
PEN t=35.7754 monitor=local type=mouseMoved subtype=1 eventTimestamp=191314.6240 eventNumber=0 absolute=(37303.0000,11268.0000,1023.0000) pressure=0.0000 tangentialPressure=0.0000 tilt=(0.2187,-0.2656) rotation=0.0000 buttons=0x0 deviceID=19450
PEN t=35.7980 monitor=local type=mouseMoved subtype=1 eventTimestamp=191314.6461 eventNumber=0 absolute=(37318.0000,11279.0000,1023.0000) pressure=0.0000 tangentialPressure=0.0000 tilt=(0.2187,-0.2656) rotation=0.0000 buttons=0x0 deviceID=19450
PEN t=35.8013 monitor=local type=mouseMoved subtype=1 eventTimestamp=191314.6498 eventNumber=0 absolute=(37323.0000,11282.0000,1023.0000) pressure=0.0000 tangentialPressure=0.0000 tilt=(0.2187,-0.2656) rotation=0.0000 buttons=0x0 deviceID=19450
PEN t=35.8328 monitor=local type=mouseMoved subtype=1 eventTimestamp=191314.6805 eventNumber=0 absolute=(37340.0000,11298.0000,1023.0000) pressure=0.0000 tangentialPressure=0.0000 tilt=(0.2187,-0.2500) rotation=0.0000 buttons=0x0 deviceID=19450
PEN t=35.8421 monitor=local type=mouseMoved subtype=1 eventTimestamp=191314.6893 eventNumber=0 absolute=(37354.0000,11309.0000,1023.0000) pressure=0.0000 tangentialPressure=0.0000 tilt=(0.2187,-0.2500) rotation=0.0000 buttons=0x0 deviceID=19450
PEN t=35.8502 monitor=local type=mouseMoved subtype=1 eventTimestamp=191314.6976 eventNumber=0 absolute=(37368.0000,11321.0000,1023.0000) pressure=0.0000 tangentialPressure=0.0000 tilt=(0.2187,-0.2500) rotation=0.0000 buttons=0x0 deviceID=19450
PEN t=35.8513 monitor=local type=mouseMoved subtype=1 eventTimestamp=191314.6998 eventNumber=0 absolute=(37374.0000,11335.0000,1023.0000) pressure=0.0000 tangentialPressure=0.0000 tilt=(0.2187,-0.2500) rotation=0.0000 buttons=0x0 deviceID=19450
PEN t=35.8538 monitor=local type=mouseMoved subtype=1 eventTimestamp=191314.7019 eventNumber=0 absolute=(37388.0000,11350.0000,1023.0000) pressure=0.0000 tangentialPressure=0.0000 tilt=(0.2187,-0.2500) rotation=0.0000 buttons=0x0 deviceID=19450
PEN t=35.8586 monitor=local type=mouseMoved subtype=1 eventTimestamp=191314.7071 eventNumber=0 absolute=(37405.0000,11368.0000,1023.0000) pressure=0.0000 tangentialPressure=0.0000 tilt=(0.2187,-0.2500) rotation=0.0000 buttons=0x0 deviceID=19450
PEN t=35.8662 monitor=local type=mouseMoved subtype=1 eventTimestamp=191314.7147 eventNumber=0 absolute=(37424.0000,11391.0000,1023.0000) pressure=0.0000 tangentialPressure=0.0000 tilt=(0.2187,-0.2500) rotation=0.0000 buttons=0x0 deviceID=19450
PEN t=35.8669 monitor=local type=mouseMoved subtype=1 eventTimestamp=191314.7156 eventNumber=0 absolute=(37447.0000,11416.0000,1023.0000) pressure=0.0000 tangentialPressure=0.0000 tilt=(0.2344,-0.2500) rotation=0.0000 buttons=0x0 deviceID=19450
PEN t=35.8710 monitor=local type=mouseMoved subtype=1 eventTimestamp=191314.7196 eventNumber=0 absolute=(37469.0000,11441.0000,1023.0000) pressure=0.0000 tangentialPressure=0.0000 tilt=(0.2187,-0.2500) rotation=0.0000 buttons=0x0 deviceID=19450
PEN t=35.8756 monitor=local type=mouseMoved subtype=1 eventTimestamp=191314.7242 eventNumber=0 absolute=(37469.0000,11467.0000,1023.0000) pressure=0.0000 tangentialPressure=0.0000 tilt=(0.2187,-0.2344) rotation=0.0000 buttons=0x0 deviceID=19450
PEN t=35.8847 monitor=local type=mouseMoved subtype=1 eventTimestamp=191314.7332 eventNumber=0 absolute=(37469.0000,11493.0000,1023.0000) pressure=0.0000 tangentialPressure=0.0000 tilt=(0.2187,-0.2344) rotation=0.0000 buttons=0x0 deviceID=19450
PEN t=35.8905 monitor=local type=mouseMoved subtype=1 eventTimestamp=191314.7390 eventNumber=0 absolute=(37486.0000,11508.0000,1023.0000) pressure=0.0000 tangentialPressure=0.0000 tilt=(0.2187,-0.2344) rotation=0.0000 buttons=0x0 deviceID=19450
PEN t=35.8993 monitor=local type=mouseMoved subtype=1 eventTimestamp=191314.7477 eventNumber=0 absolute=(37486.0000,11526.0000,1023.0000) pressure=0.0000 tangentialPressure=0.0000 tilt=(0.2187,-0.2344) rotation=0.0000 buttons=0x0 deviceID=19450
PEN t=35.9028 monitor=local type=mouseMoved subtype=1 eventTimestamp=191314.7514 eventNumber=0 absolute=(37489.0000,11546.0000,1023.0000) pressure=0.0000 tangentialPressure=0.0000 tilt=(0.2187,-0.2344) rotation=0.0000 buttons=0x0 deviceID=19450
PEN t=35.9071 monitor=local type=mouseMoved subtype=1 eventTimestamp=191314.7557 eventNumber=0 absolute=(37493.0000,11565.0000,1023.0000) pressure=0.0000 tangentialPressure=0.0000 tilt=(0.2187,-0.2344) rotation=0.0000 buttons=0x0 deviceID=19450
PEN t=35.9157 monitor=local type=mouseMoved subtype=1 eventTimestamp=191314.7642 eventNumber=0 absolute=(37497.0000,11585.0000,1023.0000) pressure=0.0000 tangentialPressure=0.0000 tilt=(0.2187,-0.2344) rotation=0.0000 buttons=0x0 deviceID=19450
PEN t=35.9201 monitor=local type=mouseMoved subtype=1 eventTimestamp=191314.7686 eventNumber=0 absolute=(37507.0000,11606.0000,1023.0000) pressure=0.0000 tangentialPressure=0.0000 tilt=(0.2187,-0.2344) rotation=0.0000 buttons=0x0 deviceID=19450
PEN t=35.9247 monitor=local type=mouseMoved subtype=1 eventTimestamp=191314.7729 eventNumber=0 absolute=(37515.0000,11627.0000,1023.0000) pressure=0.0000 tangentialPressure=0.0000 tilt=(0.2187,-0.2344) rotation=0.0000 buttons=0x0 deviceID=19450
PEN t=35.9309 monitor=local type=mouseMoved subtype=1 eventTimestamp=191314.7794 eventNumber=0 absolute=(37523.0000,11647.0000,1023.0000) pressure=0.0000 tangentialPressure=0.0000 tilt=(0.2187,-0.2344) rotation=0.0000 buttons=0x0 deviceID=19450
PEN t=35.9366 monitor=local type=mouseMoved subtype=1 eventTimestamp=191314.7837 eventNumber=0 absolute=(37535.0000,11667.0000,982.0000) pressure=0.0000 tangentialPressure=0.0000 tilt=(0.2187,-0.2344) rotation=0.0000 buttons=0x0 deviceID=19450
PEN t=35.9417 monitor=local type=mouseMoved subtype=1 eventTimestamp=191314.7903 eventNumber=0 absolute=(37541.0000,11690.0000,982.0000) pressure=0.0000 tangentialPressure=0.0000 tilt=(0.2187,-0.2500) rotation=0.0000 buttons=0x0 deviceID=19450
PEN t=35.9476 monitor=local type=mouseMoved subtype=1 eventTimestamp=191314.7961 eventNumber=0 absolute=(37546.0000,11710.0000,982.0000) pressure=0.0000 tangentialPressure=0.0000 tilt=(0.2187,-0.2500) rotation=0.0000 buttons=0x0 deviceID=19450
PEN t=35.9565 monitor=local type=mouseMoved subtype=1 eventTimestamp=191314.8024 eventNumber=0 absolute=(37549.0000,11730.0000,942.0000) pressure=0.0000 tangentialPressure=0.0000 tilt=(0.2187,-0.2500) rotation=0.0000 buttons=0x0 deviceID=19450
PEN t=35.9588 monitor=local type=mouseMoved subtype=1 eventTimestamp=191314.8075 eventNumber=0 absolute=(37552.0000,11746.0000,942.0000) pressure=0.0000 tangentialPressure=0.0000 tilt=(0.2187,-0.2500) rotation=0.0000 buttons=0x0 deviceID=19450
PEN t=35.9655 monitor=local type=mouseMoved subtype=1 eventTimestamp=191314.8141 eventNumber=0 absolute=(37555.0000,11761.0000,942.0000) pressure=0.0000 tangentialPressure=0.0000 tilt=(0.2344,-0.2500) rotation=0.0000 buttons=0x0 deviceID=19450
PEN t=35.9699 monitor=local type=mouseMoved subtype=1 eventTimestamp=191314.8186 eventNumber=0 absolute=(37556.0000,11777.0000,942.0000) pressure=0.0000 tangentialPressure=0.0000 tilt=(0.2344,-0.2500) rotation=0.0000 buttons=0x0 deviceID=19450
PEN t=35.9737 monitor=local type=mouseMoved subtype=1 eventTimestamp=191314.8223 eventNumber=0 absolute=(37557.0000,11796.0000,942.0000) pressure=0.0000 tangentialPressure=0.0000 tilt=(0.2344,-0.2500) rotation=0.0000 buttons=0x0 deviceID=19450
PEN t=35.9830 monitor=local type=mouseMoved subtype=1 eventTimestamp=191314.8309 eventNumber=0 absolute=(37558.0000,11813.0000,942.0000) pressure=0.0000 tangentialPressure=0.0000 tilt=(0.2344,-0.2500) rotation=0.0000 buttons=0x0 deviceID=19450
PEN t=35.9910 monitor=local type=mouseMoved subtype=1 eventTimestamp=191314.8393 eventNumber=0 absolute=(37559.0000,11829.0000,942.0000) pressure=0.0000 tangentialPressure=0.0000 tilt=(0.2344,-0.2500) rotation=0.0000 buttons=0x0 deviceID=19450
PEN t=35.9920 monitor=local type=mouseMoved subtype=1 eventTimestamp=191314.8407 eventNumber=0 absolute=(37559.0000,11849.0000,942.0000) pressure=0.0000 tangentialPressure=0.0000 tilt=(0.2344,-0.2500) rotation=0.0000 buttons=0x0 deviceID=19450
PEN t=35.9994 monitor=local type=mouseMoved subtype=1 eventTimestamp=191314.8479 eventNumber=0 absolute=(37559.0000,11867.0000,942.0000) pressure=0.0000 tangentialPressure=0.0000 tilt=(0.2344,-0.2500) rotation=0.0000 buttons=0x0 deviceID=19450
PEN t=36.0038 monitor=local type=mouseMoved subtype=1 eventTimestamp=191314.8524 eventNumber=0 absolute=(37560.0000,11886.0000,942.0000) pressure=0.0000 tangentialPressure=0.0000 tilt=(0.2344,-0.2500) rotation=0.0000 buttons=0x0 deviceID=19450
PEN t=36.0086 monitor=local type=mouseMoved subtype=1 eventTimestamp=191314.8572 eventNumber=0 absolute=(37561.0000,11905.0000,942.0000) pressure=0.0000 tangentialPressure=0.0000 tilt=(0.2344,-0.2500) rotation=0.0000 buttons=0x0 deviceID=19450
PEN t=36.0158 monitor=local type=mouseMoved subtype=1 eventTimestamp=191314.8643 eventNumber=0 absolute=(37563.0000,11921.0000,942.0000) pressure=0.0000 tangentialPressure=0.0000 tilt=(0.2344,-0.2500) rotation=0.0000 buttons=0x0 deviceID=19450
PEN t=36.0205 monitor=local type=mouseMoved subtype=1 eventTimestamp=191314.8691 eventNumber=0 absolute=(37565.0000,11934.0000,902.0000) pressure=0.0000 tangentialPressure=0.0000 tilt=(0.2344,-0.2500) rotation=0.0000 buttons=0x0 deviceID=19450
PEN t=36.0245 monitor=local type=mouseMoved subtype=1 eventTimestamp=191314.8731 eventNumber=0 absolute=(37567.0000,11949.0000,902.0000) pressure=0.0000 tangentialPressure=0.0000 tilt=(0.2344,-0.2500) rotation=0.0000 buttons=0x0 deviceID=19450
PEN t=36.0330 monitor=local type=mouseMoved subtype=1 eventTimestamp=191314.8810 eventNumber=0 absolute=(37570.0000,11963.0000,862.0000) pressure=0.0000 tangentialPressure=0.0000 tilt=(0.2344,-0.2500) rotation=0.0000 buttons=0x0 deviceID=19450
PEN t=36.0407 monitor=local type=mouseMoved subtype=1 eventTimestamp=191314.8890 eventNumber=0 absolute=(37575.0000,11986.0000,862.0000) pressure=0.0000 tangentialPressure=0.0000 tilt=(0.2344,-0.2500) rotation=0.0000 buttons=0x0 deviceID=19450
PEN t=36.0477 monitor=local type=mouseMoved subtype=1 eventTimestamp=191314.8961 eventNumber=0 absolute=(37577.0000,11994.0000,822.0000) pressure=0.0000 tangentialPressure=0.0000 tilt=(0.2344,-0.2500) rotation=0.0000 buttons=0x0 deviceID=19450
PEN t=36.0573 monitor=local type=mouseMoved subtype=1 eventTimestamp=191314.9058 eventNumber=0 absolute=(37579.0000,12009.0000,822.0000) pressure=0.0000 tangentialPressure=0.0000 tilt=(0.2344,-0.2344) rotation=0.0000 buttons=0x0 deviceID=19450
PEN t=36.0813 monitor=local type=mouseMoved subtype=1 eventTimestamp=191314.9294 eventNumber=0 absolute=(37561.0000,12014.0000,822.0000) pressure=0.0000 tangentialPressure=0.0000 tilt=(0.2344,-0.2344) rotation=0.0000 buttons=0x0 deviceID=19450
PEN t=36.1145 monitor=local type=mouseMoved subtype=1 eventTimestamp=191314.9624 eventNumber=0 absolute=(37532.0000,12020.0000,902.0000) pressure=0.0000 tangentialPressure=0.0000 tilt=(0.2344,-0.2500) rotation=0.0000 buttons=0x0 deviceID=19450
PEN t=36.1731 monitor=local type=mouseMoved subtype=1 eventTimestamp=191315.0197 eventNumber=0 absolute=(37512.0000,12018.0000,942.0000) pressure=0.0000 tangentialPressure=0.0000 tilt=(0.2344,-0.2344) rotation=0.0000 buttons=0x0 deviceID=19450
PEN t=36.2364 monitor=local type=mouseMoved subtype=1 eventTimestamp=191315.0822 eventNumber=0 absolute=(37536.0000,12013.0000,902.0000) pressure=0.0000 tangentialPressure=0.0000 tilt=(0.2344,-0.2344) rotation=0.0000 buttons=0x0 deviceID=19450
PEN t=36.2697 monitor=local type=mouseMoved subtype=1 eventTimestamp=191315.1183 eventNumber=0 absolute=(37570.0000,12021.0000,822.0000) pressure=0.0000 tangentialPressure=0.0000 tilt=(0.2344,-0.2344) rotation=0.0000 buttons=0x0 deviceID=19450
PEN t=36.2924 monitor=local type=mouseMoved subtype=1 eventTimestamp=191315.1409 eventNumber=0 absolute=(37587.0000,12037.0000,786.0000) pressure=0.0000 tangentialPressure=0.0000 tilt=(0.2344,-0.2344) rotation=0.0000 buttons=0x0 deviceID=19450
PEN t=36.2991 monitor=local type=mouseMoved subtype=1 eventTimestamp=191315.1476 eventNumber=0 absolute=(37591.0000,12040.0000,786.0000) pressure=0.0000 tangentialPressure=0.0000 tilt=(0.2344,-0.2344) rotation=0.0000 buttons=0x0 deviceID=19450
PEN t=36.3073 monitor=local type=mouseMoved subtype=1 eventTimestamp=191315.1558 eventNumber=0 absolute=(37596.0000,12048.0000,786.0000) pressure=0.0000 tangentialPressure=0.0000 tilt=(0.2344,-0.2344) rotation=0.0000 buttons=0x0 deviceID=19450
PEN t=36.3097 monitor=global type=rightMouseDown subtype=1 eventTimestamp=191315.1586 eventNumber=0 absolute=(37598.0000,12053.0000,786.0000) pressure=1.0000 tangentialPressure=0.0000 tilt=(0.2344,-0.2344) rotation=0.0000 buttons=0x2 deviceID=19450
PEN t=36.3234 monitor=global type=rightMouseDragged subtype=1 eventTimestamp=191315.1722 eventNumber=0 absolute=(37603.0000,12063.0000,746.0000) pressure=1.0000 tangentialPressure=0.0000 tilt=(0.2344,-0.2344) rotation=0.0000 buttons=0x2 deviceID=19450
PEN t=36.3504 monitor=global type=rightMouseDragged subtype=1 eventTimestamp=191315.1976 eventNumber=0 absolute=(37608.0000,12077.0000,706.0000) pressure=1.0000 tangentialPressure=0.0000 tilt=(0.2344,-0.2344) rotation=0.0000 buttons=0x2 deviceID=19450
PEN t=36.4151 monitor=global type=rightMouseDragged subtype=1 eventTimestamp=191315.2592 eventNumber=0 absolute=(37609.0000,12091.0000,706.0000) pressure=1.0000 tangentialPressure=0.0000 tilt=(0.2344,-0.2344) rotation=0.0000 buttons=0x2 deviceID=19450
PEN t=36.4648 monitor=global type=rightMouseUp subtype=1 eventTimestamp=191315.3135 eventNumber=0 absolute=(37595.0000,12097.0000,706.0000) pressure=0.0000 tangentialPressure=0.0000 tilt=(0.2344,-0.2344) rotation=0.0000 buttons=0x2 deviceID=19450
PEN t=36.5189 monitor=global type=mouseMoved subtype=1 eventTimestamp=191315.3512 eventNumber=0 absolute=(37599.0000,12090.0000,746.0000) pressure=0.0000 tangentialPressure=0.0000 tilt=(0.2344,-0.2344) rotation=0.0000 buttons=0x0 deviceID=19450
PEN t=36.5194 monitor=global type=mouseMoved subtype=1 eventTimestamp=191315.3680 eventNumber=0 absolute=(37622.0000,12083.0000,746.0000) pressure=0.0000 tangentialPressure=0.0000 tilt=(0.2344,-0.2344) rotation=0.0000 buttons=0x0 deviceID=19450
PEN t=36.5246 monitor=global type=mouseMoved subtype=1 eventTimestamp=191315.3733 eventNumber=0 absolute=(37644.0000,12075.0000,746.0000) pressure=0.0000 tangentialPressure=0.0000 tilt=(0.2344,-0.2344) rotation=0.0000 buttons=0x0 deviceID=19450
PEN t=36.5337 monitor=global type=mouseMoved subtype=1 eventTimestamp=191315.3823 eventNumber=0 absolute=(37647.0000,12075.0000,786.0000) pressure=0.0000 tangentialPressure=0.0000 tilt=(0.2344,-0.2344) rotation=0.0000 buttons=0x0 deviceID=19450
PEN t=36.5590 monitor=global type=mouseMoved subtype=1 eventTimestamp=191315.4062 eventNumber=0 absolute=(37676.0000,12070.0000,786.0000) pressure=0.0000 tangentialPressure=0.0000 tilt=(0.2344,-0.2344) rotation=0.0000 buttons=0x0 deviceID=19450
PEN t=36.6073 monitor=global type=mouseMoved subtype=1 eventTimestamp=191315.4552 eventNumber=0 absolute=(37707.0000,12069.0000,786.0000) pressure=0.0000 tangentialPressure=0.0000 tilt=(0.2344,-0.2344) rotation=0.0000 buttons=0x0 deviceID=19450
PEN t=36.6079 monitor=global type=mouseMoved subtype=1 eventTimestamp=191315.4562 eventNumber=0 absolute=(37731.0000,12069.0000,786.0000) pressure=0.0000 tangentialPressure=0.0000 tilt=(0.2344,-0.2344) rotation=0.0000 buttons=0x0 deviceID=19450
PEN t=36.6451 monitor=global type=mouseMoved subtype=1 eventTimestamp=191315.4904 eventNumber=0 absolute=(37757.0000,12069.0000,822.0000) pressure=0.0000 tangentialPressure=0.0000 tilt=(0.2344,-0.2344) rotation=0.0000 buttons=0x0 deviceID=19450
PEN t=36.6721 monitor=global type=mouseMoved subtype=1 eventTimestamp=191315.5173 eventNumber=0 absolute=(37786.0000,12073.0000,822.0000) pressure=0.0000 tangentialPressure=0.0000 tilt=(0.2344,-0.2344) rotation=0.0000 buttons=0x0 deviceID=19450
PEN t=36.6971 monitor=global type=mouseMoved subtype=1 eventTimestamp=191315.5430 eventNumber=0 absolute=(37817.0000,12074.0000,862.0000) pressure=0.0000 tangentialPressure=0.0000 tilt=(0.2500,-0.2344) rotation=0.0000 buttons=0x0 deviceID=19450
PEN t=36.6990 monitor=global type=mouseMoved subtype=1 eventTimestamp=191315.5463 eventNumber=0 absolute=(37842.0000,12073.0000,902.0000) pressure=0.0000 tangentialPressure=0.0000 tilt=(0.2500,-0.2344) rotation=0.0000 buttons=0x0 deviceID=19450
PEN t=36.7304 monitor=global type=mouseMoved subtype=1 eventTimestamp=191315.5767 eventNumber=0 absolute=(37870.0000,12062.0000,902.0000) pressure=0.0000 tangentialPressure=0.0000 tilt=(0.2500,-0.2344) rotation=0.0000 buttons=0x0 deviceID=19450
PEN t=36.7322 monitor=global type=mouseMoved subtype=1 eventTimestamp=191315.5796 eventNumber=0 absolute=(37879.0000,12059.0000,902.0000) pressure=0.0000 tangentialPressure=0.0000 tilt=(0.2500,-0.2344) rotation=0.0000 buttons=0x0 deviceID=19450
PEN t=36.7368 monitor=global type=mouseMoved subtype=1 eventTimestamp=191315.5853 eventNumber=0 absolute=(37896.0000,12053.0000,902.0000) pressure=0.0000 tangentialPressure=0.0000 tilt=(0.2500,-0.2344) rotation=0.0000 buttons=0x0 deviceID=19450
PEN t=36.7620 monitor=global type=mouseMoved subtype=1 eventTimestamp=191315.6074 eventNumber=0 absolute=(37923.0000,12045.0000,902.0000) pressure=0.0000 tangentialPressure=0.0000 tilt=(0.2344,-0.2344) rotation=0.0000 buttons=0x0 deviceID=19450
PEN t=36.7821 monitor=global type=mouseMoved subtype=1 eventTimestamp=191315.6287 eventNumber=0 absolute=(37953.0000,12032.0000,942.0000) pressure=0.0000 tangentialPressure=0.0000 tilt=(0.2344,-0.2344) rotation=0.0000 buttons=0x0 deviceID=19450
PEN t=36.8112 monitor=global type=mouseMoved subtype=1 eventTimestamp=191315.6578 eventNumber=0 absolute=(37976.0000,12024.0000,942.0000) pressure=0.0000 tangentialPressure=0.0000 tilt=(0.2344,-0.2344) rotation=0.0000 buttons=0x0 deviceID=19450
PEN t=36.8114 monitor=global type=mouseMoved subtype=1 eventTimestamp=191315.6579 eventNumber=0 absolute=(37992.0000,12018.0000,942.0000) pressure=0.0000 tangentialPressure=0.0000 tilt=(0.2344,-0.2344) rotation=0.0000 buttons=0x0 deviceID=19450
PEN t=36.8200 monitor=global type=mouseMoved subtype=1 eventTimestamp=191315.6684 eventNumber=0 absolute=(38009.0000,12012.0000,982.0000) pressure=0.0000 tangentialPressure=0.0000 tilt=(0.2344,-0.2344) rotation=0.0000 buttons=0x0 deviceID=19450
PEN t=36.8363 monitor=global type=mouseMoved subtype=1 eventTimestamp=191315.6847 eventNumber=0 absolute=(38035.0000,12001.0000,982.0000) pressure=0.0000 tangentialPressure=0.0000 tilt=(0.2344,-0.2344) rotation=0.0000 buttons=0x0 deviceID=19450
PEN t=36.8586 monitor=global type=mouseMoved subtype=1 eventTimestamp=191315.7070 eventNumber=0 absolute=(38060.0000,11989.0000,1023.0000) pressure=0.0000 tangentialPressure=0.0000 tilt=(0.2344,-0.2344) rotation=0.0000 buttons=0x0 deviceID=19450
PEN t=36.8960 monitor=global type=mouseMoved subtype=1 eventTimestamp=191315.7439 eventNumber=0 absolute=(38080.0000,11973.0000,1023.0000) pressure=0.0000 tangentialPressure=0.0000 tilt=(0.2344,-0.2344) rotation=0.0000 buttons=0x0 deviceID=19450
PEN t=36.9244 monitor=global type=mouseMoved subtype=1 eventTimestamp=191315.7730 eventNumber=0 absolute=(38078.0000,11958.0000,1023.0000) pressure=0.0000 tangentialPressure=0.0000 tilt=(0.2344,-0.2344) rotation=0.0000 buttons=0x0 deviceID=19450
PEN t=36.9457 monitor=global type=mouseMoved subtype=1 eventTimestamp=191315.7941 eventNumber=0 absolute=(38055.0000,11946.0000,1023.0000) pressure=0.0000 tangentialPressure=0.0000 tilt=(0.2344,-0.2344) rotation=0.0000 buttons=0x0 deviceID=19450
PEN t=36.9571 monitor=global type=mouseMoved subtype=1 eventTimestamp=191315.8057 eventNumber=0 absolute=(38024.0000,11932.0000,1023.0000) pressure=0.0000 tangentialPressure=0.0000 tilt=(0.2344,-0.2344) rotation=0.0000 buttons=0x0 deviceID=19450
PEN t=36.9599 monitor=global type=mouseMoved subtype=1 eventTimestamp=191315.8085 eventNumber=0 absolute=(38015.0000,11928.0000,1023.0000) pressure=0.0000 tangentialPressure=0.0000 tilt=(0.2187,-0.2344) rotation=0.0000 buttons=0x0 deviceID=19450
PEN t=36.9747 monitor=global type=mouseMoved subtype=1 eventTimestamp=191315.8233 eventNumber=0 absolute=(38000.0000,11919.0000,1023.0000) pressure=0.0000 tangentialPressure=0.0000 tilt=(0.2187,-0.2344) rotation=0.0000 buttons=0x0 deviceID=19450
PEN t=36.9915 monitor=global type=mouseMoved subtype=1 eventTimestamp=191315.8400 eventNumber=0 absolute=(37993.0000,11916.0000,1023.0000) pressure=0.0000 tangentialPressure=0.0000 tilt=(0.2187,-0.2344) rotation=0.0000 buttons=0x0 deviceID=19450
PEN t=37.0103 monitor=global type=mouseMoved subtype=1 eventTimestamp=191315.8564 eventNumber=0 absolute=(37974.0000,11898.0000,1023.0000) pressure=0.0000 tangentialPressure=0.0000 tilt=(0.2187,-0.2344) rotation=0.0000 buttons=0x0 deviceID=19450
PROXIMITY t=37.0104 monitor=global type=tabletProximity subtype=0 eventTimestamp=191315.8564 eventNumber=0 entering=false deviceType=pen deviceID=19450 pointingDeviceID=0 systemTabletID=1 tabletID=849 uniqueID=79448682544951 vendorID=1386 vendorType=2114 capabilities=0x17c7
PROXIMITY t=37.0104 monitor=global type=mouseMoved subtype=2 eventTimestamp=191315.8570 eventNumber=0 entering=false deviceType=pen deviceID=19450 pointingDeviceID=0 systemTabletID=1 tabletID=849 uniqueID=79448682544951 vendorID=1386 vendorType=2114 capabilities=0x17c7
SUMMARY local=300 global=516 point=785 proximity=31 tabletSubtype=800 queueDropped=0
