Wacom macOS pen probe
duration=25s globalMonitor=true localMonitor=true
READY use pen over the probe window, then bring Chrome to front
PROXIMITY t=5.0339 monitor=global type=tabletProximity subtype=0 eventTimestamp=191446.8954 eventNumber=0 entering=true deviceType=pen deviceID=19450 pointingDeviceID=0 systemTabletID=1 tabletID=849 uniqueID=79448682544951 vendorID=1386 vendorType=2114 capabilities=0x17c7
PROXIMITY t=5.0352 monitor=global type=mouseMoved subtype=2 eventTimestamp=191446.8964 eventNumber=0 entering=true deviceType=pen deviceID=19450 pointingDeviceID=0 systemTabletID=1 tabletID=849 uniqueID=79448682544951 vendorID=1386 vendorType=2114 capabilities=0x17c7
PEN t=5.0430 monitor=global type=mouseMoved subtype=1 eventTimestamp=191446.9042 eventNumber=0 absolute=(548.0000,1187.0000,1023.0000) screen=(-172.0117,-996.7656) pressure=0.0000 tangentialPressure=0.0000 tilt=(0.3281,0.0468) rotation=0.0000 buttons=0x0 deviceID=19450
PEN t=5.0440 monitor=global type=mouseMoved subtype=1 eventTimestamp=191446.9048 eventNumber=0 absolute=(543.0000,1183.0000,1023.0000) screen=(-172.1953,-997.0547) pressure=0.0000 tangentialPressure=0.0000 tilt=(0.3437,0.0468) rotation=0.0000 buttons=0x0 deviceID=19450
PEN t=5.0765 monitor=global type=mouseMoved subtype=1 eventTimestamp=191446.9375 eventNumber=0 absolute=(518.0000,1173.0000,1023.0000) screen=(-173.1055,-997.7461) pressure=0.0000 tangentialPressure=0.0000 tilt=(0.3750,0.0625) rotation=0.0000 buttons=0x0 deviceID=19450
PEN t=5.1263 monitor=global type=mouseMoved subtype=1 eventTimestamp=191446.9873 eventNumber=0 absolute=(488.0000,1177.0000,982.0000) screen=(-174.1992,-997.4922) pressure=0.0000 tangentialPressure=0.0000 tilt=(0.4219,0.0468) rotation=0.0000 buttons=0x0 deviceID=19450
PEN t=5.1481 monitor=global type=mouseMoved subtype=1 eventTimestamp=191447.0090 eventNumber=0 absolute=(459.0000,1185.0000,942.0000) screen=(-175.2578,-996.9102) pressure=0.0000 tangentialPressure=0.0000 tilt=(0.4375,0.0468) rotation=0.0000 buttons=0x0 deviceID=19450
PEN t=5.1666 monitor=global type=mouseMoved subtype=1 eventTimestamp=191447.0228 eventNumber=0 absolute=(437.0000,1193.0000,942.0000) screen=(-176.0234,-996.4023) pressure=0.0000 tangentialPressure=0.0000 tilt=(0.4687,0.0312) rotation=0.0000 buttons=0x0 deviceID=19450
PEN t=5.1759 monitor=global type=mouseMoved subtype=1 eventTimestamp=191447.0370 eventNumber=0 absolute=(413.0000,1200.0000,902.0000) screen=(-176.9336,-995.8945) pressure=0.0000 tangentialPressure=0.0000 tilt=(0.4687,0.0312) rotation=0.0000 buttons=0x0 deviceID=19450
PEN t=5.1809 monitor=global type=mouseMoved subtype=1 eventTimestamp=191447.0421 eventNumber=0 absolute=(397.0000,1203.0000,902.0000) screen=(-177.5195,-995.6797) pressure=0.0000 tangentialPressure=0.0000 tilt=(0.4844,0.0312) rotation=0.0000 buttons=0x0 deviceID=19450
PEN t=5.1925 monitor=global type=mouseMoved subtype=1 eventTimestamp=191447.0480 eventNumber=0 absolute=(378.0000,1206.0000,902.0000) screen=(-178.2109,-995.4609) pressure=0.0000 tangentialPressure=0.0000 tilt=(0.4844,0.0312) rotation=0.0000 buttons=0x0 deviceID=19450
PEN t=5.1979 monitor=global type=mouseMoved subtype=1 eventTimestamp=191447.0590 eventNumber=0 absolute=(338.0000,1213.0000,862.0000) screen=(-179.6719,-994.9883) pressure=0.0000 tangentialPressure=0.0000 tilt=(0.5000,0.0156) rotation=0.0000 buttons=0x0 deviceID=19450
PEN t=5.2027 monitor=global type=mouseMoved subtype=1 eventTimestamp=191447.0640 eventNumber=0 absolute=(315.0000,1219.0000,822.0000) screen=(-180.5078,-994.5898) pressure=0.0000 tangentialPressure=0.0000 tilt=(0.5000,0.0156) rotation=0.0000 buttons=0x0 deviceID=19450
PEN t=5.2131 monitor=global type=mouseMoved subtype=1 eventTimestamp=191447.0705 eventNumber=0 absolute=(292.0000,1222.0000,822.0000) screen=(-181.3477,-994.3359) pressure=0.0000 tangentialPressure=0.0000 tilt=(0.5000,0.0156) rotation=0.0000 buttons=0x0 deviceID=19450
PEN t=5.2149 monitor=global type=mouseMoved subtype=1 eventTimestamp=191447.0761 eventNumber=0 absolute=(267.0000,1226.0000,786.0000) screen=(-182.2617,-994.1211) pressure=0.0000 tangentialPressure=0.0000 tilt=(0.5000,0.0000) rotation=0.0000 buttons=0x0 deviceID=19450
PEN t=5.2260 monitor=global type=mouseMoved subtype=1 eventTimestamp=191447.0871 eventNumber=0 absolute=(243.0000,1229.0000,786.0000) screen=(-183.1367,-993.9023) pressure=0.0000 tangentialPressure=0.0000 tilt=(0.5156,0.0000) rotation=0.0000 buttons=0x0 deviceID=19450
PEN t=5.2305 monitor=global type=mouseMoved subtype=1 eventTimestamp=191447.0896 eventNumber=0 absolute=(213.0000,1235.0000,746.0000) screen=(-184.2305,-993.4648) pressure=0.0000 tangentialPressure=0.0000 tilt=(0.5156,0.0000) rotation=0.0000 buttons=0x0 deviceID=19450
PEN t=5.2646 monitor=global type=mouseMoved subtype=1 eventTimestamp=191447.1258 eventNumber=0 absolute=(189.0000,1223.0000,469.0000) screen=(-185.1055,-994.3008) pressure=0.0000 tangentialPressure=0.0000 tilt=(0.5312,-0.0156) rotation=0.0000 buttons=0x0 deviceID=19450
PEN t=5.2798 monitor=global type=mouseMoved subtype=1 eventTimestamp=191447.1371 eventNumber=0 absolute=(183.0000,1212.0000,393.0000) screen=(-185.3242,-995.0625) pressure=0.0000 tangentialPressure=0.0000 tilt=(0.5312,-0.0156) rotation=0.0000 buttons=0x0 deviceID=19450
PEN t=5.2818 monitor=global type=mouseMoved subtype=1 eventTimestamp=191447.1429 eventNumber=0 absolute=(182.0000,1185.0000,232.0000) screen=(-185.3594,-996.9102) pressure=0.0000 tangentialPressure=0.0000 tilt=(0.5156,0.0000) rotation=0.0000 buttons=0x0 deviceID=19450
PEN t=5.2921 monitor=global type=mouseMoved subtype=1 eventTimestamp=191447.1478 eventNumber=0 absolute=(186.0000,1175.0000,156.0000) screen=(-185.2148,-997.6016) pressure=0.0000 tangentialPressure=0.0000 tilt=(0.5156,0.0000) rotation=0.0000 buttons=0x0 deviceID=19450
PEN t=5.2930 monitor=global type=mouseMoved subtype=1 eventTimestamp=191447.1543 eventNumber=0 absolute=(196.0000,1164.0000,76.0000) screen=(-184.8477,-998.3633) pressure=0.0000 tangentialPressure=0.0000 tilt=(0.5156,0.0000) rotation=0.0000 buttons=0x0 deviceID=19450
PEN t=5.2978 monitor=global type=mouseMoved subtype=1 eventTimestamp=191447.1590 eventNumber=0 absolute=(207.0000,1153.0000,0.0000) screen=(-184.4492,-999.1211) pressure=0.0000 tangentialPressure=0.0000 tilt=(0.5000,0.0000) rotation=0.0000 buttons=0x0 deviceID=19450
PEN t=5.3093 monitor=global type=mouseMoved subtype=1 eventTimestamp=191447.1706 eventNumber=0 absolute=(253.0000,1113.0000,0.0000) screen=(-182.7695,-1001.9141) pressure=0.0000 tangentialPressure=0.0000 tilt=(0.4844,0.0156) rotation=0.0000 buttons=0x0 deviceID=19450
PEN t=5.3146 monitor=global type=mouseMoved subtype=1 eventTimestamp=191447.1757 eventNumber=0 absolute=(286.0000,1087.0000,0.0000) screen=(-181.5664,-1003.7266) pressure=0.0000 tangentialPressure=0.0000 tilt=(0.4844,0.0156) rotation=0.0000 buttons=0x0 deviceID=19450
PEN t=5.3262 monitor=global type=mouseMoved subtype=1 eventTimestamp=191447.1871 eventNumber=0 absolute=(316.0000,1063.0000,0.0000) screen=(-180.4727,-1005.3594) pressure=0.0000 tangentialPressure=0.0000 tilt=(0.4844,0.0156) rotation=0.0000 buttons=0x0 deviceID=19450
PEN t=5.3426 monitor=global type=leftMouseDown subtype=1 eventTimestamp=191447.1887 eventNumber=177 absolute=(316.0000,1063.0000,0.0000) screen=(-180.4727,-1005.3594) pressure=0.4039 tangentialPressure=0.0000 tilt=(0.4844,0.0156) rotation=0.0000 buttons=0x1 deviceID=19450
PEN t=5.3436 monitor=global type=leftMouseDragged subtype=1 eventTimestamp=191447.2051 eventNumber=0 absolute=(354.0000,1037.0000,0.0000) screen=(-179.0859,-1007.2070) pressure=0.4235 tangentialPressure=0.0000 tilt=(0.4687,0.0156) rotation=0.0000 buttons=0x1 deviceID=19450
PEN t=5.3471 monitor=global type=leftMouseDragged subtype=1 eventTimestamp=191447.2063 eventNumber=0 absolute=(361.0000,1032.0000,0.0000) screen=(-178.8320,-1007.5000) pressure=0.4235 tangentialPressure=0.0000 tilt=(0.4687,0.0156) rotation=0.0000 buttons=0x1 deviceID=19450
PEN t=5.3594 monitor=global type=leftMouseDragged subtype=1 eventTimestamp=191447.2209 eventNumber=0 absolute=(374.0000,1025.0000,0.0000) screen=(-178.3594,-1008.0430) pressure=0.4196 tangentialPressure=0.0000 tilt=(0.4531,0.0156) rotation=0.0000 buttons=0x1 deviceID=19450
PEN t=5.4648 monitor=global type=leftMouseUp subtype=1 eventTimestamp=191447.2990 eventNumber=177 absolute=(377.0000,1019.0000,0.0000) screen=(-178.3594,-1008.0430) pressure=0.0000 tangentialPressure=0.0000 tilt=(0.4531,0.0156) rotation=0.0000 buttons=0x0 deviceID=19450
PEN t=5.4648 monitor=global type=mouseMoved subtype=1 eventTimestamp=191447.2993 eventNumber=0 absolute=(143.0000,1065.0000,774.0000) screen=(-186.7812,-1005.2148) pressure=0.0000 tangentialPressure=0.0000 tilt=(0.4844,-0.0469) rotation=0.0000 buttons=0x0 deviceID=19450
PEN t=5.4689 monitor=global type=leftMouseUp subtype=1 eventTimestamp=191447.3114 eventNumber=177 absolute=(377.0000,1019.0000,0.0000) screen=(-178.3594,-1008.0430) pressure=0.0000 tangentialPressure=0.0000 tilt=(0.4531,0.0156) rotation=0.0000 buttons=0x0 deviceID=19450
PEN t=5.4707 monitor=global type=mouseMoved subtype=1 eventTimestamp=191447.3317 eventNumber=0 absolute=(147.0000,1069.0000,1023.0000) screen=(-186.6367,-1004.9961) pressure=0.0000 tangentialPressure=0.0000 tilt=(0.4531,-0.0313) rotation=0.0000 buttons=0x0 deviceID=19450
PROXIMITY t=5.4749 monitor=global type=tabletProximity subtype=0 eventTimestamp=191447.3364 eventNumber=0 entering=false deviceType=pen deviceID=19450 pointingDeviceID=0 systemTabletID=1 tabletID=849 uniqueID=79448682544951 vendorID=1386 vendorType=2114 capabilities=0x17c7
PROXIMITY t=5.4805 monitor=global type=mouseMoved subtype=2 eventTimestamp=191447.3370 eventNumber=0 entering=false deviceType=pen deviceID=19450 pointingDeviceID=0 systemTabletID=1 tabletID=849 uniqueID=79448682544951 vendorID=1386 vendorType=2114 capabilities=0x17c7
PROXIMITY t=6.4453 monitor=global type=tabletProximity subtype=0 eventTimestamp=191448.3030 eventNumber=0 entering=true deviceType=pen deviceID=19450 pointingDeviceID=0 systemTabletID=1 tabletID=849 uniqueID=79448682544951 vendorID=1386 vendorType=2114 capabilities=0x17c7
PROXIMITY t=6.4474 monitor=global type=mouseMoved subtype=2 eventTimestamp=191448.3073 eventNumber=0 entering=true deviceType=pen deviceID=19450 pointingDeviceID=0 systemTabletID=1 tabletID=849 uniqueID=79448682544951 vendorID=1386 vendorType=2114 capabilities=0x17c7
PEN t=6.4481 monitor=global type=mouseMoved subtype=1 eventTimestamp=191448.3081 eventNumber=0 absolute=(51766.0000,15162.0000,1023.0000) screen=(1695.0117,-29.3438) pressure=0.0000 tangentialPressure=0.0000 tilt=(0.4375,-0.3438) rotation=0.0000 buttons=0x0 deviceID=19450
PEN t=6.4761 monitor=global type=mouseMoved subtype=1 eventTimestamp=191448.3370 eventNumber=0 absolute=(51792.0000,15168.0000,986.0000) screen=(1696.2539,-28.8398) pressure=0.0000 tangentialPressure=0.0000 tilt=(0.4219,-0.3125) rotation=0.0000 buttons=0x0 deviceID=19450
PEN t=6.4941 monitor=global type=mouseMoved subtype=1 eventTimestamp=191448.3548 eventNumber=0 absolute=(51823.0000,15173.0000,878.0000) screen=(1697.0898,-28.6211) pressure=0.0000 tangentialPressure=0.0000 tilt=(0.4375,-0.2969) rotation=0.0000 buttons=0x0 deviceID=19450
PEN t=6.5102 monitor=global type=mouseMoved subtype=1 eventTimestamp=191448.3714 eventNumber=0 absolute=(51852.0000,15173.0000,846.0000) screen=(1698.1484,-28.6211) pressure=0.0000 tangentialPressure=0.0000 tilt=(0.4375,-0.2813) rotation=0.0000 buttons=0x0 deviceID=19450
PEN t=6.5274 monitor=global type=mouseMoved subtype=1 eventTimestamp=191448.3885 eventNumber=0 absolute=(51897.0000,15173.0000,846.0000) screen=(1699.7891,-28.5859) pressure=0.0000 tangentialPressure=0.0000 tilt=(0.4531,-0.2813) rotation=0.0000 buttons=0x0 deviceID=19450
PEN t=6.5299 monitor=global type=mouseMoved subtype=1 eventTimestamp=191448.3890 eventNumber=0 absolute=(51927.0000,15173.0000,846.0000) screen=(1700.8828,-28.5859) pressure=0.0000 tangentialPressure=0.0000 tilt=(0.4531,-0.2656) rotation=0.0000 buttons=0x0 deviceID=19450
PEN t=6.5339 monitor=global type=mouseMoved subtype=1 eventTimestamp=191448.3951 eventNumber=0 absolute=(51961.0000,15173.0000,846.0000) screen=(1702.1250,-28.5859) pressure=0.0000 tangentialPressure=0.0000 tilt=(0.4531,-0.2656) rotation=0.0000 buttons=0x0 deviceID=19450
PEN t=6.5445 monitor=global type=mouseMoved subtype=1 eventTimestamp=191448.4053 eventNumber=0 absolute=(51996.0000,15173.0000,846.0000) screen=(1704.6406,-28.6914) pressure=0.0000 tangentialPressure=0.0000 tilt=(0.4531,-0.2656) rotation=0.0000 buttons=0x0 deviceID=19450
PEN t=6.5507 monitor=global type=mouseMoved subtype=1 eventTimestamp=191448.4118 eventNumber=0 absolute=(52049.0000,15170.0000,846.0000) screen=(1705.3320,-28.8398) pressure=0.0000 tangentialPressure=0.0000 tilt=(0.4531,-0.2656) rotation=0.0000 buttons=0x0 deviceID=19450
PEN t=6.5609 monitor=global type=mouseMoved subtype=1 eventTimestamp=191448.4220 eventNumber=0 absolute=(52071.0000,15166.0000,846.0000) screen=(1707.0469,-29.4531) pressure=0.0000 tangentialPressure=0.0000 tilt=(0.4531,-0.2656) rotation=0.0000 buttons=0x0 deviceID=19450
PEN t=6.5674 monitor=global type=mouseMoved subtype=1 eventTimestamp=191448.4285 eventNumber=0 absolute=(52123.0000,15155.0000,846.0000) screen=(1708.0312,-29.8906) pressure=0.0000 tangentialPressure=0.0000 tilt=(0.4531,-0.2656) rotation=0.0000 buttons=0x0 deviceID=19450
PEN t=6.5799 monitor=global type=mouseMoved subtype=1 eventTimestamp=191448.4387 eventNumber=0 absolute=(52149.0000,15147.0000,846.0000) screen=(1709.8555,-30.6133) pressure=0.0000 tangentialPressure=0.0000 tilt=(0.4687,-0.2656) rotation=0.0000 buttons=0x0 deviceID=19450
PEN t=6.5841 monitor=global type=mouseMoved subtype=1 eventTimestamp=191448.4453 eventNumber=0 absolute=(52197.0000,15142.0000,846.0000) screen=(1710.7305,-30.7969) pressure=0.0000 tangentialPressure=0.0000 tilt=(0.4531,-0.2500) rotation=0.0000 buttons=0x0 deviceID=19450
PEN t=6.6003 monitor=global type=mouseMoved subtype=1 eventTimestamp=191448.4614 eventNumber=0 absolute=(52217.0000,15139.0000,810.0000) screen=(1711.4609,-30.9414) pressure=0.0000 tangentialPressure=0.0000 tilt=(0.4531,-0.2500) rotation=0.0000 buttons=0x0 deviceID=19450
PEN t=6.6007 monitor=global type=mouseMoved subtype=1 eventTimestamp=191448.4616 eventNumber=0 absolute=(52236.0000,15138.0000,810.0000) screen=(1712.1523,-31.0508) pressure=0.0000 tangentialPressure=0.0000 tilt=(0.4531,-0.2500) rotation=0.0000 buttons=0x0 deviceID=19450
PEN t=6.6026 monitor=global type=mouseMoved subtype=1 eventTimestamp=191448.4638 eventNumber=0 absolute=(52268.0000,15131.0000,774.0000) screen=(1713.3203,-31.5586) pressure=0.0000 tangentialPressure=0.0000 tilt=(0.4531,-0.2500) rotation=0.0000 buttons=0x0 deviceID=19450
PEN t=6.6311 monitor=global type=mouseMoved subtype=1 eventTimestamp=191448.4891 eventNumber=0 absolute=(52262.0000,15124.0000,774.0000) screen=(1713.1016,-32.0273) pressure=0.0000 tangentialPressure=0.0000 tilt=(0.4687,-0.2344) rotation=0.0000 buttons=0x0 deviceID=19450
PEN t=6.6438 monitor=global type=mouseMoved subtype=1 eventTimestamp=191448.5047 eventNumber=0 absolute=(52271.0000,15129.0000,738.0000) screen=(1713.4297,-31.6641) pressure=0.0000 tangentialPressure=0.0000 tilt=(0.4687,-0.2344) rotation=0.0000 buttons=0x0 deviceID=19450
PEN t=6.6490 monitor=global type=mouseMoved subtype=1 eventTimestamp=191448.5100 eventNumber=0 absolute=(52279.0000,15147.0000,738.0000) screen=(1713.7227,-30.3984) pressure=0.0000 tangentialPressure=0.0000 tilt=(0.4687,-0.2344) rotation=0.0000 buttons=0x0 deviceID=19450
PEN t=6.6525 monitor=global type=mouseMoved subtype=1 eventTimestamp=191448.5138 eventNumber=0 absolute=(52280.0000,15159.0000,702.0000) screen=(1713.7578,-29.5977) pressure=0.0000 tangentialPressure=0.0000 tilt=(0.4687,-0.2344) rotation=0.0000 buttons=0x0 deviceID=19450
PEN t=6.6644 monitor=global type=mouseMoved subtype=1 eventTimestamp=191448.5248 eventNumber=0 absolute=(52280.0000,15171.0000,702.0000) screen=(1713.6133,-27.9688) pressure=0.0000 tangentialPressure=0.0000 tilt=(0.4687,-0.2344) rotation=0.0000 buttons=0x0 deviceID=19450
PEN t=6.6771 monitor=global type=mouseMoved subtype=1 eventTimestamp=191448.5382 eventNumber=0 absolute=(52252.0000,15198.0000,669.0000) screen=(1712.7383,-26.9180) pressure=0.0000 tangentialPressure=0.0000 tilt=(0.4687,-0.2344) rotation=0.0000 buttons=0x0 deviceID=19450
PEN t=6.6862 monitor=global type=mouseMoved subtype=1 eventTimestamp=191448.5474 eventNumber=0 absolute=(52219.0000,15212.0000,633.0000) screen=(1711.5352,-25.9023) pressure=0.0000 tangentialPressure=0.0000 tilt=(0.4687,-0.2344) rotation=0.0000 buttons=0x0 deviceID=19450
PEN t=6.6945 monitor=global type=mouseMoved subtype=1 eventTimestamp=191448.5554 eventNumber=0 absolute=(52202.0000,15220.0000,597.0000) screen=(1710.9141,-25.3945) pressure=0.0000 tangentialPressure=0.0000 tilt=(0.4687,-0.2344) rotation=0.0000 buttons=0x0 deviceID=19450
PEN t=6.7015 monitor=global type=mouseMoved subtype=1 eventTimestamp=191448.5626 eventNumber=0 absolute=(52186.0000,15227.0000,525.0000) screen=(1710.3320,-24.8867) pressure=0.0000 tangentialPressure=0.0000 tilt=(0.4687,-0.2344) rotation=0.0000 buttons=0x0 deviceID=19450
PEN t=6.7142 monitor=global type=mouseMoved subtype=1 eventTimestamp=191448.5727 eventNumber=0 absolute=(52176.0000,15235.0000,493.0000) screen=(1709.9648,-24.3047) pressure=0.0000 tangentialPressure=0.0000 tilt=(0.4687,-0.2344) rotation=0.0000 buttons=0x0 deviceID=19450
PEN t=6.7146 monitor=global type=mouseMoved subtype=1 eventTimestamp=191448.5757 eventNumber=0 absolute=(52168.0000,15244.0000,421.0000) screen=(1709.6719,-23.7266) pressure=0.0000 tangentialPressure=0.0000 tilt=(0.4687,-0.2344) rotation=0.0000 buttons=0x0 deviceID=19450
PEN t=6.7188 monitor=global type=mouseMoved subtype=1 eventTimestamp=191448.5801 eventNumber=0 absolute=(52156.0000,15266.0000,280.0000) screen=(1709.2344,-22.2031) pressure=0.0000 tangentialPressure=0.0000 tilt=(0.4687,-0.2344) rotation=0.0000 buttons=0x0 deviceID=19450
PEN t=6.7299 monitor=global type=mouseMoved subtype=1 eventTimestamp=191448.5889 eventNumber=0 absolute=(52155.0000,15278.0000,208.0000) screen=(1709.1992,-21.3320) pressure=0.0000 tangentialPressure=0.0000 tilt=(0.4687,-0.2344) rotation=0.0000 buttons=0x0 deviceID=19450
PEN t=6.7335 monitor=global type=mouseMoved subtype=1 eventTimestamp=191448.5946 eventNumber=0 absolute=(52164.0000,15314.0000,172.0000) screen=(1709.5273,-18.8672) pressure=0.0000 tangentialPressure=0.0000 tilt=(0.4687,-0.2188) rotation=0.0000 buttons=0x0 deviceID=19450
PEN t=6.7442 monitor=global type=mouseMoved subtype=1 eventTimestamp=191448.6048 eventNumber=0 absolute=(52184.0000,15347.0000,0.0000) screen=(1710.9141,-14.5508) pressure=0.0000 tangentialPressure=0.0000 tilt=(0.4844,-0.2188) rotation=0.0000 buttons=0x0 deviceID=19450
PEN t=6.7605 monitor=global type=leftMouseDown subtype=1 eventTimestamp=191448.6084 eventNumber=178 absolute=(52202.0000,15376.0000,0.0000) screen=(1710.9141,-14.5508) pressure=0.3020 tangentialPressure=0.0000 tilt=(0.4844,-0.2188) rotation=0.0000 buttons=0x1 deviceID=19450
PEN t=6.7605 monitor=global type=leftMouseDragged subtype=1 eventTimestamp=191448.6122 eventNumber=0 absolute=(52220.0000,15404.0000,0.0000) screen=(1711.5703,-12.5938) pressure=0.4863 tangentialPressure=0.0000 tilt=(0.4844,-0.2188) rotation=0.0000 buttons=0x1 deviceID=19450
PEN t=6.7767 monitor=global type=leftMouseDragged subtype=1 eventTimestamp=191448.6382 eventNumber=0 absolute=(52225.0000,15413.0000,0.0000) screen=(1711.7539,-11.9766) pressure=0.4980 tangentialPressure=0.0000 tilt=(0.4844,-0.2188) rotation=0.0000 buttons=0x1 deviceID=19450
PEN t=6.8185 monitor=global type=leftMouseUp subtype=1 eventTimestamp=191448.6794 eventNumber=178 absolute=(52229.0000,15415.0000,0.0000) screen=(1711.7539,-11.9766) pressure=0.0000 tangentialPressure=0.0000 tilt=(0.5000,-0.2188) rotation=0.0000 buttons=0x0 deviceID=19450
PEN t=6.8458 monitor=global type=mouseMoved subtype=1 eventTimestamp=191448.6970 eventNumber=0 absolute=(52202.0000,15376.0000,0.0000) screen=(1710.9141,-14.5508) pressure=0.0000 tangentialPressure=0.0000 tilt=(0.5000,-0.2188) rotation=0.0000 buttons=0x0 deviceID=19450
PEN t=6.8485 monitor=global type=mouseMoved subtype=1 eventTimestamp=191448.7086 eventNumber=0 absolute=(52275.0000,15319.0000,220.0000) screen=(1713.5781,-18.5039) pressure=0.0000 tangentialPressure=0.0000 tilt=(0.4844,-0.2031) rotation=0.0000 buttons=0x0 deviceID=19450
PEN t=6.8508 monitor=global type=mouseMoved subtype=1 eventTimestamp=191448.7119 eventNumber=0 absolute=(52296.0000,15291.0000,353.0000) screen=(1714.3438,-20.4609) pressure=0.0000 tangentialPressure=0.0000 tilt=(0.4844,-0.2031) rotation=0.0000 buttons=0x0 deviceID=19450
PEN t=6.8650 monitor=global type=mouseMoved subtype=1 eventTimestamp=191448.7250 eventNumber=0 absolute=(52376.0000,15211.0000,754.0000) screen=(1717.2617,-25.9727) pressure=0.0000 tangentialPressure=0.0000 tilt=(0.4687,-0.1875) rotation=0.0000 buttons=0x0 deviceID=19450
PEN t=6.8818 monitor=global type=mouseMoved subtype=1 eventTimestamp=191448.7413 eventNumber=0 absolute=(52436.0000,15156.0000,930.0000) screen=(1719.4492,-29.7812) pressure=0.0000 tangentialPressure=0.0000 tilt=(0.4531,-0.1875) rotation=0.0000 buttons=0x0 deviceID=19450
PEN t=6.8834 monitor=global type=mouseMoved subtype=1 eventTimestamp=191448.7446 eventNumber=0 absolute=(52469.0000,15127.0000,974.0000) screen=(1720.6523,-31.8125) pressure=0.0000 tangentialPressure=0.0000 tilt=(0.4531,-0.1875) rotation=0.0000 buttons=0x0 deviceID=19450
PEN t=6.8963 monitor=global type=mouseMoved subtype=1 eventTimestamp=191448.7571 eventNumber=0 absolute=(52502.0000,15098.0000,1023.0000) screen=(1722.9844,-35.9062) pressure=0.0000 tangentialPressure=0.0000 tilt=(0.4531,-0.1875) rotation=0.0000 buttons=0x0 deviceID=19450
PEN t=6.8999 monitor=global type=mouseMoved subtype=1 eventTimestamp=191448.7610 eventNumber=0 absolute=(52554.0000,15045.0000,1023.0000) screen=(1723.7539,-37.5039) pressure=0.0000 tangentialPressure=0.0000 tilt=(0.4531,-0.1875) rotation=0.0000 buttons=0x0 deviceID=19450
PEN t=6.9128 monitor=global type=mouseMoved subtype=1 eventTimestamp=191448.7738 eventNumber=0 absolute=(52554.0000,15017.0000,1023.0000) screen=(1723.7539,-39.4258) pressure=0.0000 tangentialPressure=0.0000 tilt=(0.4531,-0.1875) rotation=0.0000 buttons=0x0 deviceID=19450
PEN t=6.9137 monitor=global type=mouseMoved subtype=1 eventTimestamp=191448.7745 eventNumber=0 absolute=(52594.0000,14989.0000,1023.0000) screen=(1725.2109,-41.3828) pressure=0.0000 tangentialPressure=0.0000 tilt=(0.4687,-0.1719) rotation=0.0000 buttons=0x0 deviceID=19450
PROXIMITY t=6.9613 monitor=global type=tabletProximity subtype=0 eventTimestamp=191448.8228 eventNumber=0 entering=false deviceType=pen deviceID=19450 pointingDeviceID=0 systemTabletID=1 tabletID=849 uniqueID=79448682544951 vendorID=1386 vendorType=2114 capabilities=0x17c7
PROXIMITY t=6.9641 monitor=global type=mouseMoved subtype=2 eventTimestamp=191448.8250 eventNumber=0 entering=false deviceType=pen deviceID=19450 pointingDeviceID=0 systemTabletID=1 tabletID=849 uniqueID=79448682544951 vendorID=1386 vendorType=2114 capabilities=0x17c7
PROXIMITY t=8.8131 monitor=global type=tabletProximity subtype=0 eventTimestamp=191450.6700 eventNumber=0 entering=true deviceType=pen deviceID=19450 pointingDeviceID=0 systemTabletID=1 tabletID=849 uniqueID=79448682544951 vendorID=1386 vendorType=2114 capabilities=0x17c7
PROXIMITY t=8.8148 monitor=global type=mouseMoved subtype=2 eventTimestamp=191450.6760 eventNumber=0 entering=true deviceType=pen deviceID=19450 pointingDeviceID=0 systemTabletID=1 tabletID=849 uniqueID=79448682544951 vendorID=1386 vendorType=2114 capabilities=0x17c7
PEN t=8.8169 monitor=global type=mouseMoved subtype=1 eventTimestamp=191450.6783 eventNumber=0 absolute=(29753.0000,8981.0000,1023.0000) screen=(892.1523,-457.2539) pressure=0.0000 tangentialPressure=0.0000 tilt=(0.3437,-0.1719) rotation=0.0000 buttons=0x0 deviceID=19450
PEN t=8.8261 monitor=global type=mouseMoved subtype=1 eventTimestamp=191450.6870 eventNumber=0 absolute=(29746.0000,8977.0000,1023.0000) screen=(891.8984,-457.5078) pressure=0.0000 tangentialPressure=0.0000 tilt=(0.3437,-0.1719) rotation=0.0000 buttons=0x0 deviceID=19450
PEN t=8.8479 monitor=global type=mouseMoved subtype=1 eventTimestamp=191450.7090 eventNumber=0 absolute=(29720.0000,8971.0000,1023.0000) screen=(890.9492,-457.9453) pressure=0.0000 tangentialPressure=0.0000 tilt=(0.3437,-0.1719) rotation=0.0000 buttons=0x0 deviceID=19450
PEN t=8.8520 monitor=global type=mouseMoved subtype=1 eventTimestamp=191450.7133 eventNumber=0 absolute=(29714.0000,8969.0000,1023.0000) screen=(890.7305,-458.0547) pressure=0.0000 tangentialPressure=0.0000 tilt=(0.3437,-0.1875) rotation=0.0000 buttons=0x0 deviceID=19450
PEN t=8.8990 monitor=global type=mouseMoved subtype=1 eventTimestamp=191450.7600 eventNumber=0 absolute=(29682.0000,8966.0000,1023.0000) screen=(889.5625,-458.3086) pressure=0.0000 tangentialPressure=0.0000 tilt=(0.3281,-0.1875) rotation=0.0000 buttons=0x0 deviceID=19450
PEN t=8.9140 monitor=global type=mouseMoved subtype=1 eventTimestamp=191450.7751 eventNumber=0 absolute=(29660.0000,8965.0000,1023.0000) screen=(888.7617,-458.3789) pressure=0.0000 tangentialPressure=0.0000 tilt=(0.3281,-0.1875) rotation=0.0000 buttons=0x0 deviceID=19450
PEN t=8.9278 monitor=global type=mouseMoved subtype=1 eventTimestamp=191450.7882 eventNumber=0 absolute=(29634.0000,8965.0000,1023.0000) screen=(887.8125,-458.3789) pressure=0.0000 tangentialPressure=0.0000 tilt=(0.3281,-0.1875) rotation=0.0000 buttons=0x0 deviceID=19450
PEN t=8.9382 monitor=global type=mouseMoved subtype=1 eventTimestamp=191450.7974 eventNumber=0 absolute=(29602.0000,8968.0000,1023.0000) screen=(886.6797,-458.1250) pressure=0.0000 tangentialPressure=0.0000 tilt=(0.3281,-0.1875) rotation=0.0000 buttons=0x0 deviceID=19450
PEN t=8.9445 monitor=global type=mouseMoved subtype=1 eventTimestamp=191450.8058 eventNumber=0 absolute=(29597.0000,8971.0000,1023.0000) screen=(886.4609,-457.9805) pressure=0.0000 tangentialPressure=0.0000 tilt=(0.3281,-0.2031) rotation=0.0000 buttons=0x0 deviceID=19450
PEN t=8.9473 monitor=global type=mouseMoved subtype=1 eventTimestamp=191450.8086 eventNumber=0 absolute=(29580.0000,8973.0000,1023.0000) screen=(885.8438,-457.8008) pressure=0.0000 tangentialPressure=0.0000 tilt=(0.3281,-0.2031) rotation=0.0000 buttons=0x0 deviceID=19450
PEN t=8.9771 monitor=global type=mouseMoved subtype=1 eventTimestamp=191450.8314 eventNumber=0 absolute=(29557.0000,8986.0000,1023.0000) screen=(885.0039,-456.9297) pressure=0.0000 tangentialPressure=0.0000 tilt=(0.3281,-0.2031) rotation=0.0000 buttons=0x0 deviceID=19450
PEN t=8.9806 monitor=global type=mouseMoved subtype=1 eventTimestamp=191450.8418 eventNumber=0 absolute=(29544.0000,8989.0000,1023.0000) screen=(884.5664,-456.6758) pressure=0.0000 tangentialPressure=0.0000 tilt=(0.3281,-0.2031) rotation=0.0000 buttons=0x0 deviceID=19450
PEN t=8.9857 monitor=global type=mouseMoved subtype=1 eventTimestamp=191450.8471 eventNumber=0 absolute=(29524.0000,8996.0000,1023.0000) screen=(883.8008,-456.2031) pressure=0.0000 tangentialPressure=0.0000 tilt=(0.3281,-0.2031) rotation=0.0000 buttons=0x0 deviceID=19450
PEN t=8.9982 monitor=global type=mouseMoved subtype=1 eventTimestamp=191450.8595 eventNumber=0 absolute=(29505.0000,9001.0000,1023.0000) screen=(883.1055,-455.8398) pressure=0.0000 tangentialPressure=0.0000 tilt=(0.3281,-0.2031) rotation=0.0000 buttons=0x0 deviceID=19450
PEN t=9.0113 monitor=global type=mouseMoved subtype=1 eventTimestamp=191450.8703 eventNumber=0 absolute=(29497.0000,9004.0000,1023.0000) screen=(882.8164,-455.6953) pressure=0.0000 tangentialPressure=0.0000 tilt=(0.3281,-0.2031) rotation=0.0000 buttons=0x0 deviceID=19450
PEN t=9.0260 monitor=global type=mouseMoved subtype=1 eventTimestamp=191450.8871 eventNumber=0 absolute=(29470.0000,9009.0000,1023.0000) screen=(881.8320,-455.3359) pressure=0.0000 tangentialPressure=0.0000 tilt=(0.3281,-0.2031) rotation=0.0000 buttons=0x0 deviceID=19450
PEN t=9.0617 monitor=global type=mouseMoved subtype=1 eventTimestamp=191450.9200 eventNumber=0 absolute=(29442.0000,9014.0000,1023.0000) screen=(880.8086,-454.9727) pressure=0.0000 tangentialPressure=0.0000 tilt=(0.3437,-0.2031) rotation=0.0000 buttons=0x0 deviceID=19450
PEN t=9.0758 monitor=global type=mouseMoved subtype=1 eventTimestamp=191450.9369 eventNumber=0 absolute=(29418.0000,9020.0000,1023.0000) screen=(879.9336,-454.5742) pressure=0.0000 tangentialPressure=0.0000 tilt=(0.3437,-0.2031) rotation=0.0000 buttons=0x0 deviceID=19450
PEN t=9.0862 monitor=global type=mouseMoved subtype=1 eventTimestamp=191450.9475 eventNumber=0 absolute=(29378.0000,9033.0000,1023.0000) screen=(878.4766,-453.6289) pressure=0.0000 tangentialPressure=0.0000 tilt=(0.3594,-0.2031) rotation=0.0000 buttons=0x0 deviceID=19450
PEN t=9.0966 monitor=global type=mouseMoved subtype=1 eventTimestamp=191450.9559 eventNumber=0 absolute=(29356.0000,9041.0000,1023.0000) screen=(877.6719,-453.1211) pressure=0.0000 tangentialPressure=0.0000 tilt=(0.3594,-0.2031) rotation=0.0000 buttons=0x0 deviceID=19450
PEN t=9.0989 monitor=global type=mouseMoved subtype=1 eventTimestamp=191450.9601 eventNumber=0 absolute=(29328.0000,9050.0000,1023.0000) screen=(876.6875,-452.5078) pressure=0.0000 tangentialPressure=0.0000 tilt=(0.3594,-0.2031) rotation=0.0000 buttons=0x0 deviceID=19450
PEN t=9.1086 monitor=global type=mouseMoved subtype=1 eventTimestamp=191450.9646 eventNumber=0 absolute=(29300.0000,9059.0000,1023.0000) screen=(875.6289,-451.8516) pressure=0.0000 tangentialPressure=0.0000 tilt=(0.3594,-0.2031) rotation=0.0000 buttons=0x0 deviceID=19450
PEN t=9.1111 monitor=global type=mouseMoved subtype=1 eventTimestamp=191450.9724 eventNumber=0 absolute=(29268.0000,9070.0000,1023.0000) screen=(874.4648,-451.0938) pressure=0.0000 tangentialPressure=0.0000 tilt=(0.3594,-0.2031) rotation=0.0000 buttons=0x0 deviceID=19450
PEN t=9.1186 monitor=global type=mouseMoved subtype=1 eventTimestamp=191450.9772 eventNumber=0 absolute=(29233.0000,9081.0000,1023.0000) screen=(873.2227,-450.3320) pressure=0.0000 tangentialPressure=0.0000 tilt=(0.3594,-0.2031) rotation=0.0000 buttons=0x0 deviceID=19450
PEN t=9.1266 monitor=global type=mouseMoved subtype=1 eventTimestamp=191450.9868 eventNumber=0 absolute=(29200.0000,9081.0000,1023.0000) screen=(871.9844,-450.3320) pressure=0.0000 tangentialPressure=0.0000 tilt=(0.3594,-0.2031) rotation=0.0000 buttons=0x0 deviceID=19450
PEN t=9.1307 monitor=global type=mouseMoved subtype=1 eventTimestamp=191450.9918 eventNumber=0 absolute=(29168.0000,9081.0000,1023.0000) screen=(870.8164,-450.3320) pressure=0.0000 tangentialPressure=0.0000 tilt=(0.3594,-0.2031) rotation=0.0000 buttons=0x0 deviceID=19450
PEN t=9.1441 monitor=global type=mouseMoved subtype=1 eventTimestamp=191451.0037 eventNumber=0 absolute=(29136.0000,9083.0000,1023.0000) screen=(869.6836,-450.1836) pressure=0.0000 tangentialPressure=0.0000 tilt=(0.3594,-0.2031) rotation=0.0000 buttons=0x0 deviceID=19450
PEN t=9.1464 monitor=global type=mouseMoved subtype=1 eventTimestamp=191451.0060 eventNumber=0 absolute=(29112.0000,9086.0000,1023.0000) screen=(868.7734,-450.0039) pressure=0.0000 tangentialPressure=0.0000 tilt=(0.3594,-0.2031) rotation=0.0000 buttons=0x0 deviceID=19450
PEN t=9.1477 monitor=global type=mouseMoved subtype=1 eventTimestamp=191451.0088 eventNumber=0 absolute=(29112.0000,9088.0000,1023.0000) screen=(868.7734,-449.8594) pressure=0.0000 tangentialPressure=0.0000 tilt=(0.3594,-0.2031) rotation=0.0000 buttons=0x0 deviceID=19450
PEN t=9.1502 monitor=global type=mouseMoved subtype=1 eventTimestamp=191451.0115 eventNumber=0 absolute=(29090.0000,9093.0000,1023.0000) screen=(867.9727,-449.4961) pressure=0.0000 tangentialPressure=0.0000 tilt=(0.3594,-0.2031) rotation=0.0000 buttons=0x0 deviceID=19450
PEN t=9.1610 monitor=global type=mouseMoved subtype=1 eventTimestamp=191451.0222 eventNumber=0 absolute=(29069.0000,9102.0000,1023.0000) screen=(867.2422,-448.8789) pressure=0.0000 tangentialPressure=0.0000 tilt=(0.3594,-0.1875) rotation=0.0000 buttons=0x0 deviceID=19450
PEN t=9.1674 monitor=global type=mouseMoved subtype=1 eventTimestamp=191451.0284 eventNumber=0 absolute=(29050.0000,9106.0000,1023.0000) screen=(866.5117,-448.6250) pressure=0.0000 tangentialPressure=0.0000 tilt=(0.3594,-0.1875) rotation=0.0000 buttons=0x0 deviceID=19450
PEN t=9.1805 monitor=global type=mouseMoved subtype=1 eventTimestamp=191451.0393 eventNumber=0 absolute=(29030.0000,9110.0000,1023.0000) screen=(865.7812,-448.3359) pressure=0.0000 tangentialPressure=0.0000 tilt=(0.3750,-0.1875) rotation=0.0000 buttons=0x0 deviceID=19450
PEN t=9.1838 monitor=global type=mouseMoved subtype=1 eventTimestamp=191451.0451 eventNumber=0 absolute=(29000.0000,9114.0000,1023.0000) screen=(864.7266,-448.0469) pressure=0.0000 tangentialPressure=0.0000 tilt=(0.3594,-0.1875) rotation=0.0000 buttons=0x0 deviceID=19450
PEN t=9.1941 monitor=global type=mouseMoved subtype=1 eventTimestamp=191451.0552 eventNumber=0 absolute=(29000.0000,9115.0000,1023.0000) screen=(864.7266,-447.9727) pressure=0.0000 tangentialPressure=0.0000 tilt=(0.3594,-0.1875) rotation=0.0000 buttons=0x0 deviceID=19450
PEN t=9.2159 monitor=global type=mouseMoved subtype=1 eventTimestamp=191451.0771 eventNumber=0 absolute=(28993.0000,9115.0000,1023.0000) screen=(864.4336,-448.0117) pressure=0.0000 tangentialPressure=0.0000 tilt=(0.3594,-0.1875) rotation=0.0000 buttons=0x0 deviceID=19450
PEN t=9.2360 monitor=global type=mouseMoved subtype=1 eventTimestamp=191451.0972 eventNumber=0 absolute=(28972.0000,9107.0000,1023.0000) screen=(863.6680,-448.5195) pressure=0.0000 tangentialPressure=0.0000 tilt=(0.3594,-0.1875) rotation=0.0000 buttons=0x0 deviceID=19450
PEN t=9.2496 monitor=global type=mouseMoved subtype=1 eventTimestamp=191451.1108 eventNumber=0 absolute=(28953.0000,9100.0000,1023.0000) screen=(862.9727,-449.0234) pressure=0.0000 tangentialPressure=0.0000 tilt=(0.3594,-0.1875) rotation=0.0000 buttons=0x0 deviceID=19450
PEN t=9.2612 monitor=global type=mouseMoved subtype=1 eventTimestamp=191451.1222 eventNumber=0 absolute=(28931.0000,9086.0000,1023.0000) screen=(862.1719,-450.0039) pressure=0.0000 tangentialPressure=0.0000 tilt=(0.3594,-0.1875) rotation=0.0000 buttons=0x0 deviceID=19450
PEN t=9.2650 monitor=global type=mouseMoved subtype=1 eventTimestamp=191451.1262 eventNumber=0 absolute=(28926.0000,9079.0000,1023.0000) screen=(861.9883,-450.4766) pressure=0.0000 tangentialPressure=0.0000 tilt=(0.3594,-0.2031) rotation=0.0000 buttons=0x0 deviceID=19450
PEN t=9.2770 monitor=global type=mouseMoved subtype=1 eventTimestamp=191451.1383 eventNumber=0 absolute=(28918.0000,9067.0000,1023.0000) screen=(861.6992,-451.3086) pressure=0.0000 tangentialPressure=0.0000 tilt=(0.3594,-0.2031) rotation=0.0000 buttons=0x0 deviceID=19450
PEN t=9.2938 monitor=global type=mouseMoved subtype=1 eventTimestamp=191451.1545 eventNumber=0 absolute=(28915.0000,9049.0000,1023.0000) screen=(861.5898,-452.5781) pressure=0.0000 tangentialPressure=0.0000 tilt=(0.3594,-0.2031) rotation=0.0000 buttons=0x0 deviceID=19450
PEN t=9.2992 monitor=global type=mouseMoved subtype=1 eventTimestamp=191451.1603 eventNumber=0 absolute=(28915.0000,9038.0000,1023.0000) screen=(861.5898,-453.3047) pressure=0.0000 tangentialPressure=0.0000 tilt=(0.3594,-0.2031) rotation=0.0000 buttons=0x0 deviceID=19450
PEN t=9.3101 monitor=global type=mouseMoved subtype=1 eventTimestamp=191451.1713 eventNumber=0 absolute=(28915.0000,9027.0000,1023.0000) screen=(861.5898,-454.0664) pressure=0.0000 tangentialPressure=0.0000 tilt=(0.3594,-0.2031) rotation=0.0000 buttons=0x0 deviceID=19450
PEN t=9.3147 monitor=global type=mouseMoved subtype=1 eventTimestamp=191451.1758 eventNumber=0 absolute=(28927.0000,9005.0000,1023.0000) screen=(862.0273,-455.6250) pressure=0.0000 tangentialPressure=0.0000 tilt=(0.3594,-0.2031) rotation=0.0000 buttons=0x0 deviceID=19450
PEN t=9.3268 monitor=global type=mouseMoved subtype=1 eventTimestamp=191451.1879 eventNumber=0 absolute=(28931.0000,8993.0000,1023.0000) screen=(862.1719,-456.4570) pressure=0.0000 tangentialPressure=0.0000 tilt=(0.3594,-0.2031) rotation=0.0000 buttons=0x0 deviceID=19450
PEN t=9.3330 monitor=global type=mouseMoved subtype=1 eventTimestamp=191451.1942 eventNumber=0 absolute=(28938.0000,8980.0000,1023.0000) screen=(862.4258,-457.2930) pressure=0.0000 tangentialPressure=0.0000 tilt=(0.3594,-0.2031) rotation=0.0000 buttons=0x0 deviceID=19450
PEN t=9.3441 monitor=global type=mouseMoved subtype=1 eventTimestamp=191451.2048 eventNumber=0 absolute=(28944.0000,8968.0000,1023.0000) screen=(862.6836,-458.1641) pressure=0.0000 tangentialPressure=0.0000 tilt=(0.3594,-0.2031) rotation=0.0000 buttons=0x0 deviceID=19450
PEN t=9.3467 monitor=global type=mouseMoved subtype=1 eventTimestamp=191451.2059 eventNumber=0 absolute=(28953.0000,8955.0000,1023.0000) screen=(862.9727,-459.0703) pressure=0.0000 tangentialPressure=0.0000 tilt=(0.3594,-0.2188) rotation=0.0000 buttons=0x0 deviceID=19450
PEN t=9.3503 monitor=global type=mouseMoved subtype=1 eventTimestamp=191451.2115 eventNumber=0 absolute=(28966.0000,8941.0000,1023.0000) screen=(863.4492,-460.0117) pressure=0.0000 tangentialPressure=0.0000 tilt=(0.3594,-0.2188) rotation=0.0000 buttons=0x0 deviceID=19450
PEN t=9.3600 monitor=global type=mouseMoved subtype=1 eventTimestamp=191451.2209 eventNumber=0 absolute=(28985.0000,8916.0000,1023.0000) screen=(864.1797,-461.7500) pressure=0.0000 tangentialPressure=0.0000 tilt=(0.3594,-0.2188) rotation=0.0000 buttons=0x0 deviceID=19450
PEN t=9.3638 monitor=global type=mouseMoved subtype=1 eventTimestamp=191451.2229 eventNumber=0 absolute=(28991.0000,8904.0000,1023.0000) screen=(864.3594,-462.5859) pressure=0.0000 tangentialPressure=0.0000 tilt=(0.3594,-0.2188) rotation=0.0000 buttons=0x0 deviceID=19450
PEN t=9.3664 monitor=global type=mouseMoved subtype=1 eventTimestamp=191451.2276 eventNumber=0 absolute=(29002.0000,8890.0000,1023.0000) screen=(864.7969,-463.5664) pressure=0.0000 tangentialPressure=0.0000 tilt=(0.3594,-0.2188) rotation=0.0000 buttons=0x0 deviceID=19450
PEN t=9.3760 monitor=global type=mouseMoved subtype=1 eventTimestamp=191451.2312 eventNumber=0 absolute=(29020.0000,8876.0000,1023.0000) screen=(865.4180,-464.5430) pressure=0.0000 tangentialPressure=0.0000 tilt=(0.3594,-0.2188) rotation=0.0000 buttons=0x0 deviceID=19450
PEN t=9.3773 monitor=global type=mouseMoved subtype=1 eventTimestamp=191451.2387 eventNumber=0 absolute=(29026.0000,8861.0000,1023.0000) screen=(865.6719,-465.5938) pressure=0.0000 tangentialPressure=0.0000 tilt=(0.3594,-0.2188) rotation=0.0000 buttons=0x0 deviceID=19450
PEN t=9.3827 monitor=global type=mouseMoved subtype=1 eventTimestamp=191451.2439 eventNumber=0 absolute=(29038.0000,8846.0000,1023.0000) screen=(866.0742,-466.6094) pressure=0.0000 tangentialPressure=0.0000 tilt=(0.3594,-0.2188) rotation=0.0000 buttons=0x0 deviceID=19450
PEN t=9.3858 monitor=global type=mouseMoved subtype=1 eventTimestamp=191451.2471 eventNumber=0 absolute=(29050.0000,8832.0000,1023.0000) screen=(866.5117,-467.5547) pressure=0.0000 tangentialPressure=0.0000 tilt=(0.3594,-0.2188) rotation=0.0000 buttons=0x0 deviceID=19450
PEN t=9.3946 monitor=global type=mouseMoved subtype=1 eventTimestamp=191451.2558 eventNumber=0 absolute=(29062.0000,8819.0000,1023.0000) screen=(866.9492,-468.4609) pressure=0.0000 tangentialPressure=0.0000 tilt=(0.3594,-0.2188) rotation=0.0000 buttons=0x0 deviceID=19450
PEN t=9.3996 monitor=global type=mouseMoved subtype=1 eventTimestamp=191451.2608 eventNumber=0 absolute=(29073.0000,8805.0000,1023.0000) screen=(867.3516,-469.4375) pressure=0.0000 tangentialPressure=0.0000 tilt=(0.3594,-0.2188) rotation=0.0000 buttons=0x0 deviceID=19450
PEN t=9.4022 monitor=global type=mouseMoved subtype=1 eventTimestamp=191451.2631 eventNumber=0 absolute=(29084.0000,8790.0000,1023.0000) screen=(867.7891,-470.4883) pressure=0.0000 tangentialPressure=0.0000 tilt=(0.3594,-0.2188) rotation=0.0000 buttons=0x0 deviceID=19450
PEN t=9.4153 monitor=global type=mouseMoved subtype=1 eventTimestamp=191451.2766 eventNumber=0 absolute=(29095.0000,8776.0000,1023.0000) screen=(868.1914,-471.4336) pressure=0.0000 tangentialPressure=0.0000 tilt=(0.3594,-0.2188) rotation=0.0000 buttons=0x0 deviceID=19450
PEN t=9.4170 monitor=global type=mouseMoved subtype=1 eventTimestamp=191451.2783 eventNumber=0 absolute=(29106.0000,8763.0000,1023.0000) screen=(868.5547,-472.3398) pressure=0.0000 tangentialPressure=0.0000 tilt=(0.3594,-0.2188) rotation=0.0000 buttons=0x0 deviceID=19450
PEN t=9.4260 monitor=global type=mouseMoved subtype=1 eventTimestamp=191451.2835 eventNumber=0 absolute=(29116.0000,8752.0000,1023.0000) screen=(868.9180,-473.1367) pressure=0.0000 tangentialPressure=0.0000 tilt=(0.3594,-0.2188) rotation=0.0000 buttons=0x0 deviceID=19450
PEN t=9.4272 monitor=global type=mouseMoved subtype=1 eventTimestamp=191451.2885 eventNumber=0 absolute=(29131.0000,8740.0000,974.0000) screen=(869.4648,-473.9688) pressure=0.0000 tangentialPressure=0.0000 tilt=(0.3594,-0.2188) rotation=0.0000 buttons=0x0 deviceID=19450
PEN t=9.4330 monitor=global type=mouseMoved subtype=1 eventTimestamp=191451.2941 eventNumber=0 absolute=(29140.0000,8728.0000,974.0000) screen=(869.7930,-474.7695) pressure=0.0000 tangentialPressure=0.0000 tilt=(0.3594,-0.2188) rotation=0.0000 buttons=0x0 deviceID=19450
PEN t=9.4438 monitor=global type=mouseMoved subtype=1 eventTimestamp=191451.3046 eventNumber=0 absolute=(29155.0000,8706.0000,974.0000) screen=(870.3398,-476.3281) pressure=0.0000 tangentialPressure=0.0000 tilt=(0.3594,-0.2188) rotation=0.0000 buttons=0x0 deviceID=19450
PEN t=9.4603 monitor=global type=mouseMoved subtype=1 eventTimestamp=191451.3214 eventNumber=0 absolute=(29169.0000,8688.0000,930.0000) screen=(870.8516,-477.5234) pressure=0.0000 tangentialPressure=0.0000 tilt=(0.3594,-0.2188) rotation=0.0000 buttons=0x0 deviceID=19450
PEN t=9.4641 monitor=global type=mouseMoved subtype=1 eventTimestamp=191451.3230 eventNumber=0 absolute=(29172.0000,8678.0000,930.0000) screen=(870.9609,-478.2109) pressure=0.0000 tangentialPressure=0.0000 tilt=(0.3594,-0.2188) rotation=0.0000 buttons=0x0 deviceID=19450
PEN t=9.4667 monitor=global type=mouseMoved subtype=1 eventTimestamp=191451.3279 eventNumber=0 absolute=(29175.0000,8668.0000,930.0000) screen=(871.0703,-478.9375) pressure=0.0000 tangentialPressure=0.0000 tilt=(0.3594,-0.2188) rotation=0.0000 buttons=0x0 deviceID=19450
PEN t=9.4766 monitor=global type=mouseMoved subtype=1 eventTimestamp=191451.3314 eventNumber=0 absolute=(29177.0000,8658.0000,886.0000) screen=(871.1797,-479.5898) pressure=0.0000 tangentialPressure=0.0000 tilt=(0.3594,-0.2188) rotation=0.0000 buttons=0x0 deviceID=19450
PEN t=9.4804 monitor=global type=mouseMoved subtype=1 eventTimestamp=191451.3394 eventNumber=0 absolute=(29179.0000,8649.0000,886.0000) screen=(871.2539,-480.2422) pressure=0.0000 tangentialPressure=0.0000 tilt=(0.3594,-0.2188) rotation=0.0000 buttons=0x0 deviceID=19450
PEN t=9.4884 monitor=global type=mouseMoved subtype=1 eventTimestamp=191451.3477 eventNumber=0 absolute=(29183.0000,8634.0000,842.0000) screen=(871.3633,-481.2930) pressure=0.0000 tangentialPressure=0.0000 tilt=(0.3594,-0.2344) rotation=0.0000 buttons=0x0 deviceID=19450
PEN t=9.4990 monitor=global type=mouseMoved subtype=1 eventTimestamp=191451.3601 eventNumber=0 absolute=(29185.0000,8621.0000,842.0000) screen=(871.4375,-482.1992) pressure=0.0000 tangentialPressure=0.0000 tilt=(0.3594,-0.2344) rotation=0.0000 buttons=0x0 deviceID=19450
PEN t=9.5442 monitor=global type=mouseMoved subtype=1 eventTimestamp=191451.4053 eventNumber=0 absolute=(29164.0000,8612.0000,710.0000) screen=(870.1211,-483.0352) pressure=0.0000 tangentialPressure=0.0000 tilt=(0.3594,-0.2344) rotation=0.0000 buttons=0x0 deviceID=19450
PEN t=9.5488 monitor=global type=mouseMoved subtype=1 eventTimestamp=191451.4100 eventNumber=0 absolute=(29144.0000,8606.0000,710.0000) screen=(869.9414,-483.2148) pressure=0.0000 tangentialPressure=0.0000 tilt=(0.3594,-0.2344) rotation=0.0000 buttons=0x0 deviceID=19450
PEN t=9.5695 monitor=global type=mouseMoved subtype=1 eventTimestamp=191451.4307 eventNumber=0 absolute=(29117.0000,8599.0000,621.0000) screen=(868.9570,-483.7227) pressure=0.0000 tangentialPressure=0.0000 tilt=(0.3750,-0.2344) rotation=0.0000 buttons=0x0 deviceID=19450
PEN t=9.5861 monitor=global type=mouseMoved subtype=1 eventTimestamp=191451.4474 eventNumber=0 absolute=(29093.0000,8593.0000,577.0000) screen=(868.0820,-484.1211) pressure=0.0000 tangentialPressure=0.0000 tilt=(0.3750,-0.2344) rotation=0.0000 buttons=0x0 deviceID=19450
PEN t=9.5933 monitor=global type=mouseMoved subtype=1 eventTimestamp=191451.4543 eventNumber=0 absolute=(29089.0000,8590.0000,577.0000) screen=(867.9336,-484.3047) pressure=0.0000 tangentialPressure=0.0000 tilt=(0.3750,-0.2344) rotation=0.0000 buttons=0x0 deviceID=19450
PEN t=9.6157 monitor=global type=mouseMoved subtype=1 eventTimestamp=191451.4769 eventNumber=0 absolute=(29075.0000,8579.0000,533.0000) screen=(867.4258,-485.0664) pressure=0.0000 tangentialPressure=0.0000 tilt=(0.3750,-0.2344) rotation=0.0000 buttons=0x0 deviceID=19450
PEN t=9.6362 monitor=global type=mouseMoved subtype=1 eventTimestamp=191451.4974 eventNumber=0 absolute=(29063.0000,8570.0000,533.0000) screen=(866.9844,-485.7188) pressure=0.0000 tangentialPressure=0.0000 tilt=(0.3750,-0.2344) rotation=0.0000 buttons=0x0 deviceID=19450
PEN t=9.6514 monitor=global type=mouseMoved subtype=1 eventTimestamp=191451.5126 eventNumber=0 absolute=(29050.0000,8564.0000,533.0000) screen=(866.5117,-486.1172) pressure=0.0000 tangentialPressure=0.0000 tilt=(0.3750,-0.2344) rotation=0.0000 buttons=0x0 deviceID=19450
PEN t=9.6686 monitor=global type=mouseMoved subtype=1 eventTimestamp=191451.5298 eventNumber=0 absolute=(29025.0000,8558.0000,533.0000) screen=(865.6016,-486.5156) pressure=0.0000 tangentialPressure=0.0000 tilt=(0.3750,-0.2344) rotation=0.0000 buttons=0x0 deviceID=19450
PEN t=9.6926 monitor=global type=mouseMoved subtype=1 eventTimestamp=191451.5538 eventNumber=0 absolute=(29000.0000,8552.0000,533.0000) screen=(864.7266,-486.9883) pressure=0.0000 tangentialPressure=0.0000 tilt=(0.3750,-0.2344) rotation=0.0000 buttons=0x0 deviceID=19450
PEN t=9.7008 monitor=global type=mouseMoved subtype=1 eventTimestamp=191451.5620 eventNumber=0 absolute=(28989.0000,8550.0000,533.0000) screen=(864.3242,-487.0938) pressure=0.0000 tangentialPressure=0.0000 tilt=(0.3750,-0.2344) rotation=0.0000 buttons=0x0 deviceID=19450
PEN t=9.7107 monitor=global type=mouseMoved subtype=1 eventTimestamp=191451.5720 eventNumber=0 absolute=(28981.0000,8548.0000,533.0000) screen=(863.9961,-487.2422) pressure=0.0000 tangentialPressure=0.0000 tilt=(0.3750,-0.2344) rotation=0.0000 buttons=0x0 deviceID=19450
PEN t=9.7265 monitor=global type=rightMouseDown subtype=1 eventTimestamp=191451.5880 eventNumber=0 absolute=(28970.0000,8544.0000,485.0000) screen=(863.9961,-487.2422) pressure=1.0000 tangentialPressure=0.0000 tilt=(0.3750,-0.2344) rotation=0.0000 buttons=0x2 deviceID=19450
PEN t=9.7805 monitor=global type=rightMouseDragged subtype=1 eventTimestamp=191451.6419 eventNumber=0 absolute=(28983.0000,8548.0000,441.0000) screen=(864.0703,-487.2031) pressure=1.0000 tangentialPressure=0.0000 tilt=(0.3750,-0.2500) rotation=0.0000 buttons=0x2 deviceID=19450
PEN t=9.8109 monitor=global type=rightMouseDragged subtype=1 eventTimestamp=191451.6724 eventNumber=0 absolute=(29012.0000,8541.0000,441.0000) screen=(865.1250,-487.7109) pressure=1.0000 tangentialPressure=0.0000 tilt=(0.3750,-0.2500) rotation=0.0000 buttons=0x2 deviceID=19450
PEN t=9.8139 monitor=global type=rightMouseDragged subtype=1 eventTimestamp=191451.6754 eventNumber=0 absolute=(29024.0000,8534.0000,441.0000) screen=(865.5625,-488.2188) pressure=1.0000 tangentialPressure=0.0000 tilt=(0.3750,-0.2500) rotation=0.0000 buttons=0x2 deviceID=19450
PEN t=9.8189 monitor=global type=rightMouseDragged subtype=1 eventTimestamp=191451.6804 eventNumber=0 absolute=(29036.0000,8527.0000,485.0000) screen=(866.0000,-488.6914) pressure=1.0000 tangentialPressure=0.0000 tilt=(0.3750,-0.2500) rotation=0.0000 buttons=0x2 deviceID=19450
PEN t=9.8468 monitor=global type=rightMouseUp subtype=1 eventTimestamp=191451.7082 eventNumber=0 absolute=(29049.0000,8527.0000,485.0000) screen=(866.0000,-488.6914) pressure=0.0000 tangentialPressure=0.0000 tilt=(0.3750,-0.2500) rotation=0.0000 buttons=0x2 deviceID=19450
PEN t=9.9037 monitor=global type=mouseMoved subtype=1 eventTimestamp=191451.7541 eventNumber=0 absolute=(29056.0000,8517.0000,485.0000) screen=(868.2617,-490.1406) pressure=0.0000 tangentialPressure=0.0000 tilt=(0.3750,-0.2500) rotation=0.0000 buttons=0x0 deviceID=19450
PEN t=9.9045 monitor=global type=mouseMoved subtype=1 eventTimestamp=191451.7658 eventNumber=0 absolute=(29121.0000,8505.0000,441.0000) screen=(869.1367,-490.1758) pressure=0.0000 tangentialPressure=0.0000 tilt=(0.3750,-0.2500) rotation=0.0000 buttons=0x0 deviceID=19450
PEN t=9.9143 monitor=global type=mouseMoved subtype=1 eventTimestamp=191451.7753 eventNumber=0 absolute=(29130.0000,8510.0000,441.0000) screen=(869.4297,-489.8516) pressure=0.0000 tangentialPressure=0.0000 tilt=(0.3750,-0.2500) rotation=0.0000 buttons=0x0 deviceID=19450
PEN t=9.9315 monitor=global type=mouseMoved subtype=1 eventTimestamp=191451.7920 eventNumber=0 absolute=(29148.0000,8516.0000,397.0000) screen=(870.0859,-489.4531) pressure=0.0000 tangentialPressure=0.0000 tilt=(0.3750,-0.2500) rotation=0.0000 buttons=0x0 deviceID=19450
PEN t=9.9437 monitor=global type=mouseMoved subtype=1 eventTimestamp=191451.8047 eventNumber=0 absolute=(29177.0000,8519.0000,397.0000) screen=(871.1797,-489.2344) pressure=0.0000 tangentialPressure=0.0000 tilt=(0.3750,-0.2500) rotation=0.0000 buttons=0x0 deviceID=19450
PEN t=9.9594 monitor=global type=mouseMoved subtype=1 eventTimestamp=191451.8145 eventNumber=0 absolute=(29211.0000,8523.0000,397.0000) screen=(872.3828,-488.9805) pressure=0.0000 tangentialPressure=0.0000 tilt=(0.3750,-0.2500) rotation=0.0000 buttons=0x0 deviceID=19450
PEN t=9.9689 monitor=global type=mouseMoved subtype=1 eventTimestamp=191451.8302 eventNumber=0 absolute=(29226.0000,8537.0000,397.0000) screen=(872.9297,-487.9648) pressure=0.0000 tangentialPressure=0.0000 tilt=(0.3750,-0.2500) rotation=0.0000 buttons=0x0 deviceID=19450
PEN t=9.9801 monitor=global type=mouseMoved subtype=1 eventTimestamp=191451.8397 eventNumber=0 absolute=(29237.0000,8548.0000,397.0000) screen=(873.3320,-487.2031) pressure=0.0000 tangentialPressure=0.0000 tilt=(0.3750,-0.2500) rotation=0.0000 buttons=0x0 deviceID=19450
PEN t=9.9847 monitor=global type=mouseMoved subtype=1 eventTimestamp=191451.8436 eventNumber=0 absolute=(29246.0000,8557.0000,397.0000) screen=(873.6602,-486.6250) pressure=0.0000 tangentialPressure=0.0000 tilt=(0.3750,-0.2344) rotation=0.0000 buttons=0x0 deviceID=19450
PEN t=9.9937 monitor=global type=mouseMoved subtype=1 eventTimestamp=191451.8548 eventNumber=0 absolute=(29259.0000,8573.0000,353.0000) screen=(874.1719,-485.5000) pressure=0.0000 tangentialPressure=0.0000 tilt=(0.3750,-0.2344) rotation=0.0000 buttons=0x0 deviceID=19450
PEN t=10.0049 monitor=global type=mouseMoved subtype=1 eventTimestamp=191451.8643 eventNumber=0 absolute=(29274.0000,8581.0000,353.0000) screen=(874.6836,-484.9570) pressure=0.0000 tangentialPressure=0.0000 tilt=(0.3750,-0.2344) rotation=0.0000 buttons=0x0 deviceID=19450
PEN t=10.0104 monitor=global type=mouseMoved subtype=1 eventTimestamp=191451.8716 eventNumber=0 absolute=(29285.0000,8588.0000,353.0000) screen=(875.0820,-484.4844) pressure=0.0000 tangentialPressure=0.0000 tilt=(0.3750,-0.2344) rotation=0.0000 buttons=0x0 deviceID=19450
PEN t=10.0306 monitor=global type=mouseMoved subtype=1 eventTimestamp=191451.8917 eventNumber=0 absolute=(29322.0000,8589.0000,353.0000) screen=(876.4336,-484.4141) pressure=0.0000 tangentialPressure=0.0000 tilt=(0.3750,-0.2188) rotation=0.0000 buttons=0x0 deviceID=19450
PEN t=10.0357 monitor=global type=mouseMoved subtype=1 eventTimestamp=191451.8971 eventNumber=0 absolute=(29354.0000,8588.0000,308.0000) screen=(877.6016,-484.4844) pressure=0.0000 tangentialPressure=0.0000 tilt=(0.3750,-0.2188) rotation=0.0000 buttons=0x0 deviceID=19450
PEN t=10.0439 monitor=global type=mouseMoved subtype=1 eventTimestamp=191451.9047 eventNumber=0 absolute=(29371.0000,8582.0000,308.0000) screen=(878.2188,-484.8828) pressure=0.0000 tangentialPressure=0.0000 tilt=(0.3750,-0.2188) rotation=0.0000 buttons=0x0 deviceID=19450
PEN t=10.0517 monitor=global type=mouseMoved subtype=1 eventTimestamp=191451.9107 eventNumber=0 absolute=(29389.0000,8576.0000,308.0000) screen=(878.8750,-485.2812) pressure=0.0000 tangentialPressure=0.0000 tilt=(0.3750,-0.2188) rotation=0.0000 buttons=0x0 deviceID=19450
PEN t=10.0596 monitor=global type=mouseMoved subtype=1 eventTimestamp=191451.9201 eventNumber=0 absolute=(29407.0000,8570.0000,308.0000) screen=(879.5312,-485.6797) pressure=0.0000 tangentialPressure=0.0000 tilt=(0.3750,-0.2188) rotation=0.0000 buttons=0x0 deviceID=19450
PEN t=10.0609 monitor=global type=mouseMoved subtype=1 eventTimestamp=191451.9223 eventNumber=0 absolute=(29423.0000,8564.0000,264.0000) screen=(880.1523,-486.1172) pressure=0.0000 tangentialPressure=0.0000 tilt=(0.3750,-0.2188) rotation=0.0000 buttons=0x0 deviceID=19450
PEN t=10.0691 monitor=global type=mouseMoved subtype=1 eventTimestamp=191451.9298 eventNumber=0 absolute=(29451.0000,8552.0000,220.0000) screen=(881.1758,-486.9883) pressure=0.0000 tangentialPressure=0.0000 tilt=(0.3750,-0.2188) rotation=0.0000 buttons=0x0 deviceID=19450
PEN t=10.0805 monitor=global type=mouseMoved subtype=1 eventTimestamp=191451.9417 eventNumber=0 absolute=(29464.0000,8547.0000,220.0000) screen=(881.6133,-487.2773) pressure=0.0000 tangentialPressure=0.0000 tilt=(0.3750,-0.2188) rotation=0.0000 buttons=0x0 deviceID=19450
PEN t=10.0926 monitor=global type=mouseMoved subtype=1 eventTimestamp=191451.9537 eventNumber=0 absolute=(29475.0000,8544.0000,220.0000) screen=(882.0117,-487.4961) pressure=0.0000 tangentialPressure=0.0000 tilt=(0.3750,-0.2188) rotation=0.0000 buttons=0x0 deviceID=19450
PEN t=10.1638 monitor=global type=mouseMoved subtype=1 eventTimestamp=191452.0250 eventNumber=0 absolute=(29473.0000,8543.0000,264.0000) screen=(881.9414,-487.5664) pressure=0.0000 tangentialPressure=0.0000 tilt=(0.3750,-0.2188) rotation=0.0000 buttons=0x0 deviceID=19450
PEN t=10.1989 monitor=global type=mouseMoved subtype=1 eventTimestamp=191452.0597 eventNumber=0 absolute=(29464.0000,8536.0000,397.0000) screen=(881.6484,-488.0391) pressure=0.0000 tangentialPressure=0.0000 tilt=(0.3750,-0.2188) rotation=0.0000 buttons=0x0 deviceID=19450
PEN t=10.2352 monitor=global type=mouseMoved subtype=1 eventTimestamp=191452.0943 eventNumber=0 absolute=(29471.0000,8520.0000,441.0000) screen=(881.8672,-489.1992) pressure=0.0000 tangentialPressure=0.0000 tilt=(0.3750,-0.2188) rotation=0.0000 buttons=0x0 deviceID=19450
PEN t=10.2437 monitor=global type=mouseMoved subtype=1 eventTimestamp=191452.1045 eventNumber=0 absolute=(29482.0000,8512.0000,441.0000) screen=(882.2695,-489.7422) pressure=0.0000 tangentialPressure=0.0000 tilt=(0.3750,-0.2188) rotation=0.0000 buttons=0x0 deviceID=19450
PEN t=10.2527 monitor=global type=mouseMoved subtype=1 eventTimestamp=191452.1128 eventNumber=0 absolute=(29490.0000,8505.0000,441.0000) screen=(882.5977,-490.2148) pressure=0.0000 tangentialPressure=0.0000 tilt=(0.3750,-0.2188) rotation=0.0000 buttons=0x0 deviceID=19450
PEN t=10.2591 monitor=global type=mouseMoved subtype=1 eventTimestamp=191452.1199 eventNumber=0 absolute=(29503.0000,8498.0000,441.0000) screen=(883.0352,-490.6836) pressure=0.0000 tangentialPressure=0.0000 tilt=(0.3750,-0.2188) rotation=0.0000 buttons=0x0 deviceID=19450
PEN t=10.2642 monitor=global type=mouseMoved subtype=1 eventTimestamp=191452.1253 eventNumber=0 absolute=(29518.0000,8491.0000,485.0000) screen=(883.6172,-491.1562) pressure=0.0000 tangentialPressure=0.0000 tilt=(0.3750,-0.2188) rotation=0.0000 buttons=0x0 deviceID=19450
PEN t=10.2753 monitor=global type=mouseMoved subtype=1 eventTimestamp=191452.1312 eventNumber=0 absolute=(29533.0000,8487.0000,485.0000) screen=(884.1641,-491.4453) pressure=0.0000 tangentialPressure=0.0000 tilt=(0.3750,-0.2188) rotation=0.0000 buttons=0x0 deviceID=19450
PEN t=10.2778 monitor=global type=mouseMoved subtype=1 eventTimestamp=191452.1391 eventNumber=0 absolute=(29557.0000,8482.0000,485.0000) screen=(885.0039,-491.7734) pressure=0.0000 tangentialPressure=0.0000 tilt=(0.3750,-0.2188) rotation=0.0000 buttons=0x0 deviceID=19450
PEN t=10.2919 monitor=global type=mouseMoved subtype=1 eventTimestamp=191452.1478 eventNumber=0 absolute=(29567.0000,8476.0000,485.0000) screen=(885.3672,-492.2422) pressure=0.0000 tangentialPressure=0.0000 tilt=(0.3750,-0.2188) rotation=0.0000 buttons=0x0 deviceID=19450
PEN t=10.3086 monitor=global type=mouseMoved subtype=1 eventTimestamp=191452.1645 eventNumber=0 absolute=(29584.0000,8462.0000,485.0000) screen=(885.9883,-493.1875) pressure=0.0000 tangentialPressure=0.0000 tilt=(0.3750,-0.2188) rotation=0.0000 buttons=0x0 deviceID=19450
PEN t=10.3107 monitor=global type=mouseMoved subtype=1 eventTimestamp=191452.1719 eventNumber=0 absolute=(29585.0000,8455.0000,485.0000) screen=(886.0625,-493.6562) pressure=0.0000 tangentialPressure=0.0000 tilt=(0.3750,-0.2188) rotation=0.0000 buttons=0x0 deviceID=19450
PEN t=10.3158 monitor=global type=mouseMoved subtype=1 eventTimestamp=191452.1772 eventNumber=0 absolute=(29587.0000,8450.0000,485.0000) screen=(886.1328,-494.0195) pressure=0.0000 tangentialPressure=0.0000 tilt=(0.3750,-0.2188) rotation=0.0000 buttons=0x0 deviceID=19450
PEN t=10.3347 monitor=global type=mouseMoved subtype=1 eventTimestamp=191452.1959 eventNumber=0 absolute=(29602.0000,8430.0000,485.0000) screen=(886.6445,-495.3984) pressure=0.0000 tangentialPressure=0.0000 tilt=(0.3750,-0.2188) rotation=0.0000 buttons=0x0 deviceID=19450
PEN t=10.3430 monitor=global type=mouseMoved subtype=1 eventTimestamp=191452.2039 eventNumber=0 absolute=(29607.0000,8416.0000,485.0000) screen=(886.8281,-496.3398) pressure=0.0000 tangentialPressure=0.0000 tilt=(0.3750,-0.2188) rotation=0.0000 buttons=0x0 deviceID=19450
PEN t=10.3593 monitor=global type=mouseMoved subtype=1 eventTimestamp=191452.2203 eventNumber=0 absolute=(29609.0000,8405.0000,485.0000) screen=(886.8984,-497.1016) pressure=0.0000 tangentialPressure=0.0000 tilt=(0.3750,-0.2188) rotation=0.0000 buttons=0x0 deviceID=19450
PEN t=10.3845 monitor=global type=mouseMoved subtype=1 eventTimestamp=191452.2417 eventNumber=0 absolute=(29576.0000,8400.0000,533.0000) screen=(885.6953,-497.5000) pressure=0.0000 tangentialPressure=0.0000 tilt=(0.3750,-0.2188) rotation=0.0000 buttons=0x0 deviceID=19450
PEN t=10.3923 monitor=global type=mouseMoved subtype=1 eventTimestamp=191452.2534 eventNumber=0 absolute=(29555.0000,8396.0000,533.0000) screen=(884.9297,-497.7188) pressure=0.0000 tangentialPressure=0.0000 tilt=(0.3750,-0.2188) rotation=0.0000 buttons=0x0 deviceID=19450
PEN t=10.3972 monitor=global type=mouseMoved subtype=1 eventTimestamp=191452.2584 eventNumber=0 absolute=(29512.0000,8392.0000,533.0000) screen=(883.3633,-498.0078) pressure=0.0000 tangentialPressure=0.0000 tilt=(0.3750,-0.2188) rotation=0.0000 buttons=0x0 deviceID=19450
PEN t=10.4094 monitor=global type=mouseMoved subtype=1 eventTimestamp=191452.2702 eventNumber=0 absolute=(29494.0000,8391.0000,533.0000) screen=(882.7070,-498.1172) pressure=0.0000 tangentialPressure=0.0000 tilt=(0.3750,-0.2188) rotation=0.0000 buttons=0x0 deviceID=19450
PEN t=10.4141 monitor=global type=mouseMoved subtype=1 eventTimestamp=191452.2754 eventNumber=0 absolute=(29459.0000,8389.0000,577.0000) screen=(881.4297,-498.2266) pressure=0.0000 tangentialPressure=0.0000 tilt=(0.3750,-0.2188) rotation=0.0000 buttons=0x0 deviceID=19450
PEN t=10.4193 monitor=global type=mouseMoved subtype=1 eventTimestamp=191452.2807 eventNumber=0 absolute=(29444.0000,8388.0000,577.0000) screen=(880.8828,-498.3008) pressure=0.0000 tangentialPressure=0.0000 tilt=(0.3750,-0.2188) rotation=0.0000 buttons=0x0 deviceID=19450
PEN t=10.4463 monitor=global type=mouseMoved subtype=1 eventTimestamp=191452.3054 eventNumber=0 absolute=(29421.0000,8375.0000,621.0000) screen=(880.0430,-499.2070) pressure=0.0000 tangentialPressure=0.0000 tilt=(0.3750,-0.2188) rotation=0.0000 buttons=0x0 deviceID=19450
PEN t=10.4585 monitor=global type=mouseMoved subtype=1 eventTimestamp=191452.3146 eventNumber=0 absolute=(29419.0000,8355.0000,621.0000) screen=(879.9688,-500.5820) pressure=0.0000 tangentialPressure=0.0000 tilt=(0.3750,-0.2188) rotation=0.0000 buttons=0x0 deviceID=19450
PEN t=10.4607 monitor=global type=mouseMoved subtype=1 eventTimestamp=191452.3220 eventNumber=0 absolute=(29417.0000,8344.0000,621.0000) screen=(879.8984,-501.3828) pressure=0.0000 tangentialPressure=0.0000 tilt=(0.3750,-0.2188) rotation=0.0000 buttons=0x0 deviceID=19450
PEN t=10.4672 monitor=global type=mouseMoved subtype=1 eventTimestamp=191452.3285 eventNumber=0 absolute=(29404.0000,8329.0000,665.0000) screen=(879.4219,-502.3945) pressure=0.0000 tangentialPressure=0.0000 tilt=(0.3750,-0.2188) rotation=0.0000 buttons=0x0 deviceID=19450
PEN t=10.4848 monitor=global type=mouseMoved subtype=1 eventTimestamp=191452.3446 eventNumber=0 absolute=(29395.0000,8320.0000,665.0000) screen=(879.1328,-503.0117) pressure=0.0000 tangentialPressure=0.0000 tilt=(0.3750,-0.2188) rotation=0.0000 buttons=0x0 deviceID=19450
PEN t=10.4937 monitor=global type=mouseMoved subtype=1 eventTimestamp=191452.3548 eventNumber=0 absolute=(29391.0000,8313.0000,665.0000) screen=(878.9492,-503.5195) pressure=0.0000 tangentialPressure=0.0000 tilt=(0.3750,-0.2188) rotation=0.0000 buttons=0x0 deviceID=19450
PEN t=10.5105 monitor=global type=mouseMoved subtype=1 eventTimestamp=191452.3664 eventNumber=0 absolute=(29382.0000,8305.0000,665.0000) screen=(878.6562,-504.0625) pressure=0.0000 tangentialPressure=0.0000 tilt=(0.3750,-0.2188) rotation=0.0000 buttons=0x0 deviceID=19450
PEN t=10.5305 monitor=global type=mouseMoved subtype=1 eventTimestamp=191452.3916 eventNumber=0 absolute=(29367.0000,8291.0000,710.0000) screen=(878.1094,-505.0078) pressure=0.0000 tangentialPressure=0.0000 tilt=(0.3750,-0.2188) rotation=0.0000 buttons=0x0 deviceID=19450
PEN t=10.5351 monitor=global type=mouseMoved subtype=1 eventTimestamp=191452.3964 eventNumber=0 absolute=(29363.0000,8290.0000,754.0000) screen=(877.9297,-505.1172) pressure=0.0000 tangentialPressure=0.0000 tilt=(0.3750,-0.2188) rotation=0.0000 buttons=0x0 deviceID=19450
PEN t=10.5610 monitor=global type=mouseMoved subtype=1 eventTimestamp=191452.4223 eventNumber=0 absolute=(29339.0000,8274.0000,842.0000) screen=(877.0898,-506.1680) pressure=0.0000 tangentialPressure=0.0000 tilt=(0.3750,-0.2188) rotation=0.0000 buttons=0x0 deviceID=19450
PEN t=10.5681 monitor=global type=mouseMoved subtype=1 eventTimestamp=191452.4293 eventNumber=0 absolute=(29336.0000,8268.0000,842.0000) screen=(876.9414,-506.6016) pressure=0.0000 tangentialPressure=0.0000 tilt=(0.3750,-0.2188) rotation=0.0000 buttons=0x0 deviceID=19450
PEN t=10.5776 monitor=global type=mouseMoved subtype=1 eventTimestamp=191452.4367 eventNumber=0 absolute=(29333.0000,8262.0000,842.0000) screen=(876.8320,-507.0391) pressure=0.0000 tangentialPressure=0.0000 tilt=(0.3750,-0.2188) rotation=0.0000 buttons=0x0 deviceID=19450
PEN t=10.5923 monitor=global type=mouseMoved subtype=1 eventTimestamp=191452.4532 eventNumber=0 absolute=(29325.0000,8244.0000,842.0000) screen=(876.5430,-508.2695) pressure=0.0000 tangentialPressure=0.0000 tilt=(0.3750,-0.2188) rotation=0.0000 buttons=0x0 deviceID=19450
PEN t=10.6121 monitor=global type=mouseMoved subtype=1 eventTimestamp=191452.4699 eventNumber=0 absolute=(29321.0000,8226.0000,842.0000) screen=(876.3945,-509.5039) pressure=0.0000 tangentialPressure=0.0000 tilt=(0.3750,-0.2188) rotation=0.0000 buttons=0x0 deviceID=19450
PEN t=10.6271 monitor=global type=mouseMoved subtype=1 eventTimestamp=191452.4884 eventNumber=0 absolute=(29309.0000,8219.0000,886.0000) screen=(875.9570,-509.9727) pressure=0.0000 tangentialPressure=0.0000 tilt=(0.3750,-0.2188) rotation=0.0000 buttons=0x0 deviceID=19450
PEN t=10.6338 monitor=global type=mouseMoved subtype=1 eventTimestamp=191452.4951 eventNumber=0 absolute=(29305.0000,8216.0000,886.0000) screen=(875.8125,-510.2266) pressure=0.0000 tangentialPressure=0.0000 tilt=(0.3750,-0.2188) rotation=0.0000 buttons=0x0 deviceID=19450
PEN t=10.6523 monitor=global type=mouseMoved subtype=1 eventTimestamp=191452.5136 eventNumber=0 absolute=(29281.0000,8205.0000,886.0000) screen=(874.9375,-510.9531) pressure=0.0000 tangentialPressure=0.0000 tilt=(0.3750,-0.2188) rotation=0.0000 buttons=0x0 deviceID=19450
PEN t=10.6672 monitor=global type=mouseMoved subtype=1 eventTimestamp=191452.5249 eventNumber=0 absolute=(29274.0000,8204.0000,886.0000) screen=(874.6836,-511.0273) pressure=0.0000 tangentialPressure=0.0000 tilt=(0.3750,-0.2188) rotation=0.0000 buttons=0x0 deviceID=19450
PEN t=10.6761 monitor=global type=mouseMoved subtype=1 eventTimestamp=191452.5371 eventNumber=0 absolute=(29248.0000,8201.0000,842.0000) screen=(873.7695,-511.2422) pressure=0.0000 tangentialPressure=0.0000 tilt=(0.3750,-0.2188) rotation=0.0000 buttons=0x0 deviceID=19450
PEN t=10.7224 monitor=global type=mouseMoved subtype=1 eventTimestamp=191452.5809 eventNumber=0 absolute=(29229.0000,8190.0000,798.0000) screen=(873.0391,-512.0039) pressure=0.0000 tangentialPressure=0.0000 tilt=(0.3750,-0.2188) rotation=0.0000 buttons=0x0 deviceID=19450
PEN t=10.7945 monitor=global type=mouseMoved subtype=1 eventTimestamp=191452.6557 eventNumber=0 absolute=(29243.0000,8175.0000,665.0000) screen=(873.5508,-513.0195) pressure=0.0000 tangentialPressure=0.0000 tilt=(0.3750,-0.2188) rotation=0.0000 buttons=0x0 deviceID=19450
PEN t=10.8151 monitor=global type=mouseMoved subtype=1 eventTimestamp=191452.6764 eventNumber=0 absolute=(29266.0000,8164.0000,665.0000) screen=(874.3906,-513.7812) pressure=0.0000 tangentialPressure=0.0000 tilt=(0.3750,-0.2188) rotation=0.0000 buttons=0x0 deviceID=19450
PEN t=10.8165 monitor=global type=mouseMoved subtype=1 eventTimestamp=191452.6778 eventNumber=0 absolute=(29271.0000,8157.0000,621.0000) screen=(874.5742,-514.2891) pressure=0.0000 tangentialPressure=0.0000 tilt=(0.3750,-0.2188) rotation=0.0000 buttons=0x0 deviceID=19450
PEN t=10.8342 monitor=global type=mouseMoved subtype=1 eventTimestamp=191452.6893 eventNumber=0 absolute=(29289.0000,8151.0000,621.0000) screen=(875.2305,-514.6875) pressure=0.0000 tangentialPressure=0.0000 tilt=(0.3750,-0.2344) rotation=0.0000 buttons=0x0 deviceID=19450
PEN t=10.8353 monitor=global type=mouseMoved subtype=1 eventTimestamp=191452.6966 eventNumber=0 absolute=(29305.0000,8146.0000,621.0000) screen=(875.8125,-515.0859) pressure=0.0000 tangentialPressure=0.0000 tilt=(0.3750,-0.2344) rotation=0.0000 buttons=0x0 deviceID=19450
PEN t=10.8498 monitor=global type=mouseMoved subtype=1 eventTimestamp=191452.7110 eventNumber=0 absolute=(29311.0000,8142.0000,621.0000) screen=(876.0312,-515.3398) pressure=0.0000 tangentialPressure=0.0000 tilt=(0.3750,-0.2344) rotation=0.0000 buttons=0x0 deviceID=19450
PEN t=10.8605 monitor=global type=mouseMoved subtype=1 eventTimestamp=191452.7215 eventNumber=0 absolute=(29328.0000,8131.0000,577.0000) screen=(876.6523,-516.1016) pressure=0.0000 tangentialPressure=0.0000 tilt=(0.3750,-0.2344) rotation=0.0000 buttons=0x0 deviceID=19450
PEN t=10.8827 monitor=global type=mouseMoved subtype=1 eventTimestamp=191452.7439 eventNumber=0 absolute=(29338.0000,8122.0000,533.0000) screen=(877.0156,-516.7188) pressure=0.0000 tangentialPressure=0.0000 tilt=(0.3750,-0.2344) rotation=0.0000 buttons=0x0 deviceID=19450
PEN t=10.8979 monitor=global type=mouseMoved subtype=1 eventTimestamp=191452.7591 eventNumber=0 absolute=(29343.0000,8117.0000,533.0000) screen=(877.1992,-517.0430) pressure=0.0000 tangentialPressure=0.0000 tilt=(0.3750,-0.2344) rotation=0.0000 buttons=0x0 deviceID=19450
PEN t=10.9862 monitor=global type=mouseMoved subtype=1 eventTimestamp=191452.8474 eventNumber=0 absolute=(29363.0000,8118.0000,353.0000) screen=(877.9297,-516.9727) pressure=0.0000 tangentialPressure=0.0000 tilt=(0.3750,-0.2344) rotation=0.0000 buttons=0x0 deviceID=19450
PEN t=11.0778 monitor=global type=mouseMoved subtype=1 eventTimestamp=191452.9386 eventNumber=0 absolute=(29347.0000,8114.0000,264.0000) screen=(877.3438,-517.2969) pressure=0.0000 tangentialPressure=0.0000 tilt=(0.3750,-0.2344) rotation=0.0000 buttons=0x0 deviceID=19450
PEN t=11.1645 monitor=global type=mouseMoved subtype=1 eventTimestamp=191453.0227 eventNumber=0 absolute=(29349.0000,8119.0000,88.0000) screen=(877.4180,-516.9336) pressure=0.0000 tangentialPressure=0.0000 tilt=(0.3750,-0.2344) rotation=0.0000 buttons=0x0 deviceID=19450
PEN t=11.1815 monitor=global type=leftMouseDown subtype=1 eventTimestamp=191453.0284 eventNumber=179 absolute=(29349.0000,8124.0000,44.0000) screen=(877.4180,-516.9336) pressure=0.0000 tangentialPressure=0.0000 tilt=(0.3750,-0.2344) rotation=0.0000 buttons=0x4 deviceID=19450
PEN t=11.1815 monitor=global type=leftMouseUp subtype=1 eventTimestamp=191453.0288 eventNumber=179 absolute=(29349.0000,8124.0000,44.0000) screen=(877.4180,-516.9336) pressure=0.0000 tangentialPressure=0.0000 tilt=(0.3750,-0.2344) rotation=0.0000 buttons=0x4 deviceID=19450
PEN t=11.1823 monitor=global type=leftMouseDown subtype=1 eventTimestamp=191453.0292 eventNumber=180 absolute=(29349.0000,8124.0000,44.0000) screen=(877.4180,-516.9336) pressure=0.0000 tangentialPressure=0.0000 tilt=(0.3750,-0.2344) rotation=0.0000 buttons=0x4 deviceID=19450
PEN t=11.1890 monitor=global type=leftMouseUp subtype=1 eventTimestamp=191453.0294 eventNumber=180 absolute=(29349.0000,8124.0000,44.0000) screen=(877.4180,-516.9336) pressure=0.0000 tangentialPressure=0.0000 tilt=(0.3750,-0.2344) rotation=0.0000 buttons=0x4 deviceID=19450
PEN t=11.1978 monitor=global type=mouseMoved subtype=1 eventTimestamp=191453.0560 eventNumber=0 absolute=(29349.0000,8136.0000,44.0000) screen=(877.4180,-515.7734) pressure=0.0000 tangentialPressure=0.0000 tilt=(0.3750,-0.2344) rotation=0.0000 buttons=0x0 deviceID=19450
PEN t=11.2153 monitor=global type=mouseMoved subtype=1 eventTimestamp=191453.0764 eventNumber=0 absolute=(29343.0000,8150.0000,44.0000) screen=(877.1992,-514.7617) pressure=0.0000 tangentialPressure=0.0000 tilt=(0.3750,-0.2344) rotation=0.0000 buttons=0x0 deviceID=19450
PEN t=11.2477 monitor=global type=mouseMoved subtype=1 eventTimestamp=191453.1090 eventNumber=0 absolute=(29334.0000,8161.0000,44.0000) screen=(876.8711,-514.0352) pressure=0.0000 tangentialPressure=0.0000 tilt=(0.3750,-0.2344) rotation=0.0000 buttons=0x0 deviceID=19450
PEN t=11.2516 monitor=global type=mouseMoved subtype=1 eventTimestamp=191453.1113 eventNumber=0 absolute=(29330.0000,8162.0000,44.0000) screen=(876.7617,-513.9609) pressure=0.0000 tangentialPressure=0.0000 tilt=(0.3750,-0.2344) rotation=0.0000 buttons=0x0 deviceID=19450
PEN t=11.2648 monitor=global type=mouseMoved subtype=1 eventTimestamp=191453.1257 eventNumber=0 absolute=(29324.0000,8161.0000,44.0000) screen=(876.5039,-515.0000) pressure=0.0000 tangentialPressure=0.0000 tilt=(0.3750,-0.2344) rotation=0.0000 buttons=0x0 deviceID=19450
PEN t=11.2970 monitor=global type=mouseMoved subtype=1 eventTimestamp=191453.1550 eventNumber=0 absolute=(29317.0000,8143.0000,44.0000) screen=(876.2500,-515.2656) pressure=0.0000 tangentialPressure=0.0000 tilt=(0.3750,-0.2344) rotation=0.0000 buttons=0x0 deviceID=19450
PEN t=11.3146 monitor=global type=mouseMoved subtype=1 eventTimestamp=191453.1758 eventNumber=0 absolute=(29311.0000,8128.0000,88.0000) screen=(876.0312,-516.3203) pressure=0.0000 tangentialPressure=0.0000 tilt=(0.3750,-0.2344) rotation=0.0000 buttons=0x0 deviceID=19450
PEN t=11.3336 monitor=global type=mouseMoved subtype=1 eventTimestamp=191453.1947 eventNumber=0 absolute=(29311.0000,8116.0000,88.0000) screen=(876.0312,-517.1172) pressure=0.0000 tangentialPressure=0.0000 tilt=(0.3750,-0.2344) rotation=0.0000 buttons=0x0 deviceID=19450
PEN t=11.4023 monitor=global type=mouseMoved subtype=1 eventTimestamp=191453.2608 eventNumber=0 absolute=(29336.0000,8103.0000,176.0000) screen=(876.9414,-518.0586) pressure=0.0000 tangentialPressure=0.0000 tilt=(0.3750,-0.2344) rotation=0.0000 buttons=0x0 deviceID=19450
PEN t=11.4110 monitor=global type=mouseMoved subtype=1 eventTimestamp=191453.2722 eventNumber=0 absolute=(29343.0000,8101.0000,176.0000) screen=(877.1992,-518.1680) pressure=0.0000 tangentialPressure=0.0000 tilt=(0.3750,-0.2344) rotation=0.0000 buttons=0x0 deviceID=19450
PEN t=11.5433 monitor=global type=mouseMoved subtype=1 eventTimestamp=191453.4045 eventNumber=0 absolute=(29358.0000,8089.0000,353.0000) screen=(877.7461,-519.0039) pressure=0.0000 tangentialPressure=0.0000 tilt=(0.3750,-0.2344) rotation=0.0000 buttons=0x0 deviceID=19450
PEN t=11.5766 monitor=global type=mouseMoved subtype=1 eventTimestamp=191453.4377 eventNumber=0 absolute=(29359.0000,8073.0000,397.0000) screen=(877.7812,-520.1250) pressure=0.0000 tangentialPressure=0.0000 tilt=(0.3750,-0.2344) rotation=0.0000 buttons=0x0 deviceID=19450
PEN t=11.5941 monitor=global type=mouseMoved subtype=1 eventTimestamp=191453.4541 eventNumber=0 absolute=(29360.0000,8060.0000,485.0000) screen=(877.8203,-521.0312) pressure=0.0000 tangentialPressure=0.0000 tilt=(0.3750,-0.2344) rotation=0.0000 buttons=0x0 deviceID=19450
PEN t=11.6105 monitor=global type=mouseMoved subtype=1 eventTimestamp=191453.4717 eventNumber=0 absolute=(29360.0000,8045.0000,577.0000) screen=(877.8203,-522.0469) pressure=0.0000 tangentialPressure=0.0000 tilt=(0.3750,-0.2344) rotation=0.0000 buttons=0x0 deviceID=19450
PEN t=11.6320 monitor=global type=mouseMoved subtype=1 eventTimestamp=191453.4917 eventNumber=0 absolute=(29360.0000,8031.0000,710.0000) screen=(877.8203,-523.0273) pressure=0.0000 tangentialPressure=0.0000 tilt=(0.3750,-0.2344) rotation=0.0000 buttons=0x0 deviceID=19450
PEN t=11.6477 monitor=global type=mouseMoved subtype=1 eventTimestamp=191453.5085 eventNumber=0 absolute=(29364.0000,8015.0000,754.0000) screen=(877.9648,-524.1133) pressure=0.0000 tangentialPressure=0.0000 tilt=(0.3750,-0.2344) rotation=0.0000 buttons=0x0 deviceID=19450
PEN t=11.6494 monitor=global type=mouseMoved subtype=1 eventTimestamp=191453.5107 eventNumber=0 absolute=(29365.0000,8013.0000,798.0000) screen=(878.0000,-524.2969) pressure=0.0000 tangentialPressure=0.0000 tilt=(0.3594,-0.2344) rotation=0.0000 buttons=0x0 deviceID=19450
PEN t=11.6654 monitor=global type=mouseMoved subtype=1 eventTimestamp=191453.5266 eventNumber=0 absolute=(29377.0000,7999.0000,842.0000) screen=(878.4375,-525.2031) pressure=0.0000 tangentialPressure=0.0000 tilt=(0.3594,-0.2344) rotation=0.0000 buttons=0x0 deviceID=19450
PEN t=11.6854 monitor=global type=mouseMoved subtype=1 eventTimestamp=191453.5442 eventNumber=0 absolute=(29390.0000,7985.0000,842.0000) screen=(878.9141,-526.2188) pressure=0.0000 tangentialPressure=0.0000 tilt=(0.3594,-0.2344) rotation=0.0000 buttons=0x0 deviceID=19450
PEN t=11.6925 monitor=global type=mouseMoved subtype=1 eventTimestamp=191453.5535 eventNumber=0 absolute=(29393.0000,7983.0000,886.0000) screen=(879.0234,-526.3633) pressure=0.0000 tangentialPressure=0.0000 tilt=(0.3594,-0.2344) rotation=0.0000 buttons=0x0 deviceID=19450
PEN t=11.7021 monitor=global type=mouseMoved subtype=1 eventTimestamp=191453.5633 eventNumber=0 absolute=(29410.0000,7971.0000,886.0000) screen=(879.6797,-527.1953) pressure=0.0000 tangentialPressure=0.0000 tilt=(0.3437,-0.2344) rotation=0.0000 buttons=0x0 deviceID=19450
PEN t=11.7171 monitor=global type=mouseMoved subtype=1 eventTimestamp=191453.5762 eventNumber=0 absolute=(29423.0000,7962.0000,930.0000) screen=(880.1523,-527.7773) pressure=0.0000 tangentialPressure=0.0000 tilt=(0.3437,-0.2344) rotation=0.0000 buttons=0x0 deviceID=19450
PEN t=11.7261 monitor=global type=mouseMoved subtype=1 eventTimestamp=191453.5871 eventNumber=0 absolute=(29431.0000,7958.0000,930.0000) screen=(880.4062,-528.0664) pressure=0.0000 tangentialPressure=0.0000 tilt=(0.3437,-0.2344) rotation=0.0000 buttons=0x0 deviceID=19450
PEN t=11.7470 monitor=global type=mouseMoved subtype=1 eventTimestamp=191453.6082 eventNumber=0 absolute=(29453.0000,7945.0000,974.0000) screen=(881.2461,-528.9727) pressure=0.0000 tangentialPressure=0.0000 tilt=(0.3437,-0.2344) rotation=0.0000 buttons=0x0 deviceID=19450
PEN t=11.7492 monitor=global type=mouseMoved subtype=1 eventTimestamp=191453.6103 eventNumber=0 absolute=(29458.0000,7944.0000,1023.0000) screen=(881.3945,-529.0469) pressure=0.0000 tangentialPressure=0.0000 tilt=(0.3437,-0.2344) rotation=0.0000 buttons=0x0 deviceID=19450
PEN t=11.7678 monitor=global type=mouseMoved subtype=1 eventTimestamp=191453.6266 eventNumber=0 absolute=(29479.0000,7935.0000,1023.0000) screen=(882.1602,-529.6602) pressure=0.0000 tangentialPressure=0.0000 tilt=(0.3437,-0.2344) rotation=0.0000 buttons=0x0 deviceID=19450
PEN t=11.7806 monitor=global type=mouseMoved subtype=1 eventTimestamp=191453.6419 eventNumber=0 absolute=(29501.0000,7929.0000,1023.0000) screen=(882.9609,-530.0977) pressure=0.0000 tangentialPressure=0.0000 tilt=(0.3437,-0.2344) rotation=0.0000 buttons=0x0 deviceID=19450
PEN t=11.7844 monitor=global type=mouseMoved subtype=1 eventTimestamp=191453.6457 eventNumber=0 absolute=(29509.0000,7927.0000,1023.0000) screen=(883.2539,-530.2070) pressure=0.0000 tangentialPressure=0.0000 tilt=(0.3437,-0.2344) rotation=0.0000 buttons=0x0 deviceID=19450
PEN t=11.8019 monitor=global type=mouseMoved subtype=1 eventTimestamp=191453.6631 eventNumber=0 absolute=(29530.0000,7924.0000,1023.0000) screen=(884.0195,-530.4219) pressure=0.0000 tangentialPressure=0.0000 tilt=(0.3437,-0.2344) rotation=0.0000 buttons=0x0 deviceID=19450
PEN t=11.8151 monitor=global type=mouseMoved subtype=1 eventTimestamp=191453.6761 eventNumber=0 absolute=(29558.0000,7919.0000,1023.0000) screen=(885.0391,-530.7852) pressure=0.0000 tangentialPressure=0.0000 tilt=(0.3437,-0.2344) rotation=0.0000 buttons=0x0 deviceID=19450
PEN t=11.8354 monitor=global type=mouseMoved subtype=1 eventTimestamp=191453.6967 eventNumber=0 absolute=(29592.0000,7915.0000,1023.0000) screen=(886.2812,-531.0391) pressure=0.0000 tangentialPressure=0.0000 tilt=(0.3437,-0.2344) rotation=0.0000 buttons=0x0 deviceID=19450
PEN t=11.8427 monitor=global type=mouseMoved subtype=1 eventTimestamp=191453.7037 eventNumber=0 absolute=(29620.0000,7910.0000,1023.0000) screen=(887.3008,-531.3672) pressure=0.0000 tangentialPressure=0.0000 tilt=(0.3437,-0.2344) rotation=0.0000 buttons=0x0 deviceID=19450
PEN t=11.8436 monitor=global type=mouseMoved subtype=1 eventTimestamp=191453.7047 eventNumber=0 absolute=(29641.0000,7908.0000,1023.0000) screen=(888.0664,-531.5117) pressure=0.0000 tangentialPressure=0.0000 tilt=(0.3437,-0.2344) rotation=0.0000 buttons=0x0 deviceID=19450
PEN t=11.8509 monitor=global type=mouseMoved subtype=1 eventTimestamp=191453.7122 eventNumber=0 absolute=(29674.0000,7903.0000,1023.0000) screen=(889.2695,-531.9102) pressure=0.0000 tangentialPressure=0.0000 tilt=(0.3437,-0.2344) rotation=0.0000 buttons=0x0 deviceID=19450
PEN t=11.8610 monitor=global type=mouseMoved subtype=1 eventTimestamp=191453.7223 eventNumber=0 absolute=(29701.0000,7900.0000,1023.0000) screen=(890.2539,-532.0898) pressure=0.0000 tangentialPressure=0.0000 tilt=(0.3437,-0.2344) rotation=0.0000 buttons=0x0 deviceID=19450
PEN t=11.8674 monitor=global type=mouseMoved subtype=1 eventTimestamp=191453.7283 eventNumber=0 absolute=(29725.0000,7896.0000,1023.0000) screen=(891.1680,-532.3438) pressure=0.0000 tangentialPressure=0.0000 tilt=(0.3437,-0.2344) rotation=0.0000 buttons=0x0 deviceID=19450
PEN t=11.8834 monitor=global type=mouseMoved subtype=1 eventTimestamp=191453.7445 eventNumber=0 absolute=(29754.0000,7891.0000,1023.0000) screen=(892.1875,-532.7422) pressure=0.0000 tangentialPressure=0.0000 tilt=(0.3437,-0.2344) rotation=0.0000 buttons=0x0 deviceID=19450
PEN t=11.8853 monitor=global type=mouseMoved subtype=1 eventTimestamp=191453.7467 eventNumber=0 absolute=(29782.0000,7888.0000,1023.0000) screen=(893.2109,-532.9258) pressure=0.0000 tangentialPressure=0.0000 tilt=(0.3437,-0.2344) rotation=0.0000 buttons=0x0 deviceID=19450
PEN t=11.8923 monitor=global type=mouseMoved subtype=1 eventTimestamp=191453.7534 eventNumber=0 absolute=(29811.0000,7885.0000,1023.0000) screen=(894.2656,-533.1055) pressure=0.0000 tangentialPressure=0.0000 tilt=(0.3437,-0.2344) rotation=0.0000 buttons=0x0 deviceID=19450
PEN t=11.9004 monitor=global type=mouseMoved subtype=1 eventTimestamp=191453.7616 eventNumber=0 absolute=(29837.0000,7880.0000,1023.0000) screen=(895.2148,-533.4688) pressure=0.0000 tangentialPressure=0.0000 tilt=(0.3281,-0.2188) rotation=0.0000 buttons=0x0 deviceID=19450
PEN t=11.9049 monitor=global type=mouseMoved subtype=1 eventTimestamp=191453.7644 eventNumber=0 absolute=(29865.0000,7878.0000,1023.0000) screen=(896.2383,-533.6133) pressure=0.0000 tangentialPressure=0.0000 tilt=(0.3281,-0.2188) rotation=0.0000 buttons=0x0 deviceID=19450
PEN t=11.9112 monitor=global type=mouseMoved subtype=1 eventTimestamp=191453.7725 eventNumber=0 absolute=(29889.0000,7876.0000,1023.0000) screen=(897.1484,-533.7578) pressure=0.0000 tangentialPressure=0.0000 tilt=(0.3281,-0.2188) rotation=0.0000 buttons=0x0 deviceID=19450
PROXIMITY t=11.9139 monitor=global type=tabletProximity subtype=0 eventTimestamp=191453.7755 eventNumber=0 entering=false deviceType=pen deviceID=19450 pointingDeviceID=0 systemTabletID=1 tabletID=849 uniqueID=79448682544951 vendorID=1386 vendorType=2114 capabilities=0x17c7
PROXIMITY t=11.9146 monitor=global type=mouseMoved subtype=2 eventTimestamp=191453.7758 eventNumber=0 entering=false deviceType=pen deviceID=19450 pointingDeviceID=0 systemTabletID=1 tabletID=849 uniqueID=79448682544951 vendorID=1386 vendorType=2114 capabilities=0x17c7
PROXIMITY t=13.8801 monitor=global type=tabletProximity subtype=0 eventTimestamp=191455.7386 eventNumber=0 entering=true deviceType=eraser deviceID=19450 pointingDeviceID=0 systemTabletID=1 tabletID=849 uniqueID=220220530638647 vendorID=1386 vendorType=2114 capabilities=0x17c7
PROXIMITY t=13.8801 monitor=global type=mouseMoved subtype=2 eventTimestamp=191455.7388 eventNumber=0 entering=true deviceType=eraser deviceID=19450 pointingDeviceID=0 systemTabletID=1 tabletID=849 uniqueID=220220530638647 vendorID=1386 vendorType=2114 capabilities=0x17c7
PEN t=13.8829 monitor=global type=mouseMoved subtype=1 eventTimestamp=191455.7443 eventNumber=0 absolute=(35175.0000,10675.0000,974.0000) screen=(1089.9023,-341.0000) pressure=0.0000 tangentialPressure=0.0000 tilt=(0.2031,-0.1875) rotation=0.0000 buttons=0x0 deviceID=19450
PEN t=13.8934 monitor=global type=mouseMoved subtype=1 eventTimestamp=191455.7544 eventNumber=0 absolute=(35179.0000,10683.0000,842.0000) screen=(1090.3047,-338.5508) pressure=0.0000 tangentialPressure=0.0000 tilt=(0.1718,-0.1875) rotation=0.0000 buttons=0x0 deviceID=19450
PEN t=13.9014 monitor=global type=mouseMoved subtype=1 eventTimestamp=191455.7626 eventNumber=0 absolute=(35223.0000,10688.0000,485.0000) screen=(1091.6562,-339.0938) pressure=0.0000 tangentialPressure=0.0000 tilt=(0.1093,-0.1875) rotation=0.0000 buttons=0x0 deviceID=19450
PEN t=13.9101 monitor=global type=mouseMoved subtype=1 eventTimestamp=191455.7710 eventNumber=0 absolute=(35257.0000,10679.0000,308.0000) screen=(1092.8945,-339.7109) pressure=0.0000 tangentialPressure=0.0000 tilt=(0.0781,-0.1875) rotation=0.0000 buttons=0x0 deviceID=19450
PEN t=13.9149 monitor=global type=mouseMoved subtype=1 eventTimestamp=191455.7756 eventNumber=0 absolute=(35288.0000,10639.0000,0.0000) screen=(1094.0234,-342.5000) pressure=0.0000 tangentialPressure=0.0000 tilt=(0.0625,-0.2031) rotation=0.0000 buttons=0x0 deviceID=19450
PEN t=13.9186 monitor=global type=mouseMoved subtype=1 eventTimestamp=191455.7795 eventNumber=0 absolute=(35314.0000,10579.0000,0.0000) screen=(1094.9727,-346.6328) pressure=0.0000 tangentialPressure=0.0000 tilt=(0.0625,-0.2031) rotation=0.0000 buttons=0x0 deviceID=19450
PEN t=13.9359 monitor=global type=leftMouseDown subtype=1 eventTimestamp=191455.7807 eventNumber=181 absolute=(35314.0000,10579.0000,0.0000) screen=(1094.9727,-346.6328) pressure=0.4078 tangentialPressure=0.0000 tilt=(0.0625,-0.2031) rotation=0.0000 buttons=0x1 deviceID=19450
PEN t=13.9359 monitor=global type=leftMouseDragged subtype=1 eventTimestamp=191455.7878 eventNumber=0 absolute=(35319.0000,10523.0000,0.0000) screen=(1095.1562,-350.4766) pressure=0.4510 tangentialPressure=0.0000 tilt=(0.0468,-0.2031) rotation=0.0000 buttons=0x1 deviceID=19450
PEN t=13.9430 monitor=global type=leftMouseDragged subtype=1 eventTimestamp=191455.7931 eventNumber=0 absolute=(35310.0000,10445.0000,0.0000) screen=(1094.8281,-355.8789) pressure=0.4706 tangentialPressure=0.0000 tilt=(0.0312,-0.2031) rotation=0.0000 buttons=0x1 deviceID=19450
PEN t=13.9440 monitor=global type=leftMouseDragged subtype=1 eventTimestamp=191455.8055 eventNumber=0 absolute=(35301.0000,10431.0000,0.0000) screen=(1094.5000,-356.8594) pressure=0.4784 tangentialPressure=0.0000 tilt=(0.0156,-0.2031) rotation=0.0000 buttons=0x1 deviceID=19450
PEN t=13.9478 monitor=global type=leftMouseDragged subtype=1 eventTimestamp=191455.8093 eventNumber=0 absolute=(35292.0000,10421.0000,0.0000) screen=(1094.1719,-357.5469) pressure=0.4784 tangentialPressure=0.0000 tilt=(0.0156,-0.2188) rotation=0.0000 buttons=0x1 deviceID=19450
PEN t=13.9513 monitor=global type=leftMouseDragged subtype=1 eventTimestamp=191455.8127 eventNumber=0 absolute=(35282.0000,10411.0000,0.0000) screen=(1093.8047,-358.2383) pressure=0.4824 tangentialPressure=0.0000 tilt=(0.0156,-0.2188) rotation=0.0000 buttons=0x1 deviceID=19450
PEN t=13.9649 monitor=global type=leftMouseDragged subtype=1 eventTimestamp=191455.8261 eventNumber=0 absolute=(35259.0000,10392.0000,0.0000) screen=(1092.9688,-359.5781) pressure=0.4824 tangentialPressure=0.0000 tilt=(0.0000,-0.2188) rotation=0.0000 buttons=0x1 deviceID=19450
PEN t=13.9649 monitor=global type=leftMouseDragged subtype=1 eventTimestamp=191455.8264 eventNumber=0 absolute=(35247.0000,10382.0000,0.0000) screen=(1092.5312,-360.2656) pressure=0.4824 tangentialPressure=0.0000 tilt=(0.0000,-0.2188) rotation=0.0000 buttons=0x1 deviceID=19450
PEN t=14.0299 monitor=global type=leftMouseDragged subtype=1 eventTimestamp=191455.8895 eventNumber=0 absolute=(35228.0000,10364.0000,0.0000) screen=(1091.8359,-361.5352) pressure=0.4667 tangentialPressure=0.0000 tilt=(-0.0156,-0.2188) rotation=0.0000 buttons=0x1 deviceID=19450
PEN t=14.0303 monitor=global type=leftMouseDragged subtype=1 eventTimestamp=191455.8917 eventNumber=0 absolute=(35220.0000,10354.0000,0.0000) screen=(1091.5430,-362.1875) pressure=0.4627 tangentialPressure=0.0000 tilt=(-0.0156,-0.2188) rotation=0.0000 buttons=0x1 deviceID=19450
PEN t=14.0309 monitor=global type=leftMouseDragged subtype=1 eventTimestamp=191455.8922 eventNumber=0 absolute=(35211.0000,10341.0000,0.0000) screen=(1091.2148,-363.0938) pressure=0.4549 tangentialPressure=0.0000 tilt=(-0.0156,-0.2344) rotation=0.0000 buttons=0x1 deviceID=19450
PEN t=14.0309 monitor=global type=leftMouseDragged subtype=1 eventTimestamp=191455.8925 eventNumber=0 absolute=(35204.0000,10333.0000,0.0000) screen=(1090.9609,-363.6758) pressure=0.4549 tangentialPressure=0.0000 tilt=(-0.0156,-0.2344) rotation=0.0000 buttons=0x1 deviceID=19450
PEN t=14.0318 monitor=global type=leftMouseDragged subtype=1 eventTimestamp=191455.8933 eventNumber=0 absolute=(35201.0000,10328.0000,0.0000) screen=(1090.8516,-364.0391) pressure=0.4510 tangentialPressure=0.0000 tilt=(-0.0156,-0.2344) rotation=0.0000 buttons=0x1 deviceID=19450
PEN t=14.0340 monitor=global type=leftMouseDragged subtype=1 eventTimestamp=191455.8955 eventNumber=0 absolute=(35193.0000,10311.0000,0.0000) screen=(1090.5586,-365.1602) pressure=0.4510 tangentialPressure=0.0000 tilt=(-0.0156,-0.2344) rotation=0.0000 buttons=0x1 deviceID=19450
PEN t=14.0488 monitor=global type=leftMouseDragged subtype=1 eventTimestamp=191455.9104 eventNumber=0 absolute=(35186.0000,10297.0000,0.0000) screen=(1090.3047,-366.1758) pressure=0.4510 tangentialPressure=0.0000 tilt=(-0.0156,-0.2344) rotation=0.0000 buttons=0x1 deviceID=19450
PEN t=14.0601 monitor=global type=leftMouseDragged subtype=1 eventTimestamp=191455.9215 eventNumber=0 absolute=(35179.0000,10280.0000,0.0000) screen=(1089.9766,-367.7734) pressure=0.4510 tangentialPressure=0.0000 tilt=(-0.0156,-0.2344) rotation=0.0000 buttons=0x1 deviceID=19450
PEN t=14.0643 monitor=global type=leftMouseDragged subtype=1 eventTimestamp=191455.9258 eventNumber=0 absolute=(35175.0000,10268.0000,0.0000) screen=(1089.9023,-368.1367) pressure=0.4549 tangentialPressure=0.0000 tilt=(-0.0156,-0.2344) rotation=0.0000 buttons=0x1 deviceID=19450
PEN t=14.0768 monitor=global type=leftMouseDragged subtype=1 eventTimestamp=191455.9383 eventNumber=0 absolute=(35168.0000,10254.0000,0.0000) screen=(1089.6484,-369.1484) pressure=0.4706 tangentialPressure=0.0000 tilt=(-0.0156,-0.2500) rotation=0.0000 buttons=0x1 deviceID=19450
PEN t=14.0851 monitor=global type=leftMouseDragged subtype=1 eventTimestamp=191455.9443 eventNumber=0 absolute=(35163.0000,10232.0000,0.0000) screen=(1089.4648,-370.6719) pressure=0.4784 tangentialPressure=0.0000 tilt=(-0.0156,-0.2500) rotation=0.0000 buttons=0x1 deviceID=19450
PEN t=14.0939 monitor=global type=leftMouseDragged subtype=1 eventTimestamp=191455.9553 eventNumber=0 absolute=(35161.0000,10221.0000,0.0000) screen=(1089.3945,-371.4336) pressure=0.4824 tangentialPressure=0.0000 tilt=(-0.0156,-0.2500) rotation=0.0000 buttons=0x1 deviceID=19450
PEN t=14.0976 monitor=global type=leftMouseDragged subtype=1 eventTimestamp=191455.9590 eventNumber=0 absolute=(35158.0000,10211.0000,0.0000) screen=(1089.2852,-372.1250) pressure=0.4824 tangentialPressure=0.0000 tilt=(-0.0156,-0.2500) rotation=0.0000 buttons=0x1 deviceID=19450
PEN t=14.1096 monitor=global type=leftMouseDragged subtype=1 eventTimestamp=191455.9711 eventNumber=0 absolute=(35155.0000,10198.0000,0.0000) screen=(1089.1758,-373.0312) pressure=0.4863 tangentialPressure=0.0000 tilt=(-0.0156,-0.2500) rotation=0.0000 buttons=0x1 deviceID=19450
PEN t=14.1307 monitor=global type=leftMouseDragged subtype=1 eventTimestamp=191455.9921 eventNumber=0 absolute=(35154.0000,10179.0000,0.0000) screen=(1089.1367,-374.2969) pressure=0.4941 tangentialPressure=0.0000 tilt=(-0.0156,-0.2500) rotation=0.0000 buttons=0x1 deviceID=19450
PEN t=14.1431 monitor=global type=leftMouseDragged subtype=1 eventTimestamp=191456.0046 eventNumber=0 absolute=(35154.0000,10163.0000,0.0000) screen=(1089.1367,-375.4570) pressure=0.5098 tangentialPressure=0.0000 tilt=(-0.0156,-0.2500) rotation=0.0000 buttons=0x1 deviceID=19450
PEN t=14.1474 monitor=global type=leftMouseDragged subtype=1 eventTimestamp=191456.0089 eventNumber=0 absolute=(35160.0000,10150.0000,0.0000) screen=(1089.3555,-376.3672) pressure=0.5098 tangentialPressure=0.0000 tilt=(-0.0156,-0.2500) rotation=0.0000 buttons=0x1 deviceID=19450
PEN t=14.1523 monitor=global type=leftMouseDragged subtype=1 eventTimestamp=191456.0117 eventNumber=0 absolute=(35170.0000,10133.0000,0.0000) screen=(1089.7227,-377.4883) pressure=0.5176 tangentialPressure=0.0000 tilt=(-0.0156,-0.2500) rotation=0.0000 buttons=0x1 deviceID=19450
PEN t=14.1763 monitor=global type=leftMouseDragged subtype=1 eventTimestamp=191456.0377 eventNumber=0 absolute=(35182.0000,10114.0000,0.0000) screen=(1092.2734,-383.5078) pressure=0.5176 tangentialPressure=0.0000 tilt=(-0.0156,-0.2656) rotation=0.0000 buttons=0x1 deviceID=19450
PEN t=14.1810 monitor=global type=leftMouseDragged subtype=1 eventTimestamp=191456.0425 eventNumber=0 absolute=(35266.0000,10022.0000,0.0000) screen=(1093.2227,-385.2109) pressure=0.5294 tangentialPressure=0.0000 tilt=(-0.0156,-0.2656) rotation=0.0000 buttons=0x1 deviceID=19450
PEN t=14.1823 monitor=global type=leftMouseDragged subtype=1 eventTimestamp=191456.0439 eventNumber=0 absolute=(35295.0000,9997.0000,0.0000) screen=(1094.2812,-386.9180) pressure=0.5333 tangentialPressure=0.0000 tilt=(-0.0156,-0.2656) rotation=0.0000 buttons=0x1 deviceID=19450
PEN t=14.1861 monitor=global type=leftMouseDragged subtype=1 eventTimestamp=191456.0477 eventNumber=0 absolute=(35326.0000,9972.0000,0.0000) screen=(1095.4102,-388.6211) pressure=0.5333 tangentialPressure=0.0000 tilt=(-0.0156,-0.2656) rotation=0.0000 buttons=0x1 deviceID=19450
PEN t=14.1940 monitor=global type=leftMouseDragged subtype=1 eventTimestamp=191456.0554 eventNumber=0 absolute=(35362.0000,9947.0000,0.0000) screen=(1096.7227,-390.3594) pressure=0.5373 tangentialPressure=0.0000 tilt=(-0.0313,-0.2656) rotation=0.0000 buttons=0x1 deviceID=19450
PEN t=14.2004 monitor=global type=leftMouseDragged subtype=1 eventTimestamp=191456.0617 eventNumber=0 absolute=(35401.0000,9922.0000,0.0000) screen=(1098.1445,-392.1016) pressure=0.5412 tangentialPressure=0.0000 tilt=(-0.0313,-0.2656) rotation=0.0000 buttons=0x1 deviceID=19450
PEN t=14.2183 monitor=global type=leftMouseDragged subtype=1 eventTimestamp=191456.0797 eventNumber=0 absolute=(35445.0000,9897.0000,0.0000) screen=(1099.7500,-393.8789) pressure=0.5412 tangentialPressure=0.0000 tilt=(-0.0313,-0.2656) rotation=0.0000 buttons=0x1 deviceID=19450
PEN t=14.2262 monitor=global type=leftMouseDragged subtype=1 eventTimestamp=191456.0813 eventNumber=0 absolute=(35498.0000,9868.0000,0.0000) screen=(1101.6836,-395.8359) pressure=0.5451 tangentialPressure=0.0000 tilt=(-0.0313,-0.2656) rotation=0.0000 buttons=0x1 deviceID=19450
PEN t=14.2267 monitor=global type=leftMouseDragged subtype=1 eventTimestamp=191456.0882 eventNumber=0 absolute=(35556.0000,9839.0000,0.0000) screen=(1103.8008,-397.8281) pressure=0.5490 tangentialPressure=0.0000 tilt=(-0.0313,-0.2656) rotation=0.0000 buttons=0x1 deviceID=19450
PEN t=14.2306 monitor=global type=leftMouseDragged subtype=1 eventTimestamp=191456.0920 eventNumber=0 absolute=(35622.0000,9811.0000,0.0000) screen=(1106.2070,-399.8242) pressure=0.5490 tangentialPressure=0.0000 tilt=(-0.0313,-0.2813) rotation=0.0000 buttons=0x1 deviceID=19450
PEN t=14.2323 monitor=global type=leftMouseDragged subtype=1 eventTimestamp=191456.0939 eventNumber=0 absolute=(35691.0000,9781.0000,0.0000) screen=(1108.7227,-401.8906) pressure=0.5490 tangentialPressure=0.0000 tilt=(-0.0313,-0.2813) rotation=0.0000 buttons=0x1 deviceID=19450
PEN t=14.2328 monitor=global type=leftMouseDragged subtype=1 eventTimestamp=191456.0944 eventNumber=0 absolute=(35763.0000,9752.0000,0.0000) screen=(1111.3477,-403.8828) pressure=0.5490 tangentialPressure=0.0000 tilt=(-0.0313,-0.2813) rotation=0.0000 buttons=0x1 deviceID=19450
PEN t=14.2429 monitor=global type=leftMouseDragged subtype=1 eventTimestamp=191456.1044 eventNumber=0 absolute=(35833.0000,9725.0000,0.0000) screen=(1113.9023,-405.7695) pressure=0.5490 tangentialPressure=0.0000 tilt=(-0.0313,-0.2813) rotation=0.0000 buttons=0x1 deviceID=19450
PEN t=14.2445 monitor=global type=leftMouseDragged subtype=1 eventTimestamp=191456.1060 eventNumber=0 absolute=(35904.0000,9699.0000,0.0000) screen=(1116.4922,-407.5469) pressure=0.5529 tangentialPressure=0.0000 tilt=(-0.0313,-0.2813) rotation=0.0000 buttons=0x1 deviceID=19450
PEN t=14.2502 monitor=global type=leftMouseDragged subtype=1 eventTimestamp=191456.1115 eventNumber=0 absolute=(35975.0000,9675.0000,0.0000) screen=(1119.0820,-409.2148) pressure=0.5529 tangentialPressure=0.0000 tilt=(-0.0313,-0.2813) rotation=0.0000 buttons=0x1 deviceID=19450
PEN t=14.2525 monitor=global type=leftMouseDragged subtype=1 eventTimestamp=191456.1141 eventNumber=0 absolute=(36048.0000,9654.0000,0.0000) screen=(1121.7422,-410.6992) pressure=0.5529 tangentialPressure=0.0000 tilt=(-0.0469,-0.2813) rotation=0.0000 buttons=0x1 deviceID=19450
PEN t=14.2661 monitor=global type=leftMouseDragged subtype=1 eventTimestamp=191456.1275 eventNumber=0 absolute=(36119.0000,9634.0000,0.0000) screen=(1124.3320,-412.0781) pressure=0.5529 tangentialPressure=0.0000 tilt=(-0.0469,-0.2969) rotation=0.0000 buttons=0x1 deviceID=19450
PEN t=14.2680 monitor=global type=leftMouseDragged subtype=1 eventTimestamp=191456.1295 eventNumber=0 absolute=(36190.0000,9615.0000,0.0000) screen=(1126.9219,-413.3477) pressure=0.5529 tangentialPressure=0.0000 tilt=(-0.0469,-0.2969) rotation=0.0000 buttons=0x1 deviceID=19450
PEN t=14.2842 monitor=global type=leftMouseDragged subtype=1 eventTimestamp=191456.1456 eventNumber=0 absolute=(36255.0000,9599.0000,0.0000) screen=(1129.2930,-414.5078) pressure=0.5529 tangentialPressure=0.0000 tilt=(-0.0469,-0.2969) rotation=0.0000 buttons=0x1 deviceID=19450
PEN t=14.2844 monitor=global type=leftMouseDragged subtype=1 eventTimestamp=191456.1460 eventNumber=0 absolute=(36314.0000,9585.0000,0.0000) screen=(1131.4453,-415.4141) pressure=0.5529 tangentialPressure=0.0000 tilt=(-0.0625,-0.2969) rotation=0.0000 buttons=0x1 deviceID=19450
PEN t=14.2848 monitor=global type=leftMouseDragged subtype=1 eventTimestamp=191456.1463 eventNumber=0 absolute=(36366.0000,9575.0000,0.0000) screen=(1133.3438,-416.1016) pressure=0.5529 tangentialPressure=0.0000 tilt=(-0.0625,-0.2969) rotation=0.0000 buttons=0x1 deviceID=19450
PEN t=14.2939 monitor=global type=leftMouseDragged subtype=1 eventTimestamp=191456.1552 eventNumber=0 absolute=(36410.0000,9569.0000,0.0000) screen=(1134.9453,-416.5391) pressure=0.5529 tangentialPressure=0.0000 tilt=(-0.0625,-0.2969) rotation=0.0000 buttons=0x1 deviceID=19450
PEN t=14.2977 monitor=global type=leftMouseDragged subtype=1 eventTimestamp=191456.1592 eventNumber=0 absolute=(36440.0000,9566.0000,0.0000) screen=(1136.0391,-416.7578) pressure=0.5529 tangentialPressure=0.0000 tilt=(-0.0625,-0.2969) rotation=0.0000 buttons=0x1 deviceID=19450
PEN t=14.3159 monitor=global type=leftMouseDragged subtype=1 eventTimestamp=191456.1774 eventNumber=0 absolute=(36473.0000,9566.0000,0.0000) screen=(1137.2461,-416.7930) pressure=0.5529 tangentialPressure=0.0000 tilt=(-0.0781,-0.2969) rotation=0.0000 buttons=0x1 deviceID=19450
PEN t=14.3254 monitor=global type=leftMouseDragged subtype=1 eventTimestamp=191456.1869 eventNumber=0 absolute=(36494.0000,9583.0000,0.0000) screen=(1138.0117,-415.5977) pressure=0.5412 tangentialPressure=0.0000 tilt=(-0.0781,-0.2969) rotation=0.0000 buttons=0x1 deviceID=19450
PEN t=14.3324 monitor=global type=leftMouseDragged subtype=1 eventTimestamp=191456.1938 eventNumber=0 absolute=(36499.0000,9600.0000,0.0000) screen=(1138.1914,-414.3984) pressure=0.5059 tangentialPressure=0.0000 tilt=(-0.0781,-0.2969) rotation=0.0000 buttons=0x1 deviceID=19450
PEN t=14.3359 monitor=global type=leftMouseDragged subtype=1 eventTimestamp=191456.1974 eventNumber=0 absolute=(36501.0000,9621.0000,0.0000) screen=(1138.2656,-412.9492) pressure=0.5020 tangentialPressure=0.0000 tilt=(-0.0781,-0.2969) rotation=0.0000 buttons=0x1 deviceID=19450
PEN t=14.3446 monitor=global type=leftMouseDragged subtype=1 eventTimestamp=191456.2060 eventNumber=0 absolute=(36500.0000,9644.0000,0.0000) screen=(1138.2305,-411.3906) pressure=0.4902 tangentialPressure=0.0000 tilt=(-0.0781,-0.2969) rotation=0.0000 buttons=0x1 deviceID=19450
PEN t=14.3470 monitor=global type=leftMouseDragged subtype=1 eventTimestamp=191456.2084 eventNumber=0 absolute=(36488.0000,9667.0000,0.0000) screen=(1137.7930,-409.7930) pressure=0.4667 tangentialPressure=0.0000 tilt=(-0.0781,-0.2969) rotation=0.0000 buttons=0x1 deviceID=19450
PEN t=14.3521 monitor=global type=leftMouseDragged subtype=1 eventTimestamp=191456.2122 eventNumber=0 absolute=(36471.0000,9688.0000,0.0000) screen=(1137.1719,-408.3438) pressure=0.4588 tangentialPressure=0.0000 tilt=(-0.0781,-0.2969) rotation=0.0000 buttons=0x1 deviceID=19450
PEN t=14.3601 monitor=global type=leftMouseDragged subtype=1 eventTimestamp=191456.2205 eventNumber=0 absolute=(36452.0000,9711.0000,0.0000) screen=(1136.4766,-406.7109) pressure=0.4471 tangentialPressure=0.0000 tilt=(-0.0781,-0.2969) rotation=0.0000 buttons=0x1 deviceID=19450
PEN t=14.3638 monitor=global type=leftMouseDragged subtype=1 eventTimestamp=191456.2252 eventNumber=0 absolute=(36429.0000,9736.0000,0.0000) screen=(1135.6406,-405.0078) pressure=0.4235 tangentialPressure=0.0000 tilt=(-0.0781,-0.2969) rotation=0.0000 buttons=0x1 deviceID=19450
PEN t=14.3656 monitor=global type=leftMouseDragged subtype=1 eventTimestamp=191456.2272 eventNumber=0 absolute=(36406.0000,9761.0000,0.0000) screen=(1134.8008,-403.2695) pressure=0.4196 tangentialPressure=0.0000 tilt=(-0.0781,-0.2813) rotation=0.0000 buttons=0x1 deviceID=19450
PEN t=14.3695 monitor=global type=leftMouseDragged subtype=1 eventTimestamp=191456.2304 eventNumber=0 absolute=(36381.0000,9788.0000,0.0000) screen=(1133.8906,-401.4180) pressure=0.4157 tangentialPressure=0.0000 tilt=(-0.0781,-0.2813) rotation=0.0000 buttons=0x1 deviceID=19450
PEN t=14.3809 monitor=global type=leftMouseDragged subtype=1 eventTimestamp=191456.2422 eventNumber=0 absolute=(36358.0000,9814.0000,0.0000) screen=(1133.0508,-399.5703) pressure=0.4000 tangentialPressure=0.0000 tilt=(-0.0781,-0.2813) rotation=0.0000 buttons=0x1 deviceID=19450
PEN t=14.3846 monitor=global type=leftMouseDragged subtype=1 eventTimestamp=191456.2461 eventNumber=0 absolute=(36340.0000,9841.0000,0.0000) screen=(1132.3945,-397.7227) pressure=0.3961 tangentialPressure=0.0000 tilt=(-0.0781,-0.2813) rotation=0.0000 buttons=0x1 deviceID=19450
PEN t=14.3927 monitor=global type=leftMouseDragged subtype=1 eventTimestamp=191456.2542 eventNumber=0 absolute=(36326.0000,9868.0000,0.0000) screen=(1131.8828,-395.8711) pressure=0.3843 tangentialPressure=0.0000 tilt=(-0.0781,-0.2813) rotation=0.0000 buttons=0x1 deviceID=19450
PEN t=14.3930 monitor=global type=leftMouseDragged subtype=1 eventTimestamp=191456.2545 eventNumber=0 absolute=(36318.0000,9894.0000,0.0000) screen=(1131.5898,-394.0586) pressure=0.3608 tangentialPressure=0.0000 tilt=(-0.0781,-0.2813) rotation=0.0000 buttons=0x1 deviceID=19450
PEN t=14.4013 monitor=global type=leftMouseDragged subtype=1 eventTimestamp=191456.2625 eventNumber=0 absolute=(36317.0000,9919.0000,0.0000) screen=(1131.5547,-392.3555) pressure=0.3333 tangentialPressure=0.0000 tilt=(-0.0781,-0.2656) rotation=0.0000 buttons=0x1 deviceID=19450
PEN t=14.4111 monitor=global type=leftMouseDragged subtype=1 eventTimestamp=191456.2704 eventNumber=0 absolute=(36320.0000,9943.0000,0.0000) screen=(1131.6641,-390.6875) pressure=0.2980 tangentialPressure=0.0000 tilt=(-0.0781,-0.2656) rotation=0.0000 buttons=0x1 deviceID=19450
PEN t=14.4138 monitor=global type=leftMouseDragged subtype=1 eventTimestamp=191456.2753 eventNumber=0 absolute=(36337.0000,9964.0000,0.0000) screen=(1132.2852,-389.2383) pressure=0.2275 tangentialPressure=0.0000 tilt=(-0.0781,-0.2656) rotation=0.0000 buttons=0x1 deviceID=19450
PEN t=14.4190 monitor=global type=leftMouseDragged subtype=1 eventTimestamp=191456.2787 eventNumber=0 absolute=(36354.0000,9979.0000,0.0000) screen=(1132.9023,-388.1836) pressure=0.1569 tangentialPressure=0.0000 tilt=(-0.0781,-0.2656) rotation=0.0000 buttons=0x1 deviceID=19450
PEN t=14.4271 monitor=global type=leftMouseUp subtype=1 eventTimestamp=191456.2882 eventNumber=181 absolute=(36354.0000,9979.0000,0.0000) screen=(1132.9023,-388.1836) pressure=0.0000 tangentialPressure=0.0000 tilt=(-0.0781,-0.2656) rotation=0.0000 buttons=0x0 deviceID=19450
PEN t=14.4315 monitor=global type=mouseMoved subtype=1 eventTimestamp=191456.2927 eventNumber=0 absolute=(36409.0000,9996.0000,0.0000) screen=(1134.9102,-387.0234) pressure=0.0000 tangentialPressure=0.0000 tilt=(-0.0938,-0.2500) rotation=0.0000 buttons=0x0 deviceID=19450
PEN t=14.4341 monitor=global type=mouseMoved subtype=1 eventTimestamp=191456.2954 eventNumber=0 absolute=(36451.0000,9992.0000,0.0000) screen=(1136.4414,-387.2422) pressure=0.0000 tangentialPressure=0.0000 tilt=(-0.0938,-0.2500) rotation=0.0000 buttons=0x0 deviceID=19450
PEN t=14.4435 monitor=global type=mouseMoved subtype=1 eventTimestamp=191456.3040 eventNumber=0 absolute=(36575.0000,9956.0000,132.0000) screen=(1140.9648,-389.7461) pressure=0.0000 tangentialPressure=0.0000 tilt=(-0.0938,-0.2500) rotation=0.0000 buttons=0x0 deviceID=19450
PEN t=14.4474 monitor=global type=mouseMoved subtype=1 eventTimestamp=191456.3086 eventNumber=0 absolute=(36648.0000,9922.0000,176.0000) screen=(1143.6289,-392.1016) pressure=0.0000 tangentialPressure=0.0000 tilt=(-0.0938,-0.2500) rotation=0.0000 buttons=0x0 deviceID=19450
PEN t=14.4492 monitor=global type=mouseMoved subtype=1 eventTimestamp=191456.3106 eventNumber=0 absolute=(36715.0000,9885.0000,264.0000) screen=(1146.0703,-394.7109) pressure=0.0000 tangentialPressure=0.0000 tilt=(-0.0938,-0.2500) rotation=0.0000 buttons=0x0 deviceID=19450
PEN t=14.4631 monitor=global type=mouseMoved subtype=1 eventTimestamp=191456.3205 eventNumber=0 absolute=(36782.0000,9842.0000,353.0000) screen=(1148.5156,-397.6484) pressure=0.0000 tangentialPressure=0.0000 tilt=(-0.0938,-0.2500) rotation=0.0000 buttons=0x0 deviceID=19450
PEN t=14.4644 monitor=global type=mouseMoved subtype=1 eventTimestamp=191456.3258 eventNumber=0 absolute=(36853.0000,9799.0000,441.0000) screen=(1151.1055,-400.6562) pressure=0.0000 tangentialPressure=0.0000 tilt=(-0.0938,-0.2500) rotation=0.0000 buttons=0x0 deviceID=19450
PEN t=14.4669 monitor=global type=mouseMoved subtype=1 eventTimestamp=191456.3283 eventNumber=0 absolute=(36928.0000,9754.0000,533.0000) screen=(1153.8398,-403.7773) pressure=0.0000 tangentialPressure=0.0000 tilt=(-0.0938,-0.2500) rotation=0.0000 buttons=0x0 deviceID=19450
PEN t=14.4757 monitor=global type=mouseMoved subtype=1 eventTimestamp=191456.3312 eventNumber=0 absolute=(37007.0000,9706.0000,665.0000) screen=(1156.7188,-407.0391) pressure=0.0000 tangentialPressure=0.0000 tilt=(-0.0938,-0.2500) rotation=0.0000 buttons=0x0 deviceID=19450
PEN t=14.4807 monitor=global type=mouseMoved subtype=1 eventTimestamp=191456.3395 eventNumber=0 absolute=(37099.0000,9654.0000,798.0000) screen=(1160.0742,-410.6992) pressure=0.0000 tangentialPressure=0.0000 tilt=(-0.1094,-0.2500) rotation=0.0000 buttons=0x0 deviceID=19450
PEN t=14.4852 monitor=global type=mouseMoved subtype=1 eventTimestamp=191456.3463 eventNumber=0 absolute=(37201.0000,9593.0000,886.0000) screen=(1163.7969,-414.8711) pressure=0.0000 tangentialPressure=0.0000 tilt=(-0.1094,-0.2500) rotation=0.0000 buttons=0x0 deviceID=19450
PEN t=14.4976 monitor=global type=mouseMoved subtype=1 eventTimestamp=191456.3560 eventNumber=0 absolute=(37298.0000,9537.0000,930.0000) screen=(1167.3320,-418.7852) pressure=0.0000 tangentialPressure=0.0000 tilt=(-0.1094,-0.2500) rotation=0.0000 buttons=0x0 deviceID=19450
PEN t=14.4976 monitor=global type=mouseMoved subtype=1 eventTimestamp=191456.3562 eventNumber=0 absolute=(37390.0000,9482.0000,974.0000) screen=(1170.6875,-422.5586) pressure=0.0000 tangentialPressure=0.0000 tilt=(-0.1094,-0.2656) rotation=0.0000 buttons=0x0 deviceID=19450
PEN t=14.4980 monitor=global type=mouseMoved subtype=1 eventTimestamp=191456.3594 eventNumber=0 absolute=(37485.0000,9424.0000,1023.0000) screen=(1174.1523,-426.6172) pressure=0.0000 tangentialPressure=0.0000 tilt=(-0.1094,-0.2656) rotation=0.0000 buttons=0x0 deviceID=19450
PROXIMITY t=14.5005 monitor=global type=tabletProximity subtype=0 eventTimestamp=191456.3621 eventNumber=0 entering=false deviceType=eraser deviceID=19450 pointingDeviceID=0 systemTabletID=1 tabletID=849 uniqueID=220220530638647 vendorID=1386 vendorType=2114 capabilities=0x17c7
PROXIMITY t=14.5010 monitor=global type=mouseMoved subtype=2 eventTimestamp=191456.3624 eventNumber=0 entering=false deviceType=eraser deviceID=19450 pointingDeviceID=0 systemTabletID=1 tabletID=849 uniqueID=220220530638647 vendorID=1386 vendorType=2114 capabilities=0x17c7
PROXIMITY t=16.0663 monitor=global type=tabletProximity subtype=0 eventTimestamp=191457.9254 eventNumber=0 entering=true deviceType=eraser deviceID=19450 pointingDeviceID=0 systemTabletID=1 tabletID=849 uniqueID=220220530638647 vendorID=1386 vendorType=2114 capabilities=0x17c7
PROXIMITY t=16.0675 monitor=global type=mouseMoved subtype=2 eventTimestamp=191457.9288 eventNumber=0 entering=true deviceType=eraser deviceID=19450 pointingDeviceID=0 systemTabletID=1 tabletID=849 uniqueID=220220530638647 vendorID=1386 vendorType=2114 capabilities=0x17c7
PEN t=16.0806 monitor=global type=mouseMoved subtype=1 eventTimestamp=191457.9395 eventNumber=0 absolute=(28535.0000,7896.0000,1023.0000) screen=(847.2539,-531.4375) pressure=0.0000 tangentialPressure=0.0000 tilt=(-0.0313,-0.4063) rotation=0.0000 buttons=0x0 deviceID=19450
PEN t=16.0813 monitor=global type=mouseMoved subtype=1 eventTimestamp=191457.9425 eventNumber=0 absolute=(28506.0000,7932.0000,1023.0000) screen=(846.6719,-529.8789) pressure=0.0000 tangentialPressure=0.0000 tilt=(-0.0313,-0.4063) rotation=0.0000 buttons=0x0 deviceID=19450
PEN t=16.0926 monitor=global type=mouseMoved subtype=1 eventTimestamp=191457.9538 eventNumber=0 absolute=(28480.0000,7974.0000,974.0000) screen=(845.7227,-526.9414) pressure=0.0000 tangentialPressure=0.0000 tilt=(-0.0469,-0.4063) rotation=0.0000 buttons=0x0 deviceID=19450
PEN t=16.1049 monitor=global type=mouseMoved subtype=1 eventTimestamp=191457.9637 eventNumber=0 absolute=(28465.0000,8008.0000,930.0000) screen=(845.1758,-524.6211) pressure=0.0000 tangentialPressure=0.0000 tilt=(-0.0469,-0.4063) rotation=0.0000 buttons=0x0 deviceID=19450
PEN t=16.1112 monitor=global type=mouseMoved subtype=1 eventTimestamp=191457.9722 eventNumber=0 absolute=(28465.0000,8040.0000,842.0000) screen=(845.2500,-519.8711) pressure=0.0000 tangentialPressure=0.0000 tilt=(-0.0469,-0.3906) rotation=0.0000 buttons=0x0 deviceID=19450
PEN t=16.1144 monitor=global type=mouseMoved subtype=1 eventTimestamp=191457.9757 eventNumber=0 absolute=(28450.0000,8108.0000,621.0000) screen=(844.6289,-517.6602) pressure=0.0000 tangentialPressure=0.0000 tilt=(-0.0469,-0.3906) rotation=0.0000 buttons=0x0 deviceID=19450
PEN t=16.1187 monitor=global type=mouseMoved subtype=1 eventTimestamp=191457.9799 eventNumber=0 absolute=(28446.0000,8142.0000,485.0000) screen=(844.4844,-515.3047) pressure=0.0000 tangentialPressure=0.0000 tilt=(-0.0469,-0.3906) rotation=0.0000 buttons=0x0 deviceID=19450
PEN t=16.1286 monitor=global type=mouseMoved subtype=1 eventTimestamp=191457.9898 eventNumber=0 absolute=(28435.0000,8178.0000,397.0000) screen=(844.0820,-512.8398) pressure=0.0000 tangentialPressure=0.0000 tilt=(-0.0469,-0.3750) rotation=0.0000 buttons=0x0 deviceID=19450
PEN t=16.1314 monitor=global type=mouseMoved subtype=1 eventTimestamp=191457.9918 eventNumber=0 absolute=(28421.0000,8211.0000,264.0000) screen=(843.5703,-510.5898) pressure=0.0000 tangentialPressure=0.0000 tilt=(-0.0469,-0.3750) rotation=0.0000 buttons=0x0 deviceID=19450
PEN t=16.1439 monitor=global type=mouseMoved subtype=1 eventTimestamp=191457.9980 eventNumber=0 absolute=(28410.0000,8235.0000,132.0000) screen=(843.1719,-508.8867) pressure=0.0000 tangentialPressure=0.0000 tilt=(-0.0469,-0.3750) rotation=0.0000 buttons=0x0 deviceID=19450
PEN t=16.1469 monitor=global type=mouseMoved subtype=1 eventTimestamp=191458.0061 eventNumber=0 absolute=(28402.0000,8250.0000,44.0000) screen=(842.9141,-507.8711) pressure=0.0000 tangentialPressure=0.0000 tilt=(-0.0625,-0.3750) rotation=0.0000 buttons=0x0 deviceID=19450
PEN t=16.1485 monitor=global type=mouseMoved subtype=1 eventTimestamp=191458.0097 eventNumber=0 absolute=(28402.0000,8246.0000,0.0000) screen=(842.9141,-508.1250) pressure=0.0000 tangentialPressure=0.0000 tilt=(-0.0625,-0.3750) rotation=0.0000 buttons=0x0 deviceID=19450
PEN t=16.1606 monitor=global type=mouseMoved subtype=1 eventTimestamp=191458.0146 eventNumber=0 absolute=(28406.0000,8230.0000,0.0000) screen=(843.0234,-509.2500) pressure=0.0000 tangentialPressure=0.0000 tilt=(-0.0625,-0.3906) rotation=0.0000 buttons=0x0 deviceID=19450
PEN t=16.1638 monitor=global type=mouseMoved subtype=1 eventTimestamp=191458.0230 eventNumber=0 absolute=(28408.0000,8207.0000,0.0000) screen=(843.0977,-510.8086) pressure=0.0000 tangentialPressure=0.0000 tilt=(-0.0625,-0.3906) rotation=0.0000 buttons=0x0 deviceID=19450
PEN t=16.1783 monitor=global type=leftMouseDown subtype=1 eventTimestamp=191458.0257 eventNumber=182 absolute=(28408.0000,8207.0000,0.0000) screen=(843.0977,-510.8086) pressure=0.3804 tangentialPressure=0.0000 tilt=(-0.0625,-0.3906) rotation=0.0000 buttons=0x1 deviceID=19450
PEN t=16.1783 monitor=global type=leftMouseDragged subtype=1 eventTimestamp=191458.0289 eventNumber=0 absolute=(28407.0000,8173.0000,0.0000) screen=(843.0625,-513.1641) pressure=0.4039 tangentialPressure=0.0000 tilt=(-0.0625,-0.3906) rotation=0.0000 buttons=0x1 deviceID=19450
PEN t=16.1801 monitor=global type=leftMouseDragged subtype=1 eventTimestamp=191458.0417 eventNumber=0 absolute=(28402.0000,8162.0000,0.0000) screen=(842.9141,-513.9258) pressure=0.4078 tangentialPressure=0.0000 tilt=(-0.0625,-0.3906) rotation=0.0000 buttons=0x1 deviceID=19450
PEN t=16.1829 monitor=global type=leftMouseDragged subtype=1 eventTimestamp=191458.0444 eventNumber=0 absolute=(28400.0000,8158.0000,0.0000) screen=(842.8047,-514.2148) pressure=0.4078 tangentialPressure=0.0000 tilt=(-0.0625,-0.3906) rotation=0.0000 buttons=0x1 deviceID=19450
PEN t=16.2151 monitor=global type=leftMouseDragged subtype=1 eventTimestamp=191458.0756 eventNumber=0 absolute=(28374.0000,8153.0000,0.0000) screen=(841.8945,-514.5430) pressure=0.4157 tangentialPressure=0.0000 tilt=(-0.0781,-0.3906) rotation=0.0000 buttons=0x1 deviceID=19450
PEN t=16.2441 monitor=global type=leftMouseDragged subtype=1 eventTimestamp=191458.1056 eventNumber=0 absolute=(28348.0000,8154.0000,0.0000) screen=(840.9453,-514.5078) pressure=0.4196 tangentialPressure=0.0000 tilt=(-0.0781,-0.3906) rotation=0.0000 buttons=0x1 deviceID=19450
PEN t=16.2846 monitor=global type=leftMouseDragged subtype=1 eventTimestamp=191458.1458 eventNumber=0 absolute=(28355.0000,8156.0000,0.0000) screen=(841.1641,-514.3984) pressure=0.2902 tangentialPressure=0.0000 tilt=(-0.0781,-0.3906) rotation=0.0000 buttons=0x1 deviceID=19450
PEN t=16.2846 monitor=global type=leftMouseDragged subtype=1 eventTimestamp=191458.1462 eventNumber=0 absolute=(28378.0000,8156.0000,0.0000) screen=(842.0039,-514.3984) pressure=0.2588 tangentialPressure=0.0000 tilt=(-0.0781,-0.3906) rotation=0.0000 buttons=0x1 deviceID=19450
PEN t=16.2852 monitor=global type=leftMouseDragged subtype=1 eventTimestamp=191458.1467 eventNumber=0 absolute=(28422.0000,8155.0000,0.0000) screen=(843.6094,-514.4336) pressure=0.2118 tangentialPressure=0.0000 tilt=(-0.0781,-0.3906) rotation=0.0000 buttons=0x1 deviceID=19450
PEN t=16.2927 monitor=global type=leftMouseDragged subtype=1 eventTimestamp=191458.1540 eventNumber=0 absolute=(28464.0000,8153.0000,0.0000) screen=(845.1406,-514.5781) pressure=0.1451 tangentialPressure=0.0000 tilt=(-0.0781,-0.3906) rotation=0.0000 buttons=0x1 deviceID=19450
PEN t=16.2928 monitor=global type=leftMouseDragged subtype=1 eventTimestamp=191458.1542 eventNumber=0 absolute=(28517.0000,8151.0000,0.0000) screen=(847.0742,-514.7227) pressure=0.0000 tangentialPressure=0.0000 tilt=(-0.0781,-0.3906) rotation=0.0000 buttons=0x1 deviceID=19450
PEN t=16.2969 monitor=global type=leftMouseUp subtype=1 eventTimestamp=191458.1582 eventNumber=182 absolute=(28517.0000,8151.0000,0.0000) screen=(847.0742,-514.7227) pressure=0.0000 tangentialPressure=0.0000 tilt=(-0.0781,-0.3906) rotation=0.0000 buttons=0x0 deviceID=19450
PEN t=16.2990 monitor=global type=mouseMoved subtype=1 eventTimestamp=191458.1605 eventNumber=0 absolute=(28612.0000,8139.0000,44.0000) screen=(850.5391,-515.5195) pressure=0.0000 tangentialPressure=0.0000 tilt=(-0.0781,-0.3906) rotation=0.0000 buttons=0x0 deviceID=19450
PEN t=16.3050 monitor=global type=mouseMoved subtype=1 eventTimestamp=191458.1641 eventNumber=0 absolute=(28676.0000,8126.0000,88.0000) screen=(852.9062,-516.4648) pressure=0.0000 tangentialPressure=0.0000 tilt=(-0.0781,-0.3906) rotation=0.0000 buttons=0x0 deviceID=19450
PEN t=16.3090 monitor=global type=mouseMoved subtype=1 eventTimestamp=191458.1704 eventNumber=0 absolute=(28740.0000,8107.0000,132.0000) screen=(855.2070,-517.7344) pressure=0.0000 tangentialPressure=0.0000 tilt=(-0.0781,-0.3906) rotation=0.0000 buttons=0x0 deviceID=19450
PEN t=16.3105 monitor=global type=mouseMoved subtype=1 eventTimestamp=191458.1719 eventNumber=0 absolute=(28808.0000,8083.0000,176.0000) screen=(857.7227,-519.4023) pressure=0.0000 tangentialPressure=0.0000 tilt=(-0.0781,-0.3906) rotation=0.0000 buttons=0x0 deviceID=19450
PEN t=16.3143 monitor=global type=mouseMoved subtype=1 eventTimestamp=191458.1756 eventNumber=0 absolute=(28864.0000,8059.0000,220.0000) screen=(859.7656,-521.0703) pressure=0.0000 tangentialPressure=0.0000 tilt=(-0.0781,-0.3906) rotation=0.0000 buttons=0x0 deviceID=19450
PEN t=16.3168 monitor=global type=mouseMoved subtype=1 eventTimestamp=191458.1781 eventNumber=0 absolute=(28917.0000,8032.0000,308.0000) screen=(861.6602,-522.9180) pressure=0.0000 tangentialPressure=0.0000 tilt=(-0.0938,-0.3906) rotation=0.0000 buttons=0x0 deviceID=19450
PEN t=16.3309 monitor=global type=mouseMoved subtype=1 eventTimestamp=191458.1920 eventNumber=0 absolute=(28964.0000,8004.0000,353.0000) screen=(863.3750,-524.8750) pressure=0.0000 tangentialPressure=0.0000 tilt=(-0.0938,-0.3906) rotation=0.0000 buttons=0x0 deviceID=19450
PEN t=16.3328 monitor=global type=mouseMoved subtype=1 eventTimestamp=191458.1941 eventNumber=0 absolute=(29006.0000,7974.0000,441.0000) screen=(864.9062,-526.9414) pressure=0.0000 tangentialPressure=0.0000 tilt=(-0.0938,-0.3906) rotation=0.0000 buttons=0x0 deviceID=19450
PEN t=16.3430 monitor=global type=mouseMoved subtype=1 eventTimestamp=191458.2037 eventNumber=0 absolute=(29045.0000,7943.0000,533.0000) screen=(866.3281,-529.0820) pressure=0.0000 tangentialPressure=0.0000 tilt=(-0.0938,-0.3906) rotation=0.0000 buttons=0x0 deviceID=19450
PEN t=16.3431 monitor=global type=mouseMoved subtype=1 eventTimestamp=191458.2040 eventNumber=0 absolute=(29084.0000,7910.0000,621.0000) screen=(867.7891,-531.3672) pressure=0.0000 tangentialPressure=0.0000 tilt=(-0.1094,-0.3906) rotation=0.0000 buttons=0x0 deviceID=19450
PEN t=16.3483 monitor=global type=mouseMoved subtype=1 eventTimestamp=191458.2096 eventNumber=0 absolute=(29131.0000,7875.0000,710.0000) screen=(869.4648,-533.7969) pressure=0.0000 tangentialPressure=0.0000 tilt=(-0.1094,-0.3906) rotation=0.0000 buttons=0x0 deviceID=19450
PEN t=16.3520 monitor=global type=mouseMoved subtype=1 eventTimestamp=191458.2133 eventNumber=0 absolute=(29179.0000,7837.0000,842.0000) screen=(871.2188,-536.4766) pressure=0.0000 tangentialPressure=0.0000 tilt=(-0.1094,-0.3906) rotation=0.0000 buttons=0x0 deviceID=19450
PEN t=16.3609 monitor=global type=mouseMoved subtype=1 eventTimestamp=191458.2221 eventNumber=0 absolute=(29226.0000,7800.0000,930.0000) screen=(872.9297,-539.0156) pressure=0.0000 tangentialPressure=0.0000 tilt=(-0.1094,-0.3750) rotation=0.0000 buttons=0x0 deviceID=19450
PEN t=16.3650 monitor=global type=mouseMoved subtype=1 eventTimestamp=191458.2263 eventNumber=0 absolute=(29280.0000,7760.0000,974.0000) screen=(874.9023,-541.7734) pressure=0.0000 tangentialPressure=0.0000 tilt=(-0.1250,-0.3906) rotation=0.0000 buttons=0x0 deviceID=19450
PEN t=16.3685 monitor=global type=mouseMoved subtype=1 eventTimestamp=191458.2295 eventNumber=0 absolute=(29328.0000,7722.0000,1023.0000) screen=(876.6875,-544.3828) pressure=0.0000 tangentialPressure=0.0000 tilt=(-0.1250,-0.3750) rotation=0.0000 buttons=0x0 deviceID=19450
PEN t=16.3802 monitor=global type=mouseMoved subtype=1 eventTimestamp=191458.2393 eventNumber=0 absolute=(29386.0000,7684.0000,1023.0000) screen=(878.7656,-547.0664) pressure=0.0000 tangentialPressure=0.0000 tilt=(-0.1250,-0.3750) rotation=0.0000 buttons=0x0 deviceID=19450
PEN t=16.3813 monitor=global type=mouseMoved subtype=1 eventTimestamp=191458.2426 eventNumber=0 absolute=(29457.0000,7637.0000,1023.0000) screen=(881.3555,-550.3281) pressure=0.0000 tangentialPressure=0.0000 tilt=(-0.1250,-0.3750) rotation=0.0000 buttons=0x0 deviceID=19450
PROXIMITY t=16.3815 monitor=global type=tabletProximity subtype=0 eventTimestamp=191458.2427 eventNumber=0 entering=false deviceType=eraser deviceID=19450 pointingDeviceID=0 systemTabletID=1 tabletID=849 uniqueID=220220530638647 vendorID=1386 vendorType=2114 capabilities=0x17c7
PROXIMITY t=16.3817 monitor=global type=mouseMoved subtype=2 eventTimestamp=191458.2431 eventNumber=0 entering=false deviceType=eraser deviceID=19450 pointingDeviceID=0 systemTabletID=1 tabletID=849 uniqueID=220220530638647 vendorID=1386 vendorType=2114 capabilities=0x17c7
SUMMARY local=0 global=441 point=421 proximity=20 tabletSubtype=431 queueDropped=0
