Wacom macOS touch probe
apiVersion=4 duration=30s mode=observer
INITIALIZE result=success code=0
DEVICES reported=1 readable=1
CAPABILITIES device=0 result=success type=1 logical=(-193,-1080,1920,1080) physicalMm=(522.4,293.9) reported=(26640,14988) scan=(1,1) fingerMax=10 flags=0x0
REGISTER device=0 mode=observer result=success code=0
READY touch the Cintiq now; press Ctrl+C to stop
TOUCH t=5.908 device=0 frame=1 count=1 [id=0 state=down xy=(-165.396,-1028.479) size=(16.613,16.610) sensitivity=0 orientation=0.000 confidence=true]
TOUCH t=5.911 device=0 frame=2 count=1 [id=0 state=hold xy=(-165.324,-1028.479) size=(16.613,16.610) sensitivity=0 orientation=0.000 confidence=true]
TOUCH t=5.916 device=0 frame=3 count=1 [id=0 state=hold xy=(-165.324,-1028.479) size=(16.613,16.610) sensitivity=0 orientation=0.000 confidence=true]
TOUCH t=5.921 device=0 frame=4 count=1 [id=0 state=hold xy=(-165.324,-1028.479) size=(16.613,16.610) sensitivity=0 orientation=0.000 confidence=true]
TOUCH t=5.927 device=0 frame=5 count=1 [id=0 state=hold xy=(-165.324,-1028.479) size=(16.613,16.610) sensitivity=0 orientation=0.000 confidence=true]
TOUCH t=5.938 device=0 frame=6 count=1 [id=0 state=hold xy=(-165.396,-1028.479) size=(16.613,16.610) sensitivity=0 orientation=0.000 confidence=true]
TOUCH t=5.939 device=0 frame=7 count=1 [id=0 state=hold xy=(-165.396,-1028.479) size=(16.613,16.610) sensitivity=0 orientation=0.000 confidence=true]
TOUCH t=5.942 device=0 frame=8 count=1 [id=0 state=hold xy=(-165.468,-1028.479) size=(16.613,16.610) sensitivity=0 orientation=0.000 confidence=true]
TOUCH t=5.947 device=0 frame=9 count=1 [id=0 state=hold xy=(-165.468,-1028.479) size=(16.613,16.610) sensitivity=0 orientation=0.000 confidence=true]
TOUCH t=5.952 device=0 frame=10 count=1 [id=0 state=hold xy=(-165.541,-1028.479) size=(16.613,16.610) sensitivity=0 orientation=0.000 confidence=true]
TOUCH t=5.957 device=0 frame=11 count=1 [id=0 state=hold xy=(-165.541,-1028.407) size=(16.613,16.610) sensitivity=0 orientation=0.000 confidence=true]
TOUCH t=5.963 device=0 frame=12 count=1 [id=0 state=hold xy=(-165.613,-1028.407) size=(33.225,33.219) sensitivity=0 orientation=0.000 confidence=true]
TOUCH t=5.968 device=0 frame=13 count=1 [id=0 state=hold xy=(-165.613,-1028.335) size=(33.225,33.219) sensitivity=0 orientation=0.000 confidence=true]
TOUCH t=5.974 device=0 frame=14 count=1 [id=0 state=hold xy=(-165.685,-1028.335) size=(33.225,33.219) sensitivity=0 orientation=0.000 confidence=true]
TOUCH t=5.978 device=0 frame=15 count=1 [id=0 state=hold xy=(-165.757,-1028.263) size=(33.225,33.219) sensitivity=0 orientation=0.000 confidence=true]
TOUCH t=5.983 device=0 frame=16 count=1 [id=0 state=hold xy=(-165.757,-1028.191) size=(33.225,33.219) sensitivity=0 orientation=0.000 confidence=true]
TOUCH t=5.988 device=0 frame=17 count=1 [id=0 state=hold xy=(-165.829,-1028.119) size=(33.225,33.219) sensitivity=0 orientation=0.000 confidence=true]
TOUCH t=5.994 device=0 frame=18 count=1 [id=0 state=hold xy=(-165.829,-1028.119) size=(33.225,33.219) sensitivity=0 orientation=0.000 confidence=true]
TOUCH t=5.999 device=0 frame=19 count=1 [id=0 state=hold xy=(-165.901,-1028.046) size=(33.225,33.219) sensitivity=0 orientation=0.000 confidence=true]
TOUCH t=6.004 device=0 frame=20 count=1 [id=0 state=hold xy=(-165.973,-1027.974) size=(33.225,33.219) sensitivity=0 orientation=0.000 confidence=true]
TOUCH t=6.009 device=0 frame=21 count=1 [id=0 state=hold xy=(-165.973,-1027.974) size=(33.225,33.219) sensitivity=0 orientation=0.000 confidence=true]
TOUCH t=6.014 device=0 frame=22 count=1 [id=0 state=hold xy=(-166.045,-1027.902) size=(33.225,33.219) sensitivity=0 orientation=0.000 confidence=true]
TOUCH t=6.019 device=0 frame=23 count=1 [id=0 state=hold xy=(-166.045,-1027.830) size=(33.225,33.219) sensitivity=0 orientation=0.000 confidence=true]
TOUCH t=6.028 device=0 frame=24 count=1 [id=0 state=hold xy=(-166.117,-1027.686) size=(33.225,33.219) sensitivity=0 orientation=0.000 confidence=true]
TOUCH t=6.030 device=0 frame=25 count=1 [id=0 state=hold xy=(-166.261,-1027.398) size=(33.225,33.219) sensitivity=0 orientation=0.000 confidence=true]
TOUCH t=6.038 device=0 frame=26 count=1 [id=0 state=hold xy=(-166.405,-1027.110) size=(33.225,33.219) sensitivity=0 orientation=0.000 confidence=true]
TOUCH t=6.043 device=0 frame=27 count=1 [id=0 state=hold xy=(-166.550,-1026.894) size=(33.225,33.219) sensitivity=0 orientation=0.000 confidence=true]
TOUCH t=6.045 device=0 frame=28 count=1 [id=0 state=hold xy=(-166.694,-1026.605) size=(33.225,33.219) sensitivity=0 orientation=0.000 confidence=true]
TOUCH t=6.050 device=0 frame=29 count=1 [id=0 state=hold xy=(-166.982,-1026.389) size=(16.613,16.610) sensitivity=0 orientation=0.000 confidence=true]
TOUCH t=6.056 device=0 frame=30 count=1 [id=0 state=hold xy=(-167.342,-1026.173) size=(16.613,16.610) sensitivity=0 orientation=0.000 confidence=true]
TOUCH t=6.068 device=0 frame=31 count=1 [id=0 state=hold xy=(-167.847,-1026.029) size=(16.613,16.610) sensitivity=0 orientation=0.000 confidence=true]
TOUCH t=6.068 device=0 frame=32 count=1 [id=0 state=up xy=(-168.351,-1025.813) size=(16.613,16.610) sensitivity=0 orientation=0.000 confidence=true]
TOUCH t=8.946 device=0 frame=1 count=1 [id=0 state=down xy=(1700.477,-1016.950) size=(33.225,33.219) sensitivity=0 orientation=0.000 confidence=true]
TOUCH t=8.951 device=0 frame=2 count=1 [id=0 state=hold xy=(1700.477,-1016.950) size=(33.225,33.219) sensitivity=0 orientation=0.000 confidence=true]
TOUCH t=8.956 device=0 frame=3 count=1 [id=0 state=hold xy=(1700.477,-1016.950) size=(33.225,33.219) sensitivity=0 orientation=0.000 confidence=true]
TOUCH t=8.961 device=0 frame=4 count=1 [id=0 state=hold xy=(1700.477,-1016.950) size=(33.225,33.219) sensitivity=0 orientation=0.000 confidence=true]
TOUCH t=8.966 device=0 frame=5 count=1 [id=0 state=hold xy=(1700.477,-1016.878) size=(33.225,33.219) sensitivity=0 orientation=0.000 confidence=true]
TOUCH t=8.972 device=0 frame=6 count=1 [id=0 state=hold xy=(1700.405,-1016.878) size=(33.225,33.219) sensitivity=0 orientation=0.000 confidence=true]
TOUCH t=8.977 device=0 frame=7 count=1 [id=0 state=hold xy=(1700.405,-1016.878) size=(33.225,33.219) sensitivity=0 orientation=0.000 confidence=true]
TOUCH t=8.982 device=0 frame=8 count=1 [id=0 state=hold xy=(1700.405,-1016.805) size=(33.225,33.219) sensitivity=0 orientation=0.000 confidence=true]
TOUCH t=8.988 device=0 frame=9 count=1 [id=0 state=hold xy=(1700.405,-1016.805) size=(33.225,33.219) sensitivity=0 orientation=0.000 confidence=true]
TOUCH t=8.993 device=0 frame=10 count=1 [id=0 state=hold xy=(1700.333,-1016.733) size=(33.225,33.219) sensitivity=0 orientation=0.000 confidence=true]
TOUCH t=8.997 device=0 frame=11 count=1 [id=0 state=hold xy=(1700.333,-1016.661) size=(33.225,33.219) sensitivity=0 orientation=0.000 confidence=true]
TOUCH t=9.004 device=0 frame=12 count=1 [id=0 state=hold xy=(1700.405,-1016.661) size=(33.225,33.219) sensitivity=0 orientation=0.000 confidence=true]
TOUCH t=9.008 device=0 frame=13 count=1 [id=0 state=hold xy=(1700.405,-1016.589) size=(33.225,33.219) sensitivity=0 orientation=0.000 confidence=true]
TOUCH t=9.013 device=0 frame=14 count=1 [id=0 state=hold xy=(1700.550,-1016.589) size=(33.225,33.219) sensitivity=0 orientation=0.000 confidence=true]
TOUCH t=9.019 device=0 frame=15 count=1 [id=0 state=hold xy=(1700.694,-1016.517) size=(16.613,16.610) sensitivity=0 orientation=0.000 confidence=true]
TOUCH t=9.023 device=0 frame=16 count=1 [id=0 state=hold xy=(1701.414,-1016.229) size=(16.613,16.610) sensitivity=0 orientation=0.000 confidence=true]
TOUCH t=9.029 device=0 frame=17 count=1 [id=0 state=hold xy=(1702.351,-1016.013) size=(16.613,16.610) sensitivity=0 orientation=0.000 confidence=true]
TOUCH t=9.045 device=0 frame=18 count=1 [id=0 state=hold xy=(1703.432,-1015.725) size=(16.613,16.610) sensitivity=0 orientation=0.000 confidence=true]
TOUCH t=9.045 device=0 frame=19 count=1 [id=0 state=up xy=(1704.441,-1015.580) size=(16.613,16.610) sensitivity=0 orientation=0.000 confidence=true]
TOUCH t=11.804 device=0 frame=1 count=1 [id=0 state=down xy=(1695.865,-8.575) size=(16.613,16.610) sensitivity=0 orientation=0.000 confidence=true]
TOUCH t=11.810 device=0 frame=2 count=1 [id=0 state=hold xy=(1695.937,-8.575) size=(16.613,16.610) sensitivity=0 orientation=0.000 confidence=true]
TOUCH t=11.815 device=0 frame=3 count=1 [id=0 state=hold xy=(1695.865,-8.503) size=(16.613,16.610) sensitivity=0 orientation=0.000 confidence=true]
TOUCH t=11.820 device=0 frame=4 count=1 [id=0 state=hold xy=(1695.865,-8.359) size=(33.225,33.219) sensitivity=0 orientation=0.000 confidence=true]
TOUCH t=11.826 device=0 frame=5 count=1 [id=0 state=hold xy=(1695.865,-8.287) size=(33.225,33.219) sensitivity=0 orientation=0.000 confidence=true]
TOUCH t=11.830 device=0 frame=6 count=1 [id=0 state=hold xy=(1695.865,-8.215) size=(33.225,33.219) sensitivity=0 orientation=0.000 confidence=true]
TOUCH t=11.837 device=0 frame=7 count=1 [id=0 state=hold xy=(1695.865,-8.143) size=(33.225,33.219) sensitivity=0 orientation=0.000 confidence=true]
TOUCH t=11.841 device=0 frame=8 count=1 [id=0 state=hold xy=(1695.793,-8.070) size=(33.225,33.219) sensitivity=0 orientation=0.000 confidence=true]
TOUCH t=11.846 device=0 frame=9 count=1 [id=0 state=hold xy=(1695.793,-7.998) size=(33.225,33.219) sensitivity=0 orientation=0.000 confidence=true]
TOUCH t=11.853 device=0 frame=10 count=1 [id=0 state=hold xy=(1695.793,-7.926) size=(33.225,33.219) sensitivity=0 orientation=0.000 confidence=true]
TOUCH t=11.856 device=0 frame=11 count=1 [id=0 state=hold xy=(1695.793,-7.926) size=(33.225,33.219) sensitivity=0 orientation=0.000 confidence=true]
TOUCH t=11.861 device=0 frame=12 count=1 [id=0 state=hold xy=(1695.793,-7.854) size=(33.225,33.219) sensitivity=0 orientation=0.000 confidence=true]
TOUCH t=11.867 device=0 frame=13 count=1 [id=0 state=hold xy=(1695.793,-7.854) size=(33.225,33.219) sensitivity=0 orientation=0.000 confidence=true]
TOUCH t=11.872 device=0 frame=14 count=1 [id=0 state=hold xy=(1695.793,-7.926) size=(33.225,33.219) sensitivity=0 orientation=0.000 confidence=true]
TOUCH t=11.879 device=0 frame=15 count=1 [id=0 state=hold xy=(1695.865,-7.926) size=(33.225,33.219) sensitivity=0 orientation=0.000 confidence=true]
TOUCH t=11.882 device=0 frame=16 count=1 [id=0 state=hold xy=(1695.937,-7.926) size=(33.225,33.219) sensitivity=0 orientation=0.000 confidence=true]
TOUCH t=11.887 device=0 frame=17 count=1 [id=0 state=hold xy=(1696.009,-7.998) size=(33.225,33.219) sensitivity=0 orientation=0.000 confidence=true]
TOUCH t=11.892 device=0 frame=18 count=1 [id=0 state=hold xy=(1696.081,-8.070) size=(33.225,33.219) sensitivity=0 orientation=0.000 confidence=true]
TOUCH t=11.897 device=0 frame=19 count=1 [id=0 state=hold xy=(1696.153,-8.070) size=(16.613,16.610) sensitivity=0 orientation=0.000 confidence=true]
TOUCH t=11.903 device=0 frame=20 count=1 [id=0 state=hold xy=(1696.225,-8.143) size=(16.613,16.610) sensitivity=0 orientation=0.000 confidence=true]
TOUCH t=11.908 device=0 frame=21 count=1 [id=0 state=hold xy=(1696.297,-8.215) size=(16.613,16.610) sensitivity=0 orientation=0.000 confidence=true]
TOUCH t=11.913 device=0 frame=22 count=1 [id=0 state=hold xy=(1696.297,-8.215) size=(16.613,16.610) sensitivity=0 orientation=0.000 confidence=true]
TOUCH t=11.918 device=0 frame=23 count=1 [id=0 state=hold xy=(1696.297,-8.215) size=(16.613,16.610) sensitivity=0 orientation=0.000 confidence=true]
TOUCH t=11.930 device=0 frame=24 count=1 [id=0 state=up xy=(1696.297,-8.215) size=(16.613,16.610) sensitivity=0 orientation=0.000 confidence=true]
TOUCH t=14.906 device=0 frame=1 count=1 [id=0 state=down xy=(-167.703,-9.440) size=(16.613,16.610) sensitivity=0 orientation=0.000 confidence=true]
TOUCH t=14.912 device=0 frame=2 count=1 [id=0 state=hold xy=(-167.703,-9.440) size=(16.613,16.610) sensitivity=0 orientation=0.000 confidence=true]
TOUCH t=14.917 device=0 frame=3 count=1 [id=0 state=hold xy=(-167.703,-9.512) size=(16.613,16.610) sensitivity=0 orientation=0.000 confidence=true]
TOUCH t=14.922 device=0 frame=4 count=1 [id=0 state=hold xy=(-167.703,-9.584) size=(16.613,16.610) sensitivity=0 orientation=0.000 confidence=true]
TOUCH t=14.927 device=0 frame=5 count=1 [id=0 state=hold xy=(-167.631,-9.584) size=(16.613,16.610) sensitivity=0 orientation=0.000 confidence=true]
TOUCH t=14.933 device=0 frame=6 count=1 [id=0 state=hold xy=(-167.559,-9.656) size=(16.613,16.610) sensitivity=0 orientation=0.000 confidence=true]
TOUCH t=14.937 device=0 frame=7 count=1 [id=0 state=hold xy=(-167.559,-9.656) size=(16.613,16.610) sensitivity=0 orientation=0.000 confidence=true]
TOUCH t=14.945 device=0 frame=8 count=1 [id=0 state=hold xy=(-167.486,-9.728) size=(16.613,16.610) sensitivity=0 orientation=0.000 confidence=true]
TOUCH t=14.947 device=0 frame=9 count=1 [id=0 state=hold xy=(-167.414,-9.800) size=(16.613,16.610) sensitivity=0 orientation=0.000 confidence=true]
TOUCH t=14.953 device=0 frame=10 count=1 [id=0 state=hold xy=(-167.414,-9.872) size=(16.613,16.610) sensitivity=0 orientation=0.000 confidence=true]
TOUCH t=14.958 device=0 frame=11 count=1 [id=0 state=hold xy=(-167.342,-9.944) size=(16.613,16.610) sensitivity=0 orientation=0.000 confidence=true]
TOUCH t=14.963 device=0 frame=12 count=1 [id=0 state=hold xy=(-167.270,-10.016) size=(16.613,16.610) sensitivity=0 orientation=0.000 confidence=true]
TOUCH t=14.968 device=0 frame=13 count=1 [id=0 state=hold xy=(-167.126,-10.232) size=(16.613,16.610) sensitivity=0 orientation=0.000 confidence=true]
TOUCH t=14.974 device=0 frame=14 count=1 [id=0 state=hold xy=(-166.982,-10.448) size=(16.613,16.610) sensitivity=0 orientation=0.000 confidence=true]
TOUCH t=14.979 device=0 frame=15 count=1 [id=0 state=hold xy=(-166.982,-10.520) size=(33.225,33.219) sensitivity=0 orientation=0.000 confidence=true]
TOUCH t=14.983 device=0 frame=16 count=1 [id=0 state=hold xy=(-166.838,-10.809) size=(16.613,16.610) sensitivity=0 orientation=0.000 confidence=true]
TOUCH t=14.992 device=0 frame=17 count=1 [id=0 state=hold xy=(-166.766,-10.953) size=(16.613,16.610) sensitivity=0 orientation=0.000 confidence=true]
TOUCH t=14.994 device=0 frame=18 count=1 [id=0 state=hold xy=(-166.694,-11.097) size=(16.613,16.610) sensitivity=0 orientation=0.000 confidence=true]
TOUCH t=14.999 device=0 frame=19 count=1 [id=0 state=hold xy=(-166.694,-11.169) size=(16.613,16.610) sensitivity=0 orientation=0.000 confidence=true]
TOUCH t=15.004 device=0 frame=20 count=1 [id=0 state=hold xy=(-166.622,-11.241) size=(16.613,16.610) sensitivity=0 orientation=0.000 confidence=true]
TOUCH t=15.009 device=0 frame=21 count=1 [id=0 state=hold xy=(-166.622,-11.313) size=(16.613,16.610) sensitivity=0 orientation=0.000 confidence=true]
TOUCH t=15.014 device=0 frame=22 count=1 [id=0 state=hold xy=(-166.622,-11.457) size=(16.613,16.610) sensitivity=0 orientation=0.000 confidence=true]
TOUCH t=15.029 device=0 frame=23 count=1 [id=0 state=hold xy=(-166.550,-11.601) size=(16.613,16.610) sensitivity=0 orientation=0.000 confidence=true]
TOUCH t=15.030 device=0 frame=24 count=1 [id=0 state=hold xy=(-166.622,-11.745) size=(16.613,16.610) sensitivity=0 orientation=0.000 confidence=true]
TOUCH t=15.030 device=0 frame=25 count=1 [id=0 state=hold xy=(-166.694,-12.394) size=(16.613,16.610) sensitivity=0 orientation=0.000 confidence=true]
TOUCH t=15.042 device=0 frame=26 count=1 [id=0 state=hold xy=(-166.838,-13.042) size=(16.613,16.610) sensitivity=0 orientation=0.000 confidence=true]
TOUCH t=15.042 device=0 frame=27 count=1 [id=0 state=up xy=(-167.054,-13.619) size=(16.613,16.610) sensitivity=0 orientation=0.000 confidence=true]
TOUCH t=18.473 device=0 frame=1 count=1 [id=0 state=down xy=(798.784,-497.198) size=(33.225,33.219) sensitivity=0 orientation=0.000 confidence=true]
TOUCH t=18.478 device=0 frame=2 count=1 [id=0 state=hold xy=(798.784,-497.198) size=(33.225,33.219) sensitivity=0 orientation=0.000 confidence=true]
TOUCH t=18.483 device=0 frame=3 count=1 [id=0 state=hold xy=(798.712,-497.270) size=(33.225,33.219) sensitivity=0 orientation=0.000 confidence=true]
TOUCH t=18.488 device=0 frame=4 count=1 [id=0 state=hold xy=(798.640,-497.342) size=(33.225,33.219) sensitivity=0 orientation=0.000 confidence=true]
TOUCH t=18.494 device=0 frame=5 count=1 [id=0 state=hold xy=(798.423,-497.702) size=(33.225,33.219) sensitivity=0 orientation=0.000 confidence=true]
TOUCH t=18.498 device=0 frame=6 count=1 [id=0 state=hold xy=(798.207,-498.062) size=(33.225,33.219) sensitivity=0 orientation=0.000 confidence=true]
TOUCH t=18.504 device=0 frame=7 count=1 [id=0 state=hold xy=(798.063,-498.279) size=(33.225,33.219) sensitivity=0 orientation=0.000 confidence=true]
TOUCH t=18.509 device=0 frame=8 count=1 [id=0 state=hold xy=(797.919,-498.567) size=(33.225,33.219) sensitivity=0 orientation=0.000 confidence=true]
TOUCH t=18.515 device=0 frame=9 count=1 [id=0 state=hold xy=(797.847,-498.639) size=(33.225,33.219) sensitivity=0 orientation=0.000 confidence=true]
TOUCH t=18.519 device=0 frame=10 count=1 [id=0 state=hold xy=(797.847,-498.711) size=(33.225,33.219) sensitivity=0 orientation=0.000 confidence=true]
TOUCH t=18.524 device=0 frame=11 count=1 [id=0 state=hold xy=(797.919,-498.783) size=(16.613,16.610) sensitivity=0 orientation=0.000 confidence=true]
TOUCH t=18.529 device=0 frame=12 count=1 [id=0 state=hold xy=(797.919,-498.855) size=(16.613,16.610) sensitivity=0 orientation=0.000 confidence=true]
TOUCH t=18.541 device=0 frame=13 count=1 [id=0 state=up xy=(797.991,-498.927) size=(16.613,16.610) sensitivity=0 orientation=0.000 confidence=true]
TOUCH t=21.549 device=0 frame=1 count=1 [id=0 state=down xy=(793.162,-492.946) size=(33.225,33.219) sensitivity=0 orientation=0.000 confidence=true]
TOUCH t=21.554 device=0 frame=2 count=1 [id=0 state=hold xy=(793.162,-492.946) size=(33.225,33.219) sensitivity=0 orientation=0.000 confidence=true]
TOUCH t=21.560 device=0 frame=3 count=1 [id=0 state=hold xy=(793.162,-493.018) size=(33.225,33.219) sensitivity=0 orientation=0.000 confidence=true]
TOUCH t=21.564 device=0 frame=4 count=1 [id=0 state=hold xy=(793.090,-493.018) size=(33.225,33.219) sensitivity=0 orientation=0.000 confidence=true]
TOUCH t=21.569 device=0 frame=5 count=1 [id=0 state=hold xy=(793.090,-493.018) size=(33.225,33.219) sensitivity=0 orientation=0.000 confidence=true]
TOUCH t=21.574 device=0 frame=6 count=1 [id=0 state=hold xy=(793.018,-493.018) size=(33.225,33.219) sensitivity=0 orientation=0.000 confidence=true]
TOUCH t=21.579 device=0 frame=7 count=1 [id=0 state=hold xy=(793.018,-493.018) size=(33.225,33.219) sensitivity=0 orientation=0.000 confidence=true]
TOUCH t=21.587 device=0 frame=8 count=1 [id=0 state=hold xy=(792.874,-493.018) size=(33.225,33.219) sensitivity=0 orientation=0.000 confidence=true]
TOUCH t=21.593 device=0 frame=9 count=1 [id=0 state=hold xy=(792.802,-492.946) size=(33.225,33.219) sensitivity=0 orientation=0.000 confidence=true]
TOUCH t=21.595 device=0 frame=10 count=1 [id=0 state=hold xy=(792.225,-492.514) size=(33.225,33.219) sensitivity=0 orientation=0.000 confidence=true]
TOUCH t=21.602 device=0 frame=11 count=1 [id=0 state=hold xy=(791.288,-491.865) size=(33.225,33.219) sensitivity=0 orientation=0.000 confidence=true]
TOUCH t=21.612 device=0 frame=12 count=1 [id=0 state=hold xy=(790.135,-490.857) size=(33.225,33.219) sensitivity=0 orientation=0.000 confidence=true]
TOUCH t=21.613 device=0 frame=13 count=1 [id=0 state=hold xy=(788.550,-489.704) size=(33.225,33.219) sensitivity=0 orientation=0.000 confidence=true]
TOUCH t=21.618 device=0 frame=14 count=1 [id=0 state=hold xy=(786.676,-488.263) size=(33.225,33.219) sensitivity=0 orientation=0.000 confidence=true]
TOUCH t=21.621 device=0 frame=15 count=1 [id=0 state=hold xy=(784.369,-486.533) size=(33.225,33.219) sensitivity=0 orientation=0.000 confidence=true]
TOUCH t=21.632 device=0 frame=16 count=1 [id=0 state=hold xy=(781.631,-484.516) size=(33.225,33.219) sensitivity=0 orientation=0.000 confidence=true]
TOUCH t=21.633 device=0 frame=17 count=1 [id=0 state=hold xy=(776.369,-480.408) size=(33.225,33.219) sensitivity=0 orientation=0.000 confidence=true]
TOUCH t=21.635 device=0 frame=18 count=1 [id=0 state=hold xy=(769.378,-474.644) size=(33.225,33.219) sensitivity=0 orientation=0.000 confidence=true]
TOUCH t=21.641 device=0 frame=19 count=1 [id=0 state=hold xy=(763.180,-469.456) size=(33.225,33.219) sensitivity=0 orientation=0.000 confidence=true]
TOUCH t=21.647 device=0 frame=20 count=1 [id=0 state=hold xy=(755.613,-462.970) size=(33.225,33.219) sensitivity=0 orientation=0.000 confidence=true]
TOUCH t=21.652 device=0 frame=21 count=1 [id=0 state=hold xy=(751.360,-459.223) size=(33.225,33.219) sensitivity=0 orientation=0.000 confidence=true]
TOUCH t=21.657 device=0 frame=22 count=1 [id=0 state=hold xy=(747.036,-455.476) size=(33.225,33.219) sensitivity=0 orientation=0.000 confidence=true]
TOUCH t=21.662 device=0 frame=23 count=1 [id=0 state=hold xy=(742.784,-451.297) size=(33.225,33.219) sensitivity=0 orientation=0.000 confidence=true]
TOUCH t=21.670 device=0 frame=24 count=1 [id=0 state=hold xy=(738.604,-447.118) size=(33.225,33.219) sensitivity=0 orientation=0.000 confidence=true]
TOUCH t=21.672 device=0 frame=25 count=1 [id=0 state=hold xy=(734.495,-443.155) size=(33.225,33.219) sensitivity=0 orientation=0.000 confidence=true]
TOUCH t=21.677 device=0 frame=26 count=1 [id=0 state=hold xy=(730.532,-439.119) size=(33.225,33.219) sensitivity=0 orientation=0.000 confidence=true]
TOUCH t=21.682 device=0 frame=27 count=1 [id=0 state=hold xy=(726.568,-435.228) size=(33.225,33.219) sensitivity=0 orientation=0.000 confidence=true]
TOUCH t=21.688 device=0 frame=28 count=1 [id=0 state=hold xy=(722.820,-431.553) size=(33.225,33.219) sensitivity=0 orientation=0.000 confidence=true]
TOUCH t=21.693 device=0 frame=29 count=1 [id=0 state=hold xy=(719.288,-427.878) size=(33.225,33.219) sensitivity=0 orientation=0.000 confidence=true]
TOUCH t=21.699 device=0 frame=30 count=1 [id=0 state=hold xy=(715.973,-424.492) size=(33.225,33.219) sensitivity=0 orientation=0.000 confidence=true]
TOUCH t=21.703 device=0 frame=31 count=1 [id=0 state=hold xy=(712.730,-421.321) size=(33.225,33.219) sensitivity=0 orientation=0.000 confidence=true]
TOUCH t=21.708 device=0 frame=32 count=1 [id=0 state=hold xy=(709.775,-418.295) size=(33.225,33.219) sensitivity=0 orientation=0.000 confidence=true]
TOUCH t=21.713 device=0 frame=33 count=1 [id=0 state=hold xy=(706.964,-415.340) size=(33.225,33.219) sensitivity=0 orientation=0.000 confidence=true]
TOUCH t=21.719 device=0 frame=34 count=1 [id=0 state=hold xy=(704.369,-412.458) size=(33.225,33.219) sensitivity=0 orientation=0.000 confidence=true]
TOUCH t=21.724 device=0 frame=35 count=1 [id=0 state=hold xy=(702.063,-409.792) size=(33.225,33.219) sensitivity=0 orientation=0.000 confidence=true]
TOUCH t=21.729 device=0 frame=36 count=1 [id=0 state=hold xy=(700.045,-407.486) size=(33.225,33.219) sensitivity=0 orientation=0.000 confidence=true]
TOUCH t=21.735 device=0 frame=37 count=1 [id=0 state=hold xy=(698.243,-405.612) size=(33.225,33.219) sensitivity=0 orientation=0.000 confidence=true]
TOUCH t=21.739 device=0 frame=38 count=1 [id=0 state=hold xy=(696.658,-403.883) size=(33.225,33.219) sensitivity=0 orientation=0.000 confidence=true]
TOUCH t=21.746 device=0 frame=39 count=1 [id=0 state=hold xy=(695.288,-402.082) size=(33.225,33.219) sensitivity=0 orientation=0.000 confidence=true]
TOUCH t=21.751 device=0 frame=40 count=1 [id=0 state=hold xy=(693.847,-400.496) size=(33.225,33.219) sensitivity=0 orientation=0.000 confidence=true]
TOUCH t=21.755 device=0 frame=41 count=1 [id=0 state=hold xy=(692.333,-398.839) size=(33.225,33.219) sensitivity=0 orientation=0.000 confidence=true]
TOUCH t=21.760 device=0 frame=42 count=1 [id=0 state=hold xy=(690.748,-397.110) size=(33.225,33.219) sensitivity=0 orientation=0.000 confidence=true]
TOUCH t=21.765 device=0 frame=43 count=1 [id=0 state=hold xy=(689.090,-395.308) size=(16.613,16.610) sensitivity=0 orientation=0.000 confidence=true]
TOUCH t=21.770 device=0 frame=44 count=1 [id=0 state=hold xy=(687.288,-393.363) size=(16.613,16.610) sensitivity=0 orientation=0.000 confidence=true]
TOUCH t=21.778 device=0 frame=45 count=1 [id=0 state=up xy=(685.559,-391.561) size=(16.613,16.610) sensitivity=0 orientation=0.000 confidence=true]
TOUCH t=24.423 device=0 frame=1 count=1 [id=0 state=down xy=(552.658,-547.998) size=(33.225,33.219) sensitivity=0 orientation=0.000 confidence=true]
TOUCH t=24.428 device=0 frame=2 count=1 [id=0 state=hold xy=(552.658,-548.070) size=(33.225,33.219) sensitivity=0 orientation=0.000 confidence=true]
TOUCH t=24.436 device=0 frame=3 count=1 [id=0 state=hold xy=(552.586,-548.215) size=(33.225,33.219) sensitivity=0 orientation=0.000 confidence=true]
TOUCH t=24.439 device=0 frame=4 count=1 [id=0 state=hold xy=(552.369,-548.935) size=(33.225,33.219) sensitivity=0 orientation=0.000 confidence=true]
TOUCH t=24.444 device=0 frame=5 count=2 [id=0 state=hold xy=(552.081,-549.872) size=(33.225,33.219) sensitivity=0 orientation=0.000 confidence=true] [id=1 state=down xy=(391.865,-442.794) size=(33.225,33.219) sensitivity=0 orientation=0.000 confidence=true]
TOUCH t=24.449 device=0 frame=6 count=2 [id=0 state=hold xy=(551.793,-550.737) size=(33.225,33.219) sensitivity=0 orientation=0.000 confidence=true] [id=1 state=hold xy=(391.793,-442.794) size=(33.225,33.219) sensitivity=0 orientation=0.000 confidence=true]
TOUCH t=24.455 device=0 frame=7 count=2 [id=0 state=hold xy=(551.505,-551.529) size=(33.225,33.219) sensitivity=0 orientation=0.000 confidence=true] [id=1 state=hold xy=(391.577,-442.866) size=(33.225,33.219) sensitivity=0 orientation=0.000 confidence=true]
TOUCH t=24.461 device=0 frame=8 count=2 [id=0 state=hold xy=(551.216,-552.178) size=(33.225,33.219) sensitivity=0 orientation=0.000 confidence=true] [id=1 state=hold xy=(390.640,-443.010) size=(33.225,33.219) sensitivity=0 orientation=0.000 confidence=true]
TOUCH t=24.465 device=0 frame=9 count=2 [id=0 state=hold xy=(550.928,-552.754) size=(33.225,33.219) sensitivity=0 orientation=0.000 confidence=true] [id=1 state=hold xy=(389.559,-443.155) size=(33.225,33.219) sensitivity=0 orientation=0.000 confidence=true]
TOUCH t=24.470 device=0 frame=10 count=2 [id=0 state=hold xy=(550.640,-553.187) size=(33.225,33.219) sensitivity=0 orientation=0.000 confidence=true] [id=1 state=hold xy=(388.477,-443.371) size=(33.225,33.219) sensitivity=0 orientation=0.000 confidence=true]
TOUCH t=24.477 device=0 frame=11 count=2 [id=0 state=hold xy=(550.423,-553.475) size=(33.225,33.219) sensitivity=0 orientation=0.000 confidence=true] [id=1 state=hold xy=(387.324,-443.587) size=(33.225,33.219) sensitivity=0 orientation=0.000 confidence=true]
TOUCH t=24.480 device=0 frame=12 count=2 [id=0 state=hold xy=(550.279,-553.691) size=(33.225,33.219) sensitivity=0 orientation=0.000 confidence=true] [id=1 state=hold xy=(386.243,-443.659) size=(33.225,33.219) sensitivity=0 orientation=0.000 confidence=true]
TOUCH t=24.486 device=0 frame=13 count=2 [id=0 state=hold xy=(550.063,-553.835) size=(33.225,33.219) sensitivity=0 orientation=0.000 confidence=true] [id=1 state=hold xy=(385.234,-443.731) size=(33.225,33.219) sensitivity=0 orientation=0.000 confidence=true]
TOUCH t=24.496 device=0 frame=14 count=2 [id=0 state=hold xy=(549.991,-553.907) size=(33.225,33.219) sensitivity=0 orientation=0.000 confidence=true] [id=1 state=hold xy=(384.297,-443.803) size=(33.225,33.219) sensitivity=0 orientation=0.000 confidence=true]
TOUCH t=24.496 device=0 frame=15 count=2 [id=0 state=hold xy=(549.847,-553.907) size=(33.225,33.219) sensitivity=0 orientation=0.000 confidence=true] [id=1 state=hold xy=(383.432,-443.803) size=(33.225,33.219) sensitivity=0 orientation=0.000 confidence=true]
TOUCH t=24.501 device=0 frame=16 count=2 [id=0 state=hold xy=(549.775,-553.835) size=(33.225,33.219) sensitivity=0 orientation=0.000 confidence=true] [id=1 state=hold xy=(382.712,-443.803) size=(33.225,33.219) sensitivity=0 orientation=0.000 confidence=true]
TOUCH t=24.507 device=0 frame=17 count=2 [id=0 state=hold xy=(549.703,-553.691) size=(33.225,33.219) sensitivity=0 orientation=0.000 confidence=true] [id=1 state=hold xy=(382.063,-443.731) size=(33.225,33.219) sensitivity=0 orientation=0.000 confidence=true]
TOUCH t=24.512 device=0 frame=18 count=2 [id=0 state=hold xy=(549.703,-553.547) size=(33.225,33.219) sensitivity=0 orientation=0.000 confidence=true] [id=1 state=hold xy=(381.559,-443.731) size=(33.225,33.219) sensitivity=0 orientation=0.000 confidence=true]
TOUCH t=24.517 device=0 frame=19 count=2 [id=0 state=hold xy=(549.703,-553.331) size=(33.225,33.219) sensitivity=0 orientation=0.000 confidence=true] [id=1 state=hold xy=(381.054,-443.587) size=(33.225,33.219) sensitivity=0 orientation=0.000 confidence=true]
TOUCH t=24.522 device=0 frame=20 count=2 [id=0 state=hold xy=(549.631,-553.042) size=(33.225,33.219) sensitivity=0 orientation=0.000 confidence=true] [id=1 state=hold xy=(380.694,-443.371) size=(33.225,33.219) sensitivity=0 orientation=0.000 confidence=true]
TOUCH t=24.530 device=0 frame=21 count=2 [id=0 state=hold xy=(549.631,-552.970) size=(33.225,33.219) sensitivity=0 orientation=0.000 confidence=true] [id=1 state=hold xy=(380.333,-443.010) size=(33.225,33.219) sensitivity=0 orientation=0.000 confidence=true]
TOUCH t=24.533 device=0 frame=22 count=2 [id=0 state=hold xy=(549.631,-552.826) size=(33.225,33.219) sensitivity=0 orientation=0.000 confidence=true] [id=1 state=hold xy=(380.117,-442.506) size=(33.225,33.219) sensitivity=0 orientation=0.000 confidence=true]
TOUCH t=24.537 device=0 frame=23 count=2 [id=0 state=hold xy=(549.631,-552.754) size=(33.225,33.219) sensitivity=0 orientation=0.000 confidence=true] [id=1 state=hold xy=(379.901,-441.930) size=(33.225,33.219) sensitivity=0 orientation=0.000 confidence=true]
TOUCH t=24.542 device=0 frame=24 count=2 [id=0 state=hold xy=(549.631,-552.538) size=(33.225,33.219) sensitivity=0 orientation=0.000 confidence=true] [id=1 state=hold xy=(379.829,-441.281) size=(33.225,33.219) sensitivity=0 orientation=0.000 confidence=true]
TOUCH t=24.548 device=0 frame=25 count=2 [id=0 state=hold xy=(549.631,-552.394) size=(33.225,33.219) sensitivity=0 orientation=0.000 confidence=true] [id=1 state=hold xy=(379.757,-440.488) size=(33.225,33.219) sensitivity=0 orientation=0.000 confidence=true]
TOUCH t=24.554 device=0 frame=26 count=2 [id=0 state=hold xy=(549.631,-552.106) size=(33.225,33.219) sensitivity=0 orientation=0.000 confidence=true] [id=1 state=hold xy=(379.757,-439.624) size=(33.225,33.219) sensitivity=0 orientation=0.000 confidence=true]
TOUCH t=24.558 device=0 frame=27 count=2 [id=0 state=hold xy=(549.631,-551.817) size=(33.225,33.219) sensitivity=0 orientation=0.000 confidence=true] [id=1 state=hold xy=(379.829,-438.615) size=(33.225,33.219) sensitivity=0 orientation=0.000 confidence=true]
TOUCH t=24.563 device=0 frame=28 count=2 [id=0 state=hold xy=(549.775,-550.592) size=(33.225,33.219) sensitivity=0 orientation=0.000 confidence=true] [id=1 state=hold xy=(379.901,-437.534) size=(33.225,33.219) sensitivity=0 orientation=0.000 confidence=true]
TOUCH t=24.568 device=0 frame=29 count=2 [id=0 state=hold xy=(549.847,-549.151) size=(33.225,33.219) sensitivity=0 orientation=0.000 confidence=true] [id=1 state=hold xy=(380.045,-436.237) size=(33.225,33.219) sensitivity=0 orientation=0.000 confidence=true]
TOUCH t=24.573 device=0 frame=30 count=2 [id=0 state=hold xy=(549.919,-547.710) size=(33.225,33.219) sensitivity=0 orientation=0.000 confidence=true] [id=1 state=hold xy=(380.261,-434.796) size=(33.225,33.219) sensitivity=0 orientation=0.000 confidence=true]
TOUCH t=24.578 device=0 frame=31 count=2 [id=0 state=hold xy=(549.991,-546.053) size=(33.225,33.219) sensitivity=0 orientation=0.000 confidence=true] [id=1 state=hold xy=(380.477,-433.139) size=(33.225,33.219) sensitivity=0 orientation=0.000 confidence=true]
TOUCH t=24.584 device=0 frame=32 count=2 [id=0 state=hold xy=(550.063,-544.396) size=(33.225,33.219) sensitivity=0 orientation=0.000 confidence=true] [id=1 state=hold xy=(380.766,-431.409) size=(33.225,33.219) sensitivity=0 orientation=0.000 confidence=true]
TOUCH t=24.590 device=0 frame=33 count=2 [id=0 state=hold xy=(550.207,-542.594) size=(33.225,33.219) sensitivity=0 orientation=0.000 confidence=true] [id=1 state=hold xy=(381.126,-429.608) size=(33.225,33.219) sensitivity=0 orientation=0.000 confidence=true]
TOUCH t=24.595 device=0 frame=34 count=2 [id=0 state=hold xy=(550.423,-540.648) size=(33.225,33.219) sensitivity=0 orientation=0.000 confidence=true] [id=1 state=hold xy=(381.559,-427.734) size=(33.225,33.219) sensitivity=0 orientation=0.000 confidence=true]
TOUCH t=24.599 device=0 frame=35 count=2 [id=0 state=hold xy=(550.640,-538.487) size=(33.225,33.219) sensitivity=0 orientation=0.000 confidence=true] [id=1 state=hold xy=(382.135,-425.572) size=(33.225,33.219) sensitivity=0 orientation=0.000 confidence=true]
TOUCH t=24.604 device=0 frame=36 count=2 [id=0 state=hold xy=(550.928,-536.253) size=(33.225,33.219) sensitivity=0 orientation=0.000 confidence=true] [id=1 state=hold xy=(382.856,-423.339) size=(33.225,33.219) sensitivity=0 orientation=0.000 confidence=true]
TOUCH t=24.609 device=0 frame=37 count=2 [id=0 state=hold xy=(551.288,-533.875) size=(33.225,33.219) sensitivity=0 orientation=0.000 confidence=true] [id=1 state=hold xy=(384.297,-419.448) size=(33.225,33.219) sensitivity=0 orientation=0.000 confidence=true]
TOUCH t=24.614 device=0 frame=38 count=2 [id=0 state=hold xy=(551.721,-531.209) size=(33.225,33.219) sensitivity=0 orientation=0.000 confidence=true] [id=1 state=hold xy=(385.667,-415.701) size=(33.225,33.219) sensitivity=0 orientation=0.000 confidence=true]
TOUCH t=24.620 device=0 frame=39 count=2 [id=0 state=hold xy=(552.586,-526.813) size=(33.225,33.219) sensitivity=0 orientation=0.000 confidence=true] [id=1 state=hold xy=(387.036,-412.170) size=(33.225,33.219) sensitivity=0 orientation=0.000 confidence=true]
TOUCH t=24.627 device=0 frame=40 count=2 [id=0 state=hold xy=(553.595,-522.562) size=(33.225,33.219) sensitivity=0 orientation=0.000 confidence=true] [id=1 state=hold xy=(388.405,-408.855) size=(33.225,33.219) sensitivity=0 orientation=0.000 confidence=true]
TOUCH t=24.633 device=0 frame=41 count=2 [id=0 state=hold xy=(554.604,-518.527) size=(33.225,33.219) sensitivity=0 orientation=0.000 confidence=true] [id=1 state=hold xy=(389.775,-405.685) size=(33.225,33.219) sensitivity=0 orientation=0.000 confidence=true]
TOUCH t=24.635 device=0 frame=42 count=2 [id=0 state=hold xy=(555.973,-513.843) size=(33.225,33.219) sensitivity=0 orientation=0.000 confidence=true] [id=1 state=hold xy=(391.505,-401.793) size=(33.225,33.219) sensitivity=0 orientation=0.000 confidence=true]
TOUCH t=24.640 device=0 frame=43 count=2 [id=0 state=hold xy=(557.342,-509.520) size=(33.225,33.219) sensitivity=0 orientation=0.000 confidence=true] [id=1 state=hold xy=(393.018,-397.974) size=(33.225,33.219) sensitivity=0 orientation=0.000 confidence=true]
TOUCH t=24.646 device=0 frame=44 count=2 [id=0 state=hold xy=(558.712,-505.629) size=(33.225,33.219) sensitivity=0 orientation=0.000 confidence=true] [id=1 state=hold xy=(394.459,-394.371) size=(33.225,33.219) sensitivity=0 orientation=0.000 confidence=true]
TOUCH t=24.651 device=0 frame=45 count=2 [id=0 state=hold xy=(560.009,-501.882) size=(33.225,33.219) sensitivity=0 orientation=0.000 confidence=true] [id=1 state=hold xy=(395.829,-390.985) size=(33.225,33.219) sensitivity=0 orientation=0.000 confidence=true]
TOUCH t=24.663 device=0 frame=46 count=2 [id=0 state=hold xy=(561.306,-498.351) size=(33.225,33.219) sensitivity=0 orientation=0.000 confidence=true] [id=1 state=hold xy=(397.270,-387.742) size=(33.225,33.219) sensitivity=0 orientation=0.000 confidence=true]
TOUCH t=24.664 device=0 frame=47 count=2 [id=0 state=hold xy=(562.676,-495.180) size=(33.225,33.219) sensitivity=0 orientation=0.000 confidence=true] [id=1 state=hold xy=(398.784,-384.644) size=(33.225,33.219) sensitivity=0 orientation=0.000 confidence=true]
TOUCH t=24.666 device=0 frame=48 count=2 [id=0 state=hold xy=(564.117,-492.010) size=(33.225,33.219) sensitivity=0 orientation=0.000 confidence=true] [id=1 state=hold xy=(400.514,-381.473) size=(33.225,33.219) sensitivity=0 orientation=0.000 confidence=true]
TOUCH t=24.671 device=0 frame=49 count=2 [id=0 state=hold xy=(565.703,-488.839) size=(33.225,33.219) sensitivity=0 orientation=0.000 confidence=true] [id=1 state=hold xy=(402.243,-378.303) size=(33.225,33.219) sensitivity=0 orientation=0.000 confidence=true]
TOUCH t=24.676 device=0 frame=50 count=2 [id=0 state=hold xy=(567.360,-485.524) size=(33.225,33.219) sensitivity=0 orientation=0.000 confidence=true] [id=1 state=hold xy=(403.973,-375.132) size=(33.225,33.219) sensitivity=0 orientation=0.000 confidence=true]
TOUCH t=24.682 device=0 frame=51 count=2 [id=0 state=hold xy=(569.234,-482.138) size=(33.225,33.219) sensitivity=0 orientation=0.000 confidence=true] [id=1 state=hold xy=(405.847,-371.962) size=(33.225,33.219) sensitivity=0 orientation=0.000 confidence=true]
TOUCH t=24.687 device=0 frame=52 count=2 [id=0 state=hold xy=(571.036,-478.895) size=(33.225,33.219) sensitivity=0 orientation=0.000 confidence=true] [id=1 state=hold xy=(407.793,-368.863) size=(33.225,33.219) sensitivity=0 orientation=0.000 confidence=true]
TOUCH t=24.692 device=0 frame=53 count=2 [id=0 state=hold xy=(572.982,-475.653) size=(33.225,33.219) sensitivity=0 orientation=0.000 confidence=true] [id=1 state=hold xy=(409.955,-365.765) size=(33.225,33.219) sensitivity=0 orientation=0.000 confidence=true]
TOUCH t=24.697 device=0 frame=54 count=2 [id=0 state=hold xy=(575.144,-472.338) size=(33.225,33.219) sensitivity=0 orientation=0.000 confidence=true] [id=1 state=hold xy=(412.261,-362.594) size=(33.225,33.219) sensitivity=0 orientation=0.000 confidence=true]
TOUCH t=24.702 device=0 frame=55 count=2 [id=0 state=hold xy=(577.378,-468.735) size=(33.225,33.219) sensitivity=0 orientation=0.000 confidence=true] [id=1 state=hold xy=(414.495,-359.279) size=(33.225,33.219) sensitivity=0 orientation=0.000 confidence=true]
TOUCH t=24.708 device=0 frame=56 count=2 [id=0 state=hold xy=(579.901,-464.844) size=(33.225,33.219) sensitivity=0 orientation=0.000 confidence=true] [id=1 state=hold xy=(417.162,-355.893) size=(33.225,33.219) sensitivity=0 orientation=0.000 confidence=true]
TOUCH t=24.713 device=0 frame=57 count=2 [id=0 state=hold xy=(582.207,-461.097) size=(33.225,33.219) sensitivity=0 orientation=0.000 confidence=true] [id=1 state=hold xy=(419.613,-352.434) size=(33.225,33.219) sensitivity=0 orientation=0.000 confidence=true]
TOUCH t=24.718 device=0 frame=58 count=2 [id=0 state=hold xy=(584.730,-457.350) size=(33.225,33.219) sensitivity=0 orientation=0.000 confidence=true] [id=1 state=hold xy=(422.063,-349.119) size=(33.225,33.219) sensitivity=0 orientation=0.000 confidence=true]
TOUCH t=24.724 device=0 frame=59 count=2 [id=0 state=hold xy=(587.396,-453.531) size=(33.225,33.219) sensitivity=0 orientation=0.000 confidence=true] [id=1 state=hold xy=(424.730,-345.661) size=(33.225,33.219) sensitivity=0 orientation=0.000 confidence=true]
TOUCH t=24.730 device=0 frame=60 count=2 [id=0 state=hold xy=(589.991,-449.568) size=(33.225,33.219) sensitivity=0 orientation=0.000 confidence=true] [id=1 state=hold xy=(427.396,-341.986) size=(33.225,33.219) sensitivity=0 orientation=0.000 confidence=true]
TOUCH t=24.733 device=0 frame=61 count=2 [id=0 state=hold xy=(592.730,-445.532) size=(33.225,33.219) sensitivity=0 orientation=0.000 confidence=true] [id=1 state=hold xy=(430.063,-338.599) size=(33.225,33.219) sensitivity=0 orientation=0.000 confidence=true]
TOUCH t=24.740 device=0 frame=62 count=2 [id=0 state=hold xy=(595.396,-441.641) size=(33.225,33.219) sensitivity=0 orientation=0.000 confidence=true] [id=1 state=hold xy=(432.802,-335.068) size=(33.225,33.219) sensitivity=0 orientation=0.000 confidence=true]
TOUCH t=24.744 device=0 frame=63 count=2 [id=0 state=hold xy=(598.207,-437.822) size=(33.225,33.219) sensitivity=0 orientation=0.000 confidence=true] [id=1 state=hold xy=(435.541,-331.609) size=(33.225,33.219) sensitivity=0 orientation=0.000 confidence=true]
TOUCH t=24.749 device=0 frame=64 count=2 [id=0 state=hold xy=(601.090,-434.147) size=(33.225,33.219) sensitivity=0 orientation=0.000 confidence=true] [id=1 state=hold xy=(438.351,-328.295) size=(33.225,33.219) sensitivity=0 orientation=0.000 confidence=true]
TOUCH t=24.754 device=0 frame=65 count=2 [id=0 state=hold xy=(604.117,-430.400) size=(33.225,33.219) sensitivity=0 orientation=0.000 confidence=true] [id=1 state=hold xy=(441.378,-324.908) size=(33.225,33.219) sensitivity=0 orientation=0.000 confidence=true]
TOUCH t=24.760 device=0 frame=66 count=2 [id=0 state=hold xy=(607.216,-426.581) size=(33.225,33.219) sensitivity=0 orientation=0.000 confidence=true] [id=1 state=hold xy=(444.405,-321.377) size=(33.225,33.219) sensitivity=0 orientation=0.000 confidence=true]
TOUCH t=24.764 device=0 frame=67 count=2 [id=0 state=hold xy=(610.315,-422.834) size=(33.225,33.219) sensitivity=0 orientation=0.000 confidence=true] [id=1 state=hold xy=(447.432,-318.062) size=(33.225,33.219) sensitivity=0 orientation=0.000 confidence=true]
TOUCH t=24.769 device=0 frame=68 count=2 [id=0 state=hold xy=(613.631,-418.943) size=(33.225,33.219) sensitivity=0 orientation=0.000 confidence=true] [id=1 state=hold xy=(450.532,-314.676) size=(33.225,33.219) sensitivity=0 orientation=0.000 confidence=true]
TOUCH t=24.780 device=0 frame=69 count=2 [id=0 state=hold xy=(616.946,-415.052) size=(33.225,33.219) sensitivity=0 orientation=0.000 confidence=true] [id=1 state=hold xy=(453.775,-311.433) size=(33.225,33.219) sensitivity=0 orientation=0.000 confidence=true]
TOUCH t=24.780 device=0 frame=70 count=2 [id=0 state=hold xy=(620.333,-411.233) size=(33.225,33.219) sensitivity=0 orientation=0.000 confidence=true] [id=1 state=hold xy=(457.450,-308.407) size=(33.225,33.219) sensitivity=0 orientation=0.000 confidence=true]
TOUCH t=24.784 device=0 frame=71 count=2 [id=0 state=hold xy=(623.865,-407.414) size=(33.225,33.219) sensitivity=0 orientation=0.000 confidence=true] [id=1 state=hold xy=(461.198,-305.092) size=(33.225,33.219) sensitivity=0 orientation=0.000 confidence=true]
TOUCH t=24.791 device=0 frame=72 count=2 [id=0 state=hold xy=(627.541,-403.811) size=(33.225,33.219) sensitivity=0 orientation=0.000 confidence=true] [id=1 state=hold xy=(464.802,-301.994) size=(33.225,33.219) sensitivity=0 orientation=0.000 confidence=true]
TOUCH t=24.795 device=0 frame=73 count=2 [id=0 state=hold xy=(631.432,-400.280) size=(33.225,33.219) sensitivity=0 orientation=0.000 confidence=true] [id=1 state=hold xy=(468.550,-298.823) size=(33.225,33.219) sensitivity=0 orientation=0.000 confidence=true]
TOUCH t=24.803 device=0 frame=74 count=2 [id=0 state=hold xy=(635.468,-396.894) size=(33.225,33.219) sensitivity=0 orientation=0.000 confidence=true] [id=1 state=hold xy=(472.081,-295.725) size=(33.225,33.219) sensitivity=0 orientation=0.000 confidence=true]
TOUCH t=24.805 device=0 frame=75 count=2 [id=0 state=hold xy=(639.721,-393.507) size=(33.225,33.219) sensitivity=0 orientation=0.000 confidence=true] [id=1 state=hold xy=(475.973,-292.914) size=(33.225,33.219) sensitivity=0 orientation=0.000 confidence=true]
TOUCH t=24.811 device=0 frame=76 count=2 [id=0 state=hold xy=(644.189,-390.048) size=(33.225,33.219) sensitivity=0 orientation=0.000 confidence=true] [id=1 state=hold xy=(480.153,-290.248) size=(33.225,33.219) sensitivity=0 orientation=0.000 confidence=true]
TOUCH t=24.816 device=0 frame=77 count=2 [id=0 state=hold xy=(648.802,-386.878) size=(33.225,33.219) sensitivity=0 orientation=0.000 confidence=true] [id=1 state=hold xy=(484.550,-287.654) size=(33.225,33.219) sensitivity=0 orientation=0.000 confidence=true]
TOUCH t=24.823 device=0 frame=78 count=2 [id=0 state=hold xy=(653.559,-383.563) size=(33.225,33.219) sensitivity=0 orientation=0.000 confidence=true] [id=1 state=hold xy=(488.874,-285.060) size=(33.225,33.219) sensitivity=0 orientation=0.000 confidence=true]
TOUCH t=24.828 device=0 frame=79 count=2 [id=0 state=hold xy=(658.315,-380.464) size=(33.225,33.219) sensitivity=0 orientation=0.000 confidence=true] [id=1 state=hold xy=(493.054,-282.178) size=(33.225,33.219) sensitivity=0 orientation=0.000 confidence=true]
TOUCH t=24.832 device=0 frame=80 count=2 [id=0 state=hold xy=(663.144,-377.438) size=(33.225,33.219) sensitivity=0 orientation=0.000 confidence=true] [id=1 state=hold xy=(497.450,-279.512) size=(33.225,33.219) sensitivity=0 orientation=0.000 confidence=true]
TOUCH t=24.836 device=0 frame=81 count=2 [id=0 state=hold xy=(667.973,-374.339) size=(33.225,33.219) sensitivity=0 orientation=0.000 confidence=true] [id=1 state=hold xy=(501.991,-276.990) size=(33.225,33.219) sensitivity=0 orientation=0.000 confidence=true]
TOUCH t=24.842 device=0 frame=82 count=2 [id=0 state=hold xy=(672.874,-371.385) size=(33.225,33.219) sensitivity=0 orientation=0.000 confidence=true] [id=1 state=hold xy=(506.676,-274.468) size=(33.225,33.219) sensitivity=0 orientation=0.000 confidence=true]
TOUCH t=24.847 device=0 frame=83 count=2 [id=0 state=hold xy=(677.919,-368.503) size=(33.225,33.219) sensitivity=0 orientation=0.000 confidence=true] [id=1 state=hold xy=(511.649,-272.378) size=(33.225,33.219) sensitivity=0 orientation=0.000 confidence=true]
TOUCH t=24.852 device=0 frame=84 count=2 [id=0 state=hold xy=(682.892,-365.765) size=(33.225,33.219) sensitivity=0 orientation=0.000 confidence=true] [id=1 state=hold xy=(516.405,-269.928) size=(33.225,33.219) sensitivity=0 orientation=0.000 confidence=true]
TOUCH t=24.857 device=0 frame=85 count=2 [id=0 state=hold xy=(688.009,-363.243) size=(33.225,33.219) sensitivity=0 orientation=0.000 confidence=true] [id=1 state=hold xy=(521.450,-267.622) size=(33.225,33.219) sensitivity=0 orientation=0.000 confidence=true]
TOUCH t=24.862 device=0 frame=86 count=2 [id=0 state=hold xy=(693.198,-360.576) size=(33.225,33.219) sensitivity=0 orientation=0.000 confidence=true] [id=1 state=hold xy=(526.279,-265.388) size=(33.225,33.219) sensitivity=0 orientation=0.000 confidence=true]
TOUCH t=24.867 device=0 frame=87 count=2 [id=0 state=hold xy=(698.387,-357.838) size=(33.225,33.219) sensitivity=0 orientation=0.000 confidence=true] [id=1 state=hold xy=(531.324,-263.299) size=(33.225,33.219) sensitivity=0 orientation=0.000 confidence=true]
TOUCH t=24.873 device=0 frame=88 count=2 [id=0 state=hold xy=(703.649,-355.244) size=(33.225,33.219) sensitivity=0 orientation=0.000 confidence=true] [id=1 state=hold xy=(536.369,-261.209) size=(33.225,33.219) sensitivity=0 orientation=0.000 confidence=true]
TOUCH t=24.878 device=0 frame=89 count=2 [id=0 state=hold xy=(708.982,-352.506) size=(33.225,33.219) sensitivity=0 orientation=0.000 confidence=true] [id=1 state=hold xy=(541.414,-258.903) size=(33.225,33.219) sensitivity=0 orientation=0.000 confidence=true]
TOUCH t=24.883 device=0 frame=90 count=2 [id=0 state=hold xy=(714.532,-349.984) size=(33.225,33.219) sensitivity=0 orientation=0.000 confidence=true] [id=1 state=hold xy=(546.748,-256.525) size=(33.225,33.219) sensitivity=0 orientation=0.000 confidence=true]
TOUCH t=24.890 device=0 frame=91 count=2 [id=0 state=hold xy=(720.297,-347.534) size=(33.225,33.219) sensitivity=0 orientation=0.000 confidence=true] [id=1 state=hold xy=(552.153,-254.219) size=(33.225,33.219) sensitivity=0 orientation=0.000 confidence=true]
TOUCH t=24.893 device=0 frame=92 count=2 [id=0 state=hold xy=(726.279,-345.012) size=(33.225,33.219) sensitivity=0 orientation=0.000 confidence=true] [id=1 state=hold xy=(557.991,-252.130) size=(33.225,33.219) sensitivity=0 orientation=0.000 confidence=true]
TOUCH t=24.898 device=0 frame=93 count=2 [id=0 state=hold xy=(732.405,-342.490) size=(33.225,33.219) sensitivity=0 orientation=0.000 confidence=true] [id=1 state=hold xy=(564.261,-250.400) size=(33.225,33.219) sensitivity=0 orientation=0.000 confidence=true]
TOUCH t=24.904 device=0 frame=94 count=2 [id=0 state=hold xy=(738.748,-339.752) size=(33.225,33.219) sensitivity=0 orientation=0.000 confidence=true] [id=1 state=hold xy=(570.459,-248.671) size=(33.225,33.219) sensitivity=0 orientation=0.000 confidence=true]
TOUCH t=24.909 device=0 frame=95 count=2 [id=0 state=hold xy=(745.306,-337.230) size=(33.225,33.219) sensitivity=0 orientation=0.000 confidence=true] [id=1 state=hold xy=(576.513,-246.653) size=(33.225,33.219) sensitivity=0 orientation=0.000 confidence=true]
TOUCH t=24.914 device=0 frame=96 count=2 [id=0 state=hold xy=(752.081,-334.420) size=(33.225,33.219) sensitivity=0 orientation=0.000 confidence=true] [id=1 state=hold xy=(582.640,-244.708) size=(33.225,33.219) sensitivity=0 orientation=0.000 confidence=true]
TOUCH t=24.921 device=0 frame=97 count=2 [id=0 state=hold xy=(759.144,-331.609) size=(33.225,33.219) sensitivity=0 orientation=0.000 confidence=true] [id=1 state=hold xy=(588.622,-242.474) size=(33.225,33.219) sensitivity=0 orientation=0.000 confidence=true]
TOUCH t=24.924 device=0 frame=98 count=2 [id=0 state=hold xy=(766.351,-328.943) size=(33.225,33.219) sensitivity=0 orientation=0.000 confidence=true] [id=1 state=hold xy=(595.036,-240.673) size=(33.225,33.219) sensitivity=0 orientation=0.000 confidence=true]
TOUCH t=24.929 device=0 frame=99 count=2 [id=0 state=hold xy=(773.631,-326.133) size=(33.225,33.219) sensitivity=0 orientation=0.000 confidence=true] [id=1 state=hold xy=(601.811,-238.943) size=(33.225,33.219) sensitivity=0 orientation=0.000 confidence=true]
TOUCH t=24.934 device=0 frame=100 count=2 [id=0 state=hold xy=(781.126,-323.467) size=(33.225,33.219) sensitivity=0 orientation=0.000 confidence=true] [id=1 state=hold xy=(608.586,-236.998) size=(33.225,33.219) sensitivity=0 orientation=0.000 confidence=true]
TOUCH t=24.940 device=0 frame=101 count=2 [id=0 state=hold xy=(788.694,-320.801) size=(33.225,33.219) sensitivity=0 orientation=0.000 confidence=true] [id=1 state=hold xy=(615.505,-235.268) size=(33.225,33.219) sensitivity=0 orientation=0.000 confidence=true]
TOUCH t=24.945 device=0 frame=102 count=2 [id=0 state=hold xy=(796.405,-318.135) size=(33.225,33.219) sensitivity=0 orientation=0.000 confidence=true] [id=1 state=hold xy=(622.568,-233.395) size=(33.225,33.219) sensitivity=0 orientation=0.000 confidence=true]
TOUCH t=24.950 device=0 frame=103 count=2 [id=0 state=hold xy=(804.405,-315.540) size=(33.225,33.219) sensitivity=0 orientation=0.000 confidence=true] [id=1 state=hold xy=(629.775,-231.665) size=(33.225,33.219) sensitivity=0 orientation=0.000 confidence=true]
TOUCH t=24.955 device=0 frame=104 count=2 [id=0 state=hold xy=(812.477,-313.235) size=(33.225,33.219) sensitivity=0 orientation=0.000 confidence=true] [id=1 state=hold xy=(637.198,-229.936) size=(33.225,33.219) sensitivity=0 orientation=0.000 confidence=true]
TOUCH t=24.961 device=0 frame=105 count=2 [id=0 state=hold xy=(820.694,-310.929) size=(33.225,33.219) sensitivity=0 orientation=0.000 confidence=true] [id=1 state=hold xy=(644.838,-228.423) size=(33.225,33.219) sensitivity=0 orientation=0.000 confidence=true]
TOUCH t=24.965 device=0 frame=106 count=2 [id=0 state=hold xy=(828.982,-308.623) size=(33.225,33.219) sensitivity=0 orientation=0.000 confidence=true] [id=1 state=hold xy=(652.405,-226.837) size=(33.225,33.219) sensitivity=0 orientation=0.000 confidence=true]
TOUCH t=24.971 device=0 frame=107 count=2 [id=0 state=hold xy=(837.342,-306.461) size=(33.225,33.219) sensitivity=0 orientation=0.000 confidence=true] [id=1 state=hold xy=(660.117,-225.324) size=(33.225,33.219) sensitivity=0 orientation=0.000 confidence=true]
TOUCH t=24.976 device=0 frame=108 count=2 [id=0 state=hold xy=(845.847,-304.299) size=(33.225,33.219) sensitivity=0 orientation=0.000 confidence=true] [id=1 state=hold xy=(667.757,-223.955) size=(33.225,33.219) sensitivity=0 orientation=0.000 confidence=true]
TOUCH t=24.981 device=0 frame=109 count=2 [id=0 state=hold xy=(854.640,-302.354) size=(33.225,33.219) sensitivity=0 orientation=0.000 confidence=true] [id=1 state=hold xy=(675.613,-222.442) size=(33.225,33.219) sensitivity=0 orientation=0.000 confidence=true]
TOUCH t=24.986 device=0 frame=110 count=2 [id=0 state=hold xy=(863.793,-300.408) size=(33.225,33.219) sensitivity=0 orientation=0.000 confidence=true] [id=1 state=hold xy=(683.829,-221.217) size=(33.225,33.219) sensitivity=0 orientation=0.000 confidence=true]
TOUCH t=24.996 device=0 frame=111 count=2 [id=0 state=hold xy=(873.018,-298.607) size=(33.225,33.219) sensitivity=0 orientation=0.000 confidence=true] [id=1 state=hold xy=(692.117,-220.064) size=(33.225,33.219) sensitivity=0 orientation=0.000 confidence=true]
TOUCH t=24.996 device=0 frame=112 count=2 [id=0 state=hold xy=(882.532,-296.733) size=(33.225,33.219) sensitivity=0 orientation=0.000 confidence=true] [id=1 state=hold xy=(700.550,-219.055) size=(33.225,33.219) sensitivity=0 orientation=0.000 confidence=true]
TOUCH t=25.002 device=0 frame=113 count=2 [id=0 state=hold xy=(892.117,-294.932) size=(33.225,33.219) sensitivity=0 orientation=0.000 confidence=true] [id=1 state=hold xy=(709.054,-218.191) size=(33.225,33.219) sensitivity=0 orientation=0.000 confidence=true]
TOUCH t=25.007 device=0 frame=114 count=2 [id=0 state=hold xy=(901.775,-293.347) size=(33.225,33.219) sensitivity=0 orientation=0.000 confidence=true] [id=1 state=hold xy=(717.631,-217.398) size=(33.225,33.219) sensitivity=0 orientation=0.000 confidence=true]
TOUCH t=25.013 device=0 frame=115 count=2 [id=0 state=hold xy=(911.577,-291.689) size=(33.225,33.219) sensitivity=0 orientation=0.000 confidence=true] [id=1 state=hold xy=(726.423,-216.749) size=(33.225,33.219) sensitivity=0 orientation=0.000 confidence=true]
TOUCH t=25.017 device=0 frame=116 count=2 [id=0 state=hold xy=(921.378,-290.176) size=(33.225,33.219) sensitivity=0 orientation=0.000 confidence=true] [id=1 state=hold xy=(735.360,-216.101) size=(33.225,33.219) sensitivity=0 orientation=0.000 confidence=true]
TOUCH t=25.022 device=0 frame=117 count=2 [id=0 state=hold xy=(931.252,-288.663) size=(33.225,33.219) sensitivity=0 orientation=0.000 confidence=true] [id=1 state=hold xy=(744.586,-215.596) size=(33.225,33.219) sensitivity=0 orientation=0.000 confidence=true]
TOUCH t=25.028 device=0 frame=118 count=2 [id=0 state=hold xy=(941.198,-287.222) size=(33.225,33.219) sensitivity=0 orientation=0.000 confidence=true] [id=1 state=hold xy=(753.955,-215.236) size=(33.225,33.219) sensitivity=0 orientation=0.000 confidence=true]
TOUCH t=25.033 device=0 frame=119 count=2 [id=0 state=hold xy=(951.360,-285.709) size=(33.225,33.219) sensitivity=0 orientation=0.000 confidence=true] [id=1 state=hold xy=(763.468,-214.948) size=(33.225,33.219) sensitivity=0 orientation=0.000 confidence=true]
TOUCH t=25.037 device=0 frame=120 count=2 [id=0 state=hold xy=(961.739,-284.339) size=(33.225,33.219) sensitivity=0 orientation=0.000 confidence=true] [id=1 state=hold xy=(773.054,-214.732) size=(33.225,33.219) sensitivity=0 orientation=0.000 confidence=true]
TOUCH t=25.043 device=0 frame=121 count=2 [id=0 state=hold xy=(972.405,-283.187) size=(33.225,33.219) sensitivity=0 orientation=0.000 confidence=true] [id=1 state=hold xy=(782.712,-214.588) size=(33.225,33.219) sensitivity=0 orientation=0.000 confidence=true]
TOUCH t=25.048 device=0 frame=122 count=2 [id=0 state=hold xy=(983.360,-281.745) size=(33.225,33.219) sensitivity=0 orientation=0.000 confidence=true] [id=1 state=hold xy=(792.586,-214.516) size=(33.225,33.219) sensitivity=0 orientation=0.000 confidence=true]
TOUCH t=25.054 device=0 frame=123 count=2 [id=0 state=hold xy=(994.387,-280.520) size=(33.225,33.219) sensitivity=0 orientation=0.000 confidence=true] [id=1 state=hold xy=(802.532,-214.660) size=(33.225,33.219) sensitivity=0 orientation=0.000 confidence=true]
TOUCH t=25.062 device=0 frame=124 count=2 [id=0 state=hold xy=(1005.414,-279.295) size=(33.225,33.219) sensitivity=0 orientation=0.000 confidence=true] [id=1 state=hold xy=(812.622,-215.092) size=(33.225,33.219) sensitivity=0 orientation=0.000 confidence=true]
TOUCH t=25.064 device=0 frame=125 count=2 [id=0 state=hold xy=(1016.369,-277.926) size=(33.225,33.219) sensitivity=0 orientation=0.000 confidence=true] [id=1 state=hold xy=(822.928,-215.524) size=(33.225,33.219) sensitivity=0 orientation=0.000 confidence=true]
TOUCH t=25.069 device=0 frame=126 count=2 [id=0 state=hold xy=(1027.396,-276.918) size=(33.225,33.219) sensitivity=0 orientation=0.000 confidence=true] [id=1 state=hold xy=(833.234,-216.101) size=(33.225,33.219) sensitivity=0 orientation=0.000 confidence=true]
TOUCH t=25.077 device=0 frame=127 count=2 [id=0 state=hold xy=(1038.640,-275.693) size=(33.225,33.219) sensitivity=0 orientation=0.000 confidence=true] [id=1 state=hold xy=(843.829,-216.749) size=(33.225,33.219) sensitivity=0 orientation=0.000 confidence=true]
TOUCH t=25.079 device=0 frame=128 count=2 [id=0 state=hold xy=(1050.099,-274.756) size=(33.225,33.219) sensitivity=0 orientation=0.000 confidence=true] [id=1 state=hold xy=(854.568,-217.470) size=(33.225,33.219) sensitivity=0 orientation=0.000 confidence=true]
TOUCH t=25.084 device=0 frame=129 count=2 [id=0 state=hold xy=(1061.775,-274.035) size=(33.225,33.219) sensitivity=0 orientation=0.000 confidence=true] [id=1 state=hold xy=(865.306,-218.479) size=(33.225,33.219) sensitivity=0 orientation=0.000 confidence=true]
TOUCH t=25.090 device=0 frame=130 count=2 [id=0 state=hold xy=(1073.523,-273.387) size=(33.225,33.219) sensitivity=0 orientation=0.000 confidence=true] [id=1 state=hold xy=(876.189,-219.632) size=(33.225,33.219) sensitivity=0 orientation=0.000 confidence=true]
TOUCH t=25.095 device=0 frame=131 count=2 [id=0 state=hold xy=(1085.270,-273.026) size=(33.225,33.219) sensitivity=0 orientation=0.000 confidence=true] [id=1 state=hold xy=(887.072,-220.785) size=(33.225,33.219) sensitivity=0 orientation=0.000 confidence=true]
TOUCH t=25.100 device=0 frame=132 count=2 [id=0 state=hold xy=(1096.874,-272.594) size=(33.225,33.219) sensitivity=0 orientation=0.000 confidence=true] [id=1 state=hold xy=(897.883,-221.938) size=(33.225,33.219) sensitivity=0 orientation=0.000 confidence=true]
TOUCH t=25.105 device=0 frame=133 count=2 [id=0 state=hold xy=(1108.261,-272.378) size=(33.225,33.219) sensitivity=0 orientation=0.000 confidence=true] [id=1 state=hold xy=(908.838,-223.307) size=(33.225,33.219) sensitivity=0 orientation=0.000 confidence=true]
TOUCH t=25.110 device=0 frame=134 count=2 [id=0 state=hold xy=(1119.649,-272.234) size=(33.225,33.219) sensitivity=0 orientation=0.000 confidence=true] [id=1 state=hold xy=(919.649,-224.676) size=(33.225,33.219) sensitivity=0 orientation=0.000 confidence=true]
TOUCH t=25.115 device=0 frame=135 count=2 [id=0 state=hold xy=(1130.892,-272.234) size=(33.225,33.219) sensitivity=0 orientation=0.000 confidence=true] [id=1 state=hold xy=(930.387,-226.405) size=(33.225,33.219) sensitivity=0 orientation=0.000 confidence=true]
TOUCH t=25.120 device=0 frame=136 count=2 [id=0 state=hold xy=(1142.063,-272.450) size=(33.225,33.219) sensitivity=0 orientation=0.000 confidence=true] [id=1 state=hold xy=(941.198,-228.279) size=(33.225,33.219) sensitivity=0 orientation=0.000 confidence=true]
TOUCH t=25.126 device=0 frame=137 count=2 [id=0 state=hold xy=(1153.234,-272.810) size=(33.225,33.219) sensitivity=0 orientation=0.000 confidence=true] [id=1 state=hold xy=(951.937,-230.296) size=(33.225,33.219) sensitivity=0 orientation=0.000 confidence=true]
TOUCH t=25.132 device=0 frame=138 count=2 [id=0 state=hold xy=(1164.477,-273.459) size=(33.225,33.219) sensitivity=0 orientation=0.000 confidence=true] [id=1 state=hold xy=(962.676,-232.602) size=(33.225,33.219) sensitivity=0 orientation=0.000 confidence=true]
TOUCH t=25.136 device=0 frame=139 count=2 [id=0 state=hold xy=(1175.649,-274.251) size=(33.225,33.219) sensitivity=0 orientation=0.000 confidence=true] [id=1 state=hold xy=(973.487,-234.980) size=(33.225,33.219) sensitivity=0 orientation=0.000 confidence=true]
TOUCH t=25.141 device=0 frame=140 count=2 [id=0 state=hold xy=(1187.180,-275.332) size=(33.225,33.219) sensitivity=0 orientation=0.000 confidence=true] [id=1 state=hold xy=(984.225,-237.430) size=(33.225,33.219) sensitivity=0 orientation=0.000 confidence=true]
TOUCH t=25.148 device=0 frame=141 count=2 [id=0 state=hold xy=(1198.568,-276.629) size=(33.225,33.219) sensitivity=0 orientation=0.000 confidence=true] [id=1 state=hold xy=(994.892,-240.024) size=(33.225,33.219) sensitivity=0 orientation=0.000 confidence=true]
TOUCH t=25.151 device=0 frame=142 count=2 [id=0 state=hold xy=(1209.883,-277.998) size=(33.225,33.219) sensitivity=0 orientation=0.000 confidence=true] [id=1 state=hold xy=(1005.631,-242.834) size=(33.225,33.219) sensitivity=0 orientation=0.000 confidence=true]
TOUCH t=25.156 device=0 frame=143 count=2 [id=0 state=hold xy=(1221.126,-279.728) size=(33.225,33.219) sensitivity=0 orientation=0.000 confidence=true] [id=1 state=hold xy=(1016.297,-246.005) size=(33.225,33.219) sensitivity=0 orientation=0.000 confidence=true]
TOUCH t=25.162 device=0 frame=144 count=2 [id=0 state=hold xy=(1232.153,-281.673) size=(33.225,33.219) sensitivity=0 orientation=0.000 confidence=true] [id=1 state=hold xy=(1026.676,-249.464) size=(33.225,33.219) sensitivity=0 orientation=0.000 confidence=true]
TOUCH t=25.167 device=0 frame=145 count=2 [id=0 state=hold xy=(1243.252,-283.763) size=(33.225,33.219) sensitivity=0 orientation=0.000 confidence=true] [id=1 state=hold xy=(1036.982,-253.283) size=(33.225,33.219) sensitivity=0 orientation=0.000 confidence=true]
TOUCH t=25.177 device=0 frame=146 count=2 [id=0 state=hold xy=(1254.207,-286.213) size=(33.225,33.219) sensitivity=0 orientation=0.000 confidence=true] [id=1 state=hold xy=(1047.072,-257.246) size=(33.225,33.219) sensitivity=0 orientation=0.000 confidence=true]
TOUCH t=25.177 device=0 frame=147 count=2 [id=0 state=hold xy=(1265.018,-288.951) size=(33.225,33.219) sensitivity=0 orientation=0.000 confidence=true] [id=1 state=hold xy=(1057.234,-261.497) size=(33.225,33.219) sensitivity=0 orientation=0.000 confidence=true]
TOUCH t=25.182 device=0 frame=148 count=2 [id=0 state=hold xy=(1275.757,-291.761) size=(33.225,33.219) sensitivity=0 orientation=0.000 confidence=true] [id=1 state=hold xy=(1067.180,-266.037) size=(33.225,33.219) sensitivity=0 orientation=0.000 confidence=true]
TOUCH t=25.187 device=0 frame=149 count=2 [id=0 state=hold xy=(1286.207,-295.292) size=(33.225,33.219) sensitivity=0 orientation=0.000 confidence=true] [id=1 state=hold xy=(1077.126,-270.793) size=(33.225,33.219) sensitivity=0 orientation=0.000 confidence=true]
TOUCH t=25.192 device=0 frame=150 count=2 [id=0 state=hold xy=(1296.369,-299.039) size=(33.225,33.219) sensitivity=0 orientation=0.000 confidence=true] [id=1 state=hold xy=(1086.928,-275.981) size=(33.225,33.219) sensitivity=0 orientation=0.000 confidence=true]
TOUCH t=25.198 device=0 frame=151 count=2 [id=0 state=hold xy=(1306.459,-302.930) size=(33.225,33.219) sensitivity=0 orientation=0.000 confidence=true] [id=1 state=hold xy=(1096.441,-281.385) size=(33.225,33.219) sensitivity=0 orientation=0.000 confidence=true]
TOUCH t=25.203 device=0 frame=152 count=2 [id=0 state=hold xy=(1316.405,-307.326) size=(33.225,33.219) sensitivity=0 orientation=0.000 confidence=true] [id=1 state=hold xy=(1105.883,-286.934) size=(33.225,33.219) sensitivity=0 orientation=0.000 confidence=true]
TOUCH t=25.208 device=0 frame=153 count=2 [id=0 state=hold xy=(1326.207,-311.505) size=(33.225,33.219) sensitivity=0 orientation=0.000 confidence=true] [id=1 state=hold xy=(1114.892,-292.914) size=(33.225,33.219) sensitivity=0 orientation=0.000 confidence=true]
TOUCH t=25.213 device=0 frame=154 count=2 [id=0 state=hold xy=(1335.649,-316.045) size=(33.225,33.219) sensitivity=0 orientation=0.000 confidence=true] [id=1 state=hold xy=(1123.541,-298.967) size=(33.225,33.219) sensitivity=0 orientation=0.000 confidence=true]
TOUCH t=25.218 device=0 frame=155 count=2 [id=0 state=hold xy=(1344.514,-320.729) size=(33.225,33.219) sensitivity=0 orientation=0.000 confidence=true] [id=1 state=hold xy=(1131.973,-305.164) size=(33.225,33.219) sensitivity=0 orientation=0.000 confidence=true]
TOUCH t=25.223 device=0 frame=156 count=2 [id=0 state=hold xy=(1352.874,-325.629) size=(33.225,33.219) sensitivity=0 orientation=0.000 confidence=true] [id=1 state=hold xy=(1140.189,-311.649) size=(33.225,33.219) sensitivity=0 orientation=0.000 confidence=true]
TOUCH t=25.229 device=0 frame=157 count=2 [id=0 state=hold xy=(1360.586,-330.673) size=(33.225,33.219) sensitivity=0 orientation=0.000 confidence=true] [id=1 state=hold xy=(1147.757,-318.135) size=(33.225,33.219) sensitivity=0 orientation=0.000 confidence=true]
TOUCH t=25.234 device=0 frame=158 count=2 [id=0 state=hold xy=(1367.865,-335.933) size=(33.225,33.219) sensitivity=0 orientation=0.000 confidence=true] [id=1 state=hold xy=(1155.108,-324.980) size=(33.225,33.219) sensitivity=0 orientation=0.000 confidence=true]
TOUCH t=25.239 device=0 frame=159 count=2 [id=0 state=hold xy=(1374.568,-341.265) size=(33.225,33.219) sensitivity=0 orientation=0.000 confidence=true] [id=1 state=hold xy=(1161.955,-331.825) size=(33.225,33.219) sensitivity=0 orientation=0.000 confidence=true]
TOUCH t=25.244 device=0 frame=160 count=2 [id=0 state=hold xy=(1380.910,-346.669) size=(33.225,33.219) sensitivity=0 orientation=0.000 confidence=true] [id=1 state=hold xy=(1168.225,-338.599) size=(33.225,33.219) sensitivity=0 orientation=0.000 confidence=true]
TOUCH t=25.249 device=0 frame=161 count=2 [id=0 state=hold xy=(1386.604,-352.290) size=(33.225,33.219) sensitivity=0 orientation=0.000 confidence=true] [id=1 state=hold xy=(1174.135,-345.444) size=(33.225,33.219) sensitivity=0 orientation=0.000 confidence=true]
TOUCH t=25.255 device=0 frame=162 count=2 [id=0 state=hold xy=(1391.721,-357.910) size=(33.225,33.219) sensitivity=0 orientation=0.000 confidence=true] [id=1 state=hold xy=(1179.396,-352.290) size=(33.225,33.219) sensitivity=0 orientation=0.000 confidence=true]
TOUCH t=25.260 device=0 frame=163 count=2 [id=0 state=hold xy=(1396.189,-363.459) size=(33.225,33.219) sensitivity=0 orientation=0.000 confidence=true] [id=1 state=hold xy=(1183.937,-359.207) size=(33.225,33.219) sensitivity=0 orientation=0.000 confidence=true]
TOUCH t=25.265 device=0 frame=164 count=2 [id=0 state=hold xy=(1399.865,-369.079) size=(33.225,33.219) sensitivity=0 orientation=0.000 confidence=true] [id=1 state=hold xy=(1188.189,-366.197) size=(33.225,33.219) sensitivity=0 orientation=0.000 confidence=true]
TOUCH t=25.271 device=0 frame=165 count=2 [id=0 state=hold xy=(1403.180,-374.700) size=(33.225,33.219) sensitivity=0 orientation=0.000 confidence=true] [id=1 state=hold xy=(1191.793,-373.331) size=(33.225,33.219) sensitivity=0 orientation=0.000 confidence=true]
TOUCH t=25.275 device=0 frame=166 count=2 [id=0 state=hold xy=(1406.063,-380.392) size=(33.225,33.219) sensitivity=0 orientation=0.000 confidence=true] [id=1 state=hold xy=(1195.108,-380.320) size=(33.225,33.219) sensitivity=0 orientation=0.000 confidence=true]
TOUCH t=25.280 device=0 frame=167 count=2 [id=0 state=hold xy=(1408.586,-386.445) size=(33.225,33.219) sensitivity=0 orientation=0.000 confidence=true] [id=1 state=hold xy=(1198.207,-387.454) size=(33.225,33.219) sensitivity=0 orientation=0.000 confidence=true]
TOUCH t=25.285 device=0 frame=168 count=2 [id=0 state=hold xy=(1411.036,-392.498) size=(33.225,33.219) sensitivity=0 orientation=0.000 confidence=true] [id=1 state=hold xy=(1200.802,-394.588) size=(33.225,33.219) sensitivity=0 orientation=0.000 confidence=true]
TOUCH t=25.291 device=0 frame=169 count=2 [id=0 state=hold xy=(1413.126,-398.623) size=(33.225,33.219) sensitivity=0 orientation=0.000 confidence=true] [id=1 state=hold xy=(1203.180,-401.721) size=(33.225,33.219) sensitivity=0 orientation=0.000 confidence=true]
TOUCH t=25.296 device=0 frame=170 count=2 [id=0 state=hold xy=(1414.784,-405.252) size=(33.225,33.219) sensitivity=0 orientation=0.000 confidence=true] [id=1 state=hold xy=(1205.054,-409.071) size=(33.225,33.219) sensitivity=0 orientation=0.000 confidence=true]
TOUCH t=25.301 device=0 frame=171 count=2 [id=0 state=hold xy=(1416.297,-411.737) size=(33.225,33.219) sensitivity=0 orientation=0.000 confidence=true] [id=1 state=hold xy=(1206.423,-416.205) size=(33.225,33.219) sensitivity=0 orientation=0.000 confidence=true]
TOUCH t=25.306 device=0 frame=172 count=2 [id=0 state=hold xy=(1417.162,-418.655) size=(33.225,33.219) sensitivity=0 orientation=0.000 confidence=true] [id=1 state=hold xy=(1207.360,-423.699) size=(33.225,33.219) sensitivity=0 orientation=0.000 confidence=true]
TOUCH t=25.311 device=0 frame=173 count=2 [id=0 state=hold xy=(1417.739,-425.861) size=(33.225,33.219) sensitivity=0 orientation=0.000 confidence=true] [id=1 state=hold xy=(1207.721,-431.049) size=(33.225,33.219) sensitivity=0 orientation=0.000 confidence=true]
TOUCH t=25.316 device=0 frame=174 count=2 [id=0 state=hold xy=(1417.955,-433.139) size=(33.225,33.219) sensitivity=0 orientation=0.000 confidence=true] [id=1 state=hold xy=(1207.793,-438.327) size=(33.225,33.219) sensitivity=0 orientation=0.000 confidence=true]
TOUCH t=25.322 device=0 frame=175 count=2 [id=0 state=hold xy=(1417.523,-440.777) size=(33.225,33.219) sensitivity=0 orientation=0.000 confidence=true] [id=1 state=hold xy=(1207.360,-445.965) size=(33.225,33.219) sensitivity=0 orientation=0.000 confidence=true]
TOUCH t=25.327 device=0 frame=176 count=2 [id=0 state=hold xy=(1416.802,-448.343) size=(33.225,33.219) sensitivity=0 orientation=0.000 confidence=true] [id=1 state=hold xy=(1206.640,-453.387) size=(33.225,33.219) sensitivity=0 orientation=0.000 confidence=true]
TOUCH t=25.332 device=0 frame=177 count=2 [id=0 state=hold xy=(1415.505,-455.909) size=(33.225,33.219) sensitivity=0 orientation=0.000 confidence=true] [id=1 state=hold xy=(1205.559,-460.953) size=(33.225,33.219) sensitivity=0 orientation=0.000 confidence=true]
TOUCH t=25.338 device=0 frame=178 count=2 [id=0 state=hold xy=(1413.919,-463.331) size=(33.225,33.219) sensitivity=0 orientation=0.000 confidence=true] [id=1 state=hold xy=(1204.045,-468.375) size=(33.225,33.219) sensitivity=0 orientation=0.000 confidence=true]
TOUCH t=25.342 device=0 frame=179 count=2 [id=0 state=hold xy=(1412.189,-470.608) size=(33.225,33.219) sensitivity=0 orientation=0.000 confidence=true] [id=1 state=hold xy=(1202.243,-475.869) size=(33.225,33.219) sensitivity=0 orientation=0.000 confidence=true]
TOUCH t=25.347 device=0 frame=180 count=2 [id=0 state=hold xy=(1410.027,-477.886) size=(33.225,33.219) sensitivity=0 orientation=0.000 confidence=true] [id=1 state=hold xy=(1200.081,-483.363) size=(33.225,33.219) sensitivity=0 orientation=0.000 confidence=true]
TOUCH t=25.353 device=0 frame=181 count=2 [id=0 state=hold xy=(1407.793,-484.876) size=(33.225,33.219) sensitivity=0 orientation=0.000 confidence=true] [id=1 state=hold xy=(1197.486,-490.785) size=(33.225,33.219) sensitivity=0 orientation=0.000 confidence=true]
TOUCH t=25.358 device=0 frame=182 count=2 [id=0 state=hold xy=(1405.270,-491.649) size=(33.225,33.219) sensitivity=0 orientation=0.000 confidence=true] [id=1 state=hold xy=(1194.748,-498.207) size=(33.225,33.219) sensitivity=0 orientation=0.000 confidence=true]
TOUCH t=25.363 device=0 frame=183 count=2 [id=0 state=hold xy=(1402.315,-498.351) size=(33.225,33.219) sensitivity=0 orientation=0.000 confidence=true] [id=1 state=hold xy=(1191.577,-505.412) size=(33.225,33.219) sensitivity=0 orientation=0.000 confidence=true]
TOUCH t=25.368 device=0 frame=184 count=2 [id=0 state=hold xy=(1399.360,-504.836) size=(33.225,33.219) sensitivity=0 orientation=0.000 confidence=true] [id=1 state=hold xy=(1188.189,-512.618) size=(33.225,33.219) sensitivity=0 orientation=0.000 confidence=true]
TOUCH t=25.373 device=0 frame=185 count=2 [id=0 state=hold xy=(1396.045,-511.465) size=(33.225,33.219) sensitivity=0 orientation=0.000 confidence=true] [id=1 state=hold xy=(1184.586,-519.752) size=(33.225,33.219) sensitivity=0 orientation=0.000 confidence=true]
TOUCH t=25.378 device=0 frame=186 count=2 [id=0 state=hold xy=(1392.153,-518.094) size=(33.225,33.219) sensitivity=0 orientation=0.000 confidence=true] [id=1 state=hold xy=(1180.405,-526.813) size=(33.225,33.219) sensitivity=0 orientation=0.000 confidence=true]
TOUCH t=25.383 device=0 frame=187 count=2 [id=0 state=hold xy=(1387.901,-524.652) size=(33.225,33.219) sensitivity=0 orientation=0.000 confidence=true] [id=1 state=hold xy=(1176.153,-534.163) size=(33.225,33.219) sensitivity=0 orientation=0.000 confidence=true]
TOUCH t=25.389 device=0 frame=188 count=2 [id=0 state=hold xy=(1383.144,-531.353) size=(33.225,33.219) sensitivity=0 orientation=0.000 confidence=true] [id=1 state=hold xy=(1171.469,-541.153) size=(33.225,33.219) sensitivity=0 orientation=0.000 confidence=true]
TOUCH t=25.393 device=0 frame=189 count=2 [id=0 state=hold xy=(1378.099,-537.838) size=(33.225,33.219) sensitivity=0 orientation=0.000 confidence=true] [id=1 state=hold xy=(1166.351,-548.070) size=(33.225,33.219) sensitivity=0 orientation=0.000 confidence=true]
TOUCH t=25.399 device=0 frame=190 count=2 [id=0 state=hold xy=(1372.910,-544.540) size=(33.225,33.219) sensitivity=0 orientation=0.000 confidence=true] [id=1 state=hold xy=(1161.090,-554.988) size=(33.225,33.219) sensitivity=0 orientation=0.000 confidence=true]
TOUCH t=25.404 device=0 frame=191 count=2 [id=0 state=hold xy=(1367.288,-551.097) size=(33.225,33.219) sensitivity=0 orientation=0.000 confidence=true] [id=1 state=hold xy=(1155.324,-561.401) size=(33.225,33.219) sensitivity=0 orientation=0.000 confidence=true]
TOUCH t=25.409 device=0 frame=192 count=2 [id=0 state=hold xy=(1361.523,-557.726) size=(33.225,33.219) sensitivity=0 orientation=0.000 confidence=true] [id=1 state=hold xy=(1149.270,-568.030) size=(33.225,33.219) sensitivity=0 orientation=0.000 confidence=true]
TOUCH t=25.417 device=0 frame=193 count=2 [id=0 state=hold xy=(1355.252,-564.283) size=(33.225,33.219) sensitivity=0 orientation=0.000 confidence=true] [id=1 state=hold xy=(1143.216,-574.588) size=(33.225,33.219) sensitivity=0 orientation=0.000 confidence=true]
TOUCH t=25.420 device=0 frame=194 count=2 [id=0 state=hold xy=(1348.694,-570.913) size=(33.225,33.219) sensitivity=0 orientation=0.000 confidence=true] [id=1 state=hold xy=(1136.514,-580.785) size=(33.225,33.219) sensitivity=0 orientation=0.000 confidence=true]
TOUCH t=25.426 device=0 frame=195 count=2 [id=0 state=hold xy=(1341.847,-577.470) size=(33.225,33.219) sensitivity=0 orientation=0.000 confidence=true] [id=1 state=hold xy=(1129.595,-587.054) size=(33.225,33.219) sensitivity=0 orientation=0.000 confidence=true]
TOUCH t=25.430 device=0 frame=196 count=2 [id=0 state=hold xy=(1334.568,-583.955) size=(33.225,33.219) sensitivity=0 orientation=0.000 confidence=true] [id=1 state=hold xy=(1122.315,-592.962) size=(33.225,33.219) sensitivity=0 orientation=0.000 confidence=true]
TOUCH t=25.435 device=0 frame=197 count=2 [id=0 state=hold xy=(1326.928,-590.512) size=(33.225,33.219) sensitivity=0 orientation=0.000 confidence=true] [id=1 state=hold xy=(1114.676,-598.583) size=(33.225,33.219) sensitivity=0 orientation=0.000 confidence=true]
TOUCH t=25.441 device=0 frame=198 count=2 [id=0 state=hold xy=(1319.072,-596.853) size=(33.225,33.219) sensitivity=0 orientation=0.000 confidence=true] [id=1 state=hold xy=(1106.892,-604.275) size=(33.225,33.219) sensitivity=0 orientation=0.000 confidence=true]
TOUCH t=25.445 device=0 frame=199 count=2 [id=0 state=hold xy=(1311.000,-603.122) size=(33.225,33.219) sensitivity=0 orientation=0.000 confidence=true] [id=1 state=hold xy=(1098.820,-609.680) size=(33.225,33.219) sensitivity=0 orientation=0.000 confidence=true]
TOUCH t=25.451 device=0 frame=200 count=2 [id=0 state=hold xy=(1302.423,-609.175) size=(33.225,33.219) sensitivity=0 orientation=0.000 confidence=true] [id=1 state=hold xy=(1090.531,-614.868) size=(33.225,33.219) sensitivity=0 orientation=0.000 confidence=true]
TOUCH t=25.456 device=0 frame=201 count=2 [id=0 state=hold xy=(1293.703,-615.084) size=(33.225,33.219) sensitivity=0 orientation=0.000 confidence=true] [id=1 state=hold xy=(1081.883,-619.984) size=(33.225,33.219) sensitivity=0 orientation=0.000 confidence=true]
TOUCH t=25.461 device=0 frame=202 count=2 [id=0 state=hold xy=(1284.622,-620.705) size=(33.225,33.219) sensitivity=0 orientation=0.000 confidence=true] [id=1 state=hold xy=(1073.018,-624.596) size=(33.225,33.219) sensitivity=0 orientation=0.000 confidence=true]
TOUCH t=25.466 device=0 frame=203 count=2 [id=0 state=hold xy=(1275.180,-626.253) size=(33.225,33.219) sensitivity=0 orientation=0.000 confidence=true] [id=1 state=hold xy=(1063.937,-629.135) size=(33.225,33.219) sensitivity=0 orientation=0.000 confidence=true]
TOUCH t=25.471 device=0 frame=204 count=2 [id=0 state=hold xy=(1265.739,-631.297) size=(33.225,33.219) sensitivity=0 orientation=0.000 confidence=true] [id=1 state=hold xy=(1054.640,-633.315) size=(33.225,33.219) sensitivity=0 orientation=0.000 confidence=true]
TOUCH t=25.476 device=0 frame=205 count=2 [id=0 state=hold xy=(1256.009,-636.053) size=(33.225,33.219) sensitivity=0 orientation=0.000 confidence=true] [id=1 state=hold xy=(1045.270,-637.134) size=(33.225,33.219) sensitivity=0 orientation=0.000 confidence=true]
TOUCH t=25.482 device=0 frame=206 count=2 [id=0 state=hold xy=(1246.279,-640.304) size=(33.225,33.219) sensitivity=0 orientation=0.000 confidence=true] [id=1 state=hold xy=(1035.901,-640.737) size=(33.225,33.219) sensitivity=0 orientation=0.000 confidence=true]
TOUCH t=25.489 device=0 frame=207 count=2 [id=0 state=hold xy=(1236.333,-644.195) size=(33.225,33.219) sensitivity=0 orientation=0.000 confidence=true] [id=1 state=hold xy=(1026.315,-643.907) size=(33.225,33.219) sensitivity=0 orientation=0.000 confidence=true]
TOUCH t=25.494 device=0 frame=208 count=2 [id=0 state=hold xy=(1226.027,-648.014) size=(33.225,33.219) sensitivity=0 orientation=0.000 confidence=true] [id=1 state=hold xy=(1016.802,-646.934) size=(33.225,33.219) sensitivity=0 orientation=0.000 confidence=true]
TOUCH t=25.497 device=0 frame=209 count=2 [id=0 state=hold xy=(1215.432,-651.473) size=(33.225,33.219) sensitivity=0 orientation=0.000 confidence=true] [id=1 state=hold xy=(1007.000,-649.528) size=(33.225,33.219) sensitivity=0 orientation=0.000 confidence=true]
TOUCH t=25.502 device=0 frame=210 count=2 [id=0 state=hold xy=(1204.622,-654.716) size=(33.225,33.219) sensitivity=0 orientation=0.000 confidence=true] [id=1 state=hold xy=(996.838,-651.761) size=(33.225,33.219) sensitivity=0 orientation=0.000 confidence=true]
TOUCH t=25.507 device=0 frame=211 count=2 [id=0 state=hold xy=(1193.378,-657.670) size=(33.225,33.219) sensitivity=0 orientation=0.000 confidence=true] [id=1 state=hold xy=(986.171,-653.707) size=(33.225,33.219) sensitivity=0 orientation=0.000 confidence=true]
TOUCH t=25.512 device=0 frame=212 count=2 [id=0 state=hold xy=(1181.775,-660.264) size=(33.225,33.219) sensitivity=0 orientation=0.000 confidence=true] [id=1 state=hold xy=(975.000,-655.004) size=(33.225,33.219) sensitivity=0 orientation=0.000 confidence=true]
TOUCH t=25.518 device=0 frame=213 count=2 [id=0 state=hold xy=(1169.955,-662.570) size=(33.225,33.219) sensitivity=0 orientation=0.000 confidence=true] [id=1 state=hold xy=(963.613,-656.013) size=(33.225,33.219) sensitivity=0 orientation=0.000 confidence=true]
TOUCH t=25.523 device=0 frame=214 count=2 [id=0 state=hold xy=(1157.847,-664.804) size=(33.225,33.219) sensitivity=0 orientation=0.000 confidence=true] [id=1 state=hold xy=(951.865,-656.589) size=(33.225,33.219) sensitivity=0 orientation=0.000 confidence=true]
TOUCH t=25.528 device=0 frame=215 count=2 [id=0 state=hold xy=(1145.523,-666.605) size=(33.225,33.219) sensitivity=0 orientation=0.000 confidence=true] [id=1 state=hold xy=(940.045,-656.517) size=(33.225,33.219) sensitivity=0 orientation=0.000 confidence=true]
TOUCH t=25.533 device=0 frame=216 count=2 [id=0 state=hold xy=(1133.126,-668.335) size=(33.225,33.219) sensitivity=0 orientation=0.000 confidence=true] [id=1 state=hold xy=(928.153,-656.517) size=(33.225,33.219) sensitivity=0 orientation=0.000 confidence=true]
TOUCH t=25.538 device=0 frame=217 count=2 [id=0 state=hold xy=(1120.514,-669.632) size=(33.225,33.219) sensitivity=0 orientation=0.000 confidence=true] [id=1 state=hold xy=(916.045,-655.725) size=(33.225,33.219) sensitivity=0 orientation=0.000 confidence=true]
TOUCH t=25.545 device=0 frame=218 count=2 [id=0 state=hold xy=(1107.829,-670.424) size=(33.225,33.219) sensitivity=0 orientation=0.000 confidence=true] [id=1 state=hold xy=(903.865,-654.428) size=(33.225,33.219) sensitivity=0 orientation=0.000 confidence=true]
TOUCH t=25.549 device=0 frame=219 count=2 [id=0 state=hold xy=(1094.928,-671.073) size=(33.225,33.219) sensitivity=0 orientation=0.000 confidence=true] [id=1 state=hold xy=(891.829,-653.058) size=(33.225,33.219) sensitivity=0 orientation=0.000 confidence=true]
TOUCH t=25.554 device=0 frame=220 count=2 [id=0 state=hold xy=(1081.955,-671.073) size=(33.225,33.219) sensitivity=0 orientation=0.000 confidence=true] [id=1 state=hold xy=(879.072,-650.753) size=(33.225,33.219) sensitivity=0 orientation=0.000 confidence=true]
TOUCH t=25.559 device=0 frame=221 count=2 [id=0 state=hold xy=(1068.838,-670.929) size=(33.225,33.219) sensitivity=0 orientation=0.000 confidence=true] [id=1 state=hold xy=(866.387,-648.159) size=(33.225,33.219) sensitivity=0 orientation=0.000 confidence=true]
TOUCH t=25.564 device=0 frame=222 count=2 [id=0 state=hold xy=(1055.865,-670.280) size=(33.225,33.219) sensitivity=0 orientation=0.000 confidence=true] [id=1 state=hold xy=(853.703,-645.492) size=(33.225,33.219) sensitivity=0 orientation=0.000 confidence=true]
TOUCH t=25.569 device=0 frame=223 count=2 [id=0 state=hold xy=(1042.964,-669.055) size=(33.225,33.219) sensitivity=0 orientation=0.000 confidence=true] [id=1 state=hold xy=(840.946,-641.890) size=(33.225,33.219) sensitivity=0 orientation=0.000 confidence=true]
TOUCH t=25.574 device=0 frame=224 count=2 [id=0 state=hold xy=(1030.135,-667.254) size=(33.225,33.219) sensitivity=0 orientation=0.000 confidence=true] [id=1 state=hold xy=(828.261,-637.782) size=(33.225,33.219) sensitivity=0 orientation=0.000 confidence=true]
TOUCH t=25.580 device=0 frame=225 count=2 [id=0 state=hold xy=(1017.450,-664.948) size=(33.225,33.219) sensitivity=0 orientation=0.000 confidence=true] [id=1 state=hold xy=(815.937,-633.531) size=(33.225,33.219) sensitivity=0 orientation=0.000 confidence=true]
TOUCH t=25.585 device=0 frame=226 count=2 [id=0 state=hold xy=(1004.622,-662.210) size=(33.225,33.219) sensitivity=0 orientation=0.000 confidence=true] [id=1 state=hold xy=(803.685,-628.847) size=(33.225,33.219) sensitivity=0 orientation=0.000 confidence=true]
TOUCH t=25.590 device=0 frame=227 count=2 [id=0 state=hold xy=(991.793,-659.183) size=(33.225,33.219) sensitivity=0 orientation=0.000 confidence=true] [id=1 state=hold xy=(791.360,-623.947) size=(33.225,33.219) sensitivity=0 orientation=0.000 confidence=true]
TOUCH t=25.596 device=0 frame=228 count=2 [id=0 state=hold xy=(978.820,-655.725) size=(33.225,33.219) sensitivity=0 orientation=0.000 confidence=true] [id=1 state=hold xy=(779.685,-619.263) size=(33.225,33.219) sensitivity=0 orientation=0.000 confidence=true]
TOUCH t=25.600 device=0 frame=229 count=2 [id=0 state=hold xy=(965.919,-651.978) size=(33.225,33.219) sensitivity=0 orientation=0.000 confidence=true] [id=1 state=hold xy=(767.721,-613.859) size=(33.225,33.219) sensitivity=0 orientation=0.000 confidence=true]
TOUCH t=25.606 device=0 frame=230 count=2 [id=0 state=hold xy=(953.018,-647.870) size=(33.225,33.219) sensitivity=0 orientation=0.000 confidence=true] [id=1 state=hold xy=(755.757,-608.022) size=(33.225,33.219) sensitivity=0 orientation=0.000 confidence=true]
TOUCH t=25.611 device=0 frame=231 count=2 [id=0 state=hold xy=(940.117,-643.331) size=(33.225,33.219) sensitivity=0 orientation=0.000 confidence=true] [id=1 state=hold xy=(743.865,-602.042) size=(33.225,33.219) sensitivity=0 orientation=0.000 confidence=true]
TOUCH t=25.616 device=0 frame=232 count=2 [id=0 state=hold xy=(927.505,-638.431) size=(33.225,33.219) sensitivity=0 orientation=0.000 confidence=true] [id=1 state=hold xy=(732.117,-595.773) size=(33.225,33.219) sensitivity=0 orientation=0.000 confidence=true]
TOUCH t=25.621 device=0 frame=233 count=2 [id=0 state=hold xy=(914.820,-633.315) size=(33.225,33.219) sensitivity=0 orientation=0.000 confidence=true] [id=1 state=hold xy=(720.658,-589.215) size=(33.225,33.219) sensitivity=0 orientation=0.000 confidence=true]
TOUCH t=25.628 device=0 frame=234 count=2 [id=0 state=hold xy=(902.279,-627.910) size=(33.225,33.219) sensitivity=0 orientation=0.000 confidence=true] [id=1 state=hold xy=(709.414,-582.442) size=(33.225,33.219) sensitivity=0 orientation=0.000 confidence=true]
TOUCH t=25.634 device=0 frame=235 count=2 [id=0 state=hold xy=(889.955,-622.434) size=(33.225,33.219) sensitivity=0 orientation=0.000 confidence=true] [id=1 state=hold xy=(698.243,-575.236) size=(33.225,33.219) sensitivity=0 orientation=0.000 confidence=true]
TOUCH t=25.636 device=0 frame=236 count=2 [id=0 state=hold xy=(877.559,-616.669) size=(33.225,33.219) sensitivity=0 orientation=0.000 confidence=true] [id=1 state=hold xy=(687.000,-567.526) size=(33.225,33.219) sensitivity=0 orientation=0.000 confidence=true]
TOUCH t=25.642 device=0 frame=237 count=2 [id=0 state=hold xy=(865.306,-610.544) size=(33.225,33.219) sensitivity=0 orientation=0.000 confidence=true] [id=1 state=hold xy=(676.045,-560.032) size=(33.225,33.219) sensitivity=0 orientation=0.000 confidence=true]
TOUCH t=25.647 device=0 frame=238 count=2 [id=0 state=hold xy=(853.414,-604.420) size=(33.225,33.219) sensitivity=0 orientation=0.000 confidence=true] [id=1 state=hold xy=(665.090,-552.322) size=(33.225,33.219) sensitivity=0 orientation=0.000 confidence=true]
TOUCH t=25.652 device=0 frame=239 count=2 [id=0 state=hold xy=(841.595,-598.006) size=(33.225,33.219) sensitivity=0 orientation=0.000 confidence=true] [id=1 state=hold xy=(654.279,-544.684) size=(33.225,33.219) sensitivity=0 orientation=0.000 confidence=true]
TOUCH t=25.657 device=0 frame=240 count=2 [id=0 state=hold xy=(830.135,-591.809) size=(33.225,33.219) sensitivity=0 orientation=0.000 confidence=true] [id=1 state=hold xy=(643.973,-537.406) size=(33.225,33.219) sensitivity=0 orientation=0.000 confidence=true]
TOUCH t=25.662 device=0 frame=241 count=2 [id=0 state=hold xy=(818.892,-585.540) size=(33.225,33.219) sensitivity=0 orientation=0.000 confidence=true] [id=1 state=hold xy=(633.306,-529.335) size=(33.225,33.219) sensitivity=0 orientation=0.000 confidence=true]
TOUCH t=25.670 device=0 frame=242 count=2 [id=0 state=hold xy=(807.721,-579.055) size=(33.225,33.219) sensitivity=0 orientation=0.000 confidence=true] [id=1 state=hold xy=(622.784,-521.337) size=(33.225,33.219) sensitivity=0 orientation=0.000 confidence=true]
TOUCH t=25.673 device=0 frame=243 count=2 [id=0 state=hold xy=(796.766,-572.786) size=(33.225,33.219) sensitivity=0 orientation=0.000 confidence=true] [id=1 state=hold xy=(612.550,-513.339) size=(33.225,33.219) sensitivity=0 orientation=0.000 confidence=true]
TOUCH t=25.678 device=0 frame=244 count=2 [id=0 state=hold xy=(785.955,-566.589) size=(33.225,33.219) sensitivity=0 orientation=0.000 confidence=true] [id=1 state=hold xy=(602.099,-504.908) size=(33.225,33.219) sensitivity=0 orientation=0.000 confidence=true]
TOUCH t=25.685 device=0 frame=245 count=2 [id=0 state=hold xy=(775.505,-560.753) size=(33.225,33.219) sensitivity=0 orientation=0.000 confidence=true] [id=1 state=hold xy=(592.297,-497.270) size=(33.225,33.219) sensitivity=0 orientation=0.000 confidence=true]
TOUCH t=25.688 device=0 frame=246 count=2 [id=0 state=hold xy=(765.414,-555.204) size=(33.225,33.219) sensitivity=0 orientation=0.000 confidence=true] [id=1 state=hold xy=(582.640,-489.632) size=(33.225,33.219) sensitivity=0 orientation=0.000 confidence=true]
TOUCH t=25.693 device=0 frame=247 count=2 [id=0 state=hold xy=(755.541,-549.728) size=(33.225,33.219) sensitivity=0 orientation=0.000 confidence=true] [id=1 state=hold xy=(573.342,-482.210) size=(33.225,33.219) sensitivity=0 orientation=0.000 confidence=true]
TOUCH t=25.698 device=0 frame=248 count=2 [id=0 state=hold xy=(746.099,-544.396) size=(33.225,33.219) sensitivity=0 orientation=0.000 confidence=true] [id=1 state=hold xy=(563.901,-475.148) size=(33.225,33.219) sensitivity=0 orientation=0.000 confidence=true]
TOUCH t=25.705 device=0 frame=249 count=2 [id=0 state=hold xy=(736.946,-539.496) size=(33.225,33.219) sensitivity=0 orientation=0.000 confidence=true] [id=1 state=hold xy=(554.964,-468.447) size=(33.225,33.219) sensitivity=0 orientation=0.000 confidence=true]
TOUCH t=25.714 device=0 frame=250 count=2 [id=0 state=hold xy=(728.297,-535.172) size=(33.225,33.219) sensitivity=0 orientation=0.000 confidence=true] [id=1 state=hold xy=(546.387,-462.178) size=(33.225,33.219) sensitivity=0 orientation=0.000 confidence=true]
TOUCH t=25.714 device=0 frame=251 count=2 [id=0 state=hold xy=(720.081,-531.137) size=(33.225,33.219) sensitivity=0 orientation=0.000 confidence=true] [id=1 state=hold xy=(538.387,-456.341) size=(33.225,33.219) sensitivity=0 orientation=0.000 confidence=true]
TOUCH t=25.719 device=0 frame=252 count=2 [id=0 state=hold xy=(712.369,-527.750) size=(33.225,33.219) sensitivity=0 orientation=0.000 confidence=true] [id=1 state=hold xy=(530.892,-450.937) size=(33.225,33.219) sensitivity=0 orientation=0.000 confidence=true]
TOUCH t=25.724 device=0 frame=253 count=2 [id=0 state=hold xy=(705.090,-524.363) size=(33.225,33.219) sensitivity=0 orientation=0.000 confidence=true] [id=1 state=hold xy=(523.541,-446.109) size=(33.225,33.219) sensitivity=0 orientation=0.000 confidence=true]
TOUCH t=25.729 device=0 frame=254 count=2 [id=0 state=hold xy=(698.243,-521.337) size=(33.225,33.219) sensitivity=0 orientation=0.000 confidence=true] [id=1 state=hold xy=(516.550,-441.930) size=(33.225,33.219) sensitivity=0 orientation=0.000 confidence=true]
TOUCH t=25.734 device=0 frame=255 count=2 [id=0 state=hold xy=(691.685,-518.815) size=(33.225,33.219) sensitivity=0 orientation=0.000 confidence=true] [id=1 state=hold xy=(509.919,-438.327) size=(33.225,33.219) sensitivity=0 orientation=0.000 confidence=true]
TOUCH t=25.740 device=0 frame=256 count=2 [id=0 state=hold xy=(685.342,-516.653) size=(33.225,33.219) sensitivity=0 orientation=0.000 confidence=true] [id=1 state=hold xy=(503.649,-435.156) size=(33.225,33.219) sensitivity=0 orientation=0.000 confidence=true]
TOUCH t=25.744 device=0 frame=257 count=2 [id=0 state=hold xy=(679.288,-514.996) size=(33.225,33.219) sensitivity=0 orientation=0.000 confidence=true] [id=1 state=hold xy=(497.667,-432.346) size=(33.225,33.219) sensitivity=0 orientation=0.000 confidence=true]
TOUCH t=25.749 device=0 frame=258 count=2 [id=0 state=hold xy=(673.378,-513.555) size=(33.225,33.219) sensitivity=0 orientation=0.000 confidence=true] [id=1 state=hold xy=(491.973,-430.040) size=(33.225,33.219) sensitivity=0 orientation=0.000 confidence=true]
TOUCH t=25.756 device=0 frame=259 count=2 [id=0 state=hold xy=(667.757,-512.402) size=(33.225,33.219) sensitivity=0 orientation=0.000 confidence=true] [id=1 state=hold xy=(486.568,-428.094) size=(33.225,33.219) sensitivity=0 orientation=0.000 confidence=true]
TOUCH t=25.760 device=0 frame=260 count=2 [id=0 state=hold xy=(662.423,-511.537) size=(33.225,33.219) sensitivity=0 orientation=0.000 confidence=true] [id=1 state=hold xy=(481.450,-426.725) size=(33.225,33.219) sensitivity=0 orientation=0.000 confidence=true]
TOUCH t=25.765 device=0 frame=261 count=2 [id=0 state=hold xy=(657.234,-511.033) size=(33.225,33.219) sensitivity=0 orientation=0.000 confidence=true] [id=1 state=hold xy=(476.550,-425.572) size=(33.225,33.219) sensitivity=0 orientation=0.000 confidence=true]
TOUCH t=25.771 device=0 frame=262 count=2 [id=0 state=hold xy=(652.261,-510.673) size=(33.225,33.219) sensitivity=0 orientation=0.000 confidence=true] [id=1 state=hold xy=(471.937,-424.852) size=(33.225,33.219) sensitivity=0 orientation=0.000 confidence=true]
TOUCH t=25.778 device=0 frame=263 count=2 [id=0 state=hold xy=(647.505,-510.889) size=(33.225,33.219) sensitivity=0 orientation=0.000 confidence=true] [id=1 state=hold xy=(467.468,-424.347) size=(33.225,33.219) sensitivity=0 orientation=0.000 confidence=true]
TOUCH t=25.781 device=0 frame=264 count=2 [id=0 state=hold xy=(642.964,-511.465) size=(33.225,33.219) sensitivity=0 orientation=0.000 confidence=true] [id=1 state=hold xy=(463.216,-424.347) size=(33.225,33.219) sensitivity=0 orientation=0.000 confidence=true]
TOUCH t=25.786 device=0 frame=265 count=2 [id=0 state=hold xy=(638.423,-512.114) size=(33.225,33.219) sensitivity=0 orientation=0.000 confidence=true] [id=1 state=hold xy=(458.964,-424.924) size=(33.225,33.219) sensitivity=0 orientation=0.000 confidence=true]
TOUCH t=25.791 device=0 frame=266 count=2 [id=0 state=hold xy=(634.099,-513.267) size=(33.225,33.219) sensitivity=0 orientation=0.000 confidence=true] [id=1 state=hold xy=(455.000,-425.645) size=(33.225,33.219) sensitivity=0 orientation=0.000 confidence=true]
TOUCH t=25.796 device=0 frame=267 count=2 [id=0 state=hold xy=(629.775,-514.420) size=(33.225,33.219) sensitivity=0 orientation=0.000 confidence=true] [id=1 state=hold xy=(451.468,-427.230) size=(33.225,33.219) sensitivity=0 orientation=0.000 confidence=true]
TOUCH t=25.801 device=0 frame=268 count=2 [id=0 state=hold xy=(625.595,-515.933) size=(33.225,33.219) sensitivity=0 orientation=0.000 confidence=true] [id=1 state=hold xy=(447.937,-428.743) size=(33.225,33.219) sensitivity=0 orientation=0.000 confidence=true]
TOUCH t=25.807 device=0 frame=269 count=2 [id=0 state=hold xy=(621.703,-517.734) size=(33.225,33.219) sensitivity=0 orientation=0.000 confidence=true] [id=1 state=hold xy=(444.333,-430.256) size=(33.225,33.219) sensitivity=0 orientation=0.000 confidence=true]
TOUCH t=25.813 device=0 frame=270 count=2 [id=0 state=hold xy=(618.171,-519.608) size=(33.225,33.219) sensitivity=0 orientation=0.000 confidence=true] [id=1 state=hold xy=(440.658,-431.914) size=(33.225,33.219) sensitivity=0 orientation=0.000 confidence=true]
TOUCH t=25.819 device=0 frame=271 count=2 [id=0 state=hold xy=(614.784,-521.769) size=(33.225,33.219) sensitivity=0 orientation=0.000 confidence=true] [id=1 state=hold xy=(436.982,-434.003) size=(33.225,33.219) sensitivity=0 orientation=0.000 confidence=true]
TOUCH t=25.824 device=0 frame=272 count=2 [id=0 state=hold xy=(611.613,-524.075) size=(33.225,33.219) sensitivity=0 orientation=0.000 confidence=true] [id=1 state=hold xy=(433.883,-436.741) size=(33.225,33.219) sensitivity=0 orientation=0.000 confidence=true]
TOUCH t=25.827 device=0 frame=273 count=2 [id=0 state=hold xy=(608.513,-526.813) size=(33.225,33.219) sensitivity=0 orientation=0.000 confidence=true] [id=1 state=hold xy=(430.495,-439.408) size=(33.225,33.219) sensitivity=0 orientation=0.000 confidence=true]
TOUCH t=25.832 device=0 frame=274 count=2 [id=0 state=hold xy=(605.414,-529.552) size=(33.225,33.219) sensitivity=0 orientation=0.000 confidence=true] [id=1 state=hold xy=(427.324,-442.218) size=(33.225,33.219) sensitivity=0 orientation=0.000 confidence=true]
TOUCH t=25.838 device=0 frame=275 count=2 [id=0 state=hold xy=(602.459,-532.362) size=(33.225,33.219) sensitivity=0 orientation=0.000 confidence=true] [id=1 state=hold xy=(424.874,-445.460) size=(33.225,33.219) sensitivity=0 orientation=0.000 confidence=true]
TOUCH t=25.843 device=0 frame=276 count=2 [id=0 state=hold xy=(599.937,-535.821) size=(33.225,33.219) sensitivity=0 orientation=0.000 confidence=true] [id=1 state=hold xy=(422.640,-449.135) size=(33.225,33.219) sensitivity=0 orientation=0.000 confidence=true]
TOUCH t=25.848 device=0 frame=277 count=2 [id=0 state=hold xy=(597.414,-539.424) size=(33.225,33.219) sensitivity=0 orientation=0.000 confidence=true] [id=1 state=hold xy=(420.982,-453.315) size=(33.225,33.219) sensitivity=0 orientation=0.000 confidence=true]
TOUCH t=25.853 device=0 frame=278 count=2 [id=0 state=hold xy=(595.180,-543.459) size=(33.225,33.219) sensitivity=0 orientation=0.000 confidence=true] [id=1 state=hold xy=(419.541,-457.926) size=(33.225,33.219) sensitivity=0 orientation=0.000 confidence=true]
TOUCH t=25.858 device=0 frame=279 count=2 [id=0 state=hold xy=(593.162,-547.782) size=(33.225,33.219) sensitivity=0 orientation=0.000 confidence=true] [id=1 state=hold xy=(418.171,-462.610) size=(33.225,33.219) sensitivity=0 orientation=0.000 confidence=true]
TOUCH t=25.863 device=0 frame=280 count=2 [id=0 state=hold xy=(591.360,-552.250) size=(33.225,33.219) sensitivity=0 orientation=0.000 confidence=true] [id=1 state=hold xy=(416.874,-467.438) size=(33.225,33.219) sensitivity=0 orientation=0.000 confidence=true]
TOUCH t=25.869 device=0 frame=281 count=2 [id=0 state=hold xy=(589.919,-557.078) size=(33.225,33.219) sensitivity=0 orientation=0.000 confidence=true] [id=1 state=hold xy=(415.865,-472.626) size=(33.225,33.219) sensitivity=0 orientation=0.000 confidence=true]
TOUCH t=25.874 device=0 frame=282 count=2 [id=0 state=hold xy=(588.766,-562.194) size=(33.225,33.219) sensitivity=0 orientation=0.000 confidence=true] [id=1 state=hold xy=(415.432,-478.247) size=(33.225,33.219) sensitivity=0 orientation=0.000 confidence=true]
TOUCH t=25.879 device=0 frame=283 count=2 [id=0 state=hold xy=(587.901,-567.526) size=(33.225,33.219) sensitivity=0 orientation=0.000 confidence=true] [id=1 state=hold xy=(415.000,-484.011) size=(33.225,33.219) sensitivity=0 orientation=0.000 confidence=true]
TOUCH t=25.884 device=0 frame=284 count=2 [id=0 state=hold xy=(587.396,-573.435) size=(33.225,33.219) sensitivity=0 orientation=0.000 confidence=true] [id=1 state=hold xy=(414.928,-490.208) size=(33.225,33.219) sensitivity=0 orientation=0.000 confidence=true]
TOUCH t=25.889 device=0 frame=285 count=2 [id=0 state=hold xy=(587.324,-579.416) size=(33.225,33.219) sensitivity=0 orientation=0.000 confidence=true] [id=1 state=hold xy=(415.360,-496.693) size=(33.225,33.219) sensitivity=0 orientation=0.000 confidence=true]
TOUCH t=25.895 device=0 frame=286 count=2 [id=0 state=hold xy=(587.468,-585.685) size=(33.225,33.219) sensitivity=0 orientation=0.000 confidence=true] [id=1 state=hold xy=(415.793,-503.034) size=(33.225,33.219) sensitivity=0 orientation=0.000 confidence=true]
TOUCH t=25.902 device=0 frame=287 count=2 [id=0 state=hold xy=(588.117,-592.170) size=(33.225,33.219) sensitivity=0 orientation=0.000 confidence=true] [id=1 state=hold xy=(416.586,-509.664) size=(33.225,33.219) sensitivity=0 orientation=0.000 confidence=true]
TOUCH t=25.905 device=0 frame=288 count=2 [id=0 state=hold xy=(588.982,-598.583) size=(33.225,33.219) sensitivity=0 orientation=0.000 confidence=true] [id=1 state=hold xy=(417.811,-516.221) size=(33.225,33.219) sensitivity=0 orientation=0.000 confidence=true]
TOUCH t=25.910 device=0 frame=289 count=2 [id=0 state=hold xy=(590.279,-605.140) size=(33.225,33.219) sensitivity=0 orientation=0.000 confidence=true] [id=1 state=hold xy=(419.036,-522.994) size=(33.225,33.219) sensitivity=0 orientation=0.000 confidence=true]
TOUCH t=25.915 device=0 frame=290 count=2 [id=0 state=hold xy=(591.793,-611.697) size=(33.225,33.219) sensitivity=0 orientation=0.000 confidence=true] [id=1 state=hold xy=(420.622,-530.056) size=(33.225,33.219) sensitivity=0 orientation=0.000 confidence=true]
TOUCH t=25.920 device=0 frame=291 count=2 [id=0 state=hold xy=(593.595,-617.894) size=(33.225,33.219) sensitivity=0 orientation=0.000 confidence=true] [id=1 state=hold xy=(422.928,-537.262) size=(33.225,33.219) sensitivity=0 orientation=0.000 confidence=true]
TOUCH t=25.925 device=0 frame=292 count=2 [id=0 state=hold xy=(595.757,-624.307) size=(33.225,33.219) sensitivity=0 orientation=0.000 confidence=true] [id=1 state=hold xy=(425.162,-544.468) size=(33.225,33.219) sensitivity=0 orientation=0.000 confidence=true]
TOUCH t=25.930 device=0 frame=293 count=2 [id=0 state=hold xy=(598.135,-630.793) size=(33.225,33.219) sensitivity=0 orientation=0.000 confidence=true] [id=1 state=hold xy=(427.901,-551.601) size=(33.225,33.219) sensitivity=0 orientation=0.000 confidence=true]
TOUCH t=25.937 device=0 frame=294 count=2 [id=0 state=hold xy=(600.946,-637.134) size=(33.225,33.219) sensitivity=0 orientation=0.000 confidence=true] [id=1 state=hold xy=(430.856,-558.735) size=(33.225,33.219) sensitivity=0 orientation=0.000 confidence=true]
TOUCH t=25.941 device=0 frame=295 count=2 [id=0 state=hold xy=(604.189,-643.547) size=(33.225,33.219) sensitivity=0 orientation=0.000 confidence=true] [id=1 state=hold xy=(433.883,-565.580) size=(33.225,33.219) sensitivity=0 orientation=0.000 confidence=true]
TOUCH t=25.946 device=0 frame=296 count=2 [id=0 state=hold xy=(607.721,-649.960) size=(33.225,33.219) sensitivity=0 orientation=0.000 confidence=true] [id=1 state=hold xy=(437.486,-572.642) size=(33.225,33.219) sensitivity=0 orientation=0.000 confidence=true]
TOUCH t=25.951 device=0 frame=297 count=2 [id=0 state=hold xy=(611.685,-656.157) size=(33.225,33.219) sensitivity=0 orientation=0.000 confidence=true] [id=1 state=hold xy=(441.306,-579.776) size=(33.225,33.219) sensitivity=0 orientation=0.000 confidence=true]
TOUCH t=25.956 device=0 frame=298 count=2 [id=0 state=hold xy=(616.009,-662.570) size=(33.225,33.219) sensitivity=0 orientation=0.000 confidence=true] [id=1 state=hold xy=(445.414,-586.837) size=(33.225,33.219) sensitivity=0 orientation=0.000 confidence=true]
TOUCH t=25.962 device=0 frame=299 count=2 [id=0 state=hold xy=(620.477,-668.839) size=(33.225,33.219) sensitivity=0 orientation=0.000 confidence=true] [id=1 state=hold xy=(449.811,-593.899) size=(33.225,33.219) sensitivity=0 orientation=0.000 confidence=true]
TOUCH t=25.967 device=0 frame=300 count=2 [id=0 state=hold xy=(625.378,-674.892) size=(33.225,33.219) sensitivity=0 orientation=0.000 confidence=true] [id=1 state=hold xy=(454.423,-600.673) size=(33.225,33.219) sensitivity=0 orientation=0.000 confidence=true]
TOUCH t=25.973 device=0 frame=301 count=2 [id=0 state=hold xy=(630.495,-681.089) size=(33.225,33.219) sensitivity=0 orientation=0.000 confidence=true] [id=1 state=hold xy=(459.396,-607.518) size=(33.225,33.219) sensitivity=0 orientation=0.000 confidence=true]
TOUCH t=25.978 device=0 frame=302 count=2 [id=0 state=hold xy=(635.829,-686.926) size=(33.225,33.219) sensitivity=0 orientation=0.000 confidence=true] [id=1 state=hold xy=(464.514,-614.147) size=(33.225,33.219) sensitivity=0 orientation=0.000 confidence=true]
TOUCH t=25.982 device=0 frame=303 count=2 [id=0 state=hold xy=(641.523,-692.690) size=(33.225,33.219) sensitivity=0 orientation=0.000 confidence=true] [id=1 state=hold xy=(469.919,-620.849) size=(33.225,33.219) sensitivity=0 orientation=0.000 confidence=true]
TOUCH t=25.987 device=0 frame=304 count=2 [id=0 state=hold xy=(647.505,-698.815) size=(33.225,33.219) sensitivity=0 orientation=0.000 confidence=true] [id=1 state=hold xy=(475.613,-627.766) size=(33.225,33.219) sensitivity=0 orientation=0.000 confidence=true]
TOUCH t=25.993 device=0 frame=305 count=2 [id=0 state=hold xy=(653.703,-704.580) size=(33.225,33.219) sensitivity=0 orientation=0.000 confidence=true] [id=1 state=hold xy=(481.450,-634.396) size=(33.225,33.219) sensitivity=0 orientation=0.000 confidence=true]
TOUCH t=25.998 device=0 frame=306 count=2 [id=0 state=hold xy=(660.333,-710.344) size=(33.225,33.219) sensitivity=0 orientation=0.000 confidence=true] [id=1 state=hold xy=(487.649,-641.025) size=(33.225,33.219) sensitivity=0 orientation=0.000 confidence=true]
TOUCH t=26.003 device=0 frame=307 count=2 [id=0 state=hold xy=(667.252,-716.037) size=(33.225,33.219) sensitivity=0 orientation=0.000 confidence=true] [id=1 state=hold xy=(494.279,-647.582) size=(33.225,33.219) sensitivity=0 orientation=0.000 confidence=true]
TOUCH t=26.008 device=0 frame=308 count=2 [id=0 state=hold xy=(674.459,-721.297) size=(33.225,33.219) sensitivity=0 orientation=0.000 confidence=true] [id=1 state=hold xy=(501.054,-653.851) size=(33.225,33.219) sensitivity=0 orientation=0.000 confidence=true]
TOUCH t=26.013 device=0 frame=309 count=2 [id=0 state=hold xy=(682.027,-726.557) size=(33.225,33.219) sensitivity=0 orientation=0.000 confidence=true] [id=1 state=hold xy=(508.333,-660.120) size=(33.225,33.219) sensitivity=0 orientation=0.000 confidence=true]
TOUCH t=26.020 device=0 frame=310 count=2 [id=0 state=hold xy=(689.739,-731.745) size=(33.225,33.219) sensitivity=0 orientation=0.000 confidence=true] [id=1 state=hold xy=(515.829,-666.101) size=(33.225,33.219) sensitivity=0 orientation=0.000 confidence=true]
TOUCH t=26.027 device=0 frame=311 count=2 [id=0 state=hold xy=(697.739,-736.862) size=(33.225,33.219) sensitivity=0 orientation=0.000 confidence=true] [id=1 state=hold xy=(523.396,-672.010) size=(33.225,33.219) sensitivity=0 orientation=0.000 confidence=true]
TOUCH t=26.031 device=0 frame=312 count=2 [id=0 state=hold xy=(705.883,-741.761) size=(33.225,33.219) sensitivity=0 orientation=0.000 confidence=true] [id=1 state=hold xy=(531.396,-677.702) size=(33.225,33.219) sensitivity=0 orientation=0.000 confidence=true]
TOUCH t=26.035 device=0 frame=313 count=2 [id=0 state=hold xy=(714.171,-746.301) size=(33.225,33.219) sensitivity=0 orientation=0.000 confidence=true] [id=1 state=hold xy=(539.396,-683.323) size=(33.225,33.219) sensitivity=0 orientation=0.000 confidence=true]
TOUCH t=26.039 device=0 frame=314 count=2 [id=0 state=hold xy=(722.820,-750.552) size=(33.225,33.219) sensitivity=0 orientation=0.000 confidence=true] [id=1 state=hold xy=(547.829,-688.727) size=(33.225,33.219) sensitivity=0 orientation=0.000 confidence=true]
TOUCH t=26.046 device=0 frame=315 count=2 [id=0 state=hold xy=(731.685,-754.372) size=(33.225,33.219) sensitivity=0 orientation=0.000 confidence=true] [id=1 state=hold xy=(556.477,-693.843) size=(33.225,33.219) sensitivity=0 orientation=0.000 confidence=true]
TOUCH t=26.049 device=0 frame=316 count=2 [id=0 state=hold xy=(740.766,-757.902) size=(33.225,33.219) sensitivity=0 orientation=0.000 confidence=true] [id=1 state=hold xy=(565.414,-698.743) size=(33.225,33.219) sensitivity=0 orientation=0.000 confidence=true]
TOUCH t=26.055 device=0 frame=317 count=2 [id=0 state=hold xy=(750.063,-761.433) size=(33.225,33.219) sensitivity=0 orientation=0.000 confidence=true] [id=1 state=hold xy=(574.568,-703.571) size=(33.225,33.219) sensitivity=0 orientation=0.000 confidence=true]
TOUCH t=26.060 device=0 frame=318 count=2 [id=0 state=hold xy=(759.721,-764.532) size=(33.225,33.219) sensitivity=0 orientation=0.000 confidence=true] [id=1 state=hold xy=(583.865,-708.110) size=(33.225,33.219) sensitivity=0 orientation=0.000 confidence=true]
TOUCH t=26.065 device=0 frame=319 count=2 [id=0 state=hold xy=(769.595,-767.342) size=(33.225,33.219) sensitivity=0 orientation=0.000 confidence=true] [id=1 state=hold xy=(593.523,-712.578) size=(33.225,33.219) sensitivity=0 orientation=0.000 confidence=true]
TOUCH t=26.071 device=0 frame=320 count=2 [id=0 state=hold xy=(779.901,-769.792) size=(33.225,33.219) sensitivity=0 orientation=0.000 confidence=true] [id=1 state=hold xy=(603.252,-716.685) size=(33.225,33.219) sensitivity=0 orientation=0.000 confidence=true]
TOUCH t=26.078 device=0 frame=321 count=2 [id=0 state=hold xy=(790.351,-772.098) size=(33.225,33.219) sensitivity=0 orientation=0.000 confidence=true] [id=1 state=hold xy=(613.559,-720.288) size=(33.225,33.219) sensitivity=0 orientation=0.000 confidence=true]
TOUCH t=26.080 device=0 frame=322 count=2 [id=0 state=hold xy=(801.090,-774.259) size=(33.225,33.219) sensitivity=0 orientation=0.000 confidence=true] [id=1 state=hold xy=(624.153,-723.963) size=(33.225,33.219) sensitivity=0 orientation=0.000 confidence=true]
TOUCH t=26.085 device=0 frame=323 count=2 [id=0 state=hold xy=(812.117,-776.277) size=(33.225,33.219) sensitivity=0 orientation=0.000 confidence=true] [id=1 state=hold xy=(634.892,-727.422) size=(33.225,33.219) sensitivity=0 orientation=0.000 confidence=true]
TOUCH t=26.094 device=0 frame=324 count=2 [id=0 state=hold xy=(823.288,-778.151) size=(33.225,33.219) sensitivity=0 orientation=0.000 confidence=true] [id=1 state=hold xy=(645.847,-730.881) size=(33.225,33.219) sensitivity=0 orientation=0.000 confidence=true]
TOUCH t=26.097 device=0 frame=325 count=2 [id=0 state=hold xy=(834.676,-779.592) size=(33.225,33.219) sensitivity=0 orientation=0.000 confidence=true] [id=1 state=hold xy=(656.802,-734.051) size=(33.225,33.219) sensitivity=0 orientation=0.000 confidence=true]
TOUCH t=26.101 device=0 frame=326 count=2 [id=0 state=hold xy=(846.207,-781.033) size=(33.225,33.219) sensitivity=0 orientation=0.000 confidence=true] [id=1 state=hold xy=(668.117,-736.862) size=(33.225,33.219) sensitivity=0 orientation=0.000 confidence=true]
TOUCH t=26.106 device=0 frame=327 count=2 [id=0 state=hold xy=(858.099,-782.258) size=(33.225,33.219) sensitivity=0 orientation=0.000 confidence=true] [id=1 state=hold xy=(679.577,-739.383) size=(33.225,33.219) sensitivity=0 orientation=0.000 confidence=true]
TOUCH t=26.111 device=0 frame=328 count=2 [id=0 state=hold xy=(870.351,-783.267) size=(33.225,33.219) sensitivity=0 orientation=0.000 confidence=true] [id=1 state=hold xy=(691.180,-741.689) size=(33.225,33.219) sensitivity=0 orientation=0.000 confidence=true]
TOUCH t=26.116 device=0 frame=329 count=2 [id=0 state=hold xy=(882.748,-784.059) size=(33.225,33.219) sensitivity=0 orientation=0.000 confidence=true] [id=1 state=hold xy=(703.000,-743.923) size=(33.225,33.219) sensitivity=0 orientation=0.000 confidence=true]
TOUCH t=26.121 device=0 frame=330 count=2 [id=0 state=hold xy=(895.360,-784.564) size=(33.225,33.219) sensitivity=0 orientation=0.000 confidence=true] [id=1 state=hold xy=(714.892,-745.941) size=(33.225,33.219) sensitivity=0 orientation=0.000 confidence=true]
TOUCH t=26.127 device=0 frame=331 count=2 [id=0 state=hold xy=(908.045,-784.780) size=(33.225,33.219) sensitivity=0 orientation=0.000 confidence=true] [id=1 state=hold xy=(726.784,-747.958) size=(33.225,33.219) sensitivity=0 orientation=0.000 confidence=true]
TOUCH t=26.139 device=0 frame=332 count=2 [id=0 state=hold xy=(920.513,-784.852) size=(33.225,33.219) sensitivity=0 orientation=0.000 confidence=true] [id=1 state=hold xy=(738.892,-749.688) size=(33.225,33.219) sensitivity=0 orientation=0.000 confidence=true]
TOUCH t=26.142 device=0 frame=333 count=2 [id=0 state=hold xy=(933.054,-784.492) size=(33.225,33.219) sensitivity=0 orientation=0.000 confidence=true] [id=1 state=hold xy=(751.144,-751.273) size=(33.225,33.219) sensitivity=0 orientation=0.000 confidence=true]
TOUCH t=26.142 device=0 frame=334 count=2 [id=0 state=hold xy=(945.595,-783.771) size=(33.225,33.219) sensitivity=0 orientation=0.000 confidence=true] [id=1 state=hold xy=(763.396,-752.426) size=(33.225,33.219) sensitivity=0 orientation=0.000 confidence=true]
TOUCH t=26.147 device=0 frame=335 count=2 [id=0 state=hold xy=(957.919,-783.195) size=(33.225,33.219) sensitivity=0 orientation=0.000 confidence=true] [id=1 state=hold xy=(775.649,-753.147) size=(33.225,33.219) sensitivity=0 orientation=0.000 confidence=true]
TOUCH t=26.152 device=0 frame=336 count=2 [id=0 state=hold xy=(970.387,-782.186) size=(33.225,33.219) sensitivity=0 orientation=0.000 confidence=true] [id=1 state=hold xy=(787.901,-753.507) size=(33.225,33.219) sensitivity=0 orientation=0.000 confidence=true]
TOUCH t=26.158 device=0 frame=337 count=2 [id=0 state=hold xy=(982.856,-780.673) size=(33.225,33.219) sensitivity=0 orientation=0.000 confidence=true] [id=1 state=hold xy=(800.153,-753.723) size=(33.225,33.219) sensitivity=0 orientation=0.000 confidence=true]
TOUCH t=26.163 device=0 frame=338 count=2 [id=0 state=hold xy=(995.180,-779.231) size=(33.225,33.219) sensitivity=0 orientation=0.000 confidence=true] [id=1 state=hold xy=(812.550,-753.435) size=(33.225,33.219) sensitivity=0 orientation=0.000 confidence=true]
TOUCH t=26.168 device=0 frame=339 count=2 [id=0 state=hold xy=(1007.505,-777.142) size=(33.225,33.219) sensitivity=0 orientation=0.000 confidence=true] [id=1 state=hold xy=(824.874,-753.002) size=(33.225,33.219) sensitivity=0 orientation=0.000 confidence=true]
TOUCH t=26.173 device=0 frame=340 count=2 [id=0 state=hold xy=(1019.685,-774.836) size=(33.225,33.219) sensitivity=0 orientation=0.000 confidence=true] [id=1 state=hold xy=(837.270,-752.282) size=(33.225,33.219) sensitivity=0 orientation=0.000 confidence=true]
TOUCH t=26.178 device=0 frame=341 count=2 [id=0 state=hold xy=(1031.505,-772.386) size=(33.225,33.219) sensitivity=0 orientation=0.000 confidence=true] [id=1 state=hold xy=(849.595,-750.985) size=(33.225,33.219) sensitivity=0 orientation=0.000 confidence=true]
TOUCH t=26.185 device=0 frame=342 count=2 [id=0 state=hold xy=(1043.252,-769.432) size=(33.225,33.219) sensitivity=0 orientation=0.000 confidence=true] [id=1 state=hold xy=(861.775,-749.616) size=(33.225,33.219) sensitivity=0 orientation=0.000 confidence=true]
TOUCH t=26.189 device=0 frame=343 count=2 [id=0 state=hold xy=(1055.072,-765.973) size=(33.225,33.219) sensitivity=0 orientation=0.000 confidence=true] [id=1 state=hold xy=(873.811,-747.598) size=(33.225,33.219) sensitivity=0 orientation=0.000 confidence=true]
TOUCH t=26.194 device=0 frame=344 count=2 [id=0 state=hold xy=(1066.748,-762.298) size=(33.225,33.219) sensitivity=0 orientation=0.000 confidence=true] [id=1 state=hold xy=(885.487,-745.292) size=(33.225,33.219) sensitivity=0 orientation=0.000 confidence=true]
TOUCH t=26.199 device=0 frame=345 count=2 [id=0 state=hold xy=(1078.279,-758.335) size=(33.225,33.219) sensitivity=0 orientation=0.000 confidence=true] [id=1 state=hold xy=(897.018,-742.698) size=(33.225,33.219) sensitivity=0 orientation=0.000 confidence=true]
TOUCH t=26.204 device=0 frame=346 count=2 [id=0 state=hold xy=(1089.595,-754.011) size=(33.225,33.219) sensitivity=0 orientation=0.000 confidence=true] [id=1 state=hold xy=(908.261,-739.744) size=(33.225,33.219) sensitivity=0 orientation=0.000 confidence=true]
TOUCH t=26.209 device=0 frame=347 count=2 [id=0 state=hold xy=(1100.622,-749.832) size=(33.225,33.219) sensitivity=0 orientation=0.000 confidence=true] [id=1 state=hold xy=(919.360,-736.789) size=(33.225,33.219) sensitivity=0 orientation=0.000 confidence=true]
TOUCH t=26.214 device=0 frame=348 count=2 [id=0 state=hold xy=(1111.505,-745.076) size=(33.225,33.219) sensitivity=0 orientation=0.000 confidence=true] [id=1 state=hold xy=(930.243,-733.475) size=(33.225,33.219) sensitivity=0 orientation=0.000 confidence=true]
TOUCH t=26.221 device=0 frame=349 count=2 [id=0 state=hold xy=(1122.243,-740.104) size=(33.225,33.219) sensitivity=0 orientation=0.000 confidence=true] [id=1 state=hold xy=(940.982,-729.728) size=(33.225,33.219) sensitivity=0 orientation=0.000 confidence=true]
TOUCH t=26.225 device=0 frame=350 count=2 [id=0 state=hold xy=(1132.982,-734.916) size=(33.225,33.219) sensitivity=0 orientation=0.000 confidence=true] [id=1 state=hold xy=(951.649,-725.765) size=(33.225,33.219) sensitivity=0 orientation=0.000 confidence=true]
TOUCH t=26.230 device=0 frame=351 count=2 [id=0 state=hold xy=(1143.721,-729.295) size=(33.225,33.219) sensitivity=0 orientation=0.000 confidence=true] [id=1 state=hold xy=(962.243,-721.513) size=(33.225,33.219) sensitivity=0 orientation=0.000 confidence=true]
TOUCH t=26.235 device=0 frame=352 count=2 [id=0 state=hold xy=(1154.387,-723.315) size=(33.225,33.219) sensitivity=0 orientation=0.000 confidence=true] [id=1 state=hold xy=(972.910,-716.974) size=(33.225,33.219) sensitivity=0 orientation=0.000 confidence=true]
TOUCH t=26.240 device=0 frame=353 count=2 [id=0 state=hold xy=(1165.054,-716.974) size=(33.225,33.219) sensitivity=0 orientation=0.000 confidence=true] [id=1 state=hold xy=(983.649,-712.362) size=(33.225,33.219) sensitivity=0 orientation=0.000 confidence=true]
TOUCH t=26.245 device=0 frame=354 count=2 [id=0 state=hold xy=(1175.721,-710.416) size=(33.225,33.219) sensitivity=0 orientation=0.000 confidence=true] [id=1 state=hold xy=(994.171,-707.678) size=(33.225,33.219) sensitivity=0 orientation=0.000 confidence=true]
TOUCH t=26.251 device=0 frame=355 count=2 [id=0 state=hold xy=(1186.315,-703.643) size=(33.225,33.219) sensitivity=0 orientation=0.000 confidence=true] [id=1 state=hold xy=(1004.622,-702.562) size=(33.225,33.219) sensitivity=0 orientation=0.000 confidence=true]
TOUCH t=26.256 device=0 frame=356 count=2 [id=0 state=hold xy=(1196.694,-696.797) size=(33.225,33.219) sensitivity=0 orientation=0.000 confidence=true] [id=1 state=hold xy=(1014.784,-697.518) size=(33.225,33.219) sensitivity=0 orientation=0.000 confidence=true]
TOUCH t=26.261 device=0 frame=357 count=2 [id=0 state=hold xy=(1207.000,-689.736) size=(33.225,33.219) sensitivity=0 orientation=0.000 confidence=true] [id=1 state=hold xy=(1024.730,-692.186) size=(33.225,33.219) sensitivity=0 orientation=0.000 confidence=true]
TOUCH t=26.266 device=0 frame=358 count=2 [id=0 state=hold xy=(1216.874,-682.674) size=(33.225,33.219) sensitivity=0 orientation=0.000 confidence=true] [id=1 state=hold xy=(1034.604,-686.637) size=(33.225,33.219) sensitivity=0 orientation=0.000 confidence=true]
TOUCH t=26.271 device=0 frame=359 count=2 [id=0 state=hold xy=(1226.820,-675.252) size=(33.225,33.219) sensitivity=0 orientation=0.000 confidence=true] [id=1 state=hold xy=(1044.333,-680.801) size=(33.225,33.219) sensitivity=0 orientation=0.000 confidence=true]
TOUCH t=26.276 device=0 frame=360 count=2 [id=0 state=hold xy=(1236.477,-667.614) size=(33.225,33.219) sensitivity=0 orientation=0.000 confidence=true] [id=1 state=hold xy=(1053.991,-674.748) size=(33.225,33.219) sensitivity=0 orientation=0.000 confidence=true]
TOUCH t=26.282 device=0 frame=361 count=2 [id=0 state=hold xy=(1246.207,-659.976) size=(33.225,33.219) sensitivity=0 orientation=0.000 confidence=true] [id=1 state=hold xy=(1063.649,-668.695) size=(33.225,33.219) sensitivity=0 orientation=0.000 confidence=true]
TOUCH t=26.287 device=0 frame=362 count=2 [id=0 state=hold xy=(1255.793,-652.050) size=(33.225,33.219) sensitivity=0 orientation=0.000 confidence=true] [id=1 state=hold xy=(1073.234,-662.354) size=(33.225,33.219) sensitivity=0 orientation=0.000 confidence=true]
TOUCH t=26.292 device=0 frame=363 count=2 [id=0 state=hold xy=(1265.523,-643.835) size=(33.225,33.219) sensitivity=0 orientation=0.000 confidence=true] [id=1 state=hold xy=(1082.892,-656.085) size=(33.225,33.219) sensitivity=0 orientation=0.000 confidence=true]
TOUCH t=26.297 device=0 frame=364 count=2 [id=0 state=hold xy=(1275.036,-635.765) size=(33.225,33.219) sensitivity=0 orientation=0.000 confidence=true] [id=1 state=hold xy=(1092.477,-649.744) size=(33.225,33.219) sensitivity=0 orientation=0.000 confidence=true]
TOUCH t=26.302 device=0 frame=365 count=2 [id=0 state=hold xy=(1284.189,-627.334) size=(33.225,33.219) sensitivity=0 orientation=0.000 confidence=true] [id=1 state=hold xy=(1101.919,-642.970) size=(33.225,33.219) sensitivity=0 orientation=0.000 confidence=true]
TOUCH t=26.307 device=0 frame=366 count=2 [id=0 state=hold xy=(1293.270,-618.903) size=(33.225,33.219) sensitivity=0 orientation=0.000 confidence=true] [id=1 state=hold xy=(1111.072,-636.269) size=(33.225,33.219) sensitivity=0 orientation=0.000 confidence=true]
TOUCH t=26.312 device=0 frame=367 count=2 [id=0 state=hold xy=(1301.559,-610.472) size=(33.225,33.219) sensitivity=0 orientation=0.000 confidence=true] [id=1 state=hold xy=(1119.793,-629.352) size=(33.225,33.219) sensitivity=0 orientation=0.000 confidence=true]
TOUCH t=26.318 device=0 frame=368 count=2 [id=0 state=hold xy=(1309.919,-601.898) size=(33.225,33.219) sensitivity=0 orientation=0.000 confidence=true] [id=1 state=hold xy=(1128.153,-622.218) size=(33.225,33.219) sensitivity=0 orientation=0.000 confidence=true]
TOUCH t=26.323 device=0 frame=369 count=2 [id=0 state=hold xy=(1317.847,-593.323) size=(33.225,33.219) sensitivity=0 orientation=0.000 confidence=true] [id=1 state=hold xy=(1136.225,-615.084) size=(33.225,33.219) sensitivity=0 orientation=0.000 confidence=true]
TOUCH t=26.328 device=0 frame=370 count=2 [id=0 state=hold xy=(1325.559,-584.315) size=(33.225,33.219) sensitivity=0 orientation=0.000 confidence=true] [id=1 state=hold xy=(1143.793,-607.734) size=(33.225,33.219) sensitivity=0 orientation=0.000 confidence=true]
TOUCH t=26.335 device=0 frame=371 count=2 [id=0 state=hold xy=(1332.838,-575.452) size=(33.225,33.219) sensitivity=0 orientation=0.000 confidence=true] [id=1 state=hold xy=(1150.856,-600.312) size=(33.225,33.219) sensitivity=0 orientation=0.000 confidence=true]
TOUCH t=26.338 device=0 frame=372 count=2 [id=0 state=hold xy=(1339.901,-566.157) size=(33.225,33.219) sensitivity=0 orientation=0.000 confidence=true] [id=1 state=hold xy=(1157.847,-592.962) size=(33.225,33.219) sensitivity=0 orientation=0.000 confidence=true]
TOUCH t=26.344 device=0 frame=373 count=2 [id=0 state=hold xy=(1346.459,-556.934) size=(33.225,33.219) sensitivity=0 orientation=0.000 confidence=true] [id=1 state=hold xy=(1164.405,-585.180) size=(33.225,33.219) sensitivity=0 orientation=0.000 confidence=true]
TOUCH t=26.349 device=0 frame=374 count=2 [id=0 state=hold xy=(1352.586,-547.710) size=(33.225,33.219) sensitivity=0 orientation=0.000 confidence=true] [id=1 state=hold xy=(1170.604,-577.326) size=(33.225,33.219) sensitivity=0 orientation=0.000 confidence=true]
TOUCH t=26.358 device=0 frame=375 count=2 [id=0 state=hold xy=(1358.207,-538.343) size=(33.225,33.219) sensitivity=0 orientation=0.000 confidence=true] [id=1 state=hold xy=(1176.586,-569.544) size=(33.225,33.219) sensitivity=0 orientation=0.000 confidence=true]
TOUCH t=26.359 device=0 frame=376 count=2 [id=0 state=hold xy=(1363.252,-529.119) size=(33.225,33.219) sensitivity=0 orientation=0.000 confidence=true] [id=1 state=hold xy=(1181.919,-561.473) size=(33.225,33.219) sensitivity=0 orientation=0.000 confidence=true]
TOUCH t=26.364 device=0 frame=377 count=2 [id=0 state=hold xy=(1367.793,-519.824) size=(33.225,33.219) sensitivity=0 orientation=0.000 confidence=true] [id=1 state=hold xy=(1186.820,-553.835) size=(33.225,33.219) sensitivity=0 orientation=0.000 confidence=true]
TOUCH t=26.369 device=0 frame=378 count=2 [id=0 state=hold xy=(1371.685,-510.745) size=(33.225,33.219) sensitivity=0 orientation=0.000 confidence=true] [id=1 state=hold xy=(1191.072,-546.125) size=(33.225,33.219) sensitivity=0 orientation=0.000 confidence=true]
TOUCH t=26.377 device=0 frame=379 count=2 [id=0 state=hold xy=(1374.928,-501.882) size=(33.225,33.219) sensitivity=0 orientation=0.000 confidence=true] [id=1 state=hold xy=(1194.748,-538.127) size=(33.225,33.219) sensitivity=0 orientation=0.000 confidence=true]
TOUCH t=26.379 device=0 frame=380 count=2 [id=0 state=hold xy=(1377.667,-492.946) size=(33.225,33.219) sensitivity=0 orientation=0.000 confidence=true] [id=1 state=hold xy=(1197.847,-530.272) size=(33.225,33.219) sensitivity=0 orientation=0.000 confidence=true]
TOUCH t=26.385 device=0 frame=381 count=2 [id=0 state=hold xy=(1379.901,-484.227) size=(33.225,33.219) sensitivity=0 orientation=0.000 confidence=true] [id=1 state=hold xy=(1200.153,-522.274) size=(33.225,33.219) sensitivity=0 orientation=0.000 confidence=true]
TOUCH t=26.390 device=0 frame=382 count=2 [id=0 state=hold xy=(1381.559,-475.508) size=(33.225,33.219) sensitivity=0 orientation=0.000 confidence=true] [id=1 state=hold xy=(1202.027,-514.203) size=(33.225,33.219) sensitivity=0 orientation=0.000 confidence=true]
TOUCH t=26.395 device=0 frame=383 count=2 [id=0 state=hold xy=(1382.856,-466.789) size=(33.225,33.219) sensitivity=0 orientation=0.000 confidence=true] [id=1 state=hold xy=(1203.324,-506.349) size=(33.225,33.219) sensitivity=0 orientation=0.000 confidence=true]
TOUCH t=26.400 device=0 frame=384 count=2 [id=0 state=hold xy=(1384.081,-457.854) size=(33.225,33.219) sensitivity=0 orientation=0.000 confidence=true] [id=1 state=hold xy=(1204.045,-498.351) size=(33.225,33.219) sensitivity=0 orientation=0.000 confidence=true]
TOUCH t=26.405 device=0 frame=385 count=2 [id=0 state=hold xy=(1384.514,-449.135) size=(33.225,33.219) sensitivity=0 orientation=0.000 confidence=true] [id=1 state=hold xy=(1204.261,-490.424) size=(33.225,33.219) sensitivity=0 orientation=0.000 confidence=true]
TOUCH t=26.410 device=0 frame=386 count=2 [id=0 state=hold xy=(1384.009,-440.921) size=(33.225,33.219) sensitivity=0 orientation=0.000 confidence=true] [id=1 state=hold xy=(1204.045,-482.426) size=(33.225,33.219) sensitivity=0 orientation=0.000 confidence=true]
TOUCH t=26.416 device=0 frame=387 count=2 [id=0 state=hold xy=(1383.721,-432.274) size=(33.225,33.219) sensitivity=0 orientation=0.000 confidence=true] [id=1 state=hold xy=(1203.396,-474.428) size=(33.225,33.219) sensitivity=0 orientation=0.000 confidence=true]
TOUCH t=26.421 device=0 frame=388 count=2 [id=0 state=hold xy=(1382.423,-424.059) size=(33.225,33.219) sensitivity=0 orientation=0.000 confidence=true] [id=1 state=hold xy=(1202.315,-466.573) size=(33.225,33.219) sensitivity=0 orientation=0.000 confidence=true]
TOUCH t=26.426 device=0 frame=389 count=2 [id=0 state=hold xy=(1381.270,-415.701) size=(33.225,33.219) sensitivity=0 orientation=0.000 confidence=true] [id=1 state=hold xy=(1200.802,-458.503) size=(33.225,33.219) sensitivity=0 orientation=0.000 confidence=true]
TOUCH t=26.431 device=0 frame=390 count=2 [id=0 state=hold xy=(1380.117,-406.910) size=(33.225,33.219) sensitivity=0 orientation=0.000 confidence=true] [id=1 state=hold xy=(1198.784,-450.793) size=(33.225,33.219) sensitivity=0 orientation=0.000 confidence=true]
TOUCH t=26.436 device=0 frame=391 count=2 [id=0 state=hold xy=(1378.171,-398.767) size=(33.225,33.219) sensitivity=0 orientation=0.000 confidence=true] [id=1 state=hold xy=(1196.333,-443.010) size=(33.225,33.219) sensitivity=0 orientation=0.000 confidence=true]
TOUCH t=26.442 device=0 frame=392 count=2 [id=0 state=hold xy=(1375.793,-391.057) size=(33.225,33.219) sensitivity=0 orientation=0.000 confidence=true] [id=1 state=hold xy=(1193.378,-435.300) size=(33.225,33.219) sensitivity=0 orientation=0.000 confidence=true]
TOUCH t=26.447 device=0 frame=393 count=2 [id=0 state=hold xy=(1372.910,-383.347) size=(33.225,33.219) sensitivity=0 orientation=0.000 confidence=true] [id=1 state=hold xy=(1190.063,-428.022) size=(33.225,33.219) sensitivity=0 orientation=0.000 confidence=true]
TOUCH t=26.452 device=0 frame=394 count=2 [id=0 state=hold xy=(1369.523,-376.285) size=(33.225,33.219) sensitivity=0 orientation=0.000 confidence=true] [id=1 state=hold xy=(1186.171,-420.745) size=(33.225,33.219) sensitivity=0 orientation=0.000 confidence=true]
TOUCH t=26.458 device=0 frame=395 count=2 [id=0 state=hold xy=(1365.703,-369.512) size=(33.225,33.219) sensitivity=0 orientation=0.000 confidence=true] [id=1 state=hold xy=(1181.991,-413.755) size=(33.225,33.219) sensitivity=0 orientation=0.000 confidence=true]
TOUCH t=26.462 device=0 frame=396 count=2 [id=0 state=hold xy=(1361.739,-362.882) size=(33.225,33.219) sensitivity=0 orientation=0.000 confidence=true] [id=1 state=hold xy=(1177.378,-407.270) size=(33.225,33.219) sensitivity=0 orientation=0.000 confidence=true]
TOUCH t=26.467 device=0 frame=397 count=2 [id=0 state=hold xy=(1357.270,-357.046) size=(33.225,33.219) sensitivity=0 orientation=0.000 confidence=true] [id=1 state=hold xy=(1172.405,-400.713) size=(33.225,33.219) sensitivity=0 orientation=0.000 confidence=true]
TOUCH t=26.472 device=0 frame=398 count=2 [id=0 state=hold xy=(1352.441,-351.281) size=(33.225,33.219) sensitivity=0 orientation=0.000 confidence=true] [id=1 state=hold xy=(1167.288,-394.516) size=(33.225,33.219) sensitivity=0 orientation=0.000 confidence=true]
TOUCH t=26.480 device=0 frame=399 count=2 [id=0 state=hold xy=(1347.252,-345.877) size=(33.225,33.219) sensitivity=0 orientation=0.000 confidence=true] [id=1 state=hold xy=(1161.739,-388.751) size=(33.225,33.219) sensitivity=0 orientation=0.000 confidence=true]
TOUCH t=26.483 device=0 frame=400 count=2 [id=0 state=hold xy=(1341.919,-340.761) size=(33.225,33.219) sensitivity=0 orientation=0.000 confidence=true] [id=1 state=hold xy=(1156.045,-383.203) size=(33.225,33.219) sensitivity=0 orientation=0.000 confidence=true]
TOUCH t=26.488 device=0 frame=401 count=2 [id=0 state=hold xy=(1336.153,-336.077) size=(33.225,33.219) sensitivity=0 orientation=0.000 confidence=true] [id=1 state=hold xy=(1150.207,-378.014) size=(33.225,33.219) sensitivity=0 orientation=0.000 confidence=true]
TOUCH t=26.493 device=0 frame=402 count=2 [id=0 state=hold xy=(1330.315,-331.681) size=(33.225,33.219) sensitivity=0 orientation=0.000 confidence=true] [id=1 state=hold xy=(1143.865,-373.042) size=(33.225,33.219) sensitivity=0 orientation=0.000 confidence=true]
TOUCH t=26.498 device=0 frame=403 count=2 [id=0 state=hold xy=(1324.189,-327.574) size=(33.225,33.219) sensitivity=0 orientation=0.000 confidence=true] [id=1 state=hold xy=(1137.523,-368.215) size=(33.225,33.219) sensitivity=0 orientation=0.000 confidence=true]
TOUCH t=26.504 device=0 frame=404 count=2 [id=0 state=hold xy=(1317.631,-324.043) size=(33.225,33.219) sensitivity=0 orientation=0.000 confidence=true] [id=1 state=hold xy=(1130.820,-363.531) size=(33.225,33.219) sensitivity=0 orientation=0.000 confidence=true]
TOUCH t=26.512 device=0 frame=405 count=2 [id=0 state=hold xy=(1311.072,-320.512) size=(33.225,33.219) sensitivity=0 orientation=0.000 confidence=true] [id=1 state=hold xy=(1123.901,-359.207) size=(33.225,33.219) sensitivity=0 orientation=0.000 confidence=true]
TOUCH t=26.514 device=0 frame=406 count=2 [id=0 state=hold xy=(1304.369,-317.270) size=(33.225,33.219) sensitivity=0 orientation=0.000 confidence=true] [id=1 state=hold xy=(1116.910,-355.316) size=(33.225,33.219) sensitivity=0 orientation=0.000 confidence=true]
TOUCH t=26.520 device=0 frame=407 count=2 [id=0 state=hold xy=(1297.523,-314.460) size=(33.225,33.219) sensitivity=0 orientation=0.000 confidence=true] [id=1 state=hold xy=(1109.486,-351.569) size=(33.225,33.219) sensitivity=0 orientation=0.000 confidence=true]
TOUCH t=26.524 device=0 frame=408 count=2 [id=0 state=hold xy=(1290.604,-311.938) size=(33.225,33.219) sensitivity=0 orientation=0.000 confidence=true] [id=1 state=hold xy=(1101.847,-348.110) size=(33.225,33.219) sensitivity=0 orientation=0.000 confidence=true]
TOUCH t=26.529 device=0 frame=409 count=2 [id=0 state=hold xy=(1283.396,-309.920) size=(33.225,33.219) sensitivity=0 orientation=0.000 confidence=true] [id=1 state=hold xy=(1094.063,-345.156) size=(33.225,33.219) sensitivity=0 orientation=0.000 confidence=true]
TOUCH t=26.533 device=0 frame=410 count=2 [id=0 state=hold xy=(1276.189,-308.191) size=(33.225,33.219) sensitivity=0 orientation=0.000 confidence=true] [id=1 state=hold xy=(1086.135,-342.346) size=(33.225,33.219) sensitivity=0 orientation=0.000 confidence=true]
TOUCH t=26.539 device=0 frame=411 count=2 [id=0 state=hold xy=(1269.054,-306.677) size=(33.225,33.219) sensitivity=0 orientation=0.000 confidence=true] [id=1 state=hold xy=(1078.135,-340.184) size=(33.225,33.219) sensitivity=0 orientation=0.000 confidence=true]
TOUCH t=26.547 device=0 frame=412 count=2 [id=0 state=hold xy=(1261.847,-305.524) size=(33.225,33.219) sensitivity=0 orientation=0.000 confidence=true] [id=1 state=hold xy=(1070.135,-338.383) size=(33.225,33.219) sensitivity=0 orientation=0.000 confidence=true]
TOUCH t=26.550 device=0 frame=413 count=2 [id=0 state=hold xy=(1254.423,-304.516) size=(33.225,33.219) sensitivity=0 orientation=0.000 confidence=true] [id=1 state=hold xy=(1062.135,-336.725) size=(33.225,33.219) sensitivity=0 orientation=0.000 confidence=true]
TOUCH t=26.555 device=0 frame=414 count=2 [id=0 state=hold xy=(1246.856,-303.795) size=(33.225,33.219) sensitivity=0 orientation=0.000 confidence=true] [id=1 state=hold xy=(1054.135,-335.284) size=(33.225,33.219) sensitivity=0 orientation=0.000 confidence=true]
TOUCH t=26.560 device=0 frame=415 count=2 [id=0 state=hold xy=(1239.144,-303.579) size=(33.225,33.219) sensitivity=0 orientation=0.000 confidence=true] [id=1 state=hold xy=(1046.207,-333.987) size=(33.225,33.219) sensitivity=0 orientation=0.000 confidence=true]
TOUCH t=26.565 device=0 frame=416 count=2 [id=0 state=hold xy=(1231.216,-303.507) size=(33.225,33.219) sensitivity=0 orientation=0.000 confidence=true] [id=1 state=hold xy=(1038.135,-333.339) size=(33.225,33.219) sensitivity=0 orientation=0.000 confidence=true]
TOUCH t=26.570 device=0 frame=417 count=2 [id=0 state=hold xy=(1223.216,-303.795) size=(33.225,33.219) sensitivity=0 orientation=0.000 confidence=true] [id=1 state=hold xy=(1029.991,-332.906) size=(33.225,33.219) sensitivity=0 orientation=0.000 confidence=true]
TOUCH t=26.576 device=0 frame=418 count=2 [id=0 state=hold xy=(1214.856,-304.155) size=(33.225,33.219) sensitivity=0 orientation=0.000 confidence=true] [id=1 state=hold xy=(1021.631,-332.618) size=(33.225,33.219) sensitivity=0 orientation=0.000 confidence=true]
TOUCH t=26.581 device=0 frame=419 count=2 [id=0 state=hold xy=(1206.207,-305.092) size=(33.225,33.219) sensitivity=0 orientation=0.000 confidence=true] [id=1 state=hold xy=(1012.982,-332.474) size=(33.225,33.219) sensitivity=0 orientation=0.000 confidence=true]
TOUCH t=26.586 device=0 frame=420 count=2 [id=0 state=hold xy=(1197.342,-306.173) size=(33.225,33.219) sensitivity=0 orientation=0.000 confidence=true] [id=1 state=hold xy=(1003.901,-332.258) size=(33.225,33.219) sensitivity=0 orientation=0.000 confidence=true]
TOUCH t=26.591 device=0 frame=421 count=2 [id=0 state=hold xy=(1188.333,-307.254) size=(33.225,33.219) sensitivity=0 orientation=0.000 confidence=true] [id=1 state=hold xy=(994.532,-332.402) size=(33.225,33.219) sensitivity=0 orientation=0.000 confidence=true]
TOUCH t=26.596 device=0 frame=422 count=2 [id=0 state=hold xy=(1178.964,-308.839) size=(33.225,33.219) sensitivity=0 orientation=0.000 confidence=true] [id=1 state=hold xy=(984.874,-332.546) size=(33.225,33.219) sensitivity=0 orientation=0.000 confidence=true]
TOUCH t=26.601 device=0 frame=423 count=2 [id=0 state=hold xy=(1169.595,-310.208) size=(33.225,33.219) sensitivity=0 orientation=0.000 confidence=true] [id=1 state=hold xy=(974.928,-332.762) size=(33.225,33.219) sensitivity=0 orientation=0.000 confidence=true]
TOUCH t=26.610 device=0 frame=424 count=2 [id=0 state=hold xy=(1159.937,-311.793) size=(33.225,33.219) sensitivity=0 orientation=0.000 confidence=true] [id=1 state=hold xy=(964.838,-332.906) size=(33.225,33.219) sensitivity=0 orientation=0.000 confidence=true]
TOUCH t=26.612 device=0 frame=425 count=2 [id=0 state=hold xy=(1149.991,-313.595) size=(33.225,33.219) sensitivity=0 orientation=0.000 confidence=true] [id=1 state=hold xy=(954.532,-333.050) size=(33.225,33.219) sensitivity=0 orientation=0.000 confidence=true]
TOUCH t=26.618 device=0 frame=426 count=2 [id=0 state=hold xy=(1139.901,-315.540) size=(33.225,33.219) sensitivity=0 orientation=0.000 confidence=true] [id=1 state=hold xy=(944.225,-333.483) size=(33.225,33.219) sensitivity=0 orientation=0.000 confidence=true]
TOUCH t=26.622 device=0 frame=427 count=2 [id=0 state=hold xy=(1129.739,-317.558) size=(33.225,33.219) sensitivity=0 orientation=0.000 confidence=true] [id=1 state=hold xy=(933.919,-333.843) size=(33.225,33.219) sensitivity=0 orientation=0.000 confidence=true]
TOUCH t=26.627 device=0 frame=428 count=2 [id=0 state=hold xy=(1119.649,-319.648) size=(33.225,33.219) sensitivity=0 orientation=0.000 confidence=true] [id=1 state=hold xy=(923.468,-334.492) size=(33.225,33.219) sensitivity=0 orientation=0.000 confidence=true]
TOUCH t=26.633 device=0 frame=429 count=2 [id=0 state=hold xy=(1109.559,-321.954) size=(33.225,33.219) sensitivity=0 orientation=0.000 confidence=true] [id=1 state=hold xy=(912.946,-335.068) size=(33.225,33.219) sensitivity=0 orientation=0.000 confidence=true]
TOUCH t=26.645 device=0 frame=430 count=2 [id=0 state=hold xy=(1099.541,-324.404) size=(33.225,33.219) sensitivity=0 orientation=0.000 confidence=true] [id=1 state=hold xy=(902.423,-335.717) size=(33.225,33.219) sensitivity=0 orientation=0.000 confidence=true]
TOUCH t=26.645 device=0 frame=431 count=2 [id=0 state=hold xy=(1089.378,-327.142) size=(33.225,33.219) sensitivity=0 orientation=0.000 confidence=true] [id=1 state=hold xy=(891.829,-336.725) size=(33.225,33.219) sensitivity=0 orientation=0.000 confidence=true]
TOUCH t=26.649 device=0 frame=432 count=2 [id=0 state=hold xy=(1079.144,-329.952) size=(33.225,33.219) sensitivity=0 orientation=0.000 confidence=true] [id=1 state=hold xy=(881.090,-337.734) size=(33.225,33.219) sensitivity=0 orientation=0.000 confidence=true]
TOUCH t=26.652 device=0 frame=433 count=2 [id=0 state=hold xy=(1068.694,-332.906) size=(33.225,33.219) sensitivity=0 orientation=0.000 confidence=true] [id=1 state=hold xy=(870.351,-338.959) size=(33.225,33.219) sensitivity=0 orientation=0.000 confidence=true]
TOUCH t=26.659 device=0 frame=434 count=2 [id=0 state=hold xy=(1058.387,-336.077) size=(33.225,33.219) sensitivity=0 orientation=0.000 confidence=true] [id=1 state=hold xy=(859.541,-340.184) size=(33.225,33.219) sensitivity=0 orientation=0.000 confidence=true]
TOUCH t=26.664 device=0 frame=435 count=2 [id=0 state=hold xy=(1048.081,-339.464) size=(33.225,33.219) sensitivity=0 orientation=0.000 confidence=true] [id=1 state=hold xy=(848.658,-341.553) size=(33.225,33.219) sensitivity=0 orientation=0.000 confidence=true]
TOUCH t=26.668 device=0 frame=436 count=2 [id=0 state=hold xy=(1037.919,-342.994) size=(33.225,33.219) sensitivity=0 orientation=0.000 confidence=true] [id=1 state=hold xy=(837.919,-342.778) size=(33.225,33.219) sensitivity=0 orientation=0.000 confidence=true]
TOUCH t=26.674 device=0 frame=437 count=2 [id=0 state=hold xy=(1027.757,-346.525) size=(33.225,33.219) sensitivity=0 orientation=0.000 confidence=true] [id=1 state=hold xy=(827.108,-344.147) size=(33.225,33.219) sensitivity=0 orientation=0.000 confidence=true]
TOUCH t=26.679 device=0 frame=438 count=2 [id=0 state=hold xy=(1017.523,-349.984) size=(33.225,33.219) sensitivity=0 orientation=0.000 confidence=true] [id=1 state=hold xy=(816.225,-345.444) size=(33.225,33.219) sensitivity=0 orientation=0.000 confidence=true]
TOUCH t=26.684 device=0 frame=439 count=2 [id=0 state=hold xy=(1007.000,-353.299) size=(33.225,33.219) sensitivity=0 orientation=0.000 confidence=true] [id=1 state=hold xy=(805.342,-346.525) size=(33.225,33.219) sensitivity=0 orientation=0.000 confidence=true]
TOUCH t=26.689 device=0 frame=440 count=2 [id=0 state=hold xy=(996.333,-356.902) size=(33.225,33.219) sensitivity=0 orientation=0.000 confidence=true] [id=1 state=hold xy=(794.315,-347.750) size=(33.225,33.219) sensitivity=0 orientation=0.000 confidence=true]
TOUCH t=26.694 device=0 frame=441 count=2 [id=0 state=hold xy=(985.739,-360.432) size=(33.225,33.219) sensitivity=0 orientation=0.000 confidence=true] [id=1 state=hold xy=(783.360,-348.903) size=(33.225,33.219) sensitivity=0 orientation=0.000 confidence=true]
TOUCH t=26.702 device=0 frame=442 count=2 [id=0 state=hold xy=(975.000,-363.819) size=(33.225,33.219) sensitivity=0 orientation=0.000 confidence=true] [id=1 state=hold xy=(772.333,-349.912) size=(33.225,33.219) sensitivity=0 orientation=0.000 confidence=true]
TOUCH t=26.705 device=0 frame=443 count=2 [id=0 state=hold xy=(964.477,-367.206) size=(33.225,33.219) sensitivity=0 orientation=0.000 confidence=true] [id=1 state=hold xy=(761.162,-350.777) size=(33.225,33.219) sensitivity=0 orientation=0.000 confidence=true]
TOUCH t=26.711 device=0 frame=444 count=2 [id=0 state=hold xy=(953.955,-370.376) size=(33.225,33.219) sensitivity=0 orientation=0.000 confidence=true] [id=1 state=hold xy=(750.207,-351.569) size=(33.225,33.219) sensitivity=0 orientation=0.000 confidence=true]
TOUCH t=26.715 device=0 frame=445 count=2 [id=0 state=hold xy=(943.577,-373.115) size=(33.225,33.219) sensitivity=0 orientation=0.000 confidence=true] [id=1 state=hold xy=(739.252,-352.290) size=(33.225,33.219) sensitivity=0 orientation=0.000 confidence=true]
TOUCH t=26.720 device=0 frame=446 count=2 [id=0 state=hold xy=(933.342,-375.781) size=(33.225,33.219) sensitivity=0 orientation=0.000 confidence=true] [id=1 state=hold xy=(728.513,-352.794) size=(33.225,33.219) sensitivity=0 orientation=0.000 confidence=true]
TOUCH t=26.725 device=0 frame=447 count=2 [id=0 state=hold xy=(923.180,-378.303) size=(33.225,33.219) sensitivity=0 orientation=0.000 confidence=true] [id=1 state=hold xy=(718.063,-353.155) size=(33.225,33.219) sensitivity=0 orientation=0.000 confidence=true]
TOUCH t=26.729 device=0 frame=448 count=2 [id=0 state=hold xy=(913.090,-380.536) size=(33.225,33.219) sensitivity=0 orientation=0.000 confidence=true] [id=1 state=hold xy=(707.757,-353.443) size=(33.225,33.219) sensitivity=0 orientation=0.000 confidence=true]
TOUCH t=26.737 device=0 frame=449 count=2 [id=0 state=hold xy=(903.000,-382.554) size=(33.225,33.219) sensitivity=0 orientation=0.000 confidence=true] [id=1 state=hold xy=(697.595,-353.515) size=(33.225,33.219) sensitivity=0 orientation=0.000 confidence=true]
TOUCH t=26.741 device=0 frame=450 count=2 [id=0 state=hold xy=(892.910,-384.355) size=(33.225,33.219) sensitivity=0 orientation=0.000 confidence=true] [id=1 state=hold xy=(687.432,-353.731) size=(33.225,33.219) sensitivity=0 orientation=0.000 confidence=true]
TOUCH t=26.746 device=0 frame=451 count=2 [id=0 state=hold xy=(882.820,-385.869) size=(33.225,33.219) sensitivity=0 orientation=0.000 confidence=true] [id=1 state=hold xy=(677.414,-353.587) size=(33.225,33.219) sensitivity=0 orientation=0.000 confidence=true]
TOUCH t=26.752 device=0 frame=452 count=2 [id=0 state=hold xy=(872.874,-387.022) size=(33.225,33.219) sensitivity=0 orientation=0.000 confidence=true] [id=1 state=hold xy=(667.541,-353.299) size=(33.225,33.219) sensitivity=0 orientation=0.000 confidence=true]
TOUCH t=26.756 device=0 frame=453 count=2 [id=0 state=hold xy=(863.000,-388.102) size=(33.225,33.219) sensitivity=0 orientation=0.000 confidence=true] [id=1 state=hold xy=(657.667,-352.578) size=(33.225,33.219) sensitivity=0 orientation=0.000 confidence=true]
TOUCH t=26.761 device=0 frame=454 count=2 [id=0 state=hold xy=(853.198,-388.895) size=(33.225,33.219) sensitivity=0 orientation=0.000 confidence=true] [id=1 state=hold xy=(648.009,-351.497) size=(33.225,33.219) sensitivity=0 orientation=0.000 confidence=true]
TOUCH t=26.779 device=0 frame=455 count=2 [id=0 state=hold xy=(843.613,-389.400) size=(33.225,33.219) sensitivity=0 orientation=0.000 confidence=true] [id=1 state=hold xy=(638.495,-350.488) size=(33.225,33.219) sensitivity=0 orientation=0.000 confidence=true]
TOUCH t=26.779 device=0 frame=456 count=2 [id=0 state=hold xy=(834.099,-389.688) size=(33.225,33.219) sensitivity=0 orientation=0.000 confidence=true] [id=1 state=hold xy=(629.054,-349.119) size=(33.225,33.219) sensitivity=0 orientation=0.000 confidence=true]
TOUCH t=26.779 device=0 frame=457 count=2 [id=0 state=hold xy=(824.586,-389.760) size=(33.225,33.219) sensitivity=0 orientation=0.000 confidence=true] [id=1 state=hold xy=(619.829,-347.534) size=(33.225,33.219) sensitivity=0 orientation=0.000 confidence=true]
TOUCH t=26.781 device=0 frame=458 count=2 [id=0 state=hold xy=(815.144,-389.832) size=(33.225,33.219) sensitivity=0 orientation=0.000 confidence=true] [id=1 state=hold xy=(610.676,-345.372) size=(33.225,33.219) sensitivity=0 orientation=0.000 confidence=true]
TOUCH t=26.795 device=0 frame=459 count=2 [id=0 state=hold xy=(805.631,-389.544) size=(33.225,33.219) sensitivity=0 orientation=0.000 confidence=true] [id=1 state=hold xy=(601.595,-342.994) size=(33.225,33.219) sensitivity=0 orientation=0.000 confidence=true]
TOUCH t=26.795 device=0 frame=460 count=2 [id=0 state=hold xy=(796.117,-389.183) size=(33.225,33.219) sensitivity=0 orientation=0.000 confidence=true] [id=1 state=hold xy=(592.946,-340.184) size=(33.225,33.219) sensitivity=0 orientation=0.000 confidence=true]
TOUCH t=26.797 device=0 frame=461 count=2 [id=0 state=hold xy=(786.892,-388.535) size=(33.225,33.219) sensitivity=0 orientation=0.000 confidence=true] [id=1 state=hold xy=(584.369,-337.374) size=(33.225,33.219) sensitivity=0 orientation=0.000 confidence=true]
TOUCH t=26.802 device=0 frame=462 count=2 [id=0 state=hold xy=(777.955,-387.526) size=(33.225,33.219) sensitivity=0 orientation=0.000 confidence=true] [id=1 state=hold xy=(576.225,-334.636) size=(33.225,33.219) sensitivity=0 orientation=0.000 confidence=true]
TOUCH t=26.807 device=0 frame=463 count=2 [id=0 state=hold xy=(769.306,-386.373) size=(33.225,33.219) sensitivity=0 orientation=0.000 confidence=true] [id=1 state=hold xy=(568.441,-331.681) size=(33.225,33.219) sensitivity=0 orientation=0.000 confidence=true]
TOUCH t=26.812 device=0 frame=464 count=2 [id=0 state=hold xy=(761.090,-385.004) size=(33.225,33.219) sensitivity=0 orientation=0.000 confidence=true] [id=1 state=hold xy=(560.946,-328.511) size=(33.225,33.219) sensitivity=0 orientation=0.000 confidence=true]
TOUCH t=26.817 device=0 frame=465 count=2 [id=0 state=hold xy=(753.090,-383.347) size=(33.225,33.219) sensitivity=0 orientation=0.000 confidence=true] [id=1 state=hold xy=(554.027,-325.268) size=(33.225,33.219) sensitivity=0 orientation=0.000 confidence=true]
TOUCH t=26.823 device=0 frame=466 count=2 [id=0 state=hold xy=(745.450,-381.401) size=(33.225,33.219) sensitivity=0 orientation=0.000 confidence=true] [id=1 state=hold xy=(547.396,-321.954) size=(33.225,33.219) sensitivity=0 orientation=0.000 confidence=true]
TOUCH t=26.830 device=0 frame=467 count=2 [id=0 state=hold xy=(738.243,-379.311) size=(33.225,33.219) sensitivity=0 orientation=0.000 confidence=true] [id=1 state=hold xy=(541.126,-318.279) size=(33.225,33.219) sensitivity=0 orientation=0.000 confidence=true]
TOUCH t=26.834 device=0 frame=468 count=2 [id=0 state=hold xy=(731.324,-377.150) size=(33.225,33.219) sensitivity=0 orientation=0.000 confidence=true] [id=1 state=hold xy=(535.216,-314.676) size=(33.225,33.219) sensitivity=0 orientation=0.000 confidence=true]
TOUCH t=26.839 device=0 frame=469 count=2 [id=0 state=hold xy=(724.838,-374.772) size=(33.225,33.219) sensitivity=0 orientation=0.000 confidence=true] [id=1 state=hold xy=(529.523,-311.001) size=(33.225,33.219) sensitivity=0 orientation=0.000 confidence=true]
TOUCH t=26.844 device=0 frame=470 count=2 [id=0 state=hold xy=(718.928,-372.322) size=(33.225,33.219) sensitivity=0 orientation=0.000 confidence=true] [id=1 state=hold xy=(524.766,-307.326) size=(33.225,33.219) sensitivity=0 orientation=0.000 confidence=true]
TOUCH t=26.849 device=0 frame=471 count=2 [id=0 state=hold xy=(713.378,-369.512) size=(33.225,33.219) sensitivity=0 orientation=0.000 confidence=true] [id=1 state=hold xy=(520.009,-303.435) size=(33.225,33.219) sensitivity=0 orientation=0.000 confidence=true]
TOUCH t=26.854 device=0 frame=472 count=2 [id=0 state=hold xy=(708.333,-366.701) size=(33.225,33.219) sensitivity=0 orientation=0.000 confidence=true] [id=1 state=hold xy=(515.685,-299.327) size=(33.225,33.219) sensitivity=0 orientation=0.000 confidence=true]
TOUCH t=26.860 device=0 frame=473 count=2 [id=0 state=hold xy=(703.865,-363.675) size=(33.225,33.219) sensitivity=0 orientation=0.000 confidence=true] [id=1 state=hold xy=(511.865,-295.148) size=(33.225,33.219) sensitivity=0 orientation=0.000 confidence=true]
TOUCH t=26.865 device=0 frame=474 count=2 [id=0 state=hold xy=(699.685,-360.576) size=(33.225,33.219) sensitivity=0 orientation=0.000 confidence=true] [id=1 state=hold xy=(507.973,-290.608) size=(33.225,33.219) sensitivity=0 orientation=0.000 confidence=true]
TOUCH t=26.870 device=0 frame=475 count=2 [id=0 state=hold xy=(695.937,-357.694) size=(33.225,33.219) sensitivity=0 orientation=0.000 confidence=true] [id=1 state=hold xy=(505.018,-286.213) size=(33.225,33.219) sensitivity=0 orientation=0.000 confidence=true]
TOUCH t=26.877 device=0 frame=476 count=2 [id=0 state=hold xy=(692.622,-354.740) size=(33.225,33.219) sensitivity=0 orientation=0.000 confidence=true] [id=1 state=hold xy=(502.423,-282.106) size=(33.225,33.219) sensitivity=0 orientation=0.000 confidence=true]
TOUCH t=26.880 device=0 frame=477 count=2 [id=0 state=hold xy=(689.595,-351.930) size=(33.225,33.219) sensitivity=0 orientation=0.000 confidence=true] [id=1 state=hold xy=(500.261,-277.782) size=(33.225,33.219) sensitivity=0 orientation=0.000 confidence=true]
TOUCH t=26.885 device=0 frame=478 count=2 [id=0 state=hold xy=(686.928,-349.119) size=(33.225,33.219) sensitivity=0 orientation=0.000 confidence=true] [id=1 state=hold xy=(498.532,-273.531) size=(33.225,33.219) sensitivity=0 orientation=0.000 confidence=true]
TOUCH t=26.890 device=0 frame=479 count=2 [id=0 state=hold xy=(684.622,-346.165) size=(33.225,33.219) sensitivity=0 orientation=0.000 confidence=true] [id=1 state=hold xy=(497.450,-269.496) size=(33.225,33.219) sensitivity=0 orientation=0.000 confidence=true]
TOUCH t=26.896 device=0 frame=480 count=2 [id=0 state=hold xy=(682.748,-342.994) size=(33.225,33.219) sensitivity=0 orientation=0.000 confidence=true] [id=1 state=hold xy=(496.658,-265.244) size=(33.225,33.219) sensitivity=0 orientation=0.000 confidence=true]
TOUCH t=26.900 device=0 frame=481 count=2 [id=0 state=hold xy=(681.234,-339.824) size=(33.225,33.219) sensitivity=0 orientation=0.000 confidence=true] [id=1 state=hold xy=(496.225,-261.137) size=(33.225,33.219) sensitivity=0 orientation=0.000 confidence=true]
TOUCH t=26.906 device=0 frame=482 count=2 [id=0 state=hold xy=(680.081,-336.581) size=(33.225,33.219) sensitivity=0 orientation=0.000 confidence=true] [id=1 state=hold xy=(496.225,-257.102) size=(33.225,33.219) sensitivity=0 orientation=0.000 confidence=true]
TOUCH t=26.911 device=0 frame=483 count=2 [id=0 state=hold xy=(679.288,-333.483) size=(33.225,33.219) sensitivity=0 orientation=0.000 confidence=true] [id=1 state=hold xy=(496.514,-252.994) size=(33.225,33.219) sensitivity=0 orientation=0.000 confidence=true]
TOUCH t=26.916 device=0 frame=484 count=2 [id=0 state=hold xy=(678.856,-330.312) size=(33.225,33.219) sensitivity=0 orientation=0.000 confidence=true] [id=1 state=hold xy=(497.162,-248.887) size=(33.225,33.219) sensitivity=0 orientation=0.000 confidence=true]
TOUCH t=26.921 device=0 frame=485 count=2 [id=0 state=hold xy=(678.712,-327.070) size=(33.225,33.219) sensitivity=0 orientation=0.000 confidence=true] [id=1 state=hold xy=(498.243,-244.996) size=(33.225,33.219) sensitivity=0 orientation=0.000 confidence=true]
TOUCH t=26.930 device=0 frame=486 count=2 [id=0 state=hold xy=(678.928,-323.827) size=(33.225,33.219) sensitivity=0 orientation=0.000 confidence=true] [id=1 state=hold xy=(499.757,-240.961) size=(33.225,33.219) sensitivity=0 orientation=0.000 confidence=true]
TOUCH t=26.941 device=0 frame=487 count=2 [id=0 state=hold xy=(679.505,-320.729) size=(33.225,33.219) sensitivity=0 orientation=0.000 confidence=true] [id=1 state=hold xy=(501.486,-237.214) size=(33.225,33.219) sensitivity=0 orientation=0.000 confidence=true]
TOUCH t=26.941 device=0 frame=488 count=2 [id=0 state=hold xy=(680.369,-317.630) size=(33.225,33.219) sensitivity=0 orientation=0.000 confidence=true] [id=1 state=hold xy=(503.793,-233.323) size=(33.225,33.219) sensitivity=0 orientation=0.000 confidence=true]
TOUCH t=26.954 device=0 frame=489 count=2 [id=0 state=hold xy=(681.667,-314.532) size=(33.225,33.219) sensitivity=0 orientation=0.000 confidence=true] [id=1 state=hold xy=(506.315,-229.720) size=(33.225,33.219) sensitivity=0 orientation=0.000 confidence=true]
TOUCH t=26.955 device=0 frame=490 count=2 [id=0 state=hold xy=(683.252,-311.361) size=(33.225,33.219) sensitivity=0 orientation=0.000 confidence=true] [id=1 state=hold xy=(509.054,-226.117) size=(33.225,33.219) sensitivity=0 orientation=0.000 confidence=true]
TOUCH t=26.955 device=0 frame=491 count=2 [id=0 state=hold xy=(685.342,-308.191) size=(33.225,33.219) sensitivity=0 orientation=0.000 confidence=true] [id=1 state=hold xy=(512.081,-222.586) size=(33.225,33.219) sensitivity=0 orientation=0.000 confidence=true]
TOUCH t=26.965 device=0 frame=492 count=2 [id=0 state=hold xy=(687.793,-305.236) size=(33.225,33.219) sensitivity=0 orientation=0.000 confidence=true] [id=1 state=hold xy=(515.252,-219.488) size=(33.225,33.219) sensitivity=0 orientation=0.000 confidence=true]
TOUCH t=26.965 device=0 frame=493 count=2 [id=0 state=hold xy=(690.387,-302.354) size=(33.225,33.219) sensitivity=0 orientation=0.000 confidence=true] [id=1 state=hold xy=(518.856,-216.173) size=(33.225,33.219) sensitivity=0 orientation=0.000 confidence=true]
TOUCH t=26.972 device=0 frame=494 count=2 [id=0 state=hold xy=(693.342,-299.688) size=(33.225,33.219) sensitivity=0 orientation=0.000 confidence=true] [id=1 state=hold xy=(522.820,-213.147) size=(33.225,33.219) sensitivity=0 orientation=0.000 confidence=true]
TOUCH t=26.984 device=0 frame=495 count=2 [id=0 state=hold xy=(696.513,-297.094) size=(33.225,33.219) sensitivity=0 orientation=0.000 confidence=true] [id=1 state=hold xy=(527.000,-210.336) size=(33.225,33.219) sensitivity=0 orientation=0.000 confidence=true]
TOUCH t=26.984 device=0 frame=496 count=2 [id=0 state=hold xy=(700.550,-294.860) size=(33.225,33.219) sensitivity=0 orientation=0.000 confidence=true] [id=1 state=hold xy=(531.468,-207.670) size=(33.225,33.219) sensitivity=0 orientation=0.000 confidence=true]
TOUCH t=26.984 device=0 frame=497 count=2 [id=0 state=hold xy=(704.586,-292.554) size=(33.225,33.219) sensitivity=0 orientation=0.000 confidence=true] [id=1 state=hold xy=(536.081,-205.220) size=(33.225,33.219) sensitivity=0 orientation=0.000 confidence=true]
TOUCH t=26.989 device=0 frame=498 count=2 [id=0 state=hold xy=(709.126,-290.536) size=(33.225,33.219) sensitivity=0 orientation=0.000 confidence=true] [id=1 state=hold xy=(541.054,-202.914) size=(33.225,33.219) sensitivity=0 orientation=0.000 confidence=true]
TOUCH t=26.996 device=0 frame=499 count=2 [id=0 state=hold xy=(714.099,-288.735) size=(33.225,33.219) sensitivity=0 orientation=0.000 confidence=true] [id=1 state=hold xy=(546.315,-200.608) size=(33.225,33.219) sensitivity=0 orientation=0.000 confidence=true]
TOUCH t=27.002 device=0 frame=500 count=2 [id=0 state=hold xy=(719.432,-286.861) size=(33.225,33.219) sensitivity=0 orientation=0.000 confidence=true] [id=1 state=hold xy=(551.937,-198.735) size=(33.225,33.219) sensitivity=0 orientation=0.000 confidence=true]
TOUCH t=27.004 device=0 frame=501 count=2 [id=0 state=hold xy=(725.342,-285.276) size=(33.225,33.219) sensitivity=0 orientation=0.000 confidence=true] [id=1 state=hold xy=(558.063,-197.150) size=(33.225,33.219) sensitivity=0 orientation=0.000 confidence=true]
TOUCH t=27.009 device=0 frame=502 count=2 [id=0 state=hold xy=(731.541,-283.763) size=(33.225,33.219) sensitivity=0 orientation=0.000 confidence=true] [id=1 state=hold xy=(564.477,-196.069) size=(33.225,33.219) sensitivity=0 orientation=0.000 confidence=true]
TOUCH t=27.014 device=0 frame=503 count=2 [id=0 state=hold xy=(738.315,-282.466) size=(33.225,33.219) sensitivity=0 orientation=0.000 confidence=true] [id=1 state=hold xy=(571.252,-195.348) size=(33.225,33.219) sensitivity=0 orientation=0.000 confidence=true]
TOUCH t=27.020 device=0 frame=504 count=2 [id=0 state=hold xy=(745.450,-281.673) size=(33.225,33.219) sensitivity=0 orientation=0.000 confidence=true] [id=1 state=hold xy=(578.171,-194.700) size=(33.225,33.219) sensitivity=0 orientation=0.000 confidence=true]
TOUCH t=27.025 device=0 frame=505 count=2 [id=0 state=hold xy=(752.946,-281.097) size=(33.225,33.219) sensitivity=0 orientation=0.000 confidence=true] [id=1 state=hold xy=(585.306,-194.339) size=(33.225,33.219) sensitivity=0 orientation=0.000 confidence=true]
TOUCH t=27.030 device=0 frame=506 count=2 [id=0 state=hold xy=(760.802,-280.809) size=(33.225,33.219) sensitivity=0 orientation=0.000 confidence=true] [id=1 state=hold xy=(592.730,-194.123) size=(33.225,33.219) sensitivity=0 orientation=0.000 confidence=true]
TOUCH t=27.037 device=0 frame=507 count=2 [id=0 state=hold xy=(768.946,-280.881) size=(33.225,33.219) sensitivity=0 orientation=0.000 confidence=true] [id=1 state=hold xy=(600.297,-194.339) size=(33.225,33.219) sensitivity=0 orientation=0.000 confidence=true]
TOUCH t=27.040 device=0 frame=508 count=2 [id=0 state=hold xy=(777.450,-281.025) size=(33.225,33.219) sensitivity=0 orientation=0.000 confidence=true] [id=1 state=hold xy=(608.225,-194.700) size=(33.225,33.219) sensitivity=0 orientation=0.000 confidence=true]
TOUCH t=27.045 device=0 frame=509 count=2 [id=0 state=hold xy=(786.315,-281.385) size=(33.225,33.219) sensitivity=0 orientation=0.000 confidence=true] [id=1 state=hold xy=(616.081,-195.276) size=(33.225,33.219) sensitivity=0 orientation=0.000 confidence=true]
TOUCH t=27.052 device=0 frame=510 count=2 [id=0 state=hold xy=(795.468,-281.890) size=(33.225,33.219) sensitivity=0 orientation=0.000 confidence=true] [id=1 state=hold xy=(624.297,-196.357) size=(33.225,33.219) sensitivity=0 orientation=0.000 confidence=true]
TOUCH t=27.056 device=0 frame=511 count=2 [id=0 state=hold xy=(804.838,-282.538) size=(33.225,33.219) sensitivity=0 orientation=0.000 confidence=true] [id=1 state=hold xy=(632.658,-197.654) size=(33.225,33.219) sensitivity=0 orientation=0.000 confidence=true]
TOUCH t=27.061 device=0 frame=512 count=2 [id=0 state=hold xy=(814.207,-283.475) size=(33.225,33.219) sensitivity=0 orientation=0.000 confidence=true] [id=1 state=hold xy=(641.090,-199.167) size=(33.225,33.219) sensitivity=0 orientation=0.000 confidence=true]
TOUCH t=27.066 device=0 frame=513 count=2 [id=0 state=hold xy=(823.649,-284.556) size=(33.225,33.219) sensitivity=0 orientation=0.000 confidence=true] [id=1 state=hold xy=(649.811,-200.897) size=(33.225,33.219) sensitivity=0 orientation=0.000 confidence=true]
TOUCH t=27.071 device=0 frame=514 count=2 [id=0 state=hold xy=(833.234,-285.997) size=(33.225,33.219) sensitivity=0 orientation=0.000 confidence=true] [id=1 state=hold xy=(658.532,-202.770) size=(33.225,33.219) sensitivity=0 orientation=0.000 confidence=true]
TOUCH t=27.078 device=0 frame=515 count=2 [id=0 state=hold xy=(842.748,-287.438) size=(33.225,33.219) sensitivity=0 orientation=0.000 confidence=true] [id=1 state=hold xy=(666.820,-204.500) size=(33.225,33.219) sensitivity=0 orientation=0.000 confidence=true]
TOUCH t=27.082 device=0 frame=516 count=2 [id=0 state=hold xy=(852.477,-289.095) size=(33.225,33.219) sensitivity=0 orientation=0.000 confidence=true] [id=1 state=hold xy=(675.757,-206.661) size=(33.225,33.219) sensitivity=0 orientation=0.000 confidence=true]
TOUCH t=27.087 device=0 frame=517 count=2 [id=0 state=hold xy=(862.351,-290.897) size=(33.225,33.219) sensitivity=0 orientation=0.000 confidence=true] [id=1 state=hold xy=(684.477,-209.327) size=(33.225,33.219) sensitivity=0 orientation=0.000 confidence=true]
TOUCH t=27.092 device=0 frame=518 count=2 [id=0 state=hold xy=(872.225,-292.770) size=(33.225,33.219) sensitivity=0 orientation=0.000 confidence=true] [id=1 state=hold xy=(693.054,-211.994) size=(33.225,33.219) sensitivity=0 orientation=0.000 confidence=true]
TOUCH t=27.099 device=0 frame=519 count=2 [id=0 state=hold xy=(882.027,-294.788) size=(33.225,33.219) sensitivity=0 orientation=0.000 confidence=true] [id=1 state=hold xy=(702.063,-215.236) size=(33.225,33.219) sensitivity=0 orientation=0.000 confidence=true]
TOUCH t=27.102 device=0 frame=520 count=2 [id=0 state=hold xy=(891.901,-296.805) size=(33.225,33.219) sensitivity=0 orientation=0.000 confidence=true] [id=1 state=hold xy=(710.495,-218.335) size=(33.225,33.219) sensitivity=0 orientation=0.000 confidence=true]
TOUCH t=27.107 device=0 frame=521 count=2 [id=0 state=hold xy=(901.559,-299.039) size=(33.225,33.219) sensitivity=0 orientation=0.000 confidence=true] [id=1 state=hold xy=(719.216,-221.433) size=(33.225,33.219) sensitivity=0 orientation=0.000 confidence=true]
TOUCH t=27.112 device=0 frame=522 count=2 [id=0 state=hold xy=(911.144,-301.417) size=(33.225,33.219) sensitivity=0 orientation=0.000 confidence=true] [id=1 state=hold xy=(727.937,-224.676) size=(33.225,33.219) sensitivity=0 orientation=0.000 confidence=true]
TOUCH t=27.118 device=0 frame=523 count=2 [id=0 state=hold xy=(920.441,-303.795) size=(33.225,33.219) sensitivity=0 orientation=0.000 confidence=true] [id=1 state=hold xy=(736.802,-227.990) size=(33.225,33.219) sensitivity=0 orientation=0.000 confidence=true]
TOUCH t=27.124 device=0 frame=524 count=2 [id=0 state=hold xy=(929.450,-306.029) size=(33.225,33.219) sensitivity=0 orientation=0.000 confidence=true] [id=1 state=hold xy=(745.595,-231.161) size=(33.225,33.219) sensitivity=0 orientation=0.000 confidence=true]
TOUCH t=27.135 device=0 frame=525 count=2 [id=0 state=hold xy=(938.387,-308.118) size=(33.225,33.219) sensitivity=0 orientation=0.000 confidence=true] [id=1 state=hold xy=(754.099,-234.259) size=(33.225,33.219) sensitivity=0 orientation=0.000 confidence=true]
TOUCH t=27.135 device=0 frame=526 count=2 [id=0 state=hold xy=(946.892,-310.064) size=(33.225,33.219) sensitivity=0 orientation=0.000 confidence=true] [id=1 state=hold xy=(762.532,-236.998) size=(33.225,33.219) sensitivity=0 orientation=0.000 confidence=true]
TOUCH t=27.138 device=0 frame=527 count=2 [id=0 state=hold xy=(955.252,-311.938) size=(33.225,33.219) sensitivity=0 orientation=0.000 confidence=true] [id=1 state=hold xy=(770.676,-240.024) size=(16.613,16.610) sensitivity=0 orientation=0.000 confidence=true]
TOUCH t=27.142 device=0 frame=528 count=2 [id=0 state=hold xy=(963.036,-313.883) size=(33.225,33.219) sensitivity=0 orientation=0.000 confidence=true] [id=1 state=hold xy=(778.604,-243.050) size=(16.613,16.610) sensitivity=0 orientation=0.000 confidence=true]
TOUCH t=27.147 device=0 frame=529 count=2 [id=0 state=hold xy=(970.676,-315.901) size=(33.225,33.219) sensitivity=0 orientation=0.000 confidence=true] [id=1 state=hold xy=(786.532,-246.149) size=(16.613,16.610) sensitivity=0 orientation=0.000 confidence=true]
TOUCH t=27.152 device=0 frame=530 count=2 [id=0 state=hold xy=(977.883,-317.558) size=(16.613,16.610) sensitivity=0 orientation=0.000 confidence=true] [id=1 state=up xy=(794.459,-249.464) size=(16.613,16.610) sensitivity=0 orientation=0.000 confidence=true]
TOUCH t=27.158 device=0 frame=531 count=1 [id=0 state=hold xy=(985.018,-319.287) size=(16.613,16.610) sensitivity=0 orientation=0.000 confidence=true]
TOUCH t=27.163 device=0 frame=532 count=1 [id=0 state=hold xy=(992.153,-320.873) size=(16.613,16.610) sensitivity=0 orientation=0.000 confidence=true]
TOUCH t=27.168 device=0 frame=533 count=1 [id=0 state=up xy=(999.216,-322.314) size=(16.613,16.610) sensitivity=0 orientation=0.000 confidence=true]
UNREGISTER device=0 result=success code=0
SUMMARY frames=693 contacts=1219 queueDropped=0 truncatedFrames=0
